<Exercise id="1">
  <name>DS8-R05 Regressionsrechnung 5</name>
  <publicDescription></publicDescription>
  <internalNotes>Durchführen einer Regression ohne Konstante

Die  Materialien sind lizenziert unter CC BY-NC-SA 4.0. Eine Kopie dieser Lizenz finden Sie unter http://creativecommons.org/licenses/by-nc-sa/4.0/

The materials are licensed under CC BY-NC-SA 4.0. You can find a copy of this license at http://creativecommons.org/licenses/by-nc-sa/4.0/</internalNotes>
  <language>de</language>
  <difficulty>0</difficulty>
  <tags id="2">
    <Tag id="3">
      <name>Desk_22</name>
    </Tag>
  </tags>
  <resources id="4">
    <ExerciseResource id="5">
      <content id="6">aGVhZChkYXRhKHdvbWVuKSk=</content>
      <uploadTimestamp>2022-04-11T10:38:39.927725</uploadTimestamp>
      <filename>source.r</filename>
      <description></description>
      <replacePlaceholder>false</replacePlaceholder>
    </ExerciseResource>
  </resources>
  <stages id="7">
    <RStage id="8">
      <internalName>#1</internalName>
      <externalName></externalName>
      <taskDescription>&lt;strong&gt;Aufgabenstellung:&lt;/strong&gt;&lt;br /&gt;&#xd;
&lt;br /&gt;&#xd;
Betrachten Sie nun den Datensatz $\verb|women|$ in R. Sie m&amp;ouml;chten das Merkmal $\verb|height|$ durch das Merkmal $\verb|weight|$ erkl&amp;auml;ren. F&amp;uuml;hren sie daf&amp;uuml;r eine lineare Regression nach der OLS-Methode durch. Da sie davon ausgehen, dass bei einem Gewicht von 0 auch eine K&amp;ouml;rpergr&amp;ouml;&amp;szlig;e von 0 auftritt, m&amp;ouml;chten Sie die Regression $\mathbf{ohne \ Konstante}$ durchf&amp;uuml;hren. Die Regressionsgleichung lautet:&lt;br /&gt;&#xd;
&amp;nbsp;$$ \verb|height|_r = \verb|weight|_r + u_r$$&lt;br /&gt;&#xd;
&lt;br /&gt;&#xd;
Beachten Sie wieder, dass Sie sich in der jeweiligen R-Funktion auf den Datensatz beziehen m&amp;uuml;ssen, damit die Variablen genutzt werden k&amp;ouml;nnen.&amp;nbsp;&lt;br /&gt;&#xd;
&lt;br /&gt;&#xd;
&lt;span style=&quot;font-size:11px;&quot;&gt;&lt;em&gt;(Bevor Sie den Code abschicken, k&amp;ouml;nnen Sie &amp;uuml;ber den Button &amp;quot;Auswerten&amp;quot; ihren geschriebenen R-Code ausf&amp;uuml;hren und in der R-Konsole anzeigen lassen.)&lt;/em&gt;&lt;/span&gt;</taskDescription>
      <defaultTransition id="9">
        <conditionExpression id="10">
          <domain>MATH</domain>
        </conditionExpression>
        <stageExpression id="11">
          <domain>MATH</domain>
        </stageExpression>
        <isRepeat>false</isRepeat>
      </defaultTransition>
      <skipTransitions id="12"/>
      <stageTransitions id="13"/>
      <hints id="14">
        <StageHint id="15">
          <stagehint__order>0</stagehint__order>
          <text>Die Regression wird ohne Konstante durchgeführt, in dem zu dem Regressor $+0$ addiert wird.</text>
          <malus>0</malus>
          <stage class="RStage" reference="8"/>
        </StageHint>
      </hints>
      <variableUpdatesOnEnter id="16"/>
      <variableUpdatesBeforeCheck id="17"/>
      <variableUpdatesAfterCheck id="18"/>
      <variableUpdatesOnNormalExit id="19"/>
      <variableUpdatesOnRepeat id="20"/>
      <variableUpdatesOnSkip id="21"/>
      <weight>1</weight>
      <orderIndex>0</orderIndex>
      <allowSkip>false</allowSkip>
      <resources id="22"/>
      <initialCode></initialCode>
      <finalResultComputationString>min(max(#{c27239},#{c27240}),#{c27238})</finalResultComputationString>
      <testCasetuples id="23">
        <TestCaseTuple id="24">
          <testCases id="25">
            <StaticRTestCase id="26">
              <points>100</points>
              <pointsMode>GAIN</pointsMode>
              <name>imported testcase</name>
              <feedbackIfFailed>Leider nicht richtig! </feedbackIfFailed>
              <ruleMode>PRESENCE</ruleMode>
              <queries class="linked-list" id="27">
                <RGReQLQuery id="28">
                  <query>      from lm:V{FunctionCall} with
          lm.name=&quot;lm&quot; 
      report 0 end
    </query>
                </RGReQLQuery>
              </queries>
            </StaticRTestCase>
          </testCases>
          <checkerConfiguration id="29">
            <name></name>
            <isActive>false</isActive>
            <hasVisibleResult>false</hasVisibleResult>
            <hasVisibleFeedback>false</hasVisibleFeedback>
            <isAsync>false</isAsync>
            <weight>1</weight>
            <persistentReference>27238</persistentReference>
          </checkerConfiguration>
        </TestCaseTuple>
        <TestCaseTuple id="30">
          <testCases id="31">
            <DynamicRTestCase id="32">
              <points>100</points>
              <pointsMode>GAIN</pointsMode>
              <name>imported testcase</name>
              <feedbackIfFailed>Leider nicht richtig! Haben Sie die Konstante entfernt? </feedbackIfFailed>
              <ruleMode>PRESENCE</ruleMode>
              <postCode>testFunc &lt;- function(){}</postCode>
              <expectedOutput>lm(women$height~women$weight+0)</expectedOutput>
              <postprocessingFunction></postprocessingFunction>
              <tolerance>-4</tolerance>
            </DynamicRTestCase>
            <DynamicRTestCase id="33">
              <points>100</points>
              <pointsMode>GAIN</pointsMode>
              <name>imported testcase 2</name>
              <feedbackIfFailed>Leider nicht richtig. Haben Sie die Konstante entfernt?</feedbackIfFailed>
              <ruleMode>PRESENCE</ruleMode>
              <postCode>testFunc &lt;- function(){}</postCode>
              <expectedOutput>lm(women$height ~ women$weight - 1)</expectedOutput>
              <postprocessingFunction></postprocessingFunction>
              <tolerance>-4</tolerance>
            </DynamicRTestCase>
          </testCases>
          <checkerConfiguration id="34">
            <isActive>false</isActive>
            <hasVisibleResult>false</hasVisibleResult>
            <hasVisibleFeedback>false</hasVisibleFeedback>
            <isAsync>false</isAsync>
            <weight>1</weight>
            <persistentReference>27239</persistentReference>
          </checkerConfiguration>
        </TestCaseTuple>
        <TestCaseTuple id="35">
          <testCases id="36">
            <DynamicRTestCase id="37">
              <points>100</points>
              <pointsMode>GAIN</pointsMode>
              <name>imported testcase</name>
              <feedbackIfFailed>Leider nicht richtig! Haben Sie die Konstante entfernt? </feedbackIfFailed>
              <ruleMode>PRESENCE</ruleMode>
              <postCode>testFunc &lt;- function(){}</postCode>
              <expectedOutput>lm(height~weight+0, data=women)</expectedOutput>
              <postprocessingFunction></postprocessingFunction>
              <tolerance>-4</tolerance>
            </DynamicRTestCase>
            <DynamicRTestCase id="38">
              <points>100</points>
              <pointsMode>GAIN</pointsMode>
              <name>imported testcase 2</name>
              <feedbackIfFailed>Leider nicht richtig. Haben Sie die Konstante entfernt?</feedbackIfFailed>
              <ruleMode>PRESENCE</ruleMode>
              <postCode>testFunc &lt;- function(){}</postCode>
              <expectedOutput>lm(height ~ weight - 1, data = women)</expectedOutput>
              <postprocessingFunction></postprocessingFunction>
              <tolerance>-4</tolerance>
            </DynamicRTestCase>
          </testCases>
          <checkerConfiguration id="39">
            <isActive>false</isActive>
            <hasVisibleResult>false</hasVisibleResult>
            <hasVisibleFeedback>false</hasVisibleFeedback>
            <isAsync>false</isAsync>
            <weight>1</weight>
            <persistentReference>27240</persistentReference>
          </checkerConfiguration>
        </TestCaseTuple>
      </testCasetuples>
    </RStage>
  </stages>
  <startStage class="RStage" reference="8"/>
  <variableDeclarations id="40"/>
  <jSXGraphs id="41"/>
  <dynamicMolecules id="42"/>
  <resultFeedbackMappings id="43"/>
</Exercise>