<Exercise id="1">
  <name>IS06-14 Verteilungen diskreter Zufallsvariablen 14</name>
  <publicDescription></publicDescription>
  <internalNotes>Sankt-Petersburg Paradoxon

Die  Materialien sind lizenziert unter CC BY-NC-SA 4.0. Eine Kopie dieser Lizenz finden Sie unter http://creativecommons.org/licenses/by-nc-sa/4.0/

The materials are licensed under CC BY-NC-SA 4.0. You can find a copy of this license at http://creativecommons.org/licenses/by-nc-sa/4.0/</internalNotes>
  <language>de</language>
  <difficulty>0</difficulty>
  <tags id="2">
    <Tag id="3">
      <name>IndStat</name>
    </Tag>
    <Tag id="4">
      <name>TR_neu</name>
    </Tag>
    <Tag id="5">
      <name>TR</name>
    </Tag>
  </tags>
  <resources id="6"/>
  <stages id="7">
    <MCStage id="8">
      <internalName>1</internalName>
      <externalName>Stage 1</externalName>
      <taskDescription>&lt;strong&gt;Aufgabenstellung:&lt;/strong&gt;&lt;br /&gt;&#xd;
&lt;br /&gt;&#xd;
Ihnen wird ein Spiel angeboten: Es wird so oft eine faire M&amp;uuml;nze geworfen bis &amp;quot;Zahl&amp;quot; f&amp;auml;llt. Vor dem ersten Wurf liegen 2 Euro im Pott.&lt;br /&gt;&#xd;
&lt;br /&gt;&#xd;
F&amp;auml;llt beim ersten Wurf &amp;quot;Zahl&amp;quot; ist das Spiel verloren und sie erhalten die 2 Euro. F&amp;auml;llt beim ersten Wurf &amp;quot;Kopf&amp;quot; wird der Pott verdoppelt, es liegen also 4 Euro im Pott.&lt;br /&gt;&#xd;
&lt;br /&gt;&#xd;
Jedes weitere Mal verdoppelt sich der Pott, sofern &amp;quot;Kopf&amp;quot; f&amp;auml;llt. F&amp;auml;llt jedoch &amp;quot;Zahl&amp;quot;, wird der Pott ausgezahlt.&lt;br /&gt;&#xd;
&lt;br /&gt;&#xd;
Was ist der faire Einsatz, um dieses Spiel zu spielen?&lt;br /&gt;&#xd;
&lt;br /&gt;&#xd;
&lt;strong&gt;Auswahl:&lt;/strong&gt;</taskDescription>
      <skipMessage>Mit Wahrscheinlichkeit $\frac{1}{2}$ gewinnen Sie 2: $\frac{1}{2} \cdot 2 = 1$ Mit Wahrscheinlichkeit $\frac{1}{4}$ gewinnen Sie 4: $\frac{1}{4} \cdot 4 = 1$ Mit Wahrscheinlichkeit $\frac{1}{8}$ gewinnen Sie 8: $\frac{1}{8} \cdot 8 = 1$ ... $\displaystyle \sum_{i}^{\infty} 1 = \infty$</skipMessage>
      <defaultTransition id="9">
        <conditionExpression id="10">
          <domain>MATH</domain>
        </conditionExpression>
        <stageExpression id="11">
          <domain>MATH</domain>
        </stageExpression>
        <targetStage class="FillInStage" id="12">
          <internalName>2</internalName>
          <externalName>Stage 2</externalName>
          <taskDescription>&lt;strong&gt;Aufgabenstellung:&lt;/strong&gt;&lt;br /&gt;&#xd;
&lt;br /&gt;&#xd;
Wie viel w&amp;auml;ren Sie bereit zu zahlen, um an einem solchen Spiel teilnehmen zu d&amp;uuml;rfen? &amp;nbsp;&lt;br /&gt;&#xd;
&lt;br /&gt;&#xd;
&lt;strong&gt;Einreichung:&lt;/strong&gt; &lt;input name=&quot;field1&quot; size=&quot;6&quot; type=&quot;text&quot; value=&quot;field1&quot; /&gt;&amp;nbsp;</taskDescription>
          <skipMessage>&lt;strong&gt;Hier gibt es keine korrekte oder falsche Antwort bezogen auf die H&amp;ouml;he des Wertes.&lt;/strong&gt;&lt;br /&gt;
Sofern sie bereit sind $\epsilon&amp;gt;0$ zu bezahlen, da $\epsilon$ von ihrer pers&amp;ouml;nlichen Nutzenfunktion abh&amp;auml;ngt.</skipMessage>
          <defaultTransition id="13">
            <conditionExpression id="14">
              <domain>MATH</domain>
            </conditionExpression>
            <stageExpression id="15">
              <domain>MATH</domain>
            </stageExpression>
            <targetStage class="FillInStage" id="16">
              <internalName>3</internalName>
              <externalName>Stage 3</externalName>
              <taskDescription>&lt;strong&gt;Aufgabenstellung:&lt;/strong&gt;&lt;br /&gt;&#xd;
&lt;br /&gt;&#xd;
Die Annahme, dass ein Casino &amp;uuml;ber die M&amp;ouml;glichkeit verf&amp;uuml;gt, einen unendlichen Gewinn auszusch&amp;uuml;tten, ist theoretischer Natur.&lt;br /&gt;&#xd;
&lt;br /&gt;&#xd;
Wie viel ist das Spiel wert, wenn das Casino lediglich einen maximalen Gewinn von [var=B] Euro aussch&amp;uuml;tten kann? &amp;nbsp;&lt;br /&gt;&#xd;
&lt;br /&gt;&#xd;
&lt;strong&gt;Einreichung:&lt;/strong&gt; &lt;input name=&quot;field1&quot; size=&quot;6&quot; type=&quot;text&quot; value=&quot;field1&quot; /&gt;&amp;nbsp;&lt;br /&gt;&#xd;
&lt;br /&gt;&#xd;
&lt;em&gt;(Runden Sie, falls n&amp;ouml;tig, auf die vierte Nachkommastelle und verwenden Sie einen Dezimalpunkt.)&lt;/em&gt;&#xd;
&lt;p&gt;&lt;a href=&quot;https://webrtaschenrechner.netlify.app/&quot; onclick=&quot;window.open(&apos;https://webrtaschenrechner.netlify.app/&apos;,&apos;R Console&apos;,&apos;top=320, left=1525, width=400,height=600,menubar=no,toolbar=no,&apos;); return false;&quot; target=&quot;_blank&quot;&gt;&lt;img alt=&quot;R_ Logo&quot; pull-right=&quot;&quot; src=&quot;/econometrics/resource?resource=157444&quot; style=&quot;width: 40px; height: 50px; float: right; margin: 5px&quot; /&gt;&lt;/a&gt;&lt;/p&gt;&#xd;
</taskDescription>
              <skipMessage>Der Erwartungswert betr&amp;auml;gt $[var=ansb]$ Euro</skipMessage>
              <defaultTransition id="17">
                <conditionExpression id="18">
                  <domain>MATH</domain>
                </conditionExpression>
                <stageExpression id="19">
                  <domain>MATH</domain>
                </stageExpression>
                <isRepeat>true</isRepeat>
              </defaultTransition>
              <skipTransitions id="20">
                <StageTransition id="21">
                  <conditionExpression id="22">
                    <code></code>
                    <domain>MATH</domain>
                  </conditionExpression>
                  <stageExpression id="23">
                    <domain>MATH</domain>
                  </stageExpression>
                  <targetStage class="FillInStage" id="24">
                    <internalName>4</internalName>
                    <externalName>Stage 4</externalName>
                    <taskDescription>&lt;strong&gt;Aufgabenstellung:&lt;/strong&gt;&lt;br /&gt;&#xd;
&lt;br /&gt;&#xd;
Gehen Sie nun davon aus, dass der Pott vor dem ersten Wurf leer ist.&lt;br /&gt;&#xd;
Zeigt die M&amp;uuml;nze im ersten Wurf &amp;quot;Kopf&amp;quot; werden daher 0 Euro ausgezahlt. Zeigt Sie jedoch &amp;quot;Zahl&amp;quot; wandern 2 Euro in den Pott.&lt;br /&gt;&#xd;
Bei jedem weiteren Wurf von &amp;quot;Zahl&amp;quot; verdoppelt sich der Pott. Zeigt Sie &amp;quot;Zahl&amp;quot; wird der bisherige Pott ausgezahlt.&lt;br /&gt;&#xd;
&lt;br /&gt;&#xd;
Nehmen Sie erneut an, dass das Casino maximal [var=B] Euro aussch&amp;uuml;tten kann.&lt;br /&gt;&#xd;
&lt;br /&gt;&#xd;
Was ist nun der faire Wert des Spiels? &amp;nbsp;&lt;br /&gt;&#xd;
&lt;br /&gt;&#xd;
&lt;strong&gt;Einreichung:&lt;/strong&gt; &lt;input name=&quot;field1&quot; size=&quot;6&quot; type=&quot;text&quot; value=&quot;field1&quot; /&gt;&amp;nbsp;&lt;br /&gt;&#xd;
&lt;br /&gt;&#xd;
&lt;em&gt;(Runden Sie, falls n&amp;ouml;tig, auf die vierte Nachkommastelle und verwenden Sie einen Dezimalpunkt.)&lt;/em&gt;&#xd;
&lt;p&gt;&lt;a href=&quot;https://webrtaschenrechner.netlify.app/&quot; onclick=&quot;window.open(&apos;https://webrtaschenrechner.netlify.app/&apos;,&apos;R Console&apos;,&apos;top=320, left=1525, width=400,height=600,menubar=no,toolbar=no,&apos;); return false;&quot; target=&quot;_blank&quot;&gt;&lt;img alt=&quot;R_ Logo&quot; pull-right=&quot;&quot; src=&quot;/econometrics/resource?resource=157444&quot; style=&quot;width: 40px; height: 50px; float: right; margin: 5px&quot; /&gt;&lt;/a&gt;&lt;/p&gt;&#xd;
</taskDescription>
                    <skipMessage>Der Erwartungswert betr&amp;auml;gt $[var=ansc]$ Euro</skipMessage>
                    <defaultTransition id="25">
                      <conditionExpression id="26">
                        <domain>MATH</domain>
                      </conditionExpression>
                      <stageExpression id="27">
                        <domain>MATH</domain>
                      </stageExpression>
                      <isRepeat>true</isRepeat>
                    </defaultTransition>
                    <skipTransitions id="28">
                      <StageTransition id="29">
                        <conditionExpression id="30">
                          <code></code>
                          <domain>MATH</domain>
                        </conditionExpression>
                        <stageExpression id="31">
                          <domain>MATH</domain>
                        </stageExpression>
                        <isRepeat>false</isRepeat>
                      </StageTransition>
                    </skipTransitions>
                    <stageTransitions id="32">
                      <StageTransition id="33">
                        <conditionExpression id="34">
                          <code></code>
                          <domain>MATH</domain>
                        </conditionExpression>
                        <stageExpression id="35">
                          <code>[meta=stageCurrentResult]&gt;=100</code>
                          <domain>MATH</domain>
                        </stageExpression>
                        <isRepeat>false</isRepeat>
                      </StageTransition>
                    </stageTransitions>
                    <hints id="36">
                      <StageHint id="37">
                        <stagehint__order>0</stagehint__order>
                        <text>Beginnen Sie Ihre &amp;Uuml;berlegungen wie in Stage 1. Stellen Sie danach wie in Stage 3 den Erwartungswert auf und folgen Sie den weiteren Schritten.&lt;br /&gt;
&lt;br /&gt;
(Es ist ein weiterer Hinweis vorhanden.)</text>
                        <malus>0</malus>
                        <stage class="FillInStage" reference="24"/>
                      </StageHint>
                      <StageHint id="38">
                        <stagehint__order>1</stagehint__order>
                        <text>Der Erwartungswert lautet: $\displaystyle \sum_{k=2}^{\infty} \frac{1}{2^{k}} \cdot min(2^{k-1}, [var=B])$ wobei $L$ die Anzahl an W&amp;uuml;rfen bezeichnet, die das Casino voll bezahlen kann, bevor dieses den Gewinn nicht mehr voll auszahlen kann.</text>
                        <malus>0</malus>
                        <stage class="FillInStage" reference="24"/>
                      </StageHint>
                    </hints>
                    <variableUpdatesOnEnter id="39"/>
                    <variableUpdatesBeforeCheck id="40"/>
                    <variableUpdatesAfterCheck id="41"/>
                    <variableUpdatesOnNormalExit id="42"/>
                    <variableUpdatesOnRepeat id="43"/>
                    <variableUpdatesOnSkip id="44"/>
                    <weight>1</weight>
                    <orderIndex>3</orderIndex>
                    <allowSkip>true</allowSkip>
                    <resources id="45"/>
                    <rules id="46"/>
                    <fillInFields id="47">
                      <FillInField id="48">
                        <name>field1</name>
                        <orderIndex>0</orderIndex>
                        <size>6</size>
                        <formularEditorType>NUMBER</formularEditorType>
                      </FillInField>
                    </fillInFields>
                    <dropDownFields id="49"/>
                    <formularEditorPalette>MATHDOX_FORMULAR_EDITOR_BASIC</formularEditorPalette>
                    <defaultFeedback>Leider nicht korrekt.&lt;br /&gt;
&lt;br /&gt;
Der Erwartungswert betr&amp;auml;gt $[var=ansc]$ Euro.</defaultFeedback>
                    <correctAnswerRules id="50">
                      <Rule id="51">
                        <name>CorrectAnswer1</name>
                        <orderIndex>1</orderIndex>
                        <validationExpression id="52">
                          <code>!isEmpty([input=field1])&amp;&amp;isRealNumber([input=field1])&amp;&amp;[input=field1]&gt;[var=ansc]-0.1&amp;&amp;[input=field1]&lt;[var=ansc]+0.1</code>
                          <domain>MATH</domain>
                        </validationExpression>
                        <points>0</points>
                        <terminal>false</terminal>
                      </Rule>
                    </correctAnswerRules>
                    <correctAnswerFeedback>Richtig.</correctAnswerFeedback>
                    <defaultResult>0</defaultResult>
                  </targetStage>
                  <isRepeat>false</isRepeat>
                </StageTransition>
              </skipTransitions>
              <stageTransitions id="53">
                <StageTransition id="54">
                  <conditionExpression id="55">
                    <code></code>
                    <domain>MATH</domain>
                  </conditionExpression>
                  <stageExpression id="56">
                    <code>[meta=stageCurrentResult]&gt;=100</code>
                    <domain>MATH</domain>
                  </stageExpression>
                  <targetStage class="FillInStage" reference="24"/>
                  <isRepeat>false</isRepeat>
                </StageTransition>
              </stageTransitions>
              <hints id="57">
                <StageHint id="58">
                  <stagehint__order>0</stagehint__order>
                  <text>Dieses Mal sch&amp;uuml;ttet das Casino nur das Minimum vom Gewinn und dem maximalen Gewinn aus.&lt;br /&gt;
&lt;br /&gt;
(Es ist ein weiterer Hinweis vorhanden)</text>
                  <malus>0</malus>
                  <stage class="FillInStage" reference="16"/>
                </StageHint>
                <StageHint id="59">
                  <stagehint__order>1</stagehint__order>
                  <text>Der Erwartungswert lautet: $\displaystyle E=\sum\limits_{k=1}^{\infty}\frac{1}{2^k}\cdot \textrm{min}(2^k,[var=B])$ wobei $k$ die Anzahl der W&amp;uuml;rfe bezeichnet.&lt;br /&gt;
&lt;br /&gt;
(Es ist ein weiterer Hinweis vorhanden)</text>
                  <malus>0</malus>
                  <stage class="FillInStage" reference="16"/>
                </StageHint>
                <StageHint id="60">
                  <stagehint__order>2</stagehint__order>
                  <text>$\displaystyle E=\sum\limits_{k=1}^{\infty}\frac{1}{2^k}\cdot \textrm{min}(2^k,[var=B])$ $\displaystyle=\sum\limits_{k=1}^{L}\frac{1}{2^k}\cdot 2^k + \sum\limits_{k=L+1}^{\infty}\frac{1}{2^k}\cdot [var=B]$ wobei $L$ die Anzahl an W&amp;uuml;rfen bezeichnet, die das Casino voll bezahlen kann, bevor dieses den Gewinn nicht mehr voll auszahlen kann.&lt;br /&gt;
&lt;br /&gt;
(Es ist ein weiterer Hinweis vorhanden)</text>
                  <malus>0</malus>
                  <stage class="FillInStage" reference="16"/>
                </StageHint>
                <StageHint id="61">
                  <stagehint__order>3</stagehint__order>
                  <text>Es ergibt sich: $\displaystyle E = L + [var=B] \sum\limits_{k=L+1}^{\infty}\left(\frac{1}{2}\right)^k$ Die &amp;uuml;brig gebliebene Summenformel k&amp;ouml;nnen Sie mit Hilfe einer geometrischen Reihe l&amp;ouml;sen.&lt;br /&gt;
Es gilt $\displaystyle \sum_{k=0}^{\infty}a^k = \frac{1}{1-a}$ wobei $a=\frac{1}{2}$&lt;br /&gt;
&lt;br /&gt;
(Es ist ein weiterer Hinweis vorhanden)</text>
                  <malus>0</malus>
                  <stage class="FillInStage" reference="16"/>
                </StageHint>
                <StageHint id="62">
                  <stagehint__order>4</stagehint__order>
                  <text>Mit Hilfe von $\displaystyle \sum_{k=0}^{\infty}\left(\frac{1}{2}\right)^k = \sum_{k=0}^{L}\left(\frac{1}{2}\right)^k + \sum_{k=L+1}^{\infty}\left(\frac{1}{2}\right)^k = 2$ folgt $\displaystyle E = L + [var=B] \left( 2 - \sum_{k=0}^{L}\left(\frac{1}{2}\right)^k \right)$. Nun m&amp;uuml;ssen Sie $L$ bestimmen.&lt;br /&gt;
&lt;br /&gt;
(Es ist ein weiterer Hinweis vorhanden)</text>
                  <malus>0</malus>
                  <stage class="FillInStage" reference="16"/>
                </StageHint>
                <StageHint id="63">
                  <stagehint__order>5</stagehint__order>
                  <text>Es ist zu bestimmen, f&amp;uuml;r den wie vielten Wurf der Gewinn gr&amp;ouml;&amp;szlig;er als [var=B] ist. $\displaystyle 2^k \geq [var=B]$ $\displaystyle \Leftrightarrow k \cdot log(2) \geq log([var=B])$ $\displaystyle \Leftrightarrow k \geq \frac{log([var=B])}{log(2)}$ Da $k$ nur ganzzahlig sein kann folgt $\displaystyle L = k* = \left\lfloor \frac{log([var=B])}{log(2)} \right\rfloor$ wobei $\lfloor \cdot \rfloor$ die sogennate Gau&amp;szlig;-Klammer darstellt (der kleinste ganzzalige Wert von $\cdot$).</text>
                  <malus>0</malus>
                  <stage class="FillInStage" reference="16"/>
                </StageHint>
              </hints>
              <variableUpdatesOnEnter id="64"/>
              <variableUpdatesBeforeCheck id="65"/>
              <variableUpdatesAfterCheck id="66"/>
              <variableUpdatesOnNormalExit id="67"/>
              <variableUpdatesOnRepeat id="68"/>
              <variableUpdatesOnSkip id="69"/>
              <weight>1</weight>
              <orderIndex>2</orderIndex>
              <allowSkip>true</allowSkip>
              <resources id="70"/>
              <rules id="71"/>
              <fillInFields id="72">
                <FillInField id="73">
                  <name>field1</name>
                  <orderIndex>0</orderIndex>
                  <size>6</size>
                  <formularEditorType>NUMBER</formularEditorType>
                </FillInField>
              </fillInFields>
              <dropDownFields id="74"/>
              <formularEditorPalette>MATHDOX_FORMULAR_EDITOR_BASIC</formularEditorPalette>
              <defaultFeedback>Leider nicht korrekt.&lt;br /&gt;
&lt;br /&gt;
Der Erwartungswert betr&amp;auml;gt $[var=ansb]$ Euro.</defaultFeedback>
              <correctAnswerRules id="75">
                <Rule id="76">
                  <name>CorrectAnswer1</name>
                  <orderIndex>1</orderIndex>
                  <validationExpression id="77">
                    <code>!isEmpty([input=field1])&amp;&amp;isRealNumber([input=field1])&amp;&amp;[input=field1]&gt;[var=ansb]-0.1&amp;&amp;[input=field1]&lt;[var=ansb]+0.1</code>
                    <domain>MATH</domain>
                  </validationExpression>
                  <points>0</points>
                  <terminal>false</terminal>
                </Rule>
              </correctAnswerRules>
              <correctAnswerFeedback>Richtig.</correctAnswerFeedback>
              <defaultResult>0</defaultResult>
            </targetStage>
            <isRepeat>false</isRepeat>
          </defaultTransition>
          <skipTransitions id="78">
            <StageTransition id="79">
              <conditionExpression id="80">
                <code></code>
                <domain>MATH</domain>
              </conditionExpression>
              <stageExpression id="81">
                <domain>MATH</domain>
              </stageExpression>
              <targetStage class="FillInStage" reference="16"/>
              <isRepeat>false</isRepeat>
            </StageTransition>
          </skipTransitions>
          <stageTransitions id="82">
            <StageTransition id="83">
              <conditionExpression id="84">
                <code></code>
                <domain>MATH</domain>
              </conditionExpression>
              <stageExpression id="85">
                <code>[meta=stageCurrentResult]&gt;=100</code>
                <domain>MATH</domain>
              </stageExpression>
              <targetStage class="FillInStage" reference="16"/>
              <isRepeat>false</isRepeat>
            </StageTransition>
          </stageTransitions>
          <hints id="86">
            <StageHint id="87">
              <stagehint__order>0</stagehint__order>
              <text>$\epsilon$ hängt von ihrer persönlichen Nutzenfunktion ab. Daher gibt es hier keine korrekte oder falsche Antwort.

    </text>
              <malus>0</malus>
              <stage class="FillInStage" reference="12"/>
            </StageHint>
          </hints>
          <variableUpdatesOnEnter id="88"/>
          <variableUpdatesBeforeCheck id="89"/>
          <variableUpdatesAfterCheck id="90"/>
          <variableUpdatesOnNormalExit id="91"/>
          <variableUpdatesOnRepeat id="92"/>
          <variableUpdatesOnSkip id="93"/>
          <weight>1</weight>
          <orderIndex>1</orderIndex>
          <allowSkip>true</allowSkip>
          <resources id="94"/>
          <rules id="95"/>
          <fillInFields id="96">
            <FillInField id="97">
              <name>field1</name>
              <orderIndex>0</orderIndex>
              <size>6</size>
              <formularEditorType>NUMBER</formularEditorType>
            </FillInField>
          </fillInFields>
          <dropDownFields id="98"/>
          <formularEditorPalette>MATHDOX_FORMULAR_EDITOR_BASIC</formularEditorPalette>
          <defaultFeedback>Ein Wert von $\leq 0$ macht keinen Sinn, da Sie in diesem Fall einen risikolosen Gewinn generieren können.</defaultFeedback>
          <correctAnswerRules id="99">
            <Rule id="100">
              <name>CorrectAnswer1</name>
              <orderIndex>1</orderIndex>
              <validationExpression id="101">
                <code>!isEmpty([input=field1])&amp;&amp;isRealNumber([input=field1])&amp;&amp;[input=field1]&gt;0</code>
                <domain>MATH</domain>
              </validationExpression>
              <points>0</points>
              <terminal>false</terminal>
            </Rule>
          </correctAnswerRules>
          <correctAnswerFeedback>&lt;strong&gt;Hier gibt es keine korrekte oder falsche Antwort bezogen auf die H&amp;ouml;he des Wertes.&lt;/strong&gt;&lt;br /&gt;
Sofern sie bereit sind $\epsilon&amp;gt;0$ zu bezahlen, da $\epsilon$ von ihrer pers&amp;ouml;nlichen Nutzenfunktion abh&amp;auml;ngt.</correctAnswerFeedback>
          <defaultResult>0</defaultResult>
        </targetStage>
        <isRepeat>false</isRepeat>
      </defaultTransition>
      <skipTransitions id="102">
        <StageTransition id="103">
          <conditionExpression id="104">
            <code></code>
            <domain>MATH</domain>
          </conditionExpression>
          <stageExpression id="105">
            <domain>MATH</domain>
          </stageExpression>
          <targetStage class="FillInStage" reference="12"/>
          <isRepeat>false</isRepeat>
        </StageTransition>
      </skipTransitions>
      <stageTransitions id="106">
        <StageTransition id="107">
          <conditionExpression id="108">
            <code></code>
            <domain>MATH</domain>
          </conditionExpression>
          <stageExpression id="109">
            <code>[meta=stageCurrentResult]&gt;=100</code>
            <domain>MATH</domain>
          </stageExpression>
          <targetStage class="FillInStage" reference="12"/>
          <isRepeat>false</isRepeat>
        </StageTransition>
      </stageTransitions>
      <hints id="110">
        <StageHint id="111">
          <stagehint__order>0</stagehint__order>
          <text>Berechnen Sie den Erwartungswert des Gewinns, d.h. gewichten Sie jeden möglichen Gewinn mit seiner Wahrscheinlichkeit.</text>
          <malus>0</malus>
          <stage class="MCStage" reference="8"/>
        </StageHint>
      </hints>
      <variableUpdatesOnEnter id="112"/>
      <variableUpdatesBeforeCheck id="113"/>
      <variableUpdatesAfterCheck id="114"/>
      <variableUpdatesOnNormalExit id="115"/>
      <variableUpdatesOnRepeat id="116"/>
      <variableUpdatesOnSkip id="117"/>
      <weight>1</weight>
      <orderIndex>0</orderIndex>
      <allowSkip>true</allowSkip>
      <resources id="118"/>
      <answerOptions id="119">
        <MCAnswer id="120">
          <order>0</order>
          <rule>WRONG</rule>
          <text>$0$</text>
          <variableName></variableName>
          <mcstage reference="8"/>
        </MCAnswer>
        <MCAnswer id="121">
          <order>1</order>
          <rule>WRONG</rule>
          <text>$1$</text>
          <variableName></variableName>
          <mcstage reference="8"/>
        </MCAnswer>
        <MCAnswer id="122">
          <order>2</order>
          <rule>WRONG</rule>
          <text>$e$</text>
          <variableName></variableName>
          <mcstage reference="8"/>
        </MCAnswer>
        <MCAnswer id="123">
          <order>3</order>
          <rule>WRONG</rule>
          <text>$\pi$</text>
          <variableName></variableName>
          <mcstage reference="8"/>
        </MCAnswer>
        <MCAnswer id="124">
          <order>4</order>
          <rule>WRONG</rule>
          <text>$10$</text>
          <variableName></variableName>
          <mcstage reference="8"/>
        </MCAnswer>
        <MCAnswer id="125">
          <order>5</order>
          <rule>CORRECT</rule>
          <text>$\infty$</text>
          <variableName></variableName>
          <mcstage reference="8"/>
        </MCAnswer>
      </answerOptions>
      <randomize>true</randomize>
      <singleChoice>true</singleChoice>
      <correctAnswerFeedback>Richtig.</correctAnswerFeedback>
      <defaultFeedback>Leider nicht richtig.&lt;br /&gt;
&lt;br /&gt;
Mit Wahrscheinlichkeit $\frac{1}{2}$ gewinnen Sie 2: $\frac{1}{2} \cdot 2 = 1$ Mit Wahrscheinlichkeit $\frac{1}{4}$ gewinnen Sie 4: $\frac{1}{4} \cdot 4 = 1$ Mit Wahrscheinlichkeit $\frac{1}{8}$ gewinnen Sie 8: $\frac{1}{8} \cdot 8 = 1$ ... $\displaystyle \sum_{i}^{\infty} 1 = \infty$</defaultFeedback>
      <defaultResult>0</defaultResult>
      <extraFeedbacks id="126">
        <de.uni__due.s3.jack3.entities.stagetypes.mc.MCFeedback id="127">
          <expression id="128">
            <code>![input=mcindex_0]&amp;&amp;![input=mcindex_1]&amp;&amp;![input=mcindex_2]&amp;&amp;![input=mcindex_3]&amp;&amp;![input=mcindex_4]&amp;&amp;![input=mcindex_5]</code>
            <domain>MATH</domain>
          </expression>
          <condition id="129">
            <code></code>
            <domain>MATH</domain>
          </condition>
          <result>0</result>
          <feedbackText>Falsch, eine Antwort ist richtig.</feedbackText>
        </de.uni__due.s3.jack3.entities.stagetypes.mc.MCFeedback>
      </extraFeedbacks>
    </MCStage>
    <FillInStage reference="12"/>
    <FillInStage reference="16"/>
    <FillInStage reference="24"/>
  </stages>
  <startStage class="MCStage" reference="8"/>
  <variableDeclarations id="130">
    <VariableDeclaration id="131">
      <name>i</name>
      <initializationCode id="132">
        <code>evaluateInR(&apos;sample(1:99, 1)&apos;)</code>
        <domain>MATH</domain>
      </initializationCode>
    </VariableDeclaration>
    <VariableDeclaration id="133">
      <name>j</name>
      <initializationCode id="134">
        <code>evaluateInR(&apos;sample(3:7, 1)&apos;)</code>
        <domain>MATH</domain>
      </initializationCode>
    </VariableDeclaration>
    <VariableDeclaration id="135">
      <name>B</name>
      <initializationCode id="136">
        <code>[var=i]*10^[var=j]</code>
        <domain>MATH</domain>
      </initializationCode>
    </VariableDeclaration>
    <VariableDeclaration id="137">
      <name>help</name>
      <initializationCode id="138">
        <code>evaluateInR(&apos;floor(log([var=B], 2))&apos;)</code>
        <domain>MATH</domain>
      </initializationCode>
    </VariableDeclaration>
    <VariableDeclaration id="139">
      <name>ansbu</name>
      <initializationCode id="140">
        <code>evaluateInR(&apos;[var=help]+([var=B])/2^([var=help])&apos;)</code>
        <domain>MATH</domain>
      </initializationCode>
    </VariableDeclaration>
    <VariableDeclaration id="141">
      <name>ansb</name>
      <initializationCode id="142">
        <code>evaluateInR(&apos;round(([var=ansbu]), 4)&apos;)</code>
        <domain>MATH</domain>
      </initializationCode>
    </VariableDeclaration>
    <VariableDeclaration id="143">
      <name>anscu</name>
      <initializationCode id="144">
        <code>evaluateInR(&apos;[var=help]/2+([var=B])/(2^([var=help]+1))&apos;)</code>
        <domain>MATH</domain>
      </initializationCode>
    </VariableDeclaration>
    <VariableDeclaration id="145">
      <name>ansc</name>
      <initializationCode id="146">
        <code>evaluateInR(&apos;round(([var=anscu]), 4)&apos;)</code>
        <domain>MATH</domain>
      </initializationCode>
    </VariableDeclaration>
  </variableDeclarations>
  <jSXGraphs id="147"/>
  <dynamicMolecules id="148"/>
  <resultFeedbackMappings id="149"/>
</Exercise>