<Exercise id="1">
  <name>IS06-11 Verteilungen diskreter Zufallsvariablen 11</name>
  <publicDescription></publicDescription>
  <internalNotes>Spinnenaufgabe:
1.Stage: Binomialverteilung
2.Stage: Poissonverteilung (raus)

Die  Materialien sind lizenziert unter CC BY-NC-SA 4.0. Eine Kopie dieser Lizenz finden Sie unter http://creativecommons.org/licenses/by-nc-sa/4.0/

The materials are licensed under CC BY-NC-SA 4.0. You can find a copy of this license at http://creativecommons.org/licenses/by-nc-sa/4.0/</internalNotes>
  <language>de</language>
  <difficulty>3</difficulty>
  <tags id="2">
    <Tag id="3">
      <name>IndStat</name>
    </Tag>
    <Tag id="4">
      <name>TR_neu</name>
    </Tag>
    <Tag id="5">
      <name>TR</name>
    </Tag>
  </tags>
  <resources id="6"/>
  <stages id="7">
    <FillInStage id="8">
      <internalName>1</internalName>
      <externalName>Stage 1</externalName>
      <taskDescription>&lt;strong&gt;Aufgabenstellung:&lt;/strong&gt;&lt;br /&gt;&#xd;
&lt;br /&gt;&#xd;
Im Amazonasdelta wurde eine neue Spinnenart entdeckt. Als erstes Forschungsziel haben Biologen es sich zur Aufgabe gemacht festuzustellen, wie es um die Population des Tieres steht.&lt;br /&gt;&#xd;
&lt;br /&gt;&#xd;
Sie gehen davon aus, dass die Anzahl der Weibchen diejenige der m&amp;auml;nnlichen Vertreter der Spezies &amp;uuml;bersteigt.&lt;br /&gt;&#xd;
&lt;br /&gt;&#xd;
Wie gro&amp;szlig; ist die Wahrscheinlichkeit, bei $[var=$n]$ untersuchten Tieren gleich viele weibliche und m&amp;auml;nnliche Tiere entdeckt zu haben, wenn das Verh&amp;auml;ltnis von Weibchen zu M&amp;auml;nnchen mit $[var=$v]:1$ angenommen wird? &amp;nbsp;&lt;br /&gt;&#xd;
&lt;br /&gt;&#xd;
&lt;strong&gt;Einreichung:&lt;/strong&gt; &lt;input name=&quot;field1&quot; size=&quot;6&quot; type=&quot;text&quot; value=&quot;field1&quot; /&gt;&amp;nbsp;&lt;br /&gt;&#xd;
&lt;br /&gt;&#xd;
&lt;em&gt;(Runden Sie Ihr Ergebnis, falls n&amp;ouml;tig, auf die VIERTE Nachkommastelle und verwenden Sie einen Dezimalpunkt.)&lt;/em&gt;&#xd;
&lt;p&gt;&lt;a href=&quot;https://webrtaschenrechner.netlify.app/&quot; onclick=&quot;window.open(&apos;https://webrtaschenrechner.netlify.app/&apos;,&apos;R Console&apos;,&apos;top=320, left=1525, width=400,height=600,menubar=no,toolbar=no,&apos;); return false;&quot; target=&quot;_blank&quot;&gt;&lt;img alt=&quot;R_ Logo&quot; pull-right=&quot;&quot; src=&quot;/econometrics/resource?resource=157444&quot; style=&quot;width: 40px; height: 50px; float: right; margin: 5px&quot; /&gt;&lt;/a&gt;&lt;/p&gt;&#xd;
</taskDescription>
      <skipMessage>Es gilt $P(X=[var=a] ) = f([var=a]) = \binom{[var=n] }{[var=a]}~\left(\frac{1}{[var=v]+1}\right)^{[var=a]}~\left(1-\frac{1}{[var=v]+1}\right)^{[var=a]} = [var=sol1]$.&lt;br /&gt;
$\verb|dbinom([var=a], [var=n], 1/([var=v]+1)|$ = $[var=sol1]$.</skipMessage>
      <defaultTransition id="9">
        <conditionExpression id="10">
          <domain>MATH</domain>
        </conditionExpression>
        <stageExpression id="11">
          <domain>MATH</domain>
        </stageExpression>
        <isRepeat>true</isRepeat>
      </defaultTransition>
      <skipTransitions id="12">
        <StageTransition id="13">
          <conditionExpression id="14">
            <code></code>
            <domain>MATH</domain>
          </conditionExpression>
          <stageExpression id="15">
            <domain>MATH</domain>
          </stageExpression>
          <isRepeat>false</isRepeat>
        </StageTransition>
      </skipTransitions>
      <stageTransitions id="16">
        <StageTransition id="17">
          <conditionExpression id="18">
            <code></code>
            <domain>MATH</domain>
          </conditionExpression>
          <stageExpression id="19">
            <code>[meta=stageCurrentResult]&gt;=100</code>
            <domain>MATH</domain>
          </stageExpression>
          <isRepeat>false</isRepeat>
        </StageTransition>
      </stageTransitions>
      <hints id="20">
        <StageHint id="21">
          <stagehint__order>0</stagehint__order>
          <text>Es handelt sich um eine diskrete Zufallsvariable. Welche Verteilung kann dann genutzt werden?&lt;br /&gt;
&lt;br /&gt;
(Es ist ein weiterer Hinweis vorhanden.)</text>
          <malus>0</malus>
          <stage class="FillInStage" reference="8"/>
        </StageHint>
        <StageHint id="22">
          <stagehint__order>1</stagehint__order>
          <text>Hier ist die Binomialverteilung zu betrachten, $X\sim B(n,p).$ Was sind in diesem Fall die Parameter $n$ und $p$?&lt;br /&gt;
&lt;br /&gt;
(Es ist ein weiterer Hinweis vorhanden.)</text>
          <malus>0</malus>
          <stage class="FillInStage" reference="8"/>
        </StageHint>
        <StageHint id="23">
          <stagehint__order>2</stagehint__order>
          <text>$n$ ist die Anzahl aller untersuchten Tiere, $n = [var=n]$. $p$ ist die W&amp;#39;keit, ein m&amp;auml;nnliches Tier zu entdecken, also $p=\frac{1}{[var=v]+1}$.&lt;br /&gt;
Gesucht ist $P(X=[var=a] ) = f([var=a]).$&lt;br /&gt;
&lt;br /&gt;
(Es ist ein weiterer Hinweis vorhanden.)</text>
          <malus>0</malus>
          <stage class="FillInStage" reference="8"/>
        </StageHint>
        <StageHint id="24">
          <stagehint__order>3</stagehint__order>
          <text>Da $X\sim B(n,~p)$ ist die Wahrscheinlichkeitsfunktion gegeben durch $f(x)=\binom{n}{x}~p^x~(1-p)^{n-x} , ~ x= 0,1,2,\ldots,n$. Nun m&amp;uuml;ssen Sie die Werte nur noch einsetzen.&lt;br /&gt;
Die Berechnung &amp;uuml;ber R sieht wie folgt aus:&lt;br /&gt;
$\verb|dbinom(x, size, prob)|$ mit $x=[var=a]$, $size=[var=n]$ und $p=\frac{1}{[var=v]+1}$.</text>
          <malus>0</malus>
          <stage class="FillInStage" reference="8"/>
        </StageHint>
      </hints>
      <variableUpdatesOnEnter id="25"/>
      <variableUpdatesBeforeCheck id="26"/>
      <variableUpdatesAfterCheck id="27"/>
      <variableUpdatesOnNormalExit id="28"/>
      <variableUpdatesOnRepeat id="29"/>
      <variableUpdatesOnSkip id="30"/>
      <weight>1</weight>
      <orderIndex>0</orderIndex>
      <allowSkip>true</allowSkip>
      <resources id="31"/>
      <rules id="32"/>
      <fillInFields id="33">
        <FillInField id="34">
          <name>field1</name>
          <orderIndex>0</orderIndex>
          <size>6</size>
          <formularEditorType>NUMBER</formularEditorType>
        </FillInField>
      </fillInFields>
      <dropDownFields id="35"/>
      <formularEditorPalette>MATHDOX_FORMULAR_EDITOR_BASIC</formularEditorPalette>
      <defaultFeedback>Leider nicht korrekt!&lt;br /&gt;
&lt;br /&gt;
Es gilt $P(X=[var=a] ) = f([var=a]) = \binom{[var=n] }{[var=a]}~\left(\frac{1}{[var=v]+1}\right)^{[var=a]}~\left(1-\frac{1}{[var=v]+1}\right)^{[var=a]} = [var=sol1]$.&lt;br /&gt;
$\verb|dbinom([var=a], [var=n], 1/([var=v]+1)|$ = $[var=sol1]$.</defaultFeedback>
      <correctAnswerRules id="36">
        <Rule id="37">
          <name>CorrectAnswer1</name>
          <orderIndex>1</orderIndex>
          <validationExpression id="38">
            <code>!isEmpty([input=field1])&amp;&amp;isRealNumber([input=field1])&amp;&amp;[input=field1]&gt;[var=sol1]-0.0011&amp;&amp;[input=field1]&lt;[var=sol1]+0.0011</code>
            <domain>MATH</domain>
          </validationExpression>
          <points>0</points>
          <terminal>false</terminal>
        </Rule>
      </correctAnswerRules>
      <correctAnswerFeedback>Richtig!</correctAnswerFeedback>
      <defaultResult>0</defaultResult>
    </FillInStage>
  </stages>
  <startStage class="FillInStage" reference="8"/>
  <variableDeclarations id="39">
    <VariableDeclaration id="40">
      <name>a</name>
      <initializationCode id="41">
        <code>randomIntegerBetween(5,10)</code>
        <domain>MATH</domain>
      </initializationCode>
    </VariableDeclaration>
    <VariableDeclaration id="42">
      <name>n</name>
      <initializationCode id="43">
        <code>[var=a]*2</code>
        <domain>MATH</domain>
      </initializationCode>
    </VariableDeclaration>
    <VariableDeclaration id="44">
      <name>v</name>
      <initializationCode id="45">
        <code>randomIntegerBetween(2,5)</code>
        <domain>MATH</domain>
      </initializationCode>
    </VariableDeclaration>
    <VariableDeclaration id="46">
      <name>sol1</name>
      <initializationCode id="47">
        <code>evaluateInR(&apos;round(choose([var=n], [var=n]/2)*(1/([var=v]+1))^([var=n]/2)*(1-(1/([var=v]+1)))^([var=n]/2), 4)&apos;)</code>
        <domain>MATH</domain>
      </initializationCode>
    </VariableDeclaration>
    <VariableDeclaration id="48">
      <name>b</name>
      <initializationCode id="49">
        <code>randomIntegerBetween(3,5)</code>
        <domain>MATH</domain>
      </initializationCode>
    </VariableDeclaration>
    <VariableDeclaration id="50">
      <name>m</name>
      <initializationCode id="51">
        <code>[var=b]/10</code>
        <domain>MATH</domain>
      </initializationCode>
    </VariableDeclaration>
    <VariableDeclaration id="52">
      <name>w</name>
      <initializationCode id="53">
        <code>randomIntegerBetween(8,13)</code>
        <domain>MATH</domain>
      </initializationCode>
    </VariableDeclaration>
    <VariableDeclaration id="54">
      <name>c</name>
      <initializationCode id="55">
        <code>[var=w]*100</code>
        <domain>MATH</domain>
      </initializationCode>
    </VariableDeclaration>
    <VariableDeclaration id="56">
      <name>lambda1</name>
      <initializationCode id="57">
        <code>evaluateInR(&apos;([var=b]/1000)*[var=c]&apos;)</code>
        <domain>MATH</domain>
      </initializationCode>
    </VariableDeclaration>
    <VariableDeclaration id="58">
      <name>lambda</name>
      <initializationCode id="59">
        <code>round(([var=lambda1])*1000.0)/1000.0</code>
        <domain>MATH</domain>
      </initializationCode>
    </VariableDeclaration>
    <VariableDeclaration id="60">
      <name>sol2</name>
      <initializationCode id="61">
        <code>evaluateInR(&apos;round((1-dpois(0,lambda=[var=lambda])-dpois(1,lambda=[var=lambda])-dpois(2,lambda=[var=lambda])),4)&apos;)</code>
        <domain>MATH</domain>
      </initializationCode>
    </VariableDeclaration>
  </variableDeclarations>
  <jSXGraphs id="62"/>
  <dynamicMolecules id="63"/>
  <resultFeedbackMappings id="64"/>
</Exercise>