<Exercise id="1">
  <name>IS06-06 Verteilungen diskreter Zufallsvariablen 6</name>
  <publicDescription></publicDescription>
  <internalNotes>Mensch-Ärger-Dich-Nicht-Aufgabe:
1.Stage: W&apos;keit berechnen
2.Stage: E-Wert
3.Stage: W&apos;keit berechnen
4.Stage: E-Wert berechnen

Die  Materialien sind lizenziert unter CC BY-NC-SA 4.0. Eine Kopie dieser Lizenz finden Sie unter http://creativecommons.org/licenses/by-nc-sa/4.0/

The materials are licensed under CC BY-NC-SA 4.0. You can find a copy of this license at http://creativecommons.org/licenses/by-nc-sa/4.0/</internalNotes>
  <language>de</language>
  <difficulty>3</difficulty>
  <tags id="2">
    <Tag id="3">
      <name>IndStat</name>
    </Tag>
    <Tag id="4">
      <name>TR_neu</name>
    </Tag>
    <Tag id="5">
      <name>TR</name>
    </Tag>
  </tags>
  <resources id="6"/>
  <stages id="7">
    <FillInStage id="8">
      <internalName>1</internalName>
      <externalName>Stage 1</externalName>
      <taskDescription>&lt;strong&gt;Aufgabenstellung:&lt;/strong&gt;&lt;br /&gt;&#xd;
&lt;br /&gt;&#xd;
Sie spielen &amp;quot;Mensch-&amp;auml;rgere-dich-nicht&amp;quot;. Wie gro&amp;szlig; ist die Wahrscheinlichkeit, dass Sie die ersten $[var=Z]$ Runden aussetzen m&amp;uuml;ssen, da Sie noch keine Sechs gew&amp;uuml;rfelt haben und Sie in der darauffolgenden Runde eine Sechs w&amp;uuml;rfeln?&lt;br /&gt;&#xd;
(Zur Vereinfachung d&amp;uuml;rfen Sie nur genau einmal pro Runde w&amp;uuml;rfeln!) &amp;nbsp;&lt;br /&gt;&#xd;
&lt;br /&gt;&#xd;
&lt;strong&gt;Einreichung:&lt;/strong&gt; &lt;input name=&quot;field1&quot; size=&quot;6&quot; type=&quot;text&quot; value=&quot;field1&quot; /&gt;&amp;nbsp;&lt;br /&gt;&#xd;
&lt;br /&gt;&#xd;
&lt;em&gt;(Runden Sie, falls n&amp;ouml;tig, auf die vierte Nachkommastelle und verwenden Sie einen Dezimalpunkt.)&lt;/em&gt;&#xd;
&lt;p&gt;&lt;a href=&quot;https://webrtaschenrechner.netlify.app/&quot; onclick=&quot;window.open(&apos;https://webrtaschenrechner.netlify.app/&apos;,&apos;R Console&apos;,&apos;top=320, left=1525, width=400,height=600,menubar=no,toolbar=no,&apos;); return false;&quot; target=&quot;_blank&quot;&gt;&lt;img alt=&quot;R_ Logo&quot; pull-right=&quot;&quot; src=&quot;/econometrics/resource?resource=157444&quot; style=&quot;width: 40px; height: 50px; float: right; margin: 5px&quot; /&gt;&lt;/a&gt;&lt;/p&gt;</taskDescription>
      <skipMessage>$P(X=[var=Z]) = \begin{pmatrix} [var=Z] + 1 - 1 \\ 1-1 \end{pmatrix} \cdot \frac{1}{6}^1 \cdot \frac{5}{6}^{[var=Z]} = [var=rsol1]. $&lt;br /&gt;
$\verb|dnbinom([var=Z], 1, 1/6)|$ = $[var=rsol1]. $ bzw.&lt;br /&gt;
$\verb|dgeom([var=Z], 1/6)|$ = $[var=rsol1].$</skipMessage>
      <defaultTransition id="9">
        <conditionExpression id="10">
          <domain>MATH</domain>
        </conditionExpression>
        <stageExpression id="11">
          <domain>MATH</domain>
        </stageExpression>
        <isRepeat>true</isRepeat>
      </defaultTransition>
      <skipTransitions id="12">
        <StageTransition id="13">
          <conditionExpression id="14">
            <code></code>
            <domain>MATH</domain>
          </conditionExpression>
          <stageExpression id="15">
            <domain>MATH</domain>
          </stageExpression>
          <targetStage class="FillInStage" id="16">
            <internalName>2</internalName>
            <externalName>Stage 2</externalName>
            <taskDescription>&lt;strong&gt;Aufgabenstellung:&lt;/strong&gt;&lt;br /&gt;&#xd;
&lt;br /&gt;&#xd;
Was ist die mittlere Anzahl an Runden, die Sie nicht mitspielen d&amp;uuml;rfen? &amp;nbsp;&lt;br /&gt;&#xd;
&lt;br /&gt;&#xd;
&lt;strong&gt;Einreichung:&lt;/strong&gt; &lt;input name=&quot;field1&quot; size=&quot;6&quot; type=&quot;text&quot; value=&quot;field1&quot; /&gt;&amp;nbsp;&lt;br /&gt;&#xd;
&lt;br /&gt;&#xd;
&lt;em&gt;(Runden Sie, falls n&amp;ouml;tig, auf die vierte Nachkommastelle und verwenden Sie einen Dezimalpunkt.)&lt;/em&gt;&#xd;
&lt;p&gt;&lt;a href=&quot;https://webrtaschenrechner.netlify.app/&quot; onclick=&quot;window.open(&apos;https://webrtaschenrechner.netlify.app/&apos;,&apos;R Console&apos;,&apos;top=320, left=1525, width=400,height=600,menubar=no,toolbar=no,&apos;); return false;&quot; target=&quot;_blank&quot;&gt;&lt;img alt=&quot;R_ Logo&quot; pull-right=&quot;&quot; src=&quot;/econometrics/resource?resource=157444&quot; style=&quot;width: 40px; height: 50px; float: right; margin: 5px&quot; /&gt;&lt;/a&gt;&lt;/p&gt;</taskDescription>
            <skipMessage>$E(X) = \mu = \frac{rq}{p} = \frac{5/6}{1/6} = [var=rsol2].$</skipMessage>
            <defaultTransition id="17">
              <conditionExpression id="18">
                <domain>MATH</domain>
              </conditionExpression>
              <stageExpression id="19">
                <domain>MATH</domain>
              </stageExpression>
              <isRepeat>true</isRepeat>
            </defaultTransition>
            <skipTransitions id="20">
              <StageTransition id="21">
                <conditionExpression id="22">
                  <code></code>
                  <domain>MATH</domain>
                </conditionExpression>
                <stageExpression id="23">
                  <domain>MATH</domain>
                </stageExpression>
                <targetStage class="FillInStage" id="24">
                  <internalName>3</internalName>
                  <externalName>Stage 3</externalName>
                  <taskDescription>&lt;strong&gt;Aufgabenstellung:&lt;/strong&gt;&lt;br /&gt;&#xd;
&lt;br /&gt;&#xd;
Wie gro&amp;szlig; ist die Wahrscheinlichkeit, dass in der $[var=Tneu]$. Runde Ihre vierte Figur das Spielfeld betritt, wenn Sie bei jeder sechs eine neue Figur ins Spiel bringen und Ihre Mitspieler keine Ihrer Figuren wieder rausschmei&amp;szlig;en? &amp;nbsp;&lt;br /&gt;&#xd;
&lt;br /&gt;&#xd;
&lt;strong&gt;Einreichung:&lt;/strong&gt; &lt;input name=&quot;field1&quot; size=&quot;6&quot; type=&quot;text&quot; value=&quot;field1&quot; /&gt;&amp;nbsp;&lt;br /&gt;&#xd;
&lt;br /&gt;&#xd;
&lt;em&gt;(Runden Sie, falls n&amp;ouml;tig, auf die vierte Nachkommastelle und verwenden Sie einen Dezimalpunkt.)&lt;/em&gt;&#xd;
&lt;p&gt;&lt;a href=&quot;https://webrtaschenrechner.netlify.app/&quot; onclick=&quot;window.open(&apos;https://webrtaschenrechner.netlify.app/&apos;,&apos;R Console&apos;,&apos;top=320, left=1525, width=400,height=600,menubar=no,toolbar=no,&apos;); return false;&quot; target=&quot;_blank&quot;&gt;&lt;img alt=&quot;R_ Logo&quot; pull-right=&quot;&quot; src=&quot;/econometrics/resource?resource=157444&quot; style=&quot;width: 40px; height: 50px; float: right; margin: 5px&quot; /&gt;&lt;/a&gt;&lt;/p&gt;</taskDescription>
                  <skipMessage>Es gilt:&lt;br /&gt;
$P(X=[var=T]) = \begin{pmatrix} [var=T] + 4 - 1 \\ [var=T] \end{pmatrix} \cdot \frac{1}{6}^4 \cdot \frac{5}{6}^{[var=T]} = [var=rsol3].$&lt;br /&gt;
$\verb|dnbinom([var=T], 4, 1/6)|$ = $[var=rsol3].$</skipMessage>
                  <defaultTransition id="25">
                    <conditionExpression id="26">
                      <domain>MATH</domain>
                    </conditionExpression>
                    <stageExpression id="27">
                      <domain>MATH</domain>
                    </stageExpression>
                    <isRepeat>true</isRepeat>
                  </defaultTransition>
                  <skipTransitions id="28">
                    <StageTransition id="29">
                      <conditionExpression id="30">
                        <code></code>
                        <domain>MATH</domain>
                      </conditionExpression>
                      <stageExpression id="31">
                        <domain>MATH</domain>
                      </stageExpression>
                      <targetStage class="FillInStage" id="32">
                        <internalName>4</internalName>
                        <externalName>Stage 4</externalName>
                        <taskDescription>&lt;strong&gt;Aufgabenstellung:&lt;/strong&gt;&lt;br /&gt;&#xd;
&lt;br /&gt;&#xd;
Wie oft w&amp;uuml;rfeln Sie im Mittel eine Zahl ungleich sechs, bis Sie alle Ihre Spieler im Spiel haben? &amp;nbsp;&lt;br /&gt;&#xd;
&lt;br /&gt;&#xd;
&lt;strong&gt;Einreichung:&lt;/strong&gt; &lt;input name=&quot;field1&quot; size=&quot;6&quot; type=&quot;text&quot; value=&quot;field1&quot; /&gt;&amp;nbsp;&lt;br /&gt;&#xd;
&lt;br /&gt;&#xd;
&lt;em&gt;(Runden Sie, falls n&amp;ouml;tig, auf die vierte Nachkommastelle und verwenden Sie einen Dezimalpunkt.)&lt;/em&gt;&#xd;
&lt;p&gt;&lt;a href=&quot;https://webrtaschenrechner.netlify.app/&quot; onclick=&quot;window.open(&apos;https://webrtaschenrechner.netlify.app/&apos;,&apos;R Console&apos;,&apos;top=320, left=1525, width=400,height=600,menubar=no,toolbar=no,&apos;); return false;&quot; target=&quot;_blank&quot;&gt;&lt;img alt=&quot;R_ Logo&quot; pull-right=&quot;&quot; src=&quot;/econometrics/resource?resource=157444&quot; style=&quot;width: 40px; height: 50px; float: right; margin: 5px&quot; /&gt;&lt;/a&gt;&lt;/p&gt;</taskDescription>
                        <skipMessage>Es gilt: $E(X) = \mu = \frac{rq}{p} = 4\cdot \frac{5/6}{1/6} = [var=rsol4].$</skipMessage>
                        <defaultTransition id="33">
                          <conditionExpression id="34">
                            <domain>MATH</domain>
                          </conditionExpression>
                          <stageExpression id="35">
                            <domain>MATH</domain>
                          </stageExpression>
                          <isRepeat>true</isRepeat>
                        </defaultTransition>
                        <skipTransitions id="36">
                          <StageTransition id="37">
                            <conditionExpression id="38">
                              <code></code>
                              <domain>MATH</domain>
                            </conditionExpression>
                            <stageExpression id="39">
                              <domain>MATH</domain>
                            </stageExpression>
                            <isRepeat>false</isRepeat>
                          </StageTransition>
                        </skipTransitions>
                        <stageTransitions id="40">
                          <StageTransition id="41">
                            <conditionExpression id="42">
                              <code></code>
                              <domain>MATH</domain>
                            </conditionExpression>
                            <stageExpression id="43">
                              <code>[meta=stageCurrentResult]&gt;=100</code>
                              <domain>MATH</domain>
                            </stageExpression>
                            <isRepeat>false</isRepeat>
                          </StageTransition>
                        </stageTransitions>
                        <hints id="44">
                          <StageHint id="45">
                            <stagehint__order>0</stagehint__order>
                            <text>Gesucht ist der Erwartungswert $\mu$ einer negativ binomialverteilten Zufallsvariable. Diesmal ist $r$ nicht gleich $1$, sondern...?&lt;br /&gt;
&lt;br /&gt;
(Es ist ein weiterer Hinweis vorhanden.)</text>
                            <malus>0</malus>
                            <stage class="FillInStage" reference="32"/>
                          </StageHint>
                          <StageHint id="46">
                            <stagehint__order>1</stagehint__order>
                            <text>$r=4$, da wir die durchschnittliche Anzahl an Fehlversuchen suchen, bis alle $4$ Spielfiguren auf dem Feld sind.
      </text>
                            <malus>0</malus>
                            <stage class="FillInStage" reference="32"/>
                          </StageHint>
                        </hints>
                        <variableUpdatesOnEnter id="47"/>
                        <variableUpdatesBeforeCheck id="48"/>
                        <variableUpdatesAfterCheck id="49"/>
                        <variableUpdatesOnNormalExit id="50"/>
                        <variableUpdatesOnRepeat id="51"/>
                        <variableUpdatesOnSkip id="52"/>
                        <weight>1</weight>
                        <orderIndex>3</orderIndex>
                        <allowSkip>true</allowSkip>
                        <resources id="53"/>
                        <rules id="54"/>
                        <fillInFields id="55">
                          <FillInField id="56">
                            <name>field1</name>
                            <orderIndex>0</orderIndex>
                            <size>6</size>
                            <formularEditorType>NUMBER</formularEditorType>
                          </FillInField>
                        </fillInFields>
                        <dropDownFields id="57"/>
                        <formularEditorPalette>MATHDOX_FORMULAR_EDITOR_BASIC</formularEditorPalette>
                        <defaultFeedback>Leider nicht korrekt.&lt;br /&gt;
&lt;br /&gt;
Es gilt: $E(X) = \mu = \frac{rq}{p} = 4\cdot \frac{5/6}{1/6} = [var=rsol4].$</defaultFeedback>
                        <correctAnswerRules id="58">
                          <Rule id="59">
                            <name>CorrectAnswer1</name>
                            <orderIndex>1</orderIndex>
                            <validationExpression id="60">
                              <code>!isEmpty([input=field1])&amp;&amp;isRealNumber([input=field1])&amp;&amp;[input=field1]&gt;[var=rsol4]-0.0011&amp;&amp;[input=field1]&lt;[var=rsol4]+0.0011</code>
                              <domain>MATH</domain>
                            </validationExpression>
                            <points>0</points>
                            <terminal>false</terminal>
                          </Rule>
                        </correctAnswerRules>
                        <correctAnswerFeedback>Richtig.</correctAnswerFeedback>
                        <defaultResult>0</defaultResult>
                      </targetStage>
                      <isRepeat>false</isRepeat>
                    </StageTransition>
                  </skipTransitions>
                  <stageTransitions id="61">
                    <StageTransition id="62">
                      <conditionExpression id="63">
                        <code></code>
                        <domain>MATH</domain>
                      </conditionExpression>
                      <stageExpression id="64">
                        <code>[meta=stageCurrentResult]&gt;=100</code>
                        <domain>MATH</domain>
                      </stageExpression>
                      <targetStage class="FillInStage" reference="32"/>
                      <isRepeat>false</isRepeat>
                    </StageTransition>
                  </stageTransitions>
                  <hints id="65">
                    <StageHint id="66">
                      <stagehint__order>0</stagehint__order>
                      <text>&amp;Uuml;berlegen Sie sich genau, welche Wahrscheinlichkeit $P(X=x)$ diesmal gesucht ist.&lt;br /&gt;
Was sind $r$, $p$ und $x$?&lt;br /&gt;
&lt;br /&gt;
(Es ist ein weiterer Hinweis vorhanden.)</text>
                      <malus>0</malus>
                      <stage class="FillInStage" reference="24"/>
                    </StageHint>
                    <StageHint id="67">
                      <stagehint__order>1</stagehint__order>
                      <text>Es ist $r=4$, denn es sollen genau $4$ Erfolge eintreten.&lt;br /&gt;
$p$ ist immer noch die W&amp;#39;keit eine $6$ zu w&amp;uuml;rfeln, also $p=\frac{1}{6}$ und gesucht ist $P(X=[var=T])$, da $4$ Erfolge eintreten sollen, also genau $[var=Tneu]-4$ Misserfolge.&lt;br /&gt;
Diese W&amp;#39;keit k&amp;ouml;nnen sie nun mit der Wahrscheinlichkeitsfunktion der negativen Binomialverteilung berechnen.&lt;br /&gt;
Die Berechnung &amp;uuml;ber R sieht wie folgt aus:&lt;br /&gt;
$\verb|dnbinom(x, size, prob)|$ mit $x=[var=T]$, $size=4$ und $p=1/6$</text>
                      <malus>0</malus>
                      <stage class="FillInStage" reference="24"/>
                    </StageHint>
                  </hints>
                  <variableUpdatesOnEnter id="68"/>
                  <variableUpdatesBeforeCheck id="69"/>
                  <variableUpdatesAfterCheck id="70"/>
                  <variableUpdatesOnNormalExit id="71"/>
                  <variableUpdatesOnRepeat id="72"/>
                  <variableUpdatesOnSkip id="73"/>
                  <weight>1</weight>
                  <orderIndex>2</orderIndex>
                  <allowSkip>true</allowSkip>
                  <resources id="74"/>
                  <rules id="75"/>
                  <fillInFields id="76">
                    <FillInField id="77">
                      <name>field1</name>
                      <orderIndex>0</orderIndex>
                      <size>6</size>
                      <formularEditorType>NUMBER</formularEditorType>
                    </FillInField>
                  </fillInFields>
                  <dropDownFields id="78"/>
                  <formularEditorPalette>MATHDOX_FORMULAR_EDITOR_BASIC</formularEditorPalette>
                  <defaultFeedback>Leider nicht korrekt.&lt;br /&gt;
&lt;br /&gt;
Es gilt:&lt;br /&gt;
$P(X=[var=T]) = \begin{pmatrix} [var=T] + 4 - 1 \\ [var=T] \end{pmatrix} \cdot \frac{1}{6}^4 \cdot \frac{5}{6}^{[var=T]} = [var=rsol3].$&lt;br /&gt;
$\verb|dnbinom([var=T], 4, 1/6)|$ = $[var=rsol3].$</defaultFeedback>
                  <correctAnswerRules id="79">
                    <Rule id="80">
                      <name>CorrectAnswer1</name>
                      <orderIndex>1</orderIndex>
                      <validationExpression id="81">
                        <code>!isEmpty([input=field1])&amp;&amp;isRealNumber([input=field1])&amp;&amp;[input=field1]&gt;[var=rsol3]-0.0011&amp;&amp;[input=field1]&lt;[var=rsol3]+0.0011</code>
                        <domain>MATH</domain>
                      </validationExpression>
                      <points>0</points>
                      <terminal>false</terminal>
                    </Rule>
                  </correctAnswerRules>
                  <correctAnswerFeedback>Richtig.</correctAnswerFeedback>
                  <defaultResult>0</defaultResult>
                </targetStage>
                <isRepeat>false</isRepeat>
              </StageTransition>
            </skipTransitions>
            <stageTransitions id="82">
              <StageTransition id="83">
                <conditionExpression id="84">
                  <code></code>
                  <domain>MATH</domain>
                </conditionExpression>
                <stageExpression id="85">
                  <code>[meta=stageCurrentResult]&gt;=100</code>
                  <domain>MATH</domain>
                </stageExpression>
                <targetStage class="FillInStage" reference="24"/>
                <isRepeat>false</isRepeat>
              </StageTransition>
            </stageTransitions>
            <hints id="86">
              <StageHint id="87">
                <stagehint__order>0</stagehint__order>
                <text>Gesucht ist der Erwartungswert $\mu$ einer negativ binomialverteilten Zufallsvariable.</text>
                <malus>0</malus>
                <stage class="FillInStage" reference="16"/>
              </StageHint>
            </hints>
            <variableUpdatesOnEnter id="88"/>
            <variableUpdatesBeforeCheck id="89"/>
            <variableUpdatesAfterCheck id="90"/>
            <variableUpdatesOnNormalExit id="91"/>
            <variableUpdatesOnRepeat id="92"/>
            <variableUpdatesOnSkip id="93"/>
            <weight>1</weight>
            <orderIndex>1</orderIndex>
            <allowSkip>true</allowSkip>
            <resources id="94"/>
            <rules id="95"/>
            <fillInFields id="96">
              <FillInField id="97">
                <name>field1</name>
                <orderIndex>0</orderIndex>
                <size>6</size>
                <formularEditorType>NUMBER</formularEditorType>
              </FillInField>
            </fillInFields>
            <dropDownFields id="98"/>
            <formularEditorPalette>MATHDOX_FORMULAR_EDITOR_BASIC</formularEditorPalette>
            <defaultFeedback>Leider nicht korrekt.&lt;br /&gt;
&lt;br /&gt;
$E(X) = \mu = \frac{rq}{p} = \frac{5/6}{1/6} = [var=rsol2].$</defaultFeedback>
            <correctAnswerRules id="99">
              <Rule id="100">
                <name>CorrectAnswer1</name>
                <orderIndex>1</orderIndex>
                <validationExpression id="101">
                  <code>!isEmpty([input=field1])&amp;&amp;isRealNumber([input=field1])&amp;&amp;[input=field1]&gt;[var=rsol2]-0.0011&amp;&amp;[input=field1]&lt;[var=rsol2]+0.0011</code>
                  <domain>MATH</domain>
                </validationExpression>
                <points>0</points>
                <terminal>false</terminal>
              </Rule>
            </correctAnswerRules>
            <correctAnswerFeedback>Richtig.</correctAnswerFeedback>
            <defaultResult>0</defaultResult>
          </targetStage>
          <isRepeat>false</isRepeat>
        </StageTransition>
      </skipTransitions>
      <stageTransitions id="102">
        <StageTransition id="103">
          <conditionExpression id="104">
            <code></code>
            <domain>MATH</domain>
          </conditionExpression>
          <stageExpression id="105">
            <code>[meta=stageCurrentResult]&gt;=100</code>
            <domain>MATH</domain>
          </stageExpression>
          <targetStage class="FillInStage" reference="16"/>
          <isRepeat>false</isRepeat>
        </StageTransition>
      </stageTransitions>
      <hints id="106">
        <StageHint id="107">
          <stagehint__order>0</stagehint__order>
          <text>Um Welche Verteilung handelt es sich?&lt;br /&gt;
&lt;br /&gt;
(Es ist ein weiterer Hinweis vorhanden.)</text>
          <malus>0</malus>
          <stage class="FillInStage" reference="8"/>
        </StageHint>
        <StageHint id="108">
          <stagehint__order>1</stagehint__order>
          <text>Es handelt sich um die geometrische Verteilung. $X$ ist definiert als die Anzahl der Fehlversuche bis zum ersten mal eine $6$ gew&amp;uuml;rfelt wird.&lt;br /&gt;
Was sind nun die Parametern $p$ und $r$? Welche Wahrscheinlichkeit wollen Sie berechnen?&lt;br /&gt;
&lt;br /&gt;
(Es ist ein weiterer Hinweis vorhanden.)</text>
          <malus>0</malus>
          <stage class="FillInStage" reference="8"/>
        </StageHint>
        <StageHint id="109">
          <stagehint__order>2</stagehint__order>
          <text>Es gilt: $p=\frac{1}{6}$ und $r=1$. Gesucht ist $P(X=[var=Z])$.&lt;br /&gt;
Berechnen Sie dies mit der Wahrscheinlichkeitsfunktion der geometrischen Verteilung.&lt;br /&gt;
Die Berechnung &amp;uuml;ber R sieht wie folgt aus:&lt;br /&gt;
$\verb|dnbinom(x, size, prob)|$ mit $x=[var=Z]$, $size=1$ und $p=1/6$.&lt;br /&gt;
Sie k&amp;ouml;nnen aber auch direkt die geometrische Verteilung in R benutzen:&lt;br /&gt;
$\verb|dgeom(x, prob)|$ mit $x=[var=Z]$, und $p=1/6$</text>
          <malus>0</malus>
          <stage class="FillInStage" reference="8"/>
        </StageHint>
      </hints>
      <variableUpdatesOnEnter id="110"/>
      <variableUpdatesBeforeCheck id="111"/>
      <variableUpdatesAfterCheck id="112"/>
      <variableUpdatesOnNormalExit id="113"/>
      <variableUpdatesOnRepeat id="114"/>
      <variableUpdatesOnSkip id="115"/>
      <weight>1</weight>
      <orderIndex>0</orderIndex>
      <allowSkip>true</allowSkip>
      <resources id="116"/>
      <rules id="117"/>
      <fillInFields id="118">
        <FillInField id="119">
          <name>field1</name>
          <orderIndex>0</orderIndex>
          <size>6</size>
          <formularEditorType>NUMBER</formularEditorType>
        </FillInField>
      </fillInFields>
      <dropDownFields id="120"/>
      <formularEditorPalette>MATHDOX_FORMULAR_EDITOR_BASIC</formularEditorPalette>
      <defaultFeedback>Leider nicht korrekt.&lt;br /&gt;
&lt;br /&gt;
$P(X=[var=Z]) = \begin{pmatrix} [var=Z] + 1 - 1 \\ 1-1 \end{pmatrix} \cdot \frac{1}{6}^1 \cdot \frac{5}{6}^{[var=Z]} = [var=rsol1]. $&lt;br /&gt;
$\verb|dnbinom([var=Z], 1, 1/6)|$ = $[var=rsol1]. $ bzw.&lt;br /&gt;
$\verb|dgeom([var=Z], 1/6)|$ = $[var=rsol1].$</defaultFeedback>
      <correctAnswerRules id="121">
        <Rule id="122">
          <name>CorrectAnswer1</name>
          <orderIndex>1</orderIndex>
          <validationExpression id="123">
            <code>!isEmpty([input=field1])&amp;&amp;isRealNumber([input=field1])&amp;&amp;[input=field1]&gt;[var=rsol1]-0.0011&amp;&amp;[input=field1]&lt;[var=rsol1]+0.0011</code>
            <domain>MATH</domain>
          </validationExpression>
          <points>0</points>
          <terminal>false</terminal>
        </Rule>
      </correctAnswerRules>
      <correctAnswerFeedback>Richtig.</correctAnswerFeedback>
      <defaultResult>0</defaultResult>
    </FillInStage>
    <FillInStage reference="16"/>
    <FillInStage reference="24"/>
    <FillInStage reference="32"/>
  </stages>
  <startStage class="FillInStage" reference="8"/>
  <variableDeclarations id="124">
    <VariableDeclaration id="125">
      <name>Z</name>
      <initializationCode id="126">
        <code>evaluateInR(&apos;sample(1:20, 1)&apos;)</code>
        <domain>MATH</domain>
      </initializationCode>
    </VariableDeclaration>
    <VariableDeclaration id="127">
      <name>sol1</name>
      <initializationCode id="128">
        <code>evaluateInR(&apos;dgeom([var=Z], 0.1667)&apos;)</code>
        <domain>MATH</domain>
      </initializationCode>
    </VariableDeclaration>
    <VariableDeclaration id="129">
      <name>rsol1</name>
      <initializationCode id="130">
        <code>round([var=sol1], 4)</code>
        <domain>MATH</domain>
      </initializationCode>
    </VariableDeclaration>
    <VariableDeclaration id="131">
      <name>rsol2</name>
      <initializationCode id="132">
        <code>5</code>
        <domain>MATH</domain>
      </initializationCode>
    </VariableDeclaration>
    <VariableDeclaration id="133">
      <name>T</name>
      <initializationCode id="134">
        <code>evaluateInR(&apos;sample(0:50, 1)&apos;)</code>
        <domain>MATH</domain>
      </initializationCode>
    </VariableDeclaration>
    <VariableDeclaration id="135">
      <name>Tneu</name>
      <initializationCode id="136">
        <code>[var=T]+4</code>
        <domain>MATH</domain>
      </initializationCode>
    </VariableDeclaration>
    <VariableDeclaration id="137">
      <name>sol3</name>
      <initializationCode id="138">
        <code>evaluateInR(&apos;dnbinom([var=T], 4, 0.1667)&apos;)</code>
        <domain>MATH</domain>
      </initializationCode>
    </VariableDeclaration>
    <VariableDeclaration id="139">
      <name>rsol3</name>
      <initializationCode id="140">
        <code>round([var=sol3], 4)</code>
        <domain>MATH</domain>
      </initializationCode>
    </VariableDeclaration>
    <VariableDeclaration id="141">
      <name>rsol4</name>
      <initializationCode id="142">
        <code>20</code>
        <domain>MATH</domain>
      </initializationCode>
    </VariableDeclaration>
  </variableDeclarations>
  <jSXGraphs id="143"/>
  <dynamicMolecules id="144"/>
  <resultFeedbackMappings id="145"/>
</Exercise>