<Exercise id="1">
  <name>IS06-R02 Verteilungen diskreter Zufallsvariablen 2</name>
  <publicDescription></publicDescription>
  <internalNotes>n geometrisch verteilte Zufallszahlen mit Erfolgsw&apos;keit p generieren

Die  Materialien sind lizenziert unter CC BY-NC-SA 4.0. Eine Kopie dieser Lizenz finden Sie unter http://creativecommons.org/licenses/by-nc-sa/4.0/

The materials are licensed under CC BY-NC-SA 4.0. You can find a copy of this license at http://creativecommons.org/licenses/by-nc-sa/4.0/</internalNotes>
  <language>de</language>
  <difficulty>0</difficulty>
  <tags id="2">
    <Tag id="3">
      <name>IndStat</name>
    </Tag>
  </tags>
  <resources id="4">
    <ExerciseResource id="5">
      <content id="6">c2V0LnNlZWQoW3Zhcj1zXSk=</content>
      <uploadTimestamp>2022-05-11T11:22:32.493331</uploadTimestamp>
      <filename>source.r</filename>
      <description></description>
      <replacePlaceholder>false</replacePlaceholder>
    </ExerciseResource>
  </resources>
  <stages id="7">
    <RStage id="8">
      <internalName>1</internalName>
      <externalName></externalName>
      <taskDescription>&lt;strong&gt;Aufgabenstellung:&lt;/strong&gt;&lt;br /&gt;&#xd;
&lt;br /&gt;&#xd;
Erzeugen Sie sich $[var=n]$ geometrisch verteilte Zufallszahlen mit einer Erfolgswahrscheinlichkeit von $[var=prob]$.&lt;br /&gt;&#xd;
&lt;br /&gt;&#xd;
&lt;em&gt;(Bevor Sie den Code abschicken, k&amp;ouml;nnen Sie &amp;uuml;ber den Button &amp;quot;Auswerten&amp;quot; Ihren geschriebenen R-Code ausf&amp;uuml;hren und in der R-Konsole anzeigen lassen.)&lt;/em&gt;</taskDescription>
      <defaultTransition id="9">
        <conditionExpression id="10">
          <domain>MATH</domain>
        </conditionExpression>
        <stageExpression id="11">
          <domain>MATH</domain>
        </stageExpression>
        <isRepeat>false</isRepeat>
      </defaultTransition>
      <skipTransitions id="12"/>
      <stageTransitions id="13"/>
      <hints id="14">
        <StageHint id="15">
          <stagehint__order>0</stagehint__order>
          <text>Geometrisch verteilte Zufallszahlen können Sie sich mit Hilfe des Befehls $\verb|rgeom(n, p)|$ generieren. Neben der Anzahl der zu generierenden Zufallszahlen $\verb|n|$ müssen Sie dazu die Erfolgswahrscheinlichkeit $\verb|p|$ spezifizieren.</text>
          <malus>0</malus>
          <stage class="RStage" reference="8"/>
        </StageHint>
      </hints>
      <variableUpdatesOnEnter id="16"/>
      <variableUpdatesBeforeCheck id="17"/>
      <variableUpdatesAfterCheck id="18"/>
      <variableUpdatesOnNormalExit id="19"/>
      <variableUpdatesOnRepeat id="20"/>
      <variableUpdatesOnSkip id="21"/>
      <weight>1</weight>
      <orderIndex>0</orderIndex>
      <allowSkip>false</allowSkip>
      <resources id="22"/>
      <initialCode>set.seed([var=s])</initialCode>
      <finalResultComputationString></finalResultComputationString>
      <testCasetuples id="23">
        <TestCaseTuple id="24">
          <testCases id="25">
            <StaticRTestCase id="26">
              <points>50</points>
              <pointsMode>GAIN</pointsMode>
              <name>imported testcase</name>
              <feedbackIfFailed>Leider nicht richtig. 

Achten Sie darauf, dass sie die $rgeom()$-Funktion benutzen.</feedbackIfFailed>
              <ruleMode>PRESENCE</ruleMode>
              <queries class="linked-list" id="27">
                <RGReQLQuery id="28">
                  <query>                from rgeom:V{FunctionCall} with
                rgeom.name=&quot;rgeom&quot;
                report 0 end</query>
                </RGReQLQuery>
              </queries>
            </StaticRTestCase>
          </testCases>
          <checkerConfiguration id="29">
            <isActive>false</isActive>
            <hasVisibleResult>false</hasVisibleResult>
            <hasVisibleFeedback>false</hasVisibleFeedback>
            <isAsync>false</isAsync>
            <weight>1</weight>
            <persistentReference>43871</persistentReference>
          </checkerConfiguration>
        </TestCaseTuple>
        <TestCaseTuple id="30">
          <testCases id="31">
            <DynamicRTestCase id="32">
              <points>50</points>
              <pointsMode>GAIN</pointsMode>
              <name>imported testcase</name>
              <feedbackIfFailed>Leider nicht richtig.</feedbackIfFailed>
              <ruleMode>PRESENCE</ruleMode>
              <postCode>testFunc &lt;- function(){}
	blah &lt;- function(s, n, prob){
		set.seed(s)
		rgeom(n, prob)
	}
	
	</postCode>
              <expectedOutput>blah([var=s], [var=n], [var=prob])</expectedOutput>
              <postprocessingFunction></postprocessingFunction>
              <tolerance>-4</tolerance>
            </DynamicRTestCase>
          </testCases>
          <checkerConfiguration id="33">
            <isActive>false</isActive>
            <hasVisibleResult>false</hasVisibleResult>
            <hasVisibleFeedback>false</hasVisibleFeedback>
            <isAsync>false</isAsync>
            <weight>1</weight>
            <persistentReference>43872</persistentReference>
          </checkerConfiguration>
        </TestCaseTuple>
      </testCasetuples>
    </RStage>
  </stages>
  <startStage class="RStage" reference="8"/>
  <variableDeclarations id="34">
    <VariableDeclaration id="35">
      <name>prob</name>
      <initializationCode id="36">
        <code>evaluateInR(&apos;round(runif(1, 0.01, 1), 2)&apos;)</code>
        <domain>MATH</domain>
      </initializationCode>
    </VariableDeclaration>
    <VariableDeclaration id="37">
      <name>n</name>
      <initializationCode id="38">
        <code>evaluateInR(&apos;round(runif(1, 50, 100))&apos;)</code>
        <domain>MATH</domain>
      </initializationCode>
    </VariableDeclaration>
    <VariableDeclaration id="39">
      <name>s</name>
      <initializationCode id="40">
        <code>evaluateInR(&apos;round(runif(1, 1, 1000))&apos;)</code>
        <domain>MATH</domain>
      </initializationCode>
    </VariableDeclaration>
  </variableDeclarations>
  <jSXGraphs id="41"/>
  <dynamicMolecules id="42"/>
  <resultFeedbackMappings id="43"/>
</Exercise>