<Exercise id="1">
  <name>IS06-10 Verteilungen diskreter Zufallsvariablen 10</name>
  <publicDescription></publicDescription>
  <internalNotes>1.Stage: Ziehen aus Urne OHNE Zurücklegen (Hypergeometrisch) weiße Kugeln
2.Stage: Ziehen aus Urne OHNE Zurücklegen (Hypergeometrisch) blaue Kugeln
3.Stage: Ziehen aus Urne OHNE Zurücklegen (Hypergeometrisch) blaue Kugeln
4.Stage: Ziehen aus Urne MIT Zurücklegen (Binomial) weiße Kugeln &gt;&gt;Problem gelöst&lt;&lt;

Die  Materialien sind lizenziert unter CC BY-NC-SA 4.0. Eine Kopie dieser Lizenz finden Sie unter http://creativecommons.org/licenses/by-nc-sa/4.0/

The materials are licensed under CC BY-NC-SA 4.0. You can find a copy of this license at http://creativecommons.org/licenses/by-nc-sa/4.0/</internalNotes>
  <language>de</language>
  <difficulty>3</difficulty>
  <tags id="2">
    <Tag id="3">
      <name>IndStat</name>
    </Tag>
    <Tag id="4">
      <name>TR_neu</name>
    </Tag>
    <Tag id="5">
      <name>TR</name>
    </Tag>
  </tags>
  <resources id="6"/>
  <stages id="7">
    <FillInStage id="8">
      <internalName>1</internalName>
      <externalName>Stage 1</externalName>
      <taskDescription>&lt;strong&gt;Aufgabenstellung:&lt;/strong&gt;&lt;br /&gt;&#xd;
&lt;br /&gt;&#xd;
Eine Urne enth&amp;auml;lt $[var=white]$ wei&amp;szlig;e Kugeln und $[var=blue]$ blaue Kugeln.&lt;br /&gt;&#xd;
&lt;br /&gt;&#xd;
Wie gro&amp;szlig; ist die Wahrscheinlichkeit, dass Sie mindestens $1$ wei&amp;szlig;e Kugeln ziehen, wenn sie $[var=ziehen]$ Kugeln ohne Zur&amp;uuml;cklegen ziehen? &amp;nbsp;&lt;br /&gt;&#xd;
&lt;br /&gt;&#xd;
&lt;strong&gt;Einreichung:&lt;/strong&gt;&lt;em&gt; &lt;input name=&quot;field1&quot; size=&quot;6&quot; type=&quot;text&quot; value=&quot;field1&quot; /&gt;&lt;br /&gt;&#xd;
&lt;br /&gt;&#xd;
(Runden Sie, falls n&amp;ouml;tig, auf die vierte Nachkommastelle und verwenden Sie einen Dezimalpunkt.)&lt;/em&gt;&lt;br /&gt;&#xd;
&amp;nbsp;&#xd;
&lt;p&gt;&lt;a href=&quot;https://webrtaschenrechner.netlify.app/&quot; onclick=&quot;window.open(&apos;https://webrtaschenrechner.netlify.app/&apos;,&apos;R Console&apos;,&apos;top=320, left=1525, width=400,height=600,menubar=no,toolbar=no,&apos;); return false;&quot; target=&quot;_blank&quot;&gt;&lt;img alt=&quot;R_ Logo&quot; pull-right=&quot;&quot; src=&quot;/econometrics/resource?resource=157444&quot; style=&quot;width: 40px; height: 50px; float: right; margin: 5px&quot; /&gt;&lt;/a&gt;&lt;/p&gt;</taskDescription>
      <skipMessage>Die Wahrscheinlichkeit, dass Sie mindestens $1$ wei&amp;szlig;e Kugeln ziehen, wenn sie $[var=ziehen]$ Kugeln ohne Zur&amp;uuml;cklegen ziehen betr&amp;auml;gt: $1 - \sum_{k=0}^{1-1} \frac{ \binom{[var=white]}{k} \binom{[var=blue]}{[var=ziehen]-k} }{\binom{[var=white]+[var=blue]}{[var=ziehen]}} = [var=ansa]$.&lt;br /&gt;
$\verb|1-dhyper(1-1, [var=white], [var=blue], [var=ziehen])|$ = $[var=ansa]$.</skipMessage>
      <defaultTransition id="9">
        <conditionExpression id="10">
          <domain>MATH</domain>
        </conditionExpression>
        <stageExpression id="11">
          <domain>MATH</domain>
        </stageExpression>
        <isRepeat>true</isRepeat>
      </defaultTransition>
      <skipTransitions id="12">
        <StageTransition id="13">
          <conditionExpression id="14">
            <code></code>
            <domain>MATH</domain>
          </conditionExpression>
          <stageExpression id="15">
            <domain>MATH</domain>
          </stageExpression>
          <targetStage class="FillInStage" id="16">
            <internalName>2</internalName>
            <externalName>Stage 2</externalName>
            <taskDescription>&lt;strong&gt;Aufgabenstellung:&lt;/strong&gt;&lt;br /&gt;&#xd;
&lt;br /&gt;&#xd;
Wie gro&amp;szlig; ist die Wahrscheinlichkeit, dass Sie maximal $[var=maximal]$ blaue Kugeln ziehen, wenn sie $[var=ziehen]$ Kugeln ohne Zur&amp;uuml;cklegen ziehen?&lt;br /&gt;&#xd;
&lt;br /&gt;&#xd;
&lt;strong&gt;Einreichung:&lt;/strong&gt; &lt;input name=&quot;field1&quot; size=&quot;6&quot; type=&quot;text&quot; value=&quot;field1&quot; /&gt;&amp;nbsp;&lt;br /&gt;&#xd;
&lt;br /&gt;&#xd;
&lt;em&gt;(Runden Sie, falls n&amp;ouml;tig, auf die vierte Nachkommastelle und verwenden Sie einen Dezimalpunkt.)&lt;/em&gt;&#xd;
&lt;p&gt;&lt;a href=&quot;https://webrtaschenrechner.netlify.app/&quot; onclick=&quot;window.open(&apos;https://webrtaschenrechner.netlify.app/&apos;,&apos;R Console&apos;,&apos;top=320, left=1525, width=400,height=600,menubar=no,toolbar=no,&apos;); return false;&quot; target=&quot;_blank&quot;&gt;&lt;img alt=&quot;R_ Logo&quot; pull-right=&quot;&quot; src=&quot;/econometrics/resource?resource=157444&quot; style=&quot;width: 40px; height: 50px; float: right; margin: 5px&quot; /&gt;&lt;/a&gt;&lt;/p&gt;</taskDescription>
            <skipMessage>Die Wahrscheinlichkeit, dass Sie maximal $[var=maximal]$ blaue Kugeln ziehen, wenn sie $[var=ziehen]$ Kugeln ohne Zur&amp;uuml;cklegen ziehen betr&amp;auml;gt: $\sum_{k=0}^{[var=$maximal]} \frac{ \binom{[var=blue]}{k} \binom{[var=white]}{[var=ziehen]-k} }{\binom{[var=blue]+[var=white]}{[var=ziehen]}} = [var=ansb]$.&lt;br /&gt;
$\verb|phyper([var=maximal], [var=blue], [var=white], [var=ziehen])|$ = $[var=ansb]$.</skipMessage>
            <defaultTransition id="17">
              <conditionExpression id="18">
                <domain>MATH</domain>
              </conditionExpression>
              <stageExpression id="19">
                <domain>MATH</domain>
              </stageExpression>
              <isRepeat>true</isRepeat>
            </defaultTransition>
            <skipTransitions id="20">
              <StageTransition id="21">
                <conditionExpression id="22">
                  <code></code>
                  <domain>MATH</domain>
                </conditionExpression>
                <stageExpression id="23">
                  <domain>MATH</domain>
                </stageExpression>
                <targetStage class="FillInStage" id="24">
                  <internalName>3</internalName>
                  <externalName>Stage 3</externalName>
                  <taskDescription>&lt;strong&gt;Aufgabenstellung:&lt;/strong&gt;&lt;br /&gt;&#xd;
&lt;br /&gt;&#xd;
Wie gro&amp;szlig; ist die Wahrscheinlichkeit, dass Sie genau $[var=maximal]$ blaue Kugeln ziehen, wenn sie $[var=ziehen]$ Kugeln ohne Zur&amp;uuml;cklegen ziehen? &amp;nbsp;&lt;br /&gt;&#xd;
&lt;br /&gt;&#xd;
&lt;strong&gt;Einreichung:&lt;/strong&gt; &lt;input name=&quot;field1&quot; size=&quot;6&quot; type=&quot;text&quot; value=&quot;field1&quot; /&gt;&amp;nbsp;&lt;br /&gt;&#xd;
&lt;br /&gt;&#xd;
&lt;em&gt;(Runden Sie, falls n&amp;ouml;tig, auf die vierte Nachkommastelle und verwenden Sie einen Dezimalpunkt.)&lt;/em&gt;&#xd;
&lt;p&gt;&lt;a href=&quot;https://webrtaschenrechner.netlify.app/&quot; onclick=&quot;window.open(&apos;https://webrtaschenrechner.netlify.app/&apos;,&apos;R Console&apos;,&apos;top=320, left=1525, width=400,height=600,menubar=no,toolbar=no,&apos;); return false;&quot; target=&quot;_blank&quot;&gt;&lt;img alt=&quot;R_ Logo&quot; pull-right=&quot;&quot; src=&quot;/econometrics/resource?resource=157444&quot; style=&quot;width: 40px; height: 50px; float: right; margin: 5px&quot; /&gt;&lt;/a&gt;&lt;/p&gt;</taskDescription>
                  <skipMessage>Die Wahrscheinlichkeit, dass Sie genau $[var=maximal]$ blaue Kugeln ziehen, wenn sie $[var=ziehen]$ Kugeln ohne Zur&amp;uuml;cklegen ziehen betr&amp;auml;gt: $ \frac{\binom{[var=blue]}{[var=maximal]} \binom{[var=white]}{[var=ziehen]-[var=maximal]} }{\binom{[var=blue]+[var=white]}{[var=ziehen]}} = [var=ansc]$. $\verb|dhyper([var=maximal], [var=blue], [var=white], [var=ziehen])|$ = $[var=ansc]$.</skipMessage>
                  <defaultTransition id="25">
                    <conditionExpression id="26">
                      <domain>MATH</domain>
                    </conditionExpression>
                    <stageExpression id="27">
                      <domain>MATH</domain>
                    </stageExpression>
                    <isRepeat>true</isRepeat>
                  </defaultTransition>
                  <skipTransitions id="28">
                    <StageTransition id="29">
                      <conditionExpression id="30">
                        <code></code>
                        <domain>MATH</domain>
                      </conditionExpression>
                      <stageExpression id="31">
                        <domain>MATH</domain>
                      </stageExpression>
                      <targetStage class="FillInStage" id="32">
                        <internalName>4</internalName>
                        <externalName>Stage 4</externalName>
                        <taskDescription>&lt;strong&gt;Aufgabenstellung:&lt;/strong&gt;&lt;br /&gt;&#xd;
&lt;br /&gt;&#xd;
Betrachten Sie die Aufgabenstellung der ersten Frage, nur ziehen Sie jetzt mit Zur&amp;uuml;cklegen:&lt;br /&gt;&#xd;
&lt;br /&gt;&#xd;
&lt;strong&gt;Einreichung:&lt;/strong&gt; &lt;input name=&quot;field1&quot; size=&quot;6&quot; type=&quot;text&quot; value=&quot;field1&quot; /&gt;&amp;nbsp;&lt;br /&gt;&#xd;
&lt;br /&gt;&#xd;
&lt;em&gt;(Runden Sie, falls n&amp;ouml;tig, auf die vierte Nachkommastelle und verwenden Sie einen Dezimalpunkt.)&lt;/em&gt;&#xd;
&lt;p&gt;&lt;a href=&quot;https://webrtaschenrechner.netlify.app/&quot; onclick=&quot;window.open(&apos;https://webrtaschenrechner.netlify.app/&apos;,&apos;R Console&apos;,&apos;top=320, left=1525, width=400,height=600,menubar=no,toolbar=no,&apos;); return false;&quot; target=&quot;_blank&quot;&gt;&lt;img alt=&quot;R_ Logo&quot; pull-right=&quot;&quot; src=&quot;/econometrics/resource?resource=157444&quot; style=&quot;width: 40px; height: 50px; float: right; margin: 5px&quot; /&gt;&lt;/a&gt;&lt;/p&gt;</taskDescription>
                        <skipMessage>Es gilt $P(X\ge 1) = 1- P(X\le [var=max] ) = [var=ansd].$&lt;br /&gt;
$\verb|1-dbinom(0, [var=ziehen], [var=white]/([var=white]+[var=blue])|$ = $[var=ansd].$</skipMessage>
                        <defaultTransition id="33">
                          <conditionExpression id="34">
                            <domain>MATH</domain>
                          </conditionExpression>
                          <stageExpression id="35">
                            <domain>MATH</domain>
                          </stageExpression>
                          <isRepeat>true</isRepeat>
                        </defaultTransition>
                        <skipTransitions id="36">
                          <StageTransition id="37">
                            <conditionExpression id="38">
                              <code></code>
                              <domain>MATH</domain>
                            </conditionExpression>
                            <stageExpression id="39">
                              <domain>MATH</domain>
                            </stageExpression>
                            <isRepeat>false</isRepeat>
                          </StageTransition>
                        </skipTransitions>
                        <stageTransitions id="40">
                          <StageTransition id="41">
                            <conditionExpression id="42">
                              <code></code>
                              <domain>MATH</domain>
                            </conditionExpression>
                            <stageExpression id="43">
                              <code>[meta=stageCurrentResult]&gt;=100</code>
                              <domain>MATH</domain>
                            </stageExpression>
                            <isRepeat>false</isRepeat>
                          </StageTransition>
                        </stageTransitions>
                        <hints id="44">
                          <StageHint id="45">
                            <stagehint__order>0</stagehint__order>
                            <text>Welche Verteilung liegt vor, wenn Sie MIT Zur&amp;uuml;cklegen zeihen?&lt;br /&gt;
&lt;br /&gt;
(Es ist ein weiterer Hinweis vorhanden).</text>
                            <malus>0</malus>
                            <stage class="FillInStage" reference="32"/>
                          </StageHint>
                          <StageHint id="46">
                            <stagehint__order>1</stagehint__order>
                            <text>Hier ist die Binomialverteilung zu betrachten, $X\sim B(n,p).$ Was sind in diesem Fall die Parameter $n$ und $p$?&lt;br /&gt;
&lt;br /&gt;
(Es ist ein weiterer Hinweis vorhanden).</text>
                            <malus>0</malus>
                            <stage class="FillInStage" reference="32"/>
                          </StageHint>
                          <StageHint id="47">
                            <stagehint__order>2</stagehint__order>
                            <text>$n$ ist die Anzahl der Kugeln, die Sie ziehen, also insgesamt $n = [var=ziehen]$.&lt;br /&gt;
$p$ ist die W&amp;#39;keit, eine wei&amp;szlig;e Kugel zu ziehen, also $p=\frac{[var=white]}{[var=white]+[var=blue]}$. Gesucht ist wie in Frage $1$: $P(X\ge 1) = 1- P(X\le [var=max]).$&lt;br /&gt;
&lt;br /&gt;
(Es ist ein weiterer Hinweis vorhanden).</text>
                            <malus>0</malus>
                            <stage class="FillInStage" reference="32"/>
                          </StageHint>
                          <StageHint id="48">
                            <stagehint__order>3</stagehint__order>
                            <text>Da $X\sim B(n,~p)$ ist die Wahrscheinlichkeitsfunktion gegeben durch $f(x)=\binom{n}{x}~p^x~(1-p)^{n-x} , ~ x= 0,1,2,\ldots,n$. Nun m&amp;uuml;ssen Sie die Werte nur noch einsetzen.&lt;br /&gt;
Die Berechnung &amp;uuml;ber R sieht wie folgt aus:&lt;br /&gt;
$\verb|1-dbinom(x, size, prob)|$ mit $x=0$, $size=[var=ziehen]$ und $p=\frac{[var=white]}{[var=white]+[var=blue]}$.</text>
                            <malus>0</malus>
                            <stage class="FillInStage" reference="32"/>
                          </StageHint>
                        </hints>
                        <variableUpdatesOnEnter id="49"/>
                        <variableUpdatesBeforeCheck id="50"/>
                        <variableUpdatesAfterCheck id="51"/>
                        <variableUpdatesOnNormalExit id="52"/>
                        <variableUpdatesOnRepeat id="53"/>
                        <variableUpdatesOnSkip id="54"/>
                        <weight>1</weight>
                        <orderIndex>3</orderIndex>
                        <allowSkip>true</allowSkip>
                        <resources id="55"/>
                        <rules id="56"/>
                        <fillInFields id="57">
                          <FillInField id="58">
                            <name>field1</name>
                            <orderIndex>0</orderIndex>
                            <size>6</size>
                            <formularEditorType>NUMBER</formularEditorType>
                          </FillInField>
                        </fillInFields>
                        <dropDownFields id="59"/>
                        <formularEditorPalette>MATHDOX_FORMULAR_EDITOR_BASIC</formularEditorPalette>
                        <defaultFeedback>Leider nicht korrekt.&lt;br /&gt;
&lt;br /&gt;
Es gilt $P(X\ge 1) = 1- P(X\le [var=max] ) = [var=ansd].$&lt;br /&gt;
$\verb|1-dbinom(0, [var=ziehen], [var=white]/([var=white]+[var=blue])|$ = $[var=ansd].$</defaultFeedback>
                        <correctAnswerRules id="60">
                          <Rule id="61">
                            <name>CorrectAnswer1</name>
                            <orderIndex>1</orderIndex>
                            <validationExpression id="62">
                              <code>!isEmpty([input=field1])&amp;&amp;isRealNumber([input=field1])&amp;&amp;[input=field1]&gt;[var=ansd]-0.0011&amp;&amp;[input=field1]&lt;[var=ansd]+0.0011</code>
                              <domain>MATH</domain>
                            </validationExpression>
                            <points>0</points>
                            <terminal>false</terminal>
                          </Rule>
                        </correctAnswerRules>
                        <correctAnswerFeedback>Richtig.</correctAnswerFeedback>
                        <defaultResult>0</defaultResult>
                      </targetStage>
                      <isRepeat>false</isRepeat>
                    </StageTransition>
                  </skipTransitions>
                  <stageTransitions id="63">
                    <StageTransition id="64">
                      <conditionExpression id="65">
                        <code></code>
                        <domain>MATH</domain>
                      </conditionExpression>
                      <stageExpression id="66">
                        <code>[meta=stageCurrentResult]&gt;=100</code>
                        <domain>MATH</domain>
                      </stageExpression>
                      <targetStage class="FillInStage" reference="32"/>
                      <isRepeat>false</isRepeat>
                    </StageTransition>
                  </stageTransitions>
                  <hints id="67">
                    <StageHint id="68">
                      <stagehint__order>0</stagehint__order>
                      <text>Hier ist erneut die hypergeometrische Dichtefunktion zu betrachten. Welche W&amp;#39;keit suchen Sie? Wie sind die Parameter der hypergeometrischen Verteilung?&lt;br /&gt;
&lt;br /&gt;
(Es ist ein weiterer Hinweis vorhanden).</text>
                      <malus>0</malus>
                      <stage class="FillInStage" reference="24"/>
                    </StageHint>
                    <StageHint id="69">
                      <stagehint__order>1</stagehint__order>
                      <text>Die Parameter sind die gleichen wie in Frage $2$, daran hat sich nichts ge&amp;auml;ndert. Sie suchen nun $P(X=[var=maximal]) = f([var=maximal]).$&lt;br /&gt;
&lt;br /&gt;
(Es ist ein weiterer Hinweis vorhanden).</text>
                      <malus>0</malus>
                      <stage class="FillInStage" reference="24"/>
                    </StageHint>
                    <StageHint id="70">
                      <stagehint__order>2</stagehint__order>
                      <text>Die Wahrscheinlichkeitsfunktion der hypergeometrischen Verteilung ist gegeben durch $f(x) = \frac{ \binom{M}{x} \binom{N-M}{n-x} }{\binom{N}{n}}$ f&amp;uuml;r $\max\{0,~ n+M-N\} \le x \le \min\{n,~M\}.$&lt;br /&gt;
Die Berechnung &amp;uuml;ber R sieht wie folgt aus:&lt;br /&gt;
$\verb|dhyper(x, m, n, k)|$ mit $x=[var=maximal]$, $m=[var=blue]$, $n=[var=white]$ und $k=[var=ziehen]$</text>
                      <malus>0</malus>
                      <stage class="FillInStage" reference="24"/>
                    </StageHint>
                  </hints>
                  <variableUpdatesOnEnter id="71"/>
                  <variableUpdatesBeforeCheck id="72"/>
                  <variableUpdatesAfterCheck id="73"/>
                  <variableUpdatesOnNormalExit id="74"/>
                  <variableUpdatesOnRepeat id="75"/>
                  <variableUpdatesOnSkip id="76"/>
                  <weight>1</weight>
                  <orderIndex>2</orderIndex>
                  <allowSkip>true</allowSkip>
                  <resources id="77"/>
                  <rules id="78"/>
                  <fillInFields id="79">
                    <FillInField id="80">
                      <name>field1</name>
                      <orderIndex>0</orderIndex>
                      <size>6</size>
                      <formularEditorType>NUMBER</formularEditorType>
                    </FillInField>
                  </fillInFields>
                  <dropDownFields id="81"/>
                  <formularEditorPalette>MATHDOX_FORMULAR_EDITOR_BASIC</formularEditorPalette>
                  <defaultFeedback>Leider nicht korrekt.&lt;br /&gt;
&lt;br /&gt;
Die Wahrscheinlichkeit, dass Sie genau $[var=maximal]$ blaue Kugeln ziehen, wenn sie $[var=ziehen]$ Kugeln ohne Zur&amp;uuml;cklegen ziehen betr&amp;auml;gt: $ \frac{\binom{[var=blue]}{[var=maximal]} \binom{[var=white]}{[var=ziehen]-[var=maximal]} }{\binom{[var=blue]+[var=white]}{[var=ziehen]}} = [var=ansc]$. $\verb|dhyper([var=maximal], [var=blue], [var=white], [var=ziehen])|$ = $[var=ansc]$.</defaultFeedback>
                  <correctAnswerRules id="82">
                    <Rule id="83">
                      <name>CorrectAnswer1</name>
                      <orderIndex>1</orderIndex>
                      <validationExpression id="84">
                        <code>!isEmpty([input=field1])&amp;&amp;isRealNumber([input=field1])&amp;&amp;[input=field1]&gt;[var=ansc]-0.0011&amp;&amp;[input=field1]&lt;[var=ansc]+0.0011</code>
                        <domain>MATH</domain>
                      </validationExpression>
                      <points>0</points>
                      <terminal>false</terminal>
                    </Rule>
                  </correctAnswerRules>
                  <correctAnswerFeedback>Richtig.</correctAnswerFeedback>
                  <defaultResult>0</defaultResult>
                </targetStage>
                <isRepeat>false</isRepeat>
              </StageTransition>
            </skipTransitions>
            <stageTransitions id="85">
              <StageTransition id="86">
                <conditionExpression id="87">
                  <code></code>
                  <domain>MATH</domain>
                </conditionExpression>
                <stageExpression id="88">
                  <code>[meta=stageCurrentResult]&gt;=100</code>
                  <domain>MATH</domain>
                </stageExpression>
                <targetStage class="FillInStage" reference="24"/>
                <isRepeat>false</isRepeat>
              </StageTransition>
            </stageTransitions>
            <hints id="89">
              <StageHint id="90">
                <stagehint__order>0</stagehint__order>
                <text>Hier ist wieder die hypergeometrische Verteilung zu betrachten: $X\sim~ H(N,M,n)$.&lt;br /&gt;
Wie sind nun die Parameter $N,~M$ und $n$? Welche Wahrscheinlichkeit suchen Sie?&lt;br /&gt;
&lt;br /&gt;
(Es ist ein weiterer Hinweis vorhanden).</text>
                <malus>0</malus>
                <stage class="FillInStage" reference="16"/>
              </StageHint>
              <StageHint id="91">
                <stagehint__order>1</stagehint__order>
                <text>Es gilt: $N=[var=white] + [var=blue]$ wie in Frage $1$, f&amp;uuml;r $M$ gilt jedoch diesmal $M=[var=blue]$ und $n=[var=ziehen]$.&lt;br /&gt;
Gesucht ist: $P(X\le [var=maximal])$&lt;br /&gt;
&lt;br /&gt;
(Es ist ein weiterer Hinweis vorhanden).</text>
                <malus>0</malus>
                <stage class="FillInStage" reference="16"/>
              </StageHint>
              <StageHint id="92">
                <stagehint__order>2</stagehint__order>
                <text>Es ist $P(X\le [var=maximal]) = F(X\le [var=maximal]-1)$. Die Wahrscheinlichkeitsfunktion der hypergeometrischen Verteilung ist gegeben durch $f(x) = \frac{ \binom{M}{x} \binom{N-M}{n-x} }{\binom{N}{n}}$ f&amp;uuml;r $\max\{0,~ n+M-N\} \le x \le \min\{n,~M\}.$&lt;br /&gt;
Die Berechnung &amp;uuml;ber R sieht wie folgt aus:&lt;br /&gt;
$\verb|phyper(q, m, n, k)|$ mit $q=[var=maximal]$, $m=[var=blue]$, $n=[var=white]$ und $k=[var=ziehen]$</text>
                <malus>0</malus>
                <stage class="FillInStage" reference="16"/>
              </StageHint>
            </hints>
            <variableUpdatesOnEnter id="93"/>
            <variableUpdatesBeforeCheck id="94"/>
            <variableUpdatesAfterCheck id="95"/>
            <variableUpdatesOnNormalExit id="96"/>
            <variableUpdatesOnRepeat id="97"/>
            <variableUpdatesOnSkip id="98"/>
            <weight>1</weight>
            <orderIndex>1</orderIndex>
            <allowSkip>true</allowSkip>
            <resources id="99"/>
            <rules id="100"/>
            <fillInFields id="101">
              <FillInField id="102">
                <name>field1</name>
                <orderIndex>0</orderIndex>
                <size>6</size>
                <formularEditorType>NUMBER</formularEditorType>
              </FillInField>
            </fillInFields>
            <dropDownFields id="103"/>
            <formularEditorPalette>MATHDOX_FORMULAR_EDITOR_BASIC</formularEditorPalette>
            <defaultFeedback>Leider nicht korrekt.&lt;br /&gt;
&lt;br /&gt;
Die Wahrscheinlichkeit, dass Sie maximal $[var=maximal]$ blaue Kugeln ziehen, wenn sie $[var=ziehen]$ Kugeln ohne Zur&amp;uuml;cklegen ziehen betr&amp;auml;gt: $\sum_{k=0}^{[var=$maximal]} \frac{ \binom{[var=blue]}{k} \binom{[var=white]}{[var=ziehen]-k} }{\binom{[var=blue]+[var=white]}{[var=ziehen]}} = [var=ansb]$.&lt;br /&gt;
$\verb|phyper([var=maximal], [var=blue], [var=white], [var=ziehen])|$ = $[var=ansb]$.</defaultFeedback>
            <correctAnswerRules id="104">
              <Rule id="105">
                <name>CorrectAnswer1</name>
                <orderIndex>1</orderIndex>
                <validationExpression id="106">
                  <code>!isEmpty([input=field1])&amp;&amp;isRealNumber([input=field1])&amp;&amp;[input=field1]&gt;[var=ansb]-0.0011&amp;&amp;[input=field1]&lt;[var=ansb]+0.0011</code>
                  <domain>MATH</domain>
                </validationExpression>
                <points>0</points>
                <terminal>false</terminal>
              </Rule>
            </correctAnswerRules>
            <correctAnswerFeedback>Richtig.</correctAnswerFeedback>
            <defaultResult>0</defaultResult>
          </targetStage>
          <isRepeat>false</isRepeat>
        </StageTransition>
      </skipTransitions>
      <stageTransitions id="107">
        <StageTransition id="108">
          <conditionExpression id="109">
            <code></code>
            <domain>MATH</domain>
          </conditionExpression>
          <stageExpression id="110">
            <code>[meta=stageCurrentResult]&gt;=100</code>
            <domain>MATH</domain>
          </stageExpression>
          <targetStage class="FillInStage" reference="16"/>
          <isRepeat>false</isRepeat>
        </StageTransition>
      </stageTransitions>
      <hints id="111">
        <StageHint id="112">
          <stagehint__order>0</stagehint__order>
          <text>Sie ziehen zuf&amp;auml;llig OHNE Zur&amp;uuml;cklegen, f&amp;uuml;r welche Verteilung spricht das?&lt;br /&gt;
&lt;br /&gt;
(Es ist ein weiterer Hinweis vorhanden).</text>
          <malus>0</malus>
          <stage class="FillInStage" reference="8"/>
        </StageHint>
        <StageHint id="113">
          <stagehint__order>1</stagehint__order>
          <text>Hier ist die hypergeometrische Verteilung zu betrachten: $X\sim~ H(N,M,n)$. Sie m&amp;uuml;ssen nun die Parameter $N,M$ und $n$ bestimmen. Welche Wahrscheinlichkeit suchen Sie?&lt;br /&gt;
&lt;br /&gt;
(Es ist ein weiterer Hinweis vorhanden).</text>
          <malus>0</malus>
          <stage class="FillInStage" reference="8"/>
        </StageHint>
        <StageHint id="114">
          <stagehint__order>2</stagehint__order>
          <text>Es gilt: $N=[var=white] + [var=blue]$, $M=[var=white]$ und $n=[var=ziehen]$.&lt;br /&gt;
Gesucht ist: $P(X\ge 1)$&lt;br /&gt;
&lt;br /&gt;
(Es ist ein weiterer Hinweis vorhanden).</text>
          <malus>0</malus>
          <stage class="FillInStage" reference="8"/>
        </StageHint>
        <StageHint id="115">
          <stagehint__order>3</stagehint__order>
          <text>Es ist $P(X\ge 1) = 1 - P(X\le 1-1)$. Die Wahrscheinlichkeitsfunktion der hypergeometrischen Verteilung ist gegeben durch $f(x) = \frac{ \binom{M}{x} \binom{N-M}{n-x} }{\binom{N}{n}}$ f&amp;uuml;r $\max\{0,~ n+M-N\} \le x \le \min\{n,~M\}.$&lt;br /&gt;
Die Berechnung &amp;uuml;ber R sieht wie folgt aus:&lt;br /&gt;
$\verb|1-dhyper(x, m, n, k)|$ mit $x=1-1$, $m=[var=white]$, $n=[var=blue]$ und $k=[var=ziehen]$</text>
          <malus>0</malus>
          <stage class="FillInStage" reference="8"/>
        </StageHint>
      </hints>
      <variableUpdatesOnEnter id="116"/>
      <variableUpdatesBeforeCheck id="117"/>
      <variableUpdatesAfterCheck id="118"/>
      <variableUpdatesOnNormalExit id="119"/>
      <variableUpdatesOnRepeat id="120"/>
      <variableUpdatesOnSkip id="121"/>
      <weight>1</weight>
      <orderIndex>0</orderIndex>
      <allowSkip>true</allowSkip>
      <resources id="122"/>
      <rules id="123"/>
      <fillInFields id="124">
        <FillInField id="125">
          <name>field1</name>
          <orderIndex>0</orderIndex>
          <size>6</size>
          <formularEditorType>NUMBER</formularEditorType>
        </FillInField>
      </fillInFields>
      <dropDownFields id="126"/>
      <formularEditorPalette>MATHDOX_FORMULAR_EDITOR_BASIC</formularEditorPalette>
      <defaultFeedback>Leider nicht korrekt.&lt;br /&gt;
&lt;br /&gt;
Die Wahrscheinlichkeit, dass Sie mindestens $1$ wei&amp;szlig;e Kugeln ziehen, wenn sie $[var=ziehen]$ Kugeln ohne Zur&amp;uuml;cklegen ziehen betr&amp;auml;gt: $1 - \sum_{k=0}^{1-1} \frac{ \binom{[var=white]}{k} \binom{[var=blue]}{[var=ziehen]-k} }{\binom{[var=white]+[var=blue]}{[var=ziehen]}} = [var=ansa]$.&lt;br /&gt;
$\verb|1-dhyper(1-1, [var=white], [var=blue], [var=ziehen])|$ = $[var=ansa]$.</defaultFeedback>
      <correctAnswerRules id="127">
        <Rule id="128">
          <name>CorrectAnswer1</name>
          <orderIndex>1</orderIndex>
          <validationExpression id="129">
            <code>!isEmpty([input=field1])&amp;&amp;isRealNumber([input=field1])&amp;&amp;[input=field1]&gt;[var=ansa]-0.0011&amp;&amp;[input=field1]&lt;[var=ansa]+0.0011</code>
            <domain>MATH</domain>
          </validationExpression>
          <points>0</points>
          <terminal>false</terminal>
        </Rule>
      </correctAnswerRules>
      <correctAnswerFeedback>Richtig.</correctAnswerFeedback>
      <defaultResult>0</defaultResult>
    </FillInStage>
    <FillInStage reference="16"/>
    <FillInStage reference="24"/>
    <FillInStage reference="32"/>
  </stages>
  <startStage class="FillInStage" reference="8"/>
  <variableDeclarations id="130">
    <VariableDeclaration id="131">
      <name>white</name>
      <initializationCode id="132">
        <code>evaluateInR(&apos;sample(20:30, 1)&apos;)</code>
        <domain>MATH</domain>
      </initializationCode>
    </VariableDeclaration>
    <VariableDeclaration id="133">
      <name>blue</name>
      <initializationCode id="134">
        <code>evaluateInR(&apos;sample(6:15, 1)&apos;)</code>
        <domain>MATH</domain>
      </initializationCode>
    </VariableDeclaration>
    <VariableDeclaration id="135">
      <name>balls</name>
      <initializationCode id="136">
        <code>([var=white])+([var=blue])</code>
        <domain>MATH</domain>
      </initializationCode>
    </VariableDeclaration>
    <VariableDeclaration id="137">
      <name>p_alt</name>
      <initializationCode id="138">
        <code>([var=white])/([var=balls])</code>
        <domain>MATH</domain>
      </initializationCode>
    </VariableDeclaration>
    <VariableDeclaration id="139">
      <name>p_gerundet</name>
      <initializationCode id="140">
        <code>evaluateInR(&apos;round(([var=white])/([var=balls]), 50)&apos;)</code>
        <domain>MATH</domain>
      </initializationCode>
    </VariableDeclaration>
    <VariableDeclaration id="141">
      <name>ziehen</name>
      <initializationCode id="142">
        <code>evaluateInR(&apos;sample(3:6, 1)&apos;)</code>
        <domain>MATH</domain>
      </initializationCode>
    </VariableDeclaration>
    <VariableDeclaration id="143">
      <name>ant</name>
      <initializationCode id="144">
        <code>evaluateInR(&apos;sample(1:100, 1)&apos;)</code>
        <domain>MATH</domain>
      </initializationCode>
    </VariableDeclaration>
    <VariableDeclaration id="145">
      <name>mindu</name>
      <initializationCode id="146">
        <code>(([var=ant])/100)*([var=ziehen])</code>
        <domain>MATH</domain>
      </initializationCode>
    </VariableDeclaration>
    <VariableDeclaration id="147">
      <name>mind</name>
      <initializationCode id="148">
        <code>round(([var=mindu]))</code>
        <domain>MATH</domain>
      </initializationCode>
    </VariableDeclaration>
    <VariableDeclaration id="149">
      <name>max</name>
      <initializationCode id="150">
        <code>0</code>
        <domain>MATH</domain>
      </initializationCode>
    </VariableDeclaration>
    <VariableDeclaration id="151">
      <name>ansau</name>
      <initializationCode id="152">
        <code>evaluateInR(&apos;phyper(0, [var=white], [var=blue], [var=ziehen], lower.tail=FALSE, log.p=FALSE)&apos;)</code>
        <domain>MATH</domain>
      </initializationCode>
    </VariableDeclaration>
    <VariableDeclaration id="153">
      <name>ansa</name>
      <initializationCode id="154">
        <code>evaluateInR(&apos;round(([var=ansau]), 4)&apos;)</code>
        <domain>MATH</domain>
      </initializationCode>
    </VariableDeclaration>
    <VariableDeclaration id="155">
      <name>maximal</name>
      <initializationCode id="156">
        <code>([var=ziehen])-2</code>
        <domain>MATH</domain>
      </initializationCode>
    </VariableDeclaration>
    <VariableDeclaration id="157">
      <name>ansbu</name>
      <initializationCode id="158">
        <code>evaluateInR(&apos;phyper([var=maximal], [var=blue], [var=white], [var=ziehen], lower.tail=TRUE, log.p=FALSE)&apos;)</code>
        <domain>MATH</domain>
      </initializationCode>
    </VariableDeclaration>
    <VariableDeclaration id="159">
      <name>ansb</name>
      <initializationCode id="160">
        <code>evaluateInR(&apos;round(([var=ansbu]), 4)&apos;)</code>
        <domain>MATH</domain>
      </initializationCode>
    </VariableDeclaration>
    <VariableDeclaration id="161">
      <name>anscu</name>
      <initializationCode id="162">
        <code>evaluateInR(&apos;dhyper([var=maximal], [var=blue], [var=white], [var=ziehen], log=FALSE)&apos;)</code>
        <domain>MATH</domain>
      </initializationCode>
    </VariableDeclaration>
    <VariableDeclaration id="163">
      <name>ansc</name>
      <initializationCode id="164">
        <code>evaluateInR(&apos;round(([var=anscu]), 4)&apos;)</code>
        <domain>MATH</domain>
      </initializationCode>
    </VariableDeclaration>
    <VariableDeclaration id="165">
      <name>ansdu</name>
      <initializationCode id="166">
        <code>evaluateInR(&apos;pbinom(0, [var=ziehen], [var=p_gerundet], lower.tail=FALSE, log.p=FALSE)&apos;)</code>
        <domain>MATH</domain>
      </initializationCode>
    </VariableDeclaration>
    <VariableDeclaration id="167">
      <name>ansd</name>
      <initializationCode id="168">
        <code>round(([var=ansdu]),4)</code>
        <domain>MATH</domain>
      </initializationCode>
    </VariableDeclaration>
  </variableDeclarations>
  <jSXGraphs id="169"/>
  <dynamicMolecules id="170"/>
  <resultFeedbackMappings id="171"/>
</Exercise>