<Exercise id="1">
  <name>IS06-09 Verteilungen diskreter Zufallsvariablen 9</name>
  <publicDescription></publicDescription>
  <internalNotes>Hypergeometrische Verteilung: Omelett-Aufgabe

Die  Materialien sind lizenziert unter CC BY-NC-SA 4.0. Eine Kopie dieser Lizenz finden Sie unter http://creativecommons.org/licenses/by-nc-sa/4.0/

The materials are licensed under CC BY-NC-SA 4.0. You can find a copy of this license at http://creativecommons.org/licenses/by-nc-sa/4.0/</internalNotes>
  <language>de</language>
  <difficulty>2</difficulty>
  <tags id="2">
    <Tag id="3">
      <name>IndStat</name>
    </Tag>
    <Tag id="4">
      <name>TR_neu</name>
    </Tag>
    <Tag id="5">
      <name>TR</name>
    </Tag>
  </tags>
  <resources id="6"/>
  <stages id="7">
    <FillInStage id="8">
      <internalName>1</internalName>
      <externalName>Stage 1</externalName>
      <taskDescription>&lt;strong&gt;Aufgabenstellung:&lt;/strong&gt;&lt;br /&gt;&#xd;
&lt;br /&gt;&#xd;
Der Student M. hat in seinem K&amp;uuml;hlschrank $[var=Eier]$ Eier, davon sind $[var=faul]$ Eier faul.&lt;br /&gt;&#xd;
F&amp;uuml;r ein Omelett nimmt er zuf&amp;auml;llig $[var=Omlett]$ Eier aus dem K&amp;uuml;hlschrank.&lt;br /&gt;&#xd;
&lt;br /&gt;&#xd;
Wie gro&amp;szlig; ist die Wahrscheinlichkeit, dass das Omelett ungenie&amp;szlig;bar ist? &amp;nbsp;&lt;br /&gt;&#xd;
&lt;br /&gt;&#xd;
&lt;strong&gt;Einreichung:&lt;/strong&gt; &lt;input name=&quot;field1&quot; size=&quot;6&quot; type=&quot;text&quot; value=&quot;field1&quot; /&gt;&amp;nbsp;&lt;br /&gt;&#xd;
&lt;br /&gt;&#xd;
&lt;em&gt;(Runden Sie, falls n&amp;ouml;tig, auf die vierte Nachkommastelle und verwenden Sie einen Dezimalpunkt.)&lt;/em&gt;&#xd;
&lt;p&gt;&lt;a href=&quot;https://webrtaschenrechner.netlify.app/&quot; onclick=&quot;window.open(&apos;https://webrtaschenrechner.netlify.app/&apos;,&apos;R Console&apos;,&apos;top=320, left=1525, width=400,height=600,menubar=no,toolbar=no,&apos;); return false;&quot; target=&quot;_blank&quot;&gt;&lt;img alt=&quot;R_ Logo&quot; pull-right=&quot;&quot; src=&quot;/econometrics/resource?resource=157444&quot; style=&quot;width: 40px; height: 50px; float: right; margin: 5px&quot; /&gt;&lt;/a&gt;&lt;/p&gt;</taskDescription>
      <skipMessage>Die Wahrscheinlichkeit, dass das Omlett ungenie&amp;szlig;bar ist, betr&amp;auml;gt: $P(X\ge 1) = 1-P(X=0) = 1-f(0)= 1 - \frac{ \binom{[var=faul]}{0} \binom{[var=Eier]-[var=faul]}{[var=Omlett]-0} }{\binom{[var=Eier]}{[var=Omlett]}}= [var=ansa]$.&lt;br /&gt;
$\verb|1-dhyper(0, [var=faul], [var=Eier]-[var=faul], [var=Omlett])|$ = $[var=ansa]$.</skipMessage>
      <defaultTransition id="9">
        <conditionExpression id="10">
          <domain>MATH</domain>
        </conditionExpression>
        <stageExpression id="11">
          <domain>MATH</domain>
        </stageExpression>
        <isRepeat>true</isRepeat>
      </defaultTransition>
      <skipTransitions id="12">
        <StageTransition id="13">
          <conditionExpression id="14">
            <code></code>
            <domain>MATH</domain>
          </conditionExpression>
          <stageExpression id="15">
            <domain>MATH</domain>
          </stageExpression>
          <isRepeat>false</isRepeat>
        </StageTransition>
      </skipTransitions>
      <stageTransitions id="16">
        <StageTransition id="17">
          <conditionExpression id="18">
            <code></code>
            <domain>MATH</domain>
          </conditionExpression>
          <stageExpression id="19">
            <code>[meta=stageCurrentResult]&gt;=100</code>
            <domain>MATH</domain>
          </stageExpression>
          <isRepeat>false</isRepeat>
        </StageTransition>
      </stageTransitions>
      <hints id="20">
        <StageHint id="21">
          <stagehint__order>0</stagehint__order>
          <text>Das Omlett ist genie&amp;szlig;bar, wenn alle Eier gut sind. Sie ziehen also zuf&amp;auml;llig Eier OHNE Zur&amp;uuml;cklegen. F&amp;uuml;r welche Verteilung spricht das?&lt;br /&gt;
&lt;br /&gt;
(Es ist ein weiterer Hinweis vorhanden).</text>
          <malus>0</malus>
          <stage class="FillInStage" reference="8"/>
        </StageHint>
        <StageHint id="22">
          <stagehint__order>1</stagehint__order>
          <text>Hier ist die hypergeometrische Verteilung zu betrachten: $X\sim~ H(N,M,n)$. Sie m&amp;uuml;ssen nun die Parameter $N,M$ und $n$ bestimmen. Welche Wahrscheinlichkeit suchen Sie?&lt;br /&gt;
&lt;br /&gt;
(Es ist ein weiterer Hinweis vorhanden).</text>
          <malus>0</malus>
          <stage class="FillInStage" reference="8"/>
        </StageHint>
        <StageHint id="23">
          <stagehint__order>2</stagehint__order>
          <text>Es gilt: $N=[var=Eier]$, $M=[var=faul]$ und $n=[var=Omlett]$. Gesucht ist: $P(X\ge 1) = 1-P(X=0).$&lt;br /&gt;
&lt;br /&gt;
(Es ist ein weiterer Hinweis vorhanden).</text>
          <malus>0</malus>
          <stage class="FillInStage" reference="8"/>
        </StageHint>
        <StageHint id="24">
          <stagehint__order>3</stagehint__order>
          <text>Die Wahrscheinlichkeitsfunktion der hypergeometrischen Verteilung ist gegeben durch $f(x) = \frac{ \binom{M}{x} \binom{N-M}{n-x} }{\binom{N}{n}}$ f&amp;uuml;r $\max\{0,~ n+M-N\} \le x \le \min\{n,~M\}.$&lt;br /&gt;
Die Berechnung &amp;uuml;ber R sieht wie folgt aus:&lt;br /&gt;
$\verb|1-dhyper(x, m, n, k)|$ mit $x=0$, $m=[var=faul]$, $n=[var=Eier]-[var=faul]$ und $k=[var=Omlett]$</text>
          <malus>0</malus>
          <stage class="FillInStage" reference="8"/>
        </StageHint>
      </hints>
      <variableUpdatesOnEnter id="25"/>
      <variableUpdatesBeforeCheck id="26"/>
      <variableUpdatesAfterCheck id="27"/>
      <variableUpdatesOnNormalExit id="28"/>
      <variableUpdatesOnRepeat id="29"/>
      <variableUpdatesOnSkip id="30"/>
      <weight>1</weight>
      <orderIndex>0</orderIndex>
      <allowSkip>true</allowSkip>
      <resources id="31"/>
      <rules id="32"/>
      <fillInFields id="33">
        <FillInField id="34">
          <name>field1</name>
          <orderIndex>0</orderIndex>
          <size>6</size>
          <formularEditorType>NUMBER</formularEditorType>
        </FillInField>
      </fillInFields>
      <dropDownFields id="35"/>
      <formularEditorPalette>MATHDOX_FORMULAR_EDITOR_BASIC</formularEditorPalette>
      <defaultFeedback>Leider nicht korrekt.&lt;br /&gt;
&lt;br /&gt;
Die Wahrscheinlichkeit, dass das Omlett ungenie&amp;szlig;bar ist, betr&amp;auml;gt: $P(X\ge 1) = 1-P(X=0) = 1-f(0)= 1 - \frac{ \binom{[var=faul]}{0} \binom{[var=Eier]-[var=faul]}{[var=Omlett]-0} }{\binom{[var=Eier]}{[var=Omlett]}}= [var=ansa]$.&lt;br /&gt;
$\verb|1-dhyper(0, [var=faul], [var=Eier]-[var=faul], [var=Omlett])|$ = $[var=ansa]$.</defaultFeedback>
      <correctAnswerRules id="36">
        <Rule id="37">
          <name>CorrectAnswer1</name>
          <orderIndex>1</orderIndex>
          <validationExpression id="38">
            <code>!isEmpty([input=field1])&amp;&amp;isRealNumber([input=field1])&amp;&amp;[input=field1]&gt;[var=ansa]-0.0011&amp;&amp;[input=field1]&lt;[var=ansa]+0.0011</code>
            <domain>MATH</domain>
          </validationExpression>
          <points>0</points>
          <terminal>false</terminal>
        </Rule>
      </correctAnswerRules>
      <correctAnswerFeedback>Richtig.</correctAnswerFeedback>
      <defaultResult>0</defaultResult>
    </FillInStage>
  </stages>
  <startStage class="FillInStage" reference="8"/>
  <variableDeclarations id="39">
    <VariableDeclaration id="40">
      <name>fauliP</name>
      <initializationCode id="41">
        <code>evaluateInR(&apos;sample(17:45, 1)&apos;)</code>
        <domain>MATH</domain>
      </initializationCode>
    </VariableDeclaration>
    <VariableDeclaration id="42">
      <name>Eier</name>
      <initializationCode id="43">
        <code>evaluateInR(&apos;sample(6:25, 1)&apos;)</code>
        <domain>MATH</domain>
      </initializationCode>
    </VariableDeclaration>
    <VariableDeclaration id="44">
      <name>fauli</name>
      <initializationCode id="45">
        <code>(([var=fauliP])/100)*([var=Eier])</code>
        <domain>MATH</domain>
      </initializationCode>
    </VariableDeclaration>
    <VariableDeclaration id="46">
      <name>faul</name>
      <initializationCode id="47">
        <code>round(([var=fauli]))</code>
        <domain>MATH</domain>
      </initializationCode>
    </VariableDeclaration>
    <VariableDeclaration id="48">
      <name>gut</name>
      <initializationCode id="49">
        <code>(([var=Eier])-([var=faul]))</code>
        <domain>MATH</domain>
      </initializationCode>
    </VariableDeclaration>
    <VariableDeclaration id="50">
      <name>Omlett</name>
      <initializationCode id="51">
        <code>evaluateInR(&apos;sample(2:5, 1)&apos;)</code>
        <domain>MATH</domain>
      </initializationCode>
    </VariableDeclaration>
    <VariableDeclaration id="52">
      <name>ansau</name>
      <initializationCode id="53">
        <code>evaluateInR(&apos;1-dhyper(0, [var=faul], [var=gut], [var=Omlett], log=FALSE)&apos;)</code>
        <domain>MATH</domain>
      </initializationCode>
    </VariableDeclaration>
    <VariableDeclaration id="54">
      <name>ansa</name>
      <initializationCode id="55">
        <code>round(([var=ansau]), 4)</code>
        <domain>MATH</domain>
      </initializationCode>
    </VariableDeclaration>
  </variableDeclarations>
  <jSXGraphs id="56"/>
  <dynamicMolecules id="57"/>
  <resultFeedbackMappings id="58"/>
</Exercise>