<Exercise id="1">
  <name>IS06-01 Verteilungen diskreter Zufallsvariablen 1</name>
  <publicDescription></publicDescription>
  <internalNotes>Aufgabe zur Binomialverteilung, Rhesusfaktor

Die  Materialien sind lizenziert unter CC BY-NC-SA 4.0. Eine Kopie dieser Lizenz finden Sie unter http://creativecommons.org/licenses/by-nc-sa/4.0/

The materials are licensed under CC BY-NC-SA 4.0. You can find a copy of this license at http://creativecommons.org/licenses/by-nc-sa/4.0/</internalNotes>
  <language>de</language>
  <difficulty>2</difficulty>
  <tags id="2">
    <Tag id="3">
      <name>IndStat</name>
    </Tag>
    <Tag id="4">
      <name>TR_neu</name>
    </Tag>
    <Tag id="5">
      <name>TR</name>
    </Tag>
  </tags>
  <resources id="6"/>
  <stages id="7">
    <FillInStage id="8">
      <internalName>1</internalName>
      <externalName>Stage 1</externalName>
      <taskDescription>&lt;strong&gt;Aufgabenstellung:&lt;/strong&gt;&lt;br /&gt;&#xd;
&lt;br /&gt;&#xd;
Aus Untersuchungen sei bekannt, dass die Wahrscheinlichkeit den Rhesusfaktor $\text{Rh}-$ zu besitzen $[var=m]$ betr&amp;auml;gt.&lt;br /&gt;&#xd;
Mit welcher Wahrscheinlichkeit befindet sich in einer Gruppe von $[var=n]$ Personen $[var=Anzahl]$ Person[var=Endung] mit Rhesusfaktor $\text{Rh}+$? &amp;nbsp;&lt;br /&gt;&#xd;
&lt;br /&gt;&#xd;
&lt;strong&gt;Einreichung: &lt;/strong&gt;&lt;input name=&quot;field1&quot; size=&quot;6&quot; type=&quot;text&quot; value=&quot;field1&quot; /&gt;&lt;br /&gt;&#xd;
&lt;br /&gt;&#xd;
&lt;em&gt;(Runden Sie, falls n&amp;ouml;tig, auf die vierte Nachkommastelle und verwenden Sie einen Dezimalpunkt.)&lt;/em&gt;&#xd;
&lt;p&gt;&lt;a href=&quot;https://webrtaschenrechner.netlify.app/&quot; onclick=&quot;window.open(&apos;https://webrtaschenrechner.netlify.app/&apos;,&apos;R Console&apos;,&apos;top=320, left=1525, width=400,height=600,menubar=no,toolbar=no,&apos;); return false;&quot; target=&quot;_blank&quot;&gt;&lt;img alt=&quot;R_ Logo&quot; pull-right=&quot;&quot; src=&quot;/econometrics/resource?resource=157444&quot; style=&quot;width: 40px; height: 50px; float: right; margin: 5px&quot; /&gt;&lt;/a&gt;&lt;/p&gt;</taskDescription>
      <skipMessage>$P(X=[var=Anzahl]) = \binom{[var=n]}{[var=Anzahl]} \cdot [var=j]^[var=Anzahl] \cdot [var=m]^[var=mm] = [var=ansa]$&lt;br /&gt;
$\verb|dbinom([var=Anzahl],[var=n],[var=j])|$=$[var=ansa]$</skipMessage>
      <defaultTransition id="9">
        <conditionExpression id="10">
          <domain>MATH</domain>
        </conditionExpression>
        <stageExpression id="11">
          <domain>MATH</domain>
        </stageExpression>
        <isRepeat>true</isRepeat>
      </defaultTransition>
      <skipTransitions id="12">
        <StageTransition id="13">
          <conditionExpression id="14">
            <code></code>
            <domain>MATH</domain>
          </conditionExpression>
          <stageExpression id="15">
            <domain>MATH</domain>
          </stageExpression>
          <isRepeat>false</isRepeat>
        </StageTransition>
      </skipTransitions>
      <stageTransitions id="16">
        <StageTransition id="17">
          <conditionExpression id="18">
            <code></code>
            <domain>MATH</domain>
          </conditionExpression>
          <stageExpression id="19">
            <code>[meta=stageCurrentResult]&gt;=100</code>
            <domain>MATH</domain>
          </stageExpression>
          <isRepeat>false</isRepeat>
        </StageTransition>
      </stageTransitions>
      <hints id="20">
        <StageHint id="21">
          <stagehint__order>0</stagehint__order>
          <text>&amp;Uuml;berlegen Sie zun&amp;auml;chst, welcher Verteilung die Zufallsvariable $X$ folgt.&lt;br /&gt;
&lt;br /&gt;
(Es ist ein weiterer Hinweis vorhanden.)</text>
          <malus>0</malus>
          <stage class="FillInStage" reference="8"/>
        </StageHint>
        <StageHint id="22">
          <stagehint__order>1</stagehint__order>
          <text>Die Zufallsvariable $X$ ist binomialverteilt mit den Parametern $n=[var=n]$ und $p = 1 - [var=m]$. Gesucht ist nun $P(X=x).$&lt;br /&gt;
&lt;br /&gt;
(Es ist ein weiterer Hinweis vorhanden.)</text>
          <malus>0</malus>
          <stage class="FillInStage" reference="8"/>
        </StageHint>
        <StageHint id="23">
          <stagehint__order>2</stagehint__order>
          <text>$P(X=x)=\binom{n}{x}\cdot p^x \cdot (1-p)^{(n-x)}$. Nun m&amp;uuml;ssen Sie die Werte nur noch einsetzen.&lt;br /&gt;
Die Berechnung &amp;uuml;ber R sieht wie folgt aus:&lt;br /&gt;
$\verb|dbinom(x, size, prob)|$ mit $x=[var=Anzahl]$, $size=[var=n]$ und $p=[var=j]$</text>
          <malus>0</malus>
          <stage class="FillInStage" reference="8"/>
        </StageHint>
      </hints>
      <variableUpdatesOnEnter id="24"/>
      <variableUpdatesBeforeCheck id="25"/>
      <variableUpdatesAfterCheck id="26"/>
      <variableUpdatesOnNormalExit id="27"/>
      <variableUpdatesOnRepeat id="28"/>
      <variableUpdatesOnSkip id="29"/>
      <weight>1</weight>
      <orderIndex>0</orderIndex>
      <allowSkip>true</allowSkip>
      <resources id="30"/>
      <rules id="31"/>
      <fillInFields id="32">
        <FillInField id="33">
          <name>field1</name>
          <orderIndex>0</orderIndex>
          <size>6</size>
          <formularEditorType>NUMBER</formularEditorType>
        </FillInField>
      </fillInFields>
      <dropDownFields id="34"/>
      <formularEditorPalette>MATHDOX_FORMULAR_EDITOR_BASIC</formularEditorPalette>
      <defaultFeedback>Leider nicht korrekt.&lt;br /&gt;
&lt;br /&gt;
$P(X=[var=Anzahl]) = \binom{[var=n]}{[var=Anzahl]} \cdot [var=j]^[var=Anzahl] \cdot [var=m]^[var=mm] = [var=ansa]$&lt;br /&gt;
$\verb|dbinom([var=Anzahl],[var=n],[var=j])|$=$[var=ansa]$</defaultFeedback>
      <correctAnswerRules id="35">
        <Rule id="36">
          <name>CorrectAnswer1</name>
          <orderIndex>1</orderIndex>
          <validationExpression id="37">
            <code>!isEmpty([input=field1])&amp;&amp;isRealNumber([input=field1])&amp;&amp;[input=field1]&gt;[var=ansa]-0.0011&amp;&amp;[input=field1]&lt;[var=ansa]+0.0011</code>
            <domain>MATH</domain>
          </validationExpression>
          <points>0</points>
          <terminal>false</terminal>
        </Rule>
      </correctAnswerRules>
      <correctAnswerFeedback>Richtig.</correctAnswerFeedback>
      <defaultResult>0</defaultResult>
    </FillInStage>
  </stages>
  <startStage class="FillInStage" reference="8"/>
  <variableDeclarations id="38">
    <VariableDeclaration id="39">
      <name>m1</name>
      <initializationCode id="40">
        <code>evaluateInR(&apos;sample(80:220, 1)&apos;)</code>
        <domain>MATH</domain>
      </initializationCode>
    </VariableDeclaration>
    <VariableDeclaration id="41">
      <name>m2</name>
      <initializationCode id="42">
        <code>([var=m1])/1000</code>
        <domain>MATH</domain>
      </initializationCode>
    </VariableDeclaration>
    <VariableDeclaration id="43">
      <name>m</name>
      <initializationCode id="44">
        <code>round(([var=m2]), 3)</code>
        <domain>MATH</domain>
      </initializationCode>
    </VariableDeclaration>
    <VariableDeclaration id="45">
      <name>j1</name>
      <initializationCode id="46">
        <code>1-([var=m])</code>
        <domain>MATH</domain>
      </initializationCode>
    </VariableDeclaration>
    <VariableDeclaration id="47">
      <name>j</name>
      <initializationCode id="48">
        <code>evaluateInR(&apos;round(([var=j1]), 3)&apos;)</code>
        <domain>MATH</domain>
      </initializationCode>
    </VariableDeclaration>
    <VariableDeclaration id="49">
      <name>n</name>
      <initializationCode id="50">
        <code>evaluateInR(&apos;sample(3:7, 1)&apos;)</code>
        <domain>MATH</domain>
      </initializationCode>
    </VariableDeclaration>
    <VariableDeclaration id="51">
      <name>Anzahl</name>
      <initializationCode id="52">
        <code>evaluateInR(&apos;sample(0:3, 1)&apos;)</code>
        <domain>MATH</domain>
      </initializationCode>
    </VariableDeclaration>
    <VariableDeclaration id="53">
      <name>mm</name>
      <initializationCode id="54">
        <code>[var=n]-[var=Anzahl]</code>
        <domain>MATH</domain>
      </initializationCode>
    </VariableDeclaration>
    <VariableDeclaration id="55">
      <name>Endung</name>
      <initializationCode id="56">
        <code>ifthenelse(equals([var=Anzahl], 0)||equals([var=Anzahl], 2)||equals([var=Anzahl], 3), &quot;en&quot;, &quot;&quot;)</code>
        <domain>MATH</domain>
      </initializationCode>
    </VariableDeclaration>
    <VariableDeclaration id="57">
      <name>ansau</name>
      <initializationCode id="58">
        <code>evaluateInR(&apos;dbinom([var=Anzahl], [var=n], [var=j], log=FALSE)&apos;)</code>
        <domain>MATH</domain>
      </initializationCode>
    </VariableDeclaration>
    <VariableDeclaration id="59">
      <name>ansa</name>
      <initializationCode id="60">
        <code>evaluateInR(&apos;round(([var=ansau]), 4)&apos;)</code>
        <domain>MATH</domain>
      </initializationCode>
    </VariableDeclaration>
  </variableDeclarations>
  <jSXGraphs id="61"/>
  <dynamicMolecules id="62"/>
  <resultFeedbackMappings id="63"/>
</Exercise>