<Exercise id="1">
  <name>IS06-13 Verteilungen diskreter Zufallsvariablen 13</name>
  <publicDescription></publicDescription>
  <internalNotes>Studierende in einem Raum, m/w, Hyper

Die  Materialien sind lizenziert unter CC BY-NC-SA 4.0. Eine Kopie dieser Lizenz finden Sie unter http://creativecommons.org/licenses/by-nc-sa/4.0/

The materials are licensed under CC BY-NC-SA 4.0. You can find a copy of this license at http://creativecommons.org/licenses/by-nc-sa/4.0/</internalNotes>
  <language>de</language>
  <difficulty>0</difficulty>
  <tags id="2">
    <Tag id="3">
      <name>IndStat</name>
    </Tag>
    <Tag id="4">
      <name>TR_neu</name>
    </Tag>
    <Tag id="5">
      <name>TR</name>
    </Tag>
  </tags>
  <resources id="6"/>
  <stages id="7">
    <FillInStage id="8">
      <internalName>1</internalName>
      <externalName>Stage 1</externalName>
      <taskDescription>&lt;strong&gt;Aufgabenstellung:&lt;/strong&gt;&lt;br /&gt;&#xd;
&lt;br /&gt;&#xd;
In einem Raum befinden sich [var=N] Studierende, von denen [var=M] m&amp;auml;nnlich sind.&lt;br /&gt;&#xd;
Bestimmen Sie die Grenzen des Wertebereichs, den die Zufallsvarable $X$: Anzahl an gezogenen m&amp;auml;nnlichen Studenten annehmen kann, wenn [var=n] Studierende gezogen werden.&lt;br /&gt;&#xd;
&lt;br /&gt;&#xd;
&lt;strong&gt;Einreichung:&lt;/strong&gt;&lt;br /&gt;&#xd;
&lt;br /&gt;&#xd;
Untere Grenze:&amp;nbsp;&lt;input name=&quot;field1&quot; size=&quot;6&quot; type=&quot;text&quot; value=&quot;field1&quot; /&gt;&amp;nbsp;&lt;br /&gt;&#xd;
&lt;br /&gt;&#xd;
Obere Grenze:&amp;nbsp;&lt;input name=&quot;field2&quot; size=&quot;6&quot; type=&quot;text&quot; value=&quot;field2&quot; /&gt;&amp;nbsp;&#xd;
&lt;p&gt;&lt;a href=&quot;https://webrtaschenrechner.netlify.app/&quot; onclick=&quot;window.open(&apos;https://webrtaschenrechner.netlify.app/&apos;,&apos;R Console&apos;,&apos;top=320, left=1525, width=400,height=600,menubar=no,toolbar=no,&apos;); return false;&quot; target=&quot;_blank&quot;&gt;&lt;img alt=&quot;R_ Logo&quot; pull-right=&quot;&quot; src=&quot;/econometrics/resource?resource=157444&quot; style=&quot;width: 40px; height: 50px; float: right; margin: 5px&quot; /&gt;&lt;/a&gt;&lt;/p&gt;</taskDescription>
      <skipMessage>Untere Grenze: [var=unter]&lt;br /&gt;
&lt;br /&gt;
Obere Grenze: [var=ober]</skipMessage>
      <defaultTransition id="9">
        <conditionExpression id="10">
          <domain>MATH</domain>
        </conditionExpression>
        <stageExpression id="11">
          <domain>MATH</domain>
        </stageExpression>
        <isRepeat>true</isRepeat>
      </defaultTransition>
      <skipTransitions id="12">
        <StageTransition id="13">
          <conditionExpression id="14">
            <code></code>
            <domain>MATH</domain>
          </conditionExpression>
          <stageExpression id="15">
            <domain>MATH</domain>
          </stageExpression>
          <targetStage class="FillInStage" id="16">
            <internalName>2</internalName>
            <externalName>Stage 2</externalName>
            <taskDescription>&lt;strong&gt;Aufgabenstellung:&lt;/strong&gt;&lt;br /&gt;&#xd;
&lt;br /&gt;&#xd;
Bestimmen Sie die Wahrscheinlichkeit, dass mindestens so viele m&amp;auml;nnliche, wie weibliche Studierende gezogen werden.&lt;br /&gt;&#xd;
&lt;br /&gt;&#xd;
&lt;strong&gt;Einreichung:&lt;/strong&gt; &lt;input name=&quot;field1&quot; size=&quot;6&quot; type=&quot;text&quot; value=&quot;field1&quot; /&gt;&amp;nbsp;&lt;br /&gt;&#xd;
&lt;br /&gt;&#xd;
&lt;em&gt;(Runden Sie, falls n&amp;ouml;tig, auf die vierte Nachkommastelle und verwenden Sie einen Dezimalpunkt.)&lt;/em&gt;&#xd;
&lt;p&gt;&lt;a href=&quot;https://webrtaschenrechner.netlify.app/&quot; onclick=&quot;window.open(&apos;https://webrtaschenrechner.netlify.app/&apos;,&apos;R Console&apos;,&apos;top=320, left=1525, width=400,height=600,menubar=no,toolbar=no,&apos;); return false;&quot; target=&quot;_blank&quot;&gt;&lt;img alt=&quot;R_ Logo&quot; pull-right=&quot;&quot; src=&quot;/econometrics/resource?resource=157444&quot; style=&quot;width: 40px; height: 50px; float: right; margin: 5px&quot; /&gt;&lt;/a&gt;&lt;/p&gt;</taskDescription>
            <skipMessage>Die Wahrscheinlichkeit, dass mindestens so viele m&amp;auml;nnliche, wie weibliche Studierende gezogen werden betr&amp;auml;gt [var=ansa]</skipMessage>
            <defaultTransition id="17">
              <conditionExpression id="18">
                <domain>MATH</domain>
              </conditionExpression>
              <stageExpression id="19">
                <domain>MATH</domain>
              </stageExpression>
              <isRepeat>true</isRepeat>
            </defaultTransition>
            <skipTransitions id="20">
              <StageTransition id="21">
                <conditionExpression id="22">
                  <code></code>
                  <domain>MATH</domain>
                </conditionExpression>
                <stageExpression id="23">
                  <domain>MATH</domain>
                </stageExpression>
                <isRepeat>false</isRepeat>
              </StageTransition>
            </skipTransitions>
            <stageTransitions id="24">
              <StageTransition id="25">
                <conditionExpression id="26">
                  <code></code>
                  <domain>MATH</domain>
                </conditionExpression>
                <stageExpression id="27">
                  <code>[meta=stageCurrentResult]&gt;=100</code>
                  <domain>MATH</domain>
                </stageExpression>
                <isRepeat>false</isRepeat>
              </StageTransition>
            </stageTransitions>
            <hints id="28">
              <StageHint id="29">
                <stagehint__order>0</stagehint__order>
                <text>&amp;Uuml;berlegen Sie sich zun&amp;auml;chst, welche Verteilung hier vorliegt.&lt;br /&gt;
&lt;br /&gt;
(Es ist ein weiterer Hinweis vorhanden)</text>
                <malus>0</malus>
                <stage class="FillInStage" reference="16"/>
              </StageHint>
              <StageHint id="30">
                <stagehint__order>1</stagehint__order>
                <text>Es handelt sich bei diesem Sachverhalt um Ziehen ohne zur&amp;uuml;cklegen. Bei welcher Verteilung wird dieses genutzt?&lt;br /&gt;
&lt;br /&gt;
(Es ist ein weiterer Hinweis vorhanden)</text>
                <malus>0</malus>
                <stage class="FillInStage" reference="16"/>
              </StageHint>
              <StageHint id="31">
                <stagehint__order>2</stagehint__order>
                <text>Es handelt sich um die Hypergeometrische Verteilung. Die Zufallsvariable $X$ bezeichnet die Anzahl der Erfolge unter $n$ durchgef&amp;uuml;hrten Versuchen mit: $N$ Anzahl der Elemente in der Grundgesamtheit, $M$ Anzahl der Erfolge, $N-M$ Anzahl der Misserfolge und $n$ Anzahl der Elemente, die ohne zur&amp;uuml;cklegen gezogen werden.&lt;br /&gt;
$f(x)= \frac{\binom{M}{x} \cdot \binom{N-M}{n-x}}{\binom{N}{n}}$</text>
                <malus>0</malus>
                <stage class="FillInStage" reference="16"/>
              </StageHint>
            </hints>
            <variableUpdatesOnEnter id="32"/>
            <variableUpdatesBeforeCheck id="33"/>
            <variableUpdatesAfterCheck id="34"/>
            <variableUpdatesOnNormalExit id="35"/>
            <variableUpdatesOnRepeat id="36"/>
            <variableUpdatesOnSkip id="37"/>
            <weight>1</weight>
            <orderIndex>1</orderIndex>
            <allowSkip>true</allowSkip>
            <resources id="38"/>
            <rules id="39"/>
            <fillInFields id="40">
              <FillInField id="41">
                <name>field1</name>
                <orderIndex>0</orderIndex>
                <size>6</size>
                <formularEditorType>NUMBER</formularEditorType>
              </FillInField>
            </fillInFields>
            <dropDownFields id="42"/>
            <formularEditorPalette>MATHDOX_FORMULAR_EDITOR_BASIC</formularEditorPalette>
            <defaultFeedback>Leider nicht korrekt.&lt;br /&gt;
&lt;br /&gt;
Die Wahrscheinlichkeit, dass mindestens so viele m&amp;auml;nnliche, wie weibliche Studierende gezogen werden betr&amp;auml;gt [var=ansa]</defaultFeedback>
            <correctAnswerRules id="43">
              <Rule id="44">
                <name>CorrectAnswer1</name>
                <orderIndex>1</orderIndex>
                <validationExpression id="45">
                  <code>!isEmpty([input=field1])&amp;&amp;isRealNumber([input=field1])&amp;&amp;[input=field1]&gt;[var=ansa]-0.011&amp;&amp;[input=field1]&lt;[var=ansa]+0.011</code>
                  <domain>MATH</domain>
                </validationExpression>
                <points>0</points>
                <terminal>false</terminal>
              </Rule>
            </correctAnswerRules>
            <correctAnswerFeedback>Richtig.</correctAnswerFeedback>
            <defaultResult>0</defaultResult>
          </targetStage>
          <isRepeat>false</isRepeat>
        </StageTransition>
      </skipTransitions>
      <stageTransitions id="46">
        <StageTransition id="47">
          <conditionExpression id="48">
            <code></code>
            <domain>MATH</domain>
          </conditionExpression>
          <stageExpression id="49">
            <code>[meta=stageCurrentResult]&gt;=100</code>
            <domain>MATH</domain>
          </stageExpression>
          <targetStage class="FillInStage" reference="16"/>
          <isRepeat>false</isRepeat>
        </StageTransition>
      </stageTransitions>
      <hints id="50">
        <StageHint id="51">
          <stagehint__order>0</stagehint__order>
          <text>    Die Frage ist, welche Werte $X$ überhaupt annehmen kann.


    </text>
          <malus>0</malus>
          <stage class="FillInStage" reference="8"/>
        </StageHint>
      </hints>
      <variableUpdatesOnEnter id="52"/>
      <variableUpdatesBeforeCheck id="53"/>
      <variableUpdatesAfterCheck id="54"/>
      <variableUpdatesOnNormalExit id="55"/>
      <variableUpdatesOnRepeat id="56"/>
      <variableUpdatesOnSkip id="57"/>
      <weight>1</weight>
      <orderIndex>0</orderIndex>
      <allowSkip>true</allowSkip>
      <resources id="58"/>
      <rules id="59">
        <Rule id="60">
          <name>Feedback_1</name>
          <orderIndex>1</orderIndex>
          <validationExpression id="61">
            <code>!isEmpty([input=field1])&amp;&amp;isRealNumber([input=field1])&amp;&amp;[input=field1]==[var=unter]</code>
            <domain>MATH</domain>
          </validationExpression>
          <feedbackText>Untere Grenze korrekt</feedbackText>
          <points>50</points>
          <terminal>false</terminal>
        </Rule>
        <Rule id="62">
          <name>Feedback_2</name>
          <orderIndex>2</orderIndex>
          <validationExpression id="63">
            <code>!isEmpty([input=field2])&amp;&amp;isRealNumber([input=field2])&amp;&amp;[input=field2]==[var=ober]</code>
            <domain>MATH</domain>
          </validationExpression>
          <feedbackText>Obere Grenze korrekt</feedbackText>
          <points>50</points>
          <terminal>false</terminal>
        </Rule>
      </rules>
      <fillInFields id="64">
        <FillInField id="65">
          <name>field2</name>
          <orderIndex>1</orderIndex>
          <size>6</size>
          <formularEditorType>NUMBER</formularEditorType>
        </FillInField>
        <FillInField id="66">
          <name>field1</name>
          <orderIndex>0</orderIndex>
          <size>6</size>
          <formularEditorType>NUMBER</formularEditorType>
        </FillInField>
      </fillInFields>
      <dropDownFields id="67"/>
      <formularEditorPalette>MATHDOX_FORMULAR_EDITOR_BASIC</formularEditorPalette>
      <defaultFeedback>Leider nicht korrekt.&lt;br /&gt;
&lt;br /&gt;
Untere Grenze: [var=unter]&lt;br /&gt;
&lt;br /&gt;
Obere Grenze: [var=ober]</defaultFeedback>
      <correctAnswerRules id="68">
        <Rule id="69">
          <name>CorrectAnswer1</name>
          <orderIndex>1</orderIndex>
          <validationExpression id="70">
            <code>!isEmpty([input=field1])&amp;&amp;isRealNumber([input=field1])&amp;&amp;!isEmpty([input=field2])&amp;&amp;isRealNumber([input=field2])&amp;&amp;[input=field1]==[var=unter]&amp;&amp;[input=field2]==[var=ober]</code>
            <domain>MATH</domain>
          </validationExpression>
          <points>0</points>
          <terminal>false</terminal>
        </Rule>
      </correctAnswerRules>
      <correctAnswerFeedback>Richtig.</correctAnswerFeedback>
      <defaultResult>0</defaultResult>
    </FillInStage>
    <FillInStage reference="16"/>
  </stages>
  <startStage class="FillInStage" reference="8"/>
  <variableDeclarations id="71">
    <VariableDeclaration id="72">
      <name>M</name>
      <initializationCode id="73">
        <code>randomIntegerBetween(2,6)</code>
        <domain>MATH</domain>
      </initializationCode>
    </VariableDeclaration>
    <VariableDeclaration id="74">
      <name>N</name>
      <initializationCode id="75">
        <code>randomIntegerBetween(11,15)</code>
        <domain>MATH</domain>
      </initializationCode>
    </VariableDeclaration>
    <VariableDeclaration id="76">
      <name>n</name>
      <initializationCode id="77">
        <code>randomIntegerBetween(3,9)</code>
        <domain>MATH</domain>
      </initializationCode>
    </VariableDeclaration>
    <VariableDeclaration id="78">
      <name>unter</name>
      <initializationCode id="79">
        <code>max(0, [var=n]+[var=M]-[var=N])</code>
        <domain>MATH</domain>
      </initializationCode>
    </VariableDeclaration>
    <VariableDeclaration id="80">
      <name>ober</name>
      <initializationCode id="81">
        <code>min([var=n], [var=M])</code>
        <domain>MATH</domain>
      </initializationCode>
    </VariableDeclaration>
    <VariableDeclaration id="82">
      <name>bl</name>
      <initializationCode id="83">
        <code>[var=N]-[var=M]</code>
        <domain>MATH</domain>
      </initializationCode>
    </VariableDeclaration>
    <VariableDeclaration id="84">
      <name>min</name>
      <initializationCode id="85">
        <code>round(([var=n])/2+0.1)</code>
        <domain>MATH</domain>
      </initializationCode>
    </VariableDeclaration>
    <VariableDeclaration id="86">
      <name>ansau</name>
      <initializationCode id="87">
        <code>evaluateInR(&apos;phyper([var=min]-1, [var=M], [var=bl], [var=n], lower.tail = FALSE, log.p = FALSE)&apos;)</code>
        <domain>MATH</domain>
      </initializationCode>
    </VariableDeclaration>
    <VariableDeclaration id="88">
      <name>ansa</name>
      <initializationCode id="89">
        <code>round(([var=ansau]), 4)</code>
        <domain>MATH</domain>
      </initializationCode>
    </VariableDeclaration>
  </variableDeclarations>
  <jSXGraphs id="90"/>
  <dynamicMolecules id="91"/>
  <resultFeedbackMappings id="92"/>
</Exercise>