<Exercise id="1">
  <name>DS4-R01 Streuungsparameter R1</name>
  <publicDescription></publicDescription>
  <internalNotes>Spannweite berechnen (rivers)

Die  Materialien sind lizenziert unter CC BY-NC-SA 4.0. Eine Kopie dieser Lizenz finden Sie unter http://creativecommons.org/licenses/by-nc-sa/4.0/

The materials are licensed under CC BY-NC-SA 4.0. You can find a copy of this license at http://creativecommons.org/licenses/by-nc-sa/4.0/</internalNotes>
  <language>de</language>
  <difficulty>0</difficulty>
  <tags id="2">
    <Tag id="3">
      <name>Desk_22</name>
    </Tag>
  </tags>
  <resources id="4"/>
  <stages id="5">
    <RStage id="6">
      <internalName>1</internalName>
      <externalName></externalName>
      <taskDescription>&lt;strong&gt;Aufgabenstellung:&lt;/strong&gt;&lt;br /&gt;&#xd;
&lt;br /&gt;&#xd;
Der Datensatz $\verb|rivers|$ enth&amp;auml;lt Daten zu den L&amp;auml;ngen der gr&amp;ouml;&amp;szlig;ten nordamerikanischen Fl&amp;uuml;sse.&lt;br /&gt;&#xd;
&lt;br /&gt;&#xd;
Berechnen Sie den Abstand der zwischen dem k&amp;uuml;rzesten und l&amp;auml;ngsten Fluss liegt.&lt;br /&gt;&#xd;
&lt;br /&gt;&#xd;
&lt;em&gt;(Bevor Sie den Code abschicken, k&amp;ouml;nnen Sie &amp;uuml;ber den Button &amp;quot;Auswerten&amp;quot; ihren geschriebenen R-Code ausf&amp;uuml;hren und in der R-Konsole anzeigen lassen.)&lt;/em&gt;</taskDescription>
      <defaultTransition id="7">
        <conditionExpression id="8">
          <domain>MATH</domain>
        </conditionExpression>
        <stageExpression id="9">
          <domain>MATH</domain>
        </stageExpression>
        <isRepeat>false</isRepeat>
      </defaultTransition>
      <skipTransitions id="10"/>
      <stageTransitions id="11"/>
      <hints id="12">
        <StageHint id="13">
          <stagehint__order>0</stagehint__order>
          <text>Es ist nach der Spannweite gefragt. Kombinieren Sie dazu die Befehle $\verb|range()|$ und $\verb|diff()|$.&lt;br /&gt;
&lt;br /&gt;
&lt;em&gt;(Es ist ein weiterer Hinweis vorhanden.)&lt;/em&gt;</text>
          <malus>0</malus>
          <stage class="RStage" reference="6"/>
        </StageHint>
        <StageHint id="14">
          <stagehint__order>1</stagehint__order>
          <text>$\verb|range()|$ gibt Ihnen einen Vektor aus, der sowohl das Minimum als auch das Maximum des Datensatzes enth&amp;auml;lt.&lt;br /&gt;
&lt;br /&gt;
&lt;em&gt;(Es ist ein weiterer Hinweis vorhanden.)&lt;/em&gt;</text>
          <malus>0</malus>
          <stage class="RStage" reference="6"/>
        </StageHint>
        <StageHint id="15">
          <stagehint__order>2</stagehint__order>
          <text>Der Befehl $\verb|diff()|$ gibt Ihnen u.a. die Differenz(en) zwischen mehreren Werten eines Vektors aus.&lt;br /&gt;
&lt;br /&gt;
&lt;em&gt;(Es ist ein weiterer Hinweis vorhanden.)&lt;/em&gt;</text>
          <malus>0</malus>
          <stage class="RStage" reference="6"/>
        </StageHint>
        <StageHint id="16">
          <stagehint__order>3</stagehint__order>
          <text>Der Datensatz enth&amp;auml;lt nur eine Variable (n&amp;auml;mlich die Flussl&amp;auml;nge). Sie brauchen daher nicht mit $\$$ auf die Variable zugreifen.</text>
          <malus>0</malus>
          <stage class="RStage" reference="6"/>
        </StageHint>
      </hints>
      <variableUpdatesOnEnter id="17"/>
      <variableUpdatesBeforeCheck id="18"/>
      <variableUpdatesAfterCheck id="19"/>
      <variableUpdatesOnNormalExit id="20"/>
      <variableUpdatesOnRepeat id="21"/>
      <variableUpdatesOnSkip id="22"/>
      <weight>1</weight>
      <orderIndex>0</orderIndex>
      <allowSkip>false</allowSkip>
      <resources id="23"/>
      <initialCode></initialCode>
      <finalResultComputationString>#{c14763}</finalResultComputationString>
      <testCasetuples id="24">
        <TestCaseTuple id="25">
          <testCases id="26">
            <StaticRTestCase id="27">
              <points>100</points>
              <pointsMode>GAIN</pointsMode>
              <name>imported testcase</name>
              <feedbackIfFailed>Leider nicht richtig! Berechnen Sie die Differenz der Extrema und achten Sie darauf, dass Sie richtig auf den Datensatz $\verb|rivers|$ zugreifen.</feedbackIfFailed>
              <ruleMode>PRESENCE</ruleMode>
              <queries class="linked-list" id="28">
                <RGReQLQuery id="29">
                  <query>		from diff,ran:V{FunctionCall}, riv:V{Variable} with 
                diff.name=&quot;diff&quot; and
                diff --&gt;* ran --&gt;* riv and
                ran.name=&quot;range&quot; and
                riv.name=&quot;rivers&quot;
                report 0 end
		</query>
                </RGReQLQuery>
                <RGReQLQuery id="30">
                  <query>		from max,min:V{FunctionCall}, riv1,riv2:V{Variable}, sub:V{SubOperator}, e1,e2:E{Expression} with
                sub -- e1 -&gt; max and
                sub -- e2 -&gt; min and
                e1.position = 0 and
                e2.position = 1 and
                max.name=&quot;max&quot; and
                min.name=&quot;min&quot; and
                max --&gt;* riv1 and
                riv1.name=&quot;rivers&quot; and
                min --&gt;* riv2 and
                riv2.name=&quot;rivers&quot;
                report 0 end</query>
                </RGReQLQuery>
              </queries>
            </StaticRTestCase>
          </testCases>
          <checkerConfiguration id="31">
            <isActive>false</isActive>
            <hasVisibleResult>false</hasVisibleResult>
            <hasVisibleFeedback>false</hasVisibleFeedback>
            <isAsync>false</isAsync>
            <weight>1</weight>
            <persistentReference>14763</persistentReference>
          </checkerConfiguration>
        </TestCaseTuple>
      </testCasetuples>
    </RStage>
  </stages>
  <startStage class="RStage" reference="6"/>
  <variableDeclarations id="32"/>
  <jSXGraphs id="33"/>
  <dynamicMolecules id="34"/>
  <resultFeedbackMappings id="35"/>
</Exercise>