<Exercise id="1">
  <name>DS4-07 Streuungsparameter 7</name>
  <publicDescription></publicDescription>
  <internalNotes>arithmetisches Mittel, Median und Varianz berechnen
Frage zu Sensitivität des Medians

Die  Materialien sind lizenziert unter CC BY-NC-SA 4.0. Eine Kopie dieser Lizenz finden Sie unter http://creativecommons.org/licenses/by-nc-sa/4.0/

The materials are licensed under CC BY-NC-SA 4.0. You can find a copy of this license at http://creativecommons.org/licenses/by-nc-sa/4.0/</internalNotes>
  <language>de</language>
  <difficulty>1</difficulty>
  <tags id="2">
    <Tag id="3">
      <name>Desk_22</name>
    </Tag>
  </tags>
  <resources id="4"/>
  <stages id="5">
    <FillInStage id="6">
      <internalName>1</internalName>
      <externalName>Stage 1</externalName>
      <taskDescription>&lt;strong&gt;Aufgabenstellung:&lt;/strong&gt;&lt;br /&gt;&#xd;
&lt;br /&gt;&#xd;
Entlang der Bergroute zu einem beliebten Gipfel gibt es [var=Stationen] Erfrischungsstationen. In der ersten (untersten) Station kostet ein Glas Pfiff $[var=$PS]0$ Euro. Von einer Station zur n&amp;auml;chsten steigt der Preis um jeweils $[var=$delta]$ Cent.&lt;br /&gt;&#xd;
&lt;br /&gt;&#xd;
Berechnen Sie arithmetisches Mittel, Median und Varianz der Pfiff Preise.&lt;br /&gt;&#xd;
&lt;br /&gt;&#xd;
&lt;strong&gt;Einreichung:&lt;/strong&gt;&lt;br /&gt;&#xd;
&amp;nbsp;&#xd;
&lt;table border=&quot;0&quot; cellpadding=&quot;1&quot; cellspacing=&quot;1&quot; style=&quot;width:300px;&quot;&gt;&#xd;
	&lt;tbody&gt;&#xd;
		&lt;tr&gt;&#xd;
			&lt;td&gt;Arithmetisches Mittel:&lt;/td&gt;&#xd;
			&lt;td&gt;&amp;nbsp;&lt;input name=&quot;field1&quot; size=&quot;6&quot; type=&quot;text&quot; value=&quot;field1&quot; /&gt;&amp;nbsp;&lt;/td&gt;&#xd;
		&lt;/tr&gt;&#xd;
		&lt;tr&gt;&#xd;
			&lt;td&gt;Varianz:&lt;/td&gt;&#xd;
			&lt;td&gt;&amp;nbsp;&lt;input name=&quot;field2&quot; size=&quot;6&quot; type=&quot;text&quot; value=&quot;field2&quot; /&gt;&amp;nbsp;&lt;/td&gt;&#xd;
		&lt;/tr&gt;&#xd;
		&lt;tr&gt;&#xd;
			&lt;td&gt;Median:&lt;/td&gt;&#xd;
			&lt;td&gt;&amp;nbsp;&lt;input name=&quot;field3&quot; size=&quot;6&quot; type=&quot;text&quot; value=&quot;field3&quot; /&gt;&amp;nbsp;&lt;/td&gt;&#xd;
		&lt;/tr&gt;&#xd;
	&lt;/tbody&gt;&#xd;
&lt;/table&gt;&#xd;
&lt;br /&gt;&#xd;
&lt;em&gt;(Runden Sie, falls n&amp;ouml;tig, auf die zweite Nachkommastelle und verwenden Sie einen Dezimalpunkt)&lt;/em&gt; &lt;!--&#xd;
&lt;p&gt;&lt;a href=&quot;https://rdrr.io/snippets/embed/&quot; onclick=&quot;window.open(&apos;https://rdrr.io/snippets/embed/?code=&apos;,&apos;R Console&apos;,&apos; margin-top: 20px; top=200,left=100,width=480,height=640,menubar=no,toolbar=no,&apos;); return false;&quot; target=&quot;_blank&quot;&gt;&lt;img alt=&quot;R_ Logo&quot; pull-right=&quot;&quot; src=&quot;/econometrics/resource?resource=157444&quot; style=&quot;width: 40px; height: 50px; float: right; margin: 5px&quot; /&gt;&lt;/a&gt;&lt;/p&gt;&#xd;
--&gt;</taskDescription>
      <skipMessage>&lt;table border=&quot;0&quot; cellpadding=&quot;1&quot; cellspacing=&quot;1&quot; style=&quot;width:225px;&quot;&gt;
	&lt;tbody&gt;
		&lt;tr&gt;
			&lt;td&gt;Arithmetisches Mittel:&lt;/td&gt;
			&lt;td&gt;&amp;nbsp;$[var=ArM,latex,decimals=2]$&lt;/td&gt;
		&lt;/tr&gt;
		&lt;tr&gt;
			&lt;td&gt;Varianz:&lt;/td&gt;
			&lt;td&gt;&amp;nbsp;$[var=Var,latex,decimals=2]$&lt;/td&gt;
		&lt;/tr&gt;
		&lt;tr&gt;
			&lt;td&gt;Median:&lt;/td&gt;
			&lt;td&gt;&amp;nbsp;$[var=Med,latex,decimals=2]$&lt;/td&gt;
		&lt;/tr&gt;
	&lt;/tbody&gt;
&lt;/table&gt;
</skipMessage>
      <defaultTransition id="7">
        <conditionExpression id="8">
          <domain>MATH</domain>
        </conditionExpression>
        <stageExpression id="9">
          <domain>MATH</domain>
        </stageExpression>
        <isRepeat>true</isRepeat>
      </defaultTransition>
      <skipTransitions id="10">
        <StageTransition id="11">
          <conditionExpression id="12">
            <code></code>
            <domain>MATH</domain>
          </conditionExpression>
          <stageExpression id="13">
            <domain>MATH</domain>
          </stageExpression>
          <targetStage class="MCStage" id="14">
            <internalName>2</internalName>
            <externalName>Stage 2</externalName>
            <taskDescription>&lt;strong&gt;Aufgabenstellung:&lt;/strong&gt;&lt;br /&gt;&#xd;
&lt;br /&gt;&#xd;
Um wie viel Cent kann der Wirt der h&amp;ouml;chsten Station seinen Preis variieren, ohne dass sich der Median der Pfiff Preise &amp;auml;ndert?&amp;nbsp;&lt;br /&gt;&#xd;
&lt;br /&gt;&#xd;
&lt;strong&gt;Auswahl:&lt;/strong&gt;</taskDescription>
            <skipMessage>Er kann den Preis beliebig anheben.</skipMessage>
            <defaultTransition id="15">
              <conditionExpression id="16">
                <domain>MATH</domain>
              </conditionExpression>
              <stageExpression id="17">
                <domain>MATH</domain>
              </stageExpression>
              <isRepeat>true</isRepeat>
            </defaultTransition>
            <skipTransitions id="18">
              <StageTransition id="19">
                <conditionExpression id="20">
                  <code></code>
                  <domain>MATH</domain>
                </conditionExpression>
                <stageExpression id="21">
                  <domain>MATH</domain>
                </stageExpression>
                <isRepeat>false</isRepeat>
              </StageTransition>
            </skipTransitions>
            <stageTransitions id="22">
              <StageTransition id="23">
                <conditionExpression id="24">
                  <code></code>
                  <domain>MATH</domain>
                </conditionExpression>
                <stageExpression id="25">
                  <code>[meta=stageCurrentResult]&gt;=100</code>
                  <domain>MATH</domain>
                </stageExpression>
                <isRepeat>false</isRepeat>
              </StageTransition>
            </stageTransitions>
            <hints id="26">
              <StageHint id="27">
                <stagehint__order>0</stagehint__order>
                <text> Führen Sie sich die Sensitivitäten gegenüber Ausreißern von verschiedenen Lageparametern vor Augen.
		</text>
                <malus>0</malus>
                <stage class="MCStage" reference="14"/>
              </StageHint>
              <StageHint id="28">
                <stagehint__order>1</stagehint__order>
                <text> Erinnern Sie sich an die Formel zur Berechnung des Median. </text>
                <malus>0</malus>
                <stage class="MCStage" reference="14"/>
              </StageHint>
            </hints>
            <variableUpdatesOnEnter id="29"/>
            <variableUpdatesBeforeCheck id="30"/>
            <variableUpdatesAfterCheck id="31"/>
            <variableUpdatesOnNormalExit id="32"/>
            <variableUpdatesOnRepeat id="33"/>
            <variableUpdatesOnSkip id="34"/>
            <weight>1</weight>
            <orderIndex>1</orderIndex>
            <allowSkip>true</allowSkip>
            <resources id="35"/>
            <answerOptions id="36">
              <MCAnswer id="37">
                <order>0</order>
                <rule>WRONG</rule>
                <text> Um 50 Cent</text>
                <variableName></variableName>
                <mcstage reference="14"/>
              </MCAnswer>
              <MCAnswer id="38">
                <order>1</order>
                <rule>WRONG</rule>
                <text> Um 1 Euro</text>
                <variableName></variableName>
                <mcstage reference="14"/>
              </MCAnswer>
              <MCAnswer id="39">
                <order>2</order>
                <rule>WRONG</rule>
                <text> Um 1,50 Euro</text>
                <variableName></variableName>
                <mcstage reference="14"/>
              </MCAnswer>
              <MCAnswer id="40">
                <order>3</order>
                <rule>CORRECT</rule>
                <text> Er kann den Preis beliebig anheben</text>
                <variableName></variableName>
                <mcstage reference="14"/>
              </MCAnswer>
            </answerOptions>
            <randomize>true</randomize>
            <singleChoice>false</singleChoice>
            <correctAnswerFeedback> Richtig </correctAnswerFeedback>
            <defaultFeedback>Leider nicht richtig.&lt;br /&gt;
&lt;br /&gt;
Er kann den Preis &lt;strong&gt;beliebig &lt;/strong&gt;anheben.</defaultFeedback>
            <defaultResult>0</defaultResult>
            <extraFeedbacks id="41"/>
          </targetStage>
          <isRepeat>false</isRepeat>
        </StageTransition>
      </skipTransitions>
      <stageTransitions id="42">
        <StageTransition id="43">
          <conditionExpression id="44">
            <code></code>
            <domain>MATH</domain>
          </conditionExpression>
          <stageExpression id="45">
            <code>[meta=stageCurrentResult]&gt;=100</code>
            <domain>MATH</domain>
          </stageExpression>
          <targetStage class="MCStage" reference="14"/>
          <isRepeat>false</isRepeat>
        </StageTransition>
      </stageTransitions>
      <hints id="46">
        <StageHint id="47">
          <stagehint__order>0</stagehint__order>
          <text>Hier m&amp;uuml;ssen Sie nichts anderes machen als die gefragten Parameter aus Daten zu errechnen, die sich aus der Aufgabenstellung herleiten lassen:&lt;br /&gt;
$x_1=[var=PS]0 Euro$&lt;br /&gt;
$x_2=[var=PS]0 Euro + [var=delta] Cent$&lt;br /&gt;
$x_3=[var=PS]0 Euro + 2 \cdot [var=delta] Cent$&lt;br /&gt;
$\enspace \vdots$</text>
          <malus>0</malus>
          <stage class="FillInStage" reference="6"/>
        </StageHint>
      </hints>
      <variableUpdatesOnEnter id="48"/>
      <variableUpdatesBeforeCheck id="49"/>
      <variableUpdatesAfterCheck id="50"/>
      <variableUpdatesOnNormalExit id="51"/>
      <variableUpdatesOnRepeat id="52"/>
      <variableUpdatesOnSkip id="53"/>
      <weight>0</weight>
      <orderIndex>0</orderIndex>
      <allowSkip>true</allowSkip>
      <resources id="54"/>
      <rules id="55"/>
      <fillInFields id="56">
        <FillInField id="57">
          <name>field3</name>
          <orderIndex>2</orderIndex>
          <size>6</size>
          <formularEditorType>NUMBER</formularEditorType>
        </FillInField>
        <FillInField id="58">
          <name>field2</name>
          <orderIndex>1</orderIndex>
          <size>6</size>
          <formularEditorType>NUMBER</formularEditorType>
        </FillInField>
        <FillInField id="59">
          <name>field1</name>
          <orderIndex>0</orderIndex>
          <size>6</size>
          <formularEditorType>NUMBER</formularEditorType>
        </FillInField>
      </fillInFields>
      <dropDownFields id="60"/>
      <formularEditorPalette>MATHDOX_FORMULAR_EDITOR_BASIC</formularEditorPalette>
      <defaultFeedback>Leider falsch.&lt;br /&gt;
&amp;nbsp;
&lt;table border=&quot;0&quot; cellpadding=&quot;1&quot; cellspacing=&quot;1&quot; style=&quot;width:225px;&quot;&gt;
	&lt;tbody&gt;
		&lt;tr&gt;
			&lt;td&gt;Arithmetisches Mittel:&lt;/td&gt;
			&lt;td&gt;&amp;nbsp;$[var=ArM,latex,decimals=2]$&lt;/td&gt;
		&lt;/tr&gt;
		&lt;tr&gt;
			&lt;td&gt;Varianz:&lt;/td&gt;
			&lt;td&gt;&amp;nbsp;$[var=Var,latex,decimals=2]$&lt;/td&gt;
		&lt;/tr&gt;
		&lt;tr&gt;
			&lt;td&gt;Median:&lt;/td&gt;
			&lt;td&gt;&amp;nbsp;$[var=Med,latex,decimals=2]$&lt;/td&gt;
		&lt;/tr&gt;
	&lt;/tbody&gt;
&lt;/table&gt;
</defaultFeedback>
      <correctAnswerRules id="61">
        <Rule id="62">
          <name>CorrectAnswer1</name>
          <orderIndex>1</orderIndex>
          <validationExpression id="63">
            <code>!isEmpty([input=field1])&amp;&amp;isRealNumber([input=field1])&amp;&amp;!isEmpty([input=field2])&amp;&amp;isRealNumber([input=field2])&amp;&amp;!isEmpty([input=field3])&amp;&amp;isRealNumber([input=field3])&amp;&amp;[input=field1]&gt;[var=ArM]*0.98&amp;&amp;[input=field1]&lt;[var=ArM]*1.02&amp;&amp;[input=field2]&gt;[var=Var]*0.98&amp;&amp;[input=field2]&lt;[var=Var]*1.02&amp;&amp;[input=field3]&gt;[var=Med]*0.98&amp;&amp;[input=field3]&lt;[var=Med]*1.02</code>
            <domain>MATH</domain>
          </validationExpression>
          <points>0</points>
          <terminal>false</terminal>
        </Rule>
      </correctAnswerRules>
      <correctAnswerFeedback>Richtig.</correctAnswerFeedback>
      <defaultResult>0</defaultResult>
    </FillInStage>
    <MCStage reference="14"/>
  </stages>
  <startStage class="FillInStage" reference="6"/>
  <variableDeclarations id="64">
    <VariableDeclaration id="65">
      <name>i</name>
      <initializationCode id="66">
        <code>randomIntegerBetween(0,1)</code>
        <domain>MATH</domain>
      </initializationCode>
    </VariableDeclaration>
    <VariableDeclaration id="67">
      <name>Stationen</name>
      <initializationCode id="68">
        <code>getFromList([var=i], list(&apos;sieben&apos;,&apos;neun&apos;))</code>
        <domain>MATH</domain>
      </initializationCode>
    </VariableDeclaration>
    <VariableDeclaration id="69">
      <name>Stationen1</name>
      <initializationCode id="70">
        <code>ifthenelse(equals([var=Stationen], &quot;sieben&quot;), 7, 9)</code>
        <domain>MATH</domain>
      </initializationCode>
    </VariableDeclaration>
    <VariableDeclaration id="71">
      <name>j</name>
      <initializationCode id="72">
        <code>randomIntegerBetween(0,6)</code>
        <domain>MATH</domain>
      </initializationCode>
    </VariableDeclaration>
    <VariableDeclaration id="73">
      <name>delta</name>
      <initializationCode id="74">
        <code>getFromList([var=j], list(20,30,40,50,60,70,80))</code>
        <domain>MATH</domain>
      </initializationCode>
    </VariableDeclaration>
    <VariableDeclaration id="75">
      <name>k</name>
      <initializationCode id="76">
        <code>randomIntegerBetween(0,6)</code>
        <domain>MATH</domain>
      </initializationCode>
    </VariableDeclaration>
    <VariableDeclaration id="77">
      <name>start</name>
      <initializationCode id="78">
        <code>getFromList([var=k], list(20,30,40,50,60,70,80))</code>
        <domain>MATH</domain>
      </initializationCode>
    </VariableDeclaration>
    <VariableDeclaration id="79">
      <name>Preiss</name>
      <initializationCode id="80">
        <code>evaluateInR(&apos;100+[var=start]&apos;)</code>
        <domain>MATH</domain>
      </initializationCode>
    </VariableDeclaration>
    <VariableDeclaration id="81">
      <name>Preis0</name>
      <initializationCode id="82">
        <code>evaluateInR(&apos;[var=Preiss]/100&apos;)</code>
        <domain>MATH</domain>
      </initializationCode>
    </VariableDeclaration>
    <VariableDeclaration id="83">
      <name>Preiss1</name>
      <initializationCode id="84">
        <code>evaluateInR(&apos;[var=Preiss]+[var=delta]&apos;)</code>
        <domain>MATH</domain>
      </initializationCode>
    </VariableDeclaration>
    <VariableDeclaration id="85">
      <name>Preis1</name>
      <initializationCode id="86">
        <code>evaluateInR(&apos;[var=Preiss1]/100&apos;)</code>
        <domain>MATH</domain>
      </initializationCode>
    </VariableDeclaration>
    <VariableDeclaration id="87">
      <name>Preiss2</name>
      <initializationCode id="88">
        <code>evaluateInR(&apos;[var=Preiss1]+[var=delta]&apos;)</code>
        <domain>MATH</domain>
      </initializationCode>
    </VariableDeclaration>
    <VariableDeclaration id="89">
      <name>Preis2</name>
      <initializationCode id="90">
        <code>evaluateInR(&apos;[var=Preiss2]/100&apos;)</code>
        <domain>MATH</domain>
      </initializationCode>
    </VariableDeclaration>
    <VariableDeclaration id="91">
      <name>Preiss3</name>
      <initializationCode id="92">
        <code>evaluateInR(&apos;[var=Preiss2]+[var=delta]&apos;)</code>
        <domain>MATH</domain>
      </initializationCode>
    </VariableDeclaration>
    <VariableDeclaration id="93">
      <name>Preis3</name>
      <initializationCode id="94">
        <code>evaluateInR(&apos;[var=Preiss3]/100&apos;)</code>
        <domain>MATH</domain>
      </initializationCode>
    </VariableDeclaration>
    <VariableDeclaration id="95">
      <name>Preiss4</name>
      <initializationCode id="96">
        <code>evaluateInR(&apos;[var=Preiss3]+[var=delta]&apos;)</code>
        <domain>MATH</domain>
      </initializationCode>
    </VariableDeclaration>
    <VariableDeclaration id="97">
      <name>Preis4</name>
      <initializationCode id="98">
        <code>evaluateInR(&apos;[var=Preiss4]/100&apos;)</code>
        <domain>MATH</domain>
      </initializationCode>
    </VariableDeclaration>
    <VariableDeclaration id="99">
      <name>Preiss5</name>
      <initializationCode id="100">
        <code>evaluateInR(&apos;[var=Preiss4]+[var=delta]&apos;)</code>
        <domain>MATH</domain>
      </initializationCode>
    </VariableDeclaration>
    <VariableDeclaration id="101">
      <name>Preis5</name>
      <initializationCode id="102">
        <code>evaluateInR(&apos;[var=Preiss5]/100&apos;)</code>
        <domain>MATH</domain>
      </initializationCode>
    </VariableDeclaration>
    <VariableDeclaration id="103">
      <name>Preiss6</name>
      <initializationCode id="104">
        <code>evaluateInR(&apos;[var=Preiss5]+[var=delta]&apos;)</code>
        <domain>MATH</domain>
      </initializationCode>
    </VariableDeclaration>
    <VariableDeclaration id="105">
      <name>Preis6</name>
      <initializationCode id="106">
        <code>evaluateInR(&apos;[var=Preiss6]/100&apos;)</code>
        <domain>MATH</domain>
      </initializationCode>
    </VariableDeclaration>
    <VariableDeclaration id="107">
      <name>Preiss7</name>
      <initializationCode id="108">
        <code>evaluateInR(&apos;[var=Preiss6]+[var=delta]&apos;)</code>
        <domain>MATH</domain>
      </initializationCode>
    </VariableDeclaration>
    <VariableDeclaration id="109">
      <name>Preis7</name>
      <initializationCode id="110">
        <code>evaluateInR(&apos;[var=Preiss7]/100&apos;)</code>
        <domain>MATH</domain>
      </initializationCode>
    </VariableDeclaration>
    <VariableDeclaration id="111">
      <name>Preiss8</name>
      <initializationCode id="112">
        <code>evaluateInR(&apos;[var=Preiss7]+[var=delta]&apos;)</code>
        <domain>MATH</domain>
      </initializationCode>
    </VariableDeclaration>
    <VariableDeclaration id="113">
      <name>Preis8</name>
      <initializationCode id="114">
        <code>evaluateInR(&apos;[var=Preiss8]/100&apos;)</code>
        <domain>MATH</domain>
      </initializationCode>
    </VariableDeclaration>
    <VariableDeclaration id="115">
      <name>Preiss9</name>
      <initializationCode id="116">
        <code>evaluateInR(&apos;[var=Preiss8]+[var=delta]&apos;)</code>
        <domain>MATH</domain>
      </initializationCode>
    </VariableDeclaration>
    <VariableDeclaration id="117">
      <name>Preis9</name>
      <initializationCode id="118">
        <code>evaluateInR(&apos;[var=Preiss9]/100&apos;)</code>
        <domain>MATH</domain>
      </initializationCode>
    </VariableDeclaration>
    <VariableDeclaration id="119">
      <name>am9</name>
      <initializationCode id="120">
        <code>evaluateInR(&apos;([var=Preis1]+[var=Preis2]+[var=Preis3]+[var=Preis4]+[var=Preis5]+[var=Preis6]+[var=Preis7]+[var=Preis8]+[var=Preis0])/9&apos;)</code>
        <domain>MATH</domain>
      </initializationCode>
    </VariableDeclaration>
    <VariableDeclaration id="121">
      <name>am7</name>
      <initializationCode id="122">
        <code>evaluateInR(&apos;([var=Preis1]+[var=Preis2]+[var=Preis3]+[var=Preis4]+[var=Preis5]+[var=Preis6]+[var=Preis0])/7&apos;)</code>
        <domain>MATH</domain>
      </initializationCode>
    </VariableDeclaration>
    <VariableDeclaration id="123">
      <name>ss9</name>
      <initializationCode id="124">
        <code>(pow([var=Preis1], 2)+pow([var=Preis2], 2)+pow([var=Preis3], 2)+pow([var=Preis4], 2)+pow([var=Preis5], 2)+pow([var=Preis6], 2)+pow([var=Preis7], 2)+pow([var=Preis8], 2)+pow([var=Preis0], 2))/9</code>
        <domain>MATH</domain>
      </initializationCode>
    </VariableDeclaration>
    <VariableDeclaration id="125">
      <name>s9</name>
      <initializationCode id="126">
        <code>[var=ss9]-pow([var=am9], 2)</code>
        <domain>MATH</domain>
      </initializationCode>
    </VariableDeclaration>
    <VariableDeclaration id="127">
      <name>ss7</name>
      <initializationCode id="128">
        <code>(pow([var=Preis1], 2)+pow([var=Preis2], 2)+pow([var=Preis3], 2)+pow([var=Preis4], 2)+pow([var=Preis5], 2)+pow([var=Preis6], 2)+pow([var=Preis0], 2))/7</code>
        <domain>MATH</domain>
      </initializationCode>
    </VariableDeclaration>
    <VariableDeclaration id="129">
      <name>s7</name>
      <initializationCode id="130">
        <code>[var=ss7]-pow([var=am7], 2)</code>
        <domain>MATH</domain>
      </initializationCode>
    </VariableDeclaration>
    <VariableDeclaration id="131">
      <name>am9g</name>
      <initializationCode id="132">
        <code>evaluateInR(&apos;round([var=am9], 2)&apos;)</code>
        <domain>MATH</domain>
      </initializationCode>
    </VariableDeclaration>
    <VariableDeclaration id="133">
      <name>am7g</name>
      <initializationCode id="134">
        <code>evaluateInR(&apos;round([var=am7], 2)&apos;)</code>
        <domain>MATH</domain>
      </initializationCode>
    </VariableDeclaration>
    <VariableDeclaration id="135">
      <name>s9g</name>
      <initializationCode id="136">
        <code>evaluateInR(&apos;round([var=s9], 2)&apos;)</code>
        <domain>MATH</domain>
      </initializationCode>
    </VariableDeclaration>
    <VariableDeclaration id="137">
      <name>s7g</name>
      <initializationCode id="138">
        <code>evaluateInR(&apos;round([var=s7], 2)&apos;)</code>
        <domain>MATH</domain>
      </initializationCode>
    </VariableDeclaration>
    <VariableDeclaration id="139">
      <name>PS</name>
      <initializationCode id="140">
        <code>evaluateInR(&apos;round([var=Preis0], 2)&apos;)</code>
        <domain>MATH</domain>
      </initializationCode>
    </VariableDeclaration>
    <VariableDeclaration id="141">
      <name>PS4</name>
      <initializationCode id="142">
        <code>evaluateInR(&apos;round([var=Preis3], 2)&apos;)</code>
        <domain>MATH</domain>
      </initializationCode>
    </VariableDeclaration>
    <VariableDeclaration id="143">
      <name>PS5</name>
      <initializationCode id="144">
        <code>evaluateInR(&apos;round([var=Preis4], 2)&apos;)</code>
        <domain>MATH</domain>
      </initializationCode>
    </VariableDeclaration>
    <VariableDeclaration id="145">
      <name>ArM</name>
      <initializationCode id="146">
        <code>ifthenelse(equals([var=Stationen], &quot;sieben&quot;), [var=am7g], [var=am9g])</code>
        <domain>MATH</domain>
      </initializationCode>
    </VariableDeclaration>
    <VariableDeclaration id="147">
      <name>Var</name>
      <initializationCode id="148">
        <code>ifthenelse(equals([var=Stationen], &quot;sieben&quot;), [var=s7g], [var=s9g])</code>
        <domain>MATH</domain>
      </initializationCode>
    </VariableDeclaration>
    <VariableDeclaration id="149">
      <name>Med</name>
      <initializationCode id="150">
        <code>ifthenelse(equals([var=Stationen], &quot;sieben&quot;), [var=PS4], [var=PS5])</code>
        <domain>MATH</domain>
      </initializationCode>
    </VariableDeclaration>
  </variableDeclarations>
  <jSXGraphs id="151"/>
  <dynamicMolecules id="152"/>
  <resultFeedbackMappings id="153"/>
</Exercise>