<Exercise id="1">
  <name>DS4-03 Streuungsparameter 3</name>
  <publicDescription></publicDescription>
  <internalNotes>Berechnung empirische Verteilungsfunktion, Median, absolute Abweichung vom Median, relativer Quartilsabstand und Variationskeoffizient

Die  Materialien sind lizenziert unter CC BY-NC-SA 4.0. Eine Kopie dieser Lizenz finden Sie unter http://creativecommons.org/licenses/by-nc-sa/4.0/

The materials are licensed under CC BY-NC-SA 4.0. You can find a copy of this license at http://creativecommons.org/licenses/by-nc-sa/4.0/</internalNotes>
  <language>de</language>
  <difficulty>4</difficulty>
  <tags id="2">
    <Tag id="3">
      <name>Desk_22</name>
    </Tag>
  </tags>
  <resources id="4"/>
  <stages id="5">
    <FillInStage id="6">
      <internalName>1</internalName>
      <externalName>Stage 1</externalName>
      <taskDescription>&lt;strong&gt;Aufgabenstellung:&lt;/strong&gt;&lt;br /&gt;&#xd;
&lt;br /&gt;&#xd;
F&amp;uuml;nf D&amp;ouml;rfer, die alle an einer Stra&amp;szlig;e liegen, werden zu einer Gemeinde zusammengefasst. F&amp;uuml;r die neue Gemeinde wird ein Verwaltungszentrum geplant, dessen Standort noch zu bestimmen ist. Nachfolgende Tabelle gibt die Entfernung der D&amp;ouml;rfer zum Dorf A sowie die Einwohner der D&amp;ouml;rfer an:&lt;br /&gt;&#xd;
&lt;br /&gt;&#xd;
$\begin{matrix}&lt;br /&gt;&#xd;
\textrm{Ort} &amp;amp; \textrm{Entfernung (km)} &amp;amp; \textrm{Einwohner} \\&lt;br /&gt;&#xd;
\hline&lt;br /&gt;&#xd;
\textrm{Dorf A} &amp;amp; 0 &amp;amp; [var=Dorf1] \\&lt;br /&gt;&#xd;
\textrm{Dorf B} &amp;amp; 11 &amp;amp; [var=Dorf2] \\&lt;br /&gt;&#xd;
\textrm{Dorf C} &amp;amp; 13 &amp;amp; [var=Dorf3] \\&lt;br /&gt;&#xd;
\textrm{Dorf D} &amp;amp; 17 &amp;amp; [var=Dorf4] \\&lt;br /&gt;&#xd;
\textrm{Dorf E} &amp;amp; 20 &amp;amp; [var=Dorf5] \\&lt;br /&gt;&#xd;
\end{matrix}$&lt;br /&gt;&#xd;
&lt;br /&gt;&#xd;
Sei $X$ die Entfernung, die pro Einwohner zum Dorf A zur&amp;uuml;ckgelegt werden muss. Vervollst&amp;auml;ndigen Sie die empirische Verteilungsfunktion:&lt;br /&gt;&#xd;
&lt;br /&gt;&#xd;
$H(x) =&lt;br /&gt;&#xd;
\begin{cases}&lt;br /&gt;&#xd;
a &amp;amp; \mbox{f&amp;uuml;r} \quad x &amp;lt; 0 \\&lt;br /&gt;&#xd;
b &amp;amp; \mbox{f&amp;uuml;r} \quad 0 \leq x &amp;lt; 11 \\&lt;br /&gt;&#xd;
c &amp;amp; \mbox{f&amp;uuml;r} \quad 11 \leq x &amp;lt; 13 \\&lt;br /&gt;&#xd;
d &amp;amp; \mbox{f&amp;uuml;r} \quad 13 \leq x &amp;lt; 17 \\&lt;br /&gt;&#xd;
e &amp;amp; \mbox{f&amp;uuml;r} \quad 17 \leq x &amp;lt; 20 \\&lt;br /&gt;&#xd;
f &amp;amp; \mbox{f&amp;uuml;r} \quad x \geq 20&lt;br /&gt;&#xd;
\end{cases}$&lt;br /&gt;&#xd;
&lt;br /&gt;&#xd;
&lt;strong&gt;Einreichung:&lt;/strong&gt;&lt;br /&gt;&#xd;
&amp;nbsp;&#xd;
&lt;table border=&quot;0&quot; cellpadding=&quot;1&quot; cellspacing=&quot;1&quot; style=&quot;width:200px;&quot;&gt;&#xd;
	&lt;tbody&gt;&#xd;
		&lt;tr&gt;&#xd;
			&lt;td style=&quot;text-align: right;&quot;&gt;$a \ = \;$&lt;/td&gt;&#xd;
			&lt;td&gt;&amp;nbsp;&lt;input name=&quot;field1&quot; size=&quot;6&quot; type=&quot;text&quot; value=&quot;field1&quot; /&gt;&amp;nbsp;&lt;/td&gt;&#xd;
		&lt;/tr&gt;&#xd;
		&lt;tr&gt;&#xd;
			&lt;td style=&quot;text-align: right;&quot;&gt;$b \ = \;$&lt;/td&gt;&#xd;
			&lt;td&gt;&amp;nbsp;&lt;input name=&quot;field2&quot; size=&quot;6&quot; type=&quot;text&quot; value=&quot;field2&quot; /&gt;&amp;nbsp;&lt;/td&gt;&#xd;
		&lt;/tr&gt;&#xd;
		&lt;tr&gt;&#xd;
			&lt;td style=&quot;text-align: right;&quot;&gt;$c \ = \;$&lt;/td&gt;&#xd;
			&lt;td&gt;&amp;nbsp;&lt;input name=&quot;field3&quot; size=&quot;6&quot; type=&quot;text&quot; value=&quot;field3&quot; /&gt;&amp;nbsp;&lt;/td&gt;&#xd;
		&lt;/tr&gt;&#xd;
		&lt;tr&gt;&#xd;
			&lt;td style=&quot;text-align: right;&quot;&gt;$d \ = \;$&lt;/td&gt;&#xd;
			&lt;td&gt;&amp;nbsp;&lt;input name=&quot;field4&quot; size=&quot;6&quot; type=&quot;text&quot; value=&quot;field4&quot; /&gt;&amp;nbsp;&lt;/td&gt;&#xd;
		&lt;/tr&gt;&#xd;
		&lt;tr&gt;&#xd;
			&lt;td style=&quot;text-align: right;&quot;&gt;$e \ = \;$&lt;/td&gt;&#xd;
			&lt;td&gt;&amp;nbsp;&lt;input name=&quot;field5&quot; size=&quot;6&quot; type=&quot;text&quot; value=&quot;field5&quot; /&gt;&amp;nbsp;&lt;/td&gt;&#xd;
		&lt;/tr&gt;&#xd;
		&lt;tr&gt;&#xd;
			&lt;td style=&quot;text-align: right;&quot;&gt;$f \ = \;$&lt;/td&gt;&#xd;
			&lt;td&gt;&amp;nbsp;&lt;input name=&quot;field6&quot; size=&quot;6&quot; type=&quot;text&quot; value=&quot;field6&quot; /&gt;&amp;nbsp;&lt;/td&gt;&#xd;
		&lt;/tr&gt;&#xd;
	&lt;/tbody&gt;&#xd;
&lt;/table&gt;&#xd;
&lt;br /&gt;&#xd;
&lt;span style=&quot;font-size:12px;&quot;&gt;&lt;em&gt;(Runden Sie, falls n&amp;ouml;tig, auf die zweite Nachkommastelle und verwenden Sie einen Dezimalpunkt!)&lt;/em&gt;&lt;/span&gt; &lt;!--&#xd;
&lt;p&gt;&lt;a href=&quot;https://rdrr.io/snippets/embed/&quot; onclick=&quot;window.open(&apos;https://rdrr.io/snippets/embed/?code=&apos;,&apos;R Console&apos;,&apos; margin-top: 20px; top=200,left=100,width=480,height=640,menubar=no,toolbar=no,&apos;); return false;&quot; target=&quot;_blank&quot;&gt;&lt;img alt=&quot;R_ Logo&quot; pull-right=&quot;&quot; src=&quot;/econometrics/resource?resource=157444&quot; style=&quot;width: 40px; height: 50px; float: right; margin: 5px&quot; /&gt;&lt;/a&gt;&lt;/p&gt;&#xd;
--&gt;</taskDescription>
      <skipMessage>&amp;nbsp;
&lt;table align=&quot;left&quot; border=&quot;0&quot; cellpadding=&quot;1&quot; cellspacing=&quot;1&quot; style=&quot;width:150px;&quot;&gt;
	&lt;tbody&gt;
		&lt;tr&gt;
			&lt;td style=&quot;text-align: right;&quot;&gt;$a \ = \;$&lt;/td&gt;
			&lt;td&gt;&amp;nbsp;$0$&lt;/td&gt;
		&lt;/tr&gt;
		&lt;tr&gt;
			&lt;td style=&quot;text-align: right;&quot;&gt;$b \ = \;$&lt;/td&gt;
			&lt;td&gt;&amp;nbsp;$[var=$x1]$&lt;/td&gt;
		&lt;/tr&gt;
		&lt;tr&gt;
			&lt;td style=&quot;text-align: right;&quot;&gt;$c \ = \;$&lt;/td&gt;
			&lt;td&gt;&amp;nbsp;&amp;nbsp;$[var=$x2]$&lt;/td&gt;
		&lt;/tr&gt;
		&lt;tr&gt;
			&lt;td style=&quot;text-align: right;&quot;&gt;$d \ = \;$&lt;/td&gt;
			&lt;td&gt;&amp;nbsp;&amp;nbsp;$[var=$x3]$&lt;/td&gt;
		&lt;/tr&gt;
		&lt;tr&gt;
			&lt;td style=&quot;text-align: right;&quot;&gt;$e \ = \;$&lt;/td&gt;
			&lt;td&gt;&amp;nbsp;&amp;nbsp;$[var=$x4]$&lt;/td&gt;
		&lt;/tr&gt;
		&lt;tr&gt;
			&lt;td style=&quot;text-align: right;&quot;&gt;$f \ = \;$&lt;/td&gt;
			&lt;td&gt;&amp;nbsp;&amp;nbsp;$1$&lt;/td&gt;
		&lt;/tr&gt;
	&lt;/tbody&gt;
&lt;/table&gt;
</skipMessage>
      <defaultTransition id="7">
        <conditionExpression id="8">
          <domain>MATH</domain>
        </conditionExpression>
        <stageExpression id="9">
          <domain>MATH</domain>
        </stageExpression>
        <isRepeat>true</isRepeat>
      </defaultTransition>
      <skipTransitions id="10">
        <StageTransition id="11">
          <conditionExpression id="12">
            <code></code>
            <domain>MATH</domain>
          </conditionExpression>
          <stageExpression id="13">
            <domain>MATH</domain>
          </stageExpression>
          <targetStage class="MCStage" id="14">
            <internalName>2</internalName>
            <externalName>Stage 2</externalName>
            <taskDescription>&lt;strong&gt;Aufgabenstellung:&lt;/strong&gt;&lt;br /&gt;&#xd;
&lt;br /&gt;&#xd;
Es wird unterstellt, dass jeder Einwohner einmal j&amp;auml;hrlich das Verwaltungszentrum aufsucht.&amp;nbsp;Wo ist das Geb&amp;auml;ude zu errichten, wenn die von den Einwohnern insgesamt zur&amp;uuml;ckzulegende Strecke minimiert werden soll?&lt;br /&gt;&#xd;
&lt;br /&gt;&#xd;
Welcher Mittelwert ist hierf&amp;uuml;r zu berechnen?&lt;br /&gt;&#xd;
&lt;br /&gt;&#xd;
&lt;strong&gt;Auswahl:&lt;/strong&gt;</taskDescription>
            <skipMessage>Es soll die Summe der Entfernungen (bzw. absoluten Abweichungen) minimiert werden:&lt;br /&gt;
$$ \sum |x_i - a|n_i \longrightarrow \min_{a}! $$&lt;br /&gt;
Der Median minimiert die Summe der absoluten Abweichungen, also ist $a=x_{Med}$.&lt;br /&gt;
&lt;br /&gt;
$x_{Med} = \begin{cases} x_{i^*} &amp;amp; , \text{ f&amp;uuml;r } H(x_{i^*-1}) &amp;lt; p \text{ und } H(x_{i^*}) &amp;gt; p \\ x_{i^*} &amp;amp; , \text{ f&amp;uuml;r } H(x_{i^*})=p \end{cases} $</skipMessage>
            <defaultTransition id="15">
              <conditionExpression id="16">
                <domain>MATH</domain>
              </conditionExpression>
              <stageExpression id="17">
                <domain>MATH</domain>
              </stageExpression>
              <isRepeat>true</isRepeat>
            </defaultTransition>
            <skipTransitions id="18">
              <StageTransition id="19">
                <conditionExpression id="20">
                  <code></code>
                  <domain>MATH</domain>
                </conditionExpression>
                <stageExpression id="21">
                  <domain>MATH</domain>
                </stageExpression>
                <targetStage class="FillInStage" id="22">
                  <internalName>3</internalName>
                  <externalName>Stage 3</externalName>
                  <taskDescription>&lt;strong&gt;Aufgabenstellung:&lt;/strong&gt;&lt;br /&gt;&#xd;
&lt;br /&gt;&#xd;
Berechnen Sie diesen.&lt;br /&gt;&#xd;
&lt;br /&gt;&#xd;
&lt;strong&gt;Einreichung:&lt;/strong&gt;&lt;br /&gt;&#xd;
&lt;br /&gt;&#xd;
&lt;input name=&quot;field1&quot; size=&quot;6&quot; type=&quot;text&quot; value=&quot;field1&quot; /&gt;&amp;nbsp; &lt;!--&#xd;
&lt;p&gt;&lt;a href=&quot;https://rdrr.io/snippets/embed/&quot; onclick=&quot;window.open(&apos;https://rdrr.io/snippets/embed/?code=&apos;,&apos;R Console&apos;,&apos; margin-top: 20px; top=200,left=100,width=480,height=640,menubar=no,toolbar=no,&apos;); return false;&quot; target=&quot;_blank&quot;&gt;&lt;img alt=&quot;R_ Logo&quot; pull-right=&quot;&quot; src=&quot;/econometrics/resource?resource=157444&quot; style=&quot;width: 40px; height: 50px; float: right; margin: 5px&quot; /&gt;&lt;/a&gt;&lt;/p&gt;&#xd;
--&gt;</taskDescription>
                  <skipMessage>Der Median lautet [var=m1].</skipMessage>
                  <defaultTransition id="23">
                    <conditionExpression id="24">
                      <domain>MATH</domain>
                    </conditionExpression>
                    <stageExpression id="25">
                      <domain>MATH</domain>
                    </stageExpression>
                    <isRepeat>true</isRepeat>
                  </defaultTransition>
                  <skipTransitions id="26">
                    <StageTransition id="27">
                      <conditionExpression id="28">
                        <code></code>
                        <domain>MATH</domain>
                      </conditionExpression>
                      <stageExpression id="29">
                        <domain>MATH</domain>
                      </stageExpression>
                      <targetStage class="FillInStage" id="30">
                        <internalName>4</internalName>
                        <externalName>Stage 4</externalName>
                        <taskDescription>&lt;strong&gt;Aufgabenstellung:&lt;/strong&gt;&lt;br /&gt;&#xd;
&lt;br /&gt;&#xd;
Also ist das Geb&amp;auml;ude im &amp;nbsp;&lt;select name=&quot;field1&quot;&gt;&lt;option value=&quot;0&quot;&gt;field1&lt;/option&gt;&lt;/select&gt;&amp;nbsp; zu errichten.</taskDescription>
                        <skipMessage>Das Geb&amp;auml;ude ist in [var=correct4] zu errichten.</skipMessage>
                        <defaultTransition id="31">
                          <conditionExpression id="32">
                            <domain>MATH</domain>
                          </conditionExpression>
                          <stageExpression id="33">
                            <domain>MATH</domain>
                          </stageExpression>
                          <isRepeat>true</isRepeat>
                        </defaultTransition>
                        <skipTransitions id="34">
                          <StageTransition id="35">
                            <conditionExpression id="36">
                              <code></code>
                              <domain>MATH</domain>
                            </conditionExpression>
                            <stageExpression id="37">
                              <domain>MATH</domain>
                            </stageExpression>
                            <targetStage class="FillInStage" id="38">
                              <internalName>5</internalName>
                              <externalName>Stage 5</externalName>
                              <taskDescription>&lt;strong&gt;Aufgabenstellung:&lt;/strong&gt;&lt;br /&gt;&#xd;
&lt;br /&gt;&#xd;
Die durchschnittliche absolute Abweichung vom Median betr&amp;auml;gt dann:&lt;br /&gt;&#xd;
&lt;br /&gt;&#xd;
&lt;strong&gt;Einreichung:&lt;/strong&gt;&lt;br /&gt;&#xd;
&lt;br /&gt;&#xd;
&amp;nbsp;&lt;input name=&quot;field1&quot; size=&quot;6&quot; type=&quot;text&quot; value=&quot;field1&quot; /&gt;&amp;nbsp;&lt;br /&gt;&#xd;
&lt;br /&gt;&#xd;
&lt;em&gt;(Runden Sie, falls n&amp;ouml;tig, auf die zweite Nachkommastelle und verwenden Sie einen Dezimalpunkt.)&lt;/em&gt;&lt;br /&gt;&#xd;
&amp;nbsp; &lt;!--&#xd;
&lt;p&gt;&lt;a href=&quot;https://rdrr.io/snippets/embed/&quot; onclick=&quot;window.open(&apos;https://rdrr.io/snippets/embed/?code=&apos;,&apos;R Console&apos;,&apos; margin-top: 20px; top=200,left=100,width=480,height=640,menubar=no,toolbar=no,&apos;); return false;&quot; target=&quot;_blank&quot;&gt;&lt;img alt=&quot;R_ Logo&quot; pull-right=&quot;&quot; src=&quot;/econometrics/resource?resource=157444&quot; style=&quot;width: 40px; height: 50px; float: right; margin: 5px&quot; /&gt;&lt;/a&gt;&lt;/p&gt;&#xd;
--&gt;</taskDescription>
                              <skipMessage>Die durchschnittliche absolute Abweichung betr&amp;auml;gt [var=MAD1].</skipMessage>
                              <defaultTransition id="39">
                                <conditionExpression id="40">
                                  <domain>MATH</domain>
                                </conditionExpression>
                                <stageExpression id="41">
                                  <domain>MATH</domain>
                                </stageExpression>
                                <isRepeat>true</isRepeat>
                              </defaultTransition>
                              <skipTransitions id="42">
                                <StageTransition id="43">
                                  <conditionExpression id="44">
                                    <code></code>
                                    <domain>MATH</domain>
                                  </conditionExpression>
                                  <stageExpression id="45">
                                    <domain>MATH</domain>
                                  </stageExpression>
                                  <targetStage class="FillInStage" id="46">
                                    <internalName>6</internalName>
                                    <externalName>Stage 6</externalName>
                                    <taskDescription>&lt;strong&gt;Aufgabenstellung:&lt;/strong&gt;&lt;br /&gt;&#xd;
&lt;br /&gt;&#xd;
Berechnen Sie Variationskoeffizient und relativen Quartilsabstand f&amp;uuml;r die Verteilung der Entfernungen!&lt;br /&gt;&#xd;
&lt;br /&gt;&#xd;
&lt;strong&gt;Einreichung:&lt;/strong&gt;&lt;br /&gt;&#xd;
&amp;nbsp;&#xd;
&lt;table border=&quot;0&quot; cellpadding=&quot;1&quot; cellspacing=&quot;1&quot; style=&quot;width:375px;&quot;&gt;&#xd;
	&lt;tbody&gt;&#xd;
		&lt;tr&gt;&#xd;
			&lt;td&gt;Variationskoeffizient $v: \;$&amp;nbsp;&lt;/td&gt;&#xd;
			&lt;td&gt;&amp;nbsp;&lt;input name=&quot;field1&quot; size=&quot;6&quot; type=&quot;text&quot; value=&quot;field1&quot; /&gt;&amp;nbsp;&lt;/td&gt;&#xd;
		&lt;/tr&gt;&#xd;
		&lt;tr&gt;&#xd;
			&lt;td&gt;Relativer Quartilsabstand $Q_{rel}: \;$&lt;/td&gt;&#xd;
			&lt;td&gt;&amp;nbsp;&lt;input name=&quot;field2&quot; size=&quot;6&quot; type=&quot;text&quot; value=&quot;field2&quot; /&gt;&amp;nbsp;&lt;/td&gt;&#xd;
		&lt;/tr&gt;&#xd;
	&lt;/tbody&gt;&#xd;
&lt;/table&gt;&#xd;
&lt;br /&gt;&#xd;
&amp;nbsp;&lt;span style=&quot;font-size:12px;&quot;&gt;&lt;em&gt;(Runden Sie,falls n&amp;ouml;tig, auf die zweite Nachkommastelle und verwenden Sie einen Dezimalpunkt.)&lt;/em&gt;&lt;/span&gt; &lt;!--&#xd;
&lt;p&gt;&lt;a href=&quot;https://rdrr.io/snippets/embed/&quot; onclick=&quot;window.open(&apos;https://rdrr.io/snippets/embed/?code=&apos;,&apos;R Console&apos;,&apos; margin-top: 20px; top=200,left=100,width=480,height=640,menubar=no,toolbar=no,&apos;); return false;&quot; target=&quot;_blank&quot;&gt;&lt;img alt=&quot;R_ Logo&quot; pull-right=&quot;&quot; src=&quot;/econometrics/resource?resource=157444&quot; style=&quot;width: 40px; height: 50px; float: right; margin: 5px&quot; /&gt;&lt;/a&gt;&lt;/p&gt;&#xd;
--&gt;</taskDescription>
                                    <skipMessage>&lt;table border=&quot;0&quot; cellpadding=&quot;1&quot; cellspacing=&quot;1&quot; style=&quot;width:275px;&quot;&gt;
	&lt;tbody&gt;
		&lt;tr&gt;
			&lt;td&gt;Variationskoeffizient $v: \;$&amp;nbsp;&lt;/td&gt;
			&lt;td&gt;&amp;nbsp;[var=v]&lt;/td&gt;
		&lt;/tr&gt;
		&lt;tr&gt;
			&lt;td&gt;Relativer Quartilsabstand $Q_{rel}: \;$&lt;/td&gt;
			&lt;td&gt;&amp;nbsp;[var=QA]&lt;/td&gt;
		&lt;/tr&gt;
	&lt;/tbody&gt;
&lt;/table&gt;
</skipMessage>
                                    <defaultTransition id="47">
                                      <conditionExpression id="48">
                                        <domain>MATH</domain>
                                      </conditionExpression>
                                      <stageExpression id="49">
                                        <domain>MATH</domain>
                                      </stageExpression>
                                      <isRepeat>true</isRepeat>
                                    </defaultTransition>
                                    <skipTransitions id="50">
                                      <StageTransition id="51">
                                        <conditionExpression id="52">
                                          <code></code>
                                          <domain>MATH</domain>
                                        </conditionExpression>
                                        <stageExpression id="53">
                                          <domain>MATH</domain>
                                        </stageExpression>
                                        <isRepeat>false</isRepeat>
                                      </StageTransition>
                                    </skipTransitions>
                                    <stageTransitions id="54">
                                      <StageTransition id="55">
                                        <conditionExpression id="56">
                                          <code></code>
                                          <domain>MATH</domain>
                                        </conditionExpression>
                                        <stageExpression id="57">
                                          <code>[meta=stageCurrentResult]&gt;=100</code>
                                          <domain>MATH</domain>
                                        </stageExpression>
                                        <isRepeat>false</isRepeat>
                                      </StageTransition>
                                    </stageTransitions>
                                    <hints id="58">
                                      <StageHint id="59">
                                        <stagehint__order>0</stagehint__order>
                                        <text>$v=\dfrac{s}{\bar{x}}$ &lt;em&gt;(Es ist ein weiterer Hinweis vorhanden)&lt;/em&gt;</text>
                                        <malus>0</malus>
                                        <stage class="FillInStage" reference="46"/>
                                      </StageHint>
                                      <StageHint id="60">
                                        <stagehint__order>1</stagehint__order>
                                        <text>$\bar{x} = \sum_{i=1}^{m} x_ih_i$&lt;em&gt; (Es ist ein weiterer Hinweis vorhanden)&lt;/em&gt;</text>
                                        <malus>0</malus>
                                        <stage class="FillInStage" reference="46"/>
                                      </StageHint>
                                      <StageHint id="61">
                                        <stagehint__order>2</stagehint__order>
                                        <text>$s^2=\sum_{i=1}^{m} x_i^2h_i - \bar{x}^2$ &lt;em&gt;(Es ist ein weiterer Hinweis vorhanden)&lt;/em&gt;</text>
                                        <malus>0</malus>
                                        <stage class="FillInStage" reference="46"/>
                                      </StageHint>
                                      <StageHint id="62">
                                        <stagehint__order>3</stagehint__order>
                                        <text>$Q_{rel} = \dfrac{2Q}{Q_1 + Q_3} = \dfrac{2(x_{0,75} - x_{0,25})}{x_{0,25} + x_{0,75}}$ &lt;em&gt;(Es ist ein weiterer Hinweis vorhanden)&lt;/em&gt;</text>
                                        <malus>0</malus>
                                        <stage class="FillInStage" reference="46"/>
                                      </StageHint>
                                      <StageHint id="63">
                                        <stagehint__order>4</stagehint__order>
                                        <text>$ s \approx [var=$sg],\quad \bar{x} \approx [var=$xquerg] $
		</text>
                                        <malus>0</malus>
                                        <stage class="FillInStage" reference="46"/>
                                      </StageHint>
                                    </hints>
                                    <variableUpdatesOnEnter id="64"/>
                                    <variableUpdatesBeforeCheck id="65"/>
                                    <variableUpdatesAfterCheck id="66"/>
                                    <variableUpdatesOnNormalExit id="67"/>
                                    <variableUpdatesOnRepeat id="68"/>
                                    <variableUpdatesOnSkip id="69"/>
                                    <weight>1</weight>
                                    <orderIndex>5</orderIndex>
                                    <allowSkip>true</allowSkip>
                                    <resources id="70"/>
                                    <rules id="71"/>
                                    <fillInFields id="72">
                                      <FillInField id="73">
                                        <name>field2</name>
                                        <orderIndex>1</orderIndex>
                                        <size>6</size>
                                        <formularEditorType>NUMBER</formularEditorType>
                                      </FillInField>
                                      <FillInField id="74">
                                        <name>field1</name>
                                        <orderIndex>0</orderIndex>
                                        <size>6</size>
                                        <formularEditorType>NUMBER</formularEditorType>
                                      </FillInField>
                                    </fillInFields>
                                    <dropDownFields id="75"/>
                                    <formularEditorPalette>MATHDOX_FORMULAR_EDITOR_BASIC</formularEditorPalette>
                                    <defaultFeedback>Leider falsch.&lt;br /&gt;
&amp;nbsp;
&lt;table border=&quot;0&quot; cellpadding=&quot;1&quot; cellspacing=&quot;1&quot; style=&quot;width:275px;&quot;&gt;
	&lt;tbody&gt;
		&lt;tr&gt;
			&lt;td&gt;Variationskoeffizient $v: \;$&amp;nbsp;&lt;/td&gt;
			&lt;td&gt;&amp;nbsp;[var=v]&lt;/td&gt;
		&lt;/tr&gt;
		&lt;tr&gt;
			&lt;td&gt;Relativer Quartilsabstand $Q_{rel}: \;$&lt;/td&gt;
			&lt;td&gt;&amp;nbsp;[var=QA]&lt;/td&gt;
		&lt;/tr&gt;
	&lt;/tbody&gt;
&lt;/table&gt;
</defaultFeedback>
                                    <correctAnswerRules id="76">
                                      <Rule id="77">
                                        <name>CorrectAnswer1</name>
                                        <orderIndex>1</orderIndex>
                                        <validationExpression id="78">
                                          <code>!isEmpty([input=field1])&amp;&amp;isRealNumber([input=field1])&amp;&amp;!isEmpty([input=field2])&amp;&amp;isRealNumber([input=field2])&amp;&amp;[input=field1]&lt;[var=v]*1.01&amp;&amp;[input=field1]&gt;[var=v]*0.99&amp;&amp;[input=field2]&lt;[var=QA]*1.01&amp;&amp;[input=field2]&gt;[var=QA]*0.99</code>
                                          <domain>MATH</domain>
                                        </validationExpression>
                                        <points>0</points>
                                        <terminal>false</terminal>
                                      </Rule>
                                    </correctAnswerRules>
                                    <correctAnswerFeedback>Richtig.&amp;nbsp;</correctAnswerFeedback>
                                    <defaultResult>0</defaultResult>
                                  </targetStage>
                                  <isRepeat>false</isRepeat>
                                </StageTransition>
                              </skipTransitions>
                              <stageTransitions id="79">
                                <StageTransition id="80">
                                  <conditionExpression id="81">
                                    <code></code>
                                    <domain>MATH</domain>
                                  </conditionExpression>
                                  <stageExpression id="82">
                                    <code>[meta=stageCurrentResult]&gt;=100</code>
                                    <domain>MATH</domain>
                                  </stageExpression>
                                  <targetStage class="FillInStage" reference="46"/>
                                  <isRepeat>false</isRepeat>
                                </StageTransition>
                              </stageTransitions>
                              <hints id="83">
                                <StageHint id="84">
                                  <stagehint__order>0</stagehint__order>
                                  <text>$MAD(x)=\sum_{i=1}^m |x_i - x_{Med}|h_i:$ </text>
                                  <malus>0</malus>
                                  <stage class="FillInStage" reference="38"/>
                                </StageHint>
                              </hints>
                              <variableUpdatesOnEnter id="85"/>
                              <variableUpdatesBeforeCheck id="86"/>
                              <variableUpdatesAfterCheck id="87"/>
                              <variableUpdatesOnNormalExit id="88"/>
                              <variableUpdatesOnRepeat id="89"/>
                              <variableUpdatesOnSkip id="90"/>
                              <weight>1</weight>
                              <orderIndex>4</orderIndex>
                              <allowSkip>true</allowSkip>
                              <resources id="91"/>
                              <rules id="92"/>
                              <fillInFields id="93">
                                <FillInField id="94">
                                  <name>field1</name>
                                  <orderIndex>0</orderIndex>
                                  <size>6</size>
                                  <formularEditorType>NUMBER</formularEditorType>
                                </FillInField>
                              </fillInFields>
                              <dropDownFields id="95"/>
                              <formularEditorPalette>MATHDOX_FORMULAR_EDITOR_BASIC</formularEditorPalette>
                              <defaultFeedback>Leider falsch.&lt;br /&gt;
&lt;br /&gt;
Die durchschnittliche absolute Abweichung betr&amp;auml;gt [var=MAD1].</defaultFeedback>
                              <correctAnswerRules id="96">
                                <Rule id="97">
                                  <name>CorrectAnswer1</name>
                                  <orderIndex>1</orderIndex>
                                  <validationExpression id="98">
                                    <code>!isEmpty([input=field1])&amp;&amp;isRealNumber([input=field1])&amp;&amp;[input=field1]&lt;[var=MAD1]*1.01&amp;&amp;[input=field1]&gt;[var=MAD1]*0.99</code>
                                    <domain>MATH</domain>
                                  </validationExpression>
                                  <points>0</points>
                                  <terminal>false</terminal>
                                </Rule>
                              </correctAnswerRules>
                              <correctAnswerFeedback>Richtig.</correctAnswerFeedback>
                              <defaultResult>0</defaultResult>
                            </targetStage>
                            <isRepeat>false</isRepeat>
                          </StageTransition>
                        </skipTransitions>
                        <stageTransitions id="99">
                          <StageTransition id="100">
                            <conditionExpression id="101">
                              <code></code>
                              <domain>MATH</domain>
                            </conditionExpression>
                            <stageExpression id="102">
                              <code>[meta=stageCurrentResult]&gt;=100</code>
                              <domain>MATH</domain>
                            </stageExpression>
                            <targetStage class="FillInStage" reference="38"/>
                            <isRepeat>false</isRepeat>
                          </StageTransition>
                        </stageTransitions>
                        <hints id="103">
                          <StageHint id="104">
                            <stagehint__order>0</stagehint__order>
                            <text>Sie können die Antwort aus Frage 3 und Frage 1 ablesen.</text>
                            <malus>0</malus>
                            <stage class="FillInStage" reference="30"/>
                          </StageHint>
                        </hints>
                        <variableUpdatesOnEnter id="105"/>
                        <variableUpdatesBeforeCheck id="106"/>
                        <variableUpdatesAfterCheck id="107"/>
                        <variableUpdatesOnNormalExit id="108"/>
                        <variableUpdatesOnRepeat id="109"/>
                        <variableUpdatesOnSkip id="110"/>
                        <weight>1</weight>
                        <orderIndex>3</orderIndex>
                        <allowSkip>true</allowSkip>
                        <resources id="111"/>
                        <rules id="112"/>
                        <fillInFields id="113"/>
                        <dropDownFields id="114">
                          <de.uni__due.s3.jack3.entities.stagetypes.fillin.DropDownField id="115">
                            <name>field1</name>
                            <orderIndex>0</orderIndex>
                            <randomize>true</randomize>
                            <items id="116">
                              <string>Dorf A</string>
                              <string>Dorf B</string>
                              <string>Dorf C</string>
                              <string>Dorf D</string>
                              <string>Dorf E</string>
                            </items>
                          </de.uni__due.s3.jack3.entities.stagetypes.fillin.DropDownField>
                        </dropDownFields>
                        <formularEditorPalette>MATHDOX_FORMULAR_EDITOR_NO_PALETTE</formularEditorPalette>
                        <defaultFeedback>Leider falsch.&lt;br /&gt;
&lt;br /&gt;
Das Geb&amp;auml;ude ist in [var=correct4] zu errichten.</defaultFeedback>
                        <correctAnswerRules id="117">
                          <Rule id="118">
                            <name>CorrectAnswer1</name>
                            <orderIndex>1</orderIndex>
                            <validationExpression id="119">
                              <code>!isEmpty([input=field1])&amp;&amp;isRealNumber([input=field1])&amp;&amp;[input=field1]==[var=a1]</code>
                              <domain>MATH</domain>
                            </validationExpression>
                            <points>0</points>
                            <terminal>false</terminal>
                          </Rule>
                        </correctAnswerRules>
                        <correctAnswerFeedback>Richtig.</correctAnswerFeedback>
                        <defaultResult>0</defaultResult>
                      </targetStage>
                      <isRepeat>false</isRepeat>
                    </StageTransition>
                  </skipTransitions>
                  <stageTransitions id="120">
                    <StageTransition id="121">
                      <conditionExpression id="122">
                        <code></code>
                        <domain>MATH</domain>
                      </conditionExpression>
                      <stageExpression id="123">
                        <code>[meta=stageCurrentResult]&gt;=100</code>
                        <domain>MATH</domain>
                      </stageExpression>
                      <targetStage class="FillInStage" reference="30"/>
                      <isRepeat>false</isRepeat>
                    </StageTransition>
                  </stageTransitions>
                  <hints id="124">
                    <StageHint id="125">
                      <stagehint__order>0</stagehint__order>
                      <text>Sie können den Median aus Frage 1 ablesen.</text>
                      <malus>0</malus>
                      <stage class="FillInStage" reference="22"/>
                    </StageHint>
                  </hints>
                  <variableUpdatesOnEnter id="126"/>
                  <variableUpdatesBeforeCheck id="127"/>
                  <variableUpdatesAfterCheck id="128"/>
                  <variableUpdatesOnNormalExit id="129"/>
                  <variableUpdatesOnRepeat id="130"/>
                  <variableUpdatesOnSkip id="131"/>
                  <weight>1</weight>
                  <orderIndex>2</orderIndex>
                  <allowSkip>true</allowSkip>
                  <resources id="132"/>
                  <rules id="133"/>
                  <fillInFields id="134">
                    <FillInField id="135">
                      <name>field1</name>
                      <orderIndex>0</orderIndex>
                      <size>6</size>
                      <formularEditorType>NUMBER</formularEditorType>
                    </FillInField>
                  </fillInFields>
                  <dropDownFields id="136"/>
                  <formularEditorPalette>MATHDOX_FORMULAR_EDITOR_BASIC</formularEditorPalette>
                  <defaultFeedback>Leider falsch.&lt;br /&gt;
&lt;br /&gt;
Der Median lautet [var=m1].</defaultFeedback>
                  <correctAnswerRules id="137">
                    <Rule id="138">
                      <name>CorrectAnswer1</name>
                      <orderIndex>1</orderIndex>
                      <validationExpression id="139">
                        <code>!isEmpty([input=field1])&amp;&amp;isRealNumber([input=field1])&amp;&amp;[input=field1]==[var=m1]</code>
                        <domain>MATH</domain>
                      </validationExpression>
                      <points>0</points>
                      <terminal>false</terminal>
                    </Rule>
                  </correctAnswerRules>
                  <correctAnswerFeedback>Richtig.</correctAnswerFeedback>
                  <defaultResult>0</defaultResult>
                </targetStage>
                <isRepeat>false</isRepeat>
              </StageTransition>
            </skipTransitions>
            <stageTransitions id="140">
              <StageTransition id="141">
                <conditionExpression id="142">
                  <code></code>
                  <domain>MATH</domain>
                </conditionExpression>
                <stageExpression id="143">
                  <code>[meta=stageCurrentResult]&gt;=100</code>
                  <domain>MATH</domain>
                </stageExpression>
                <targetStage class="FillInStage" reference="22"/>
                <isRepeat>false</isRepeat>
              </StageTransition>
            </stageTransitions>
            <hints id="144">
              <StageHint id="145">
                <stagehint__order>0</stagehint__order>
                <text>Es soll die Summe der Entfernungen (bzw. absoluten Abweichungen) minimiert werden:&lt;br /&gt;
$$ \sum |x_i - a|n_i \longrightarrow \min_{a} !$$</text>
                <malus>0</malus>
                <stage class="MCStage" reference="14"/>
              </StageHint>
            </hints>
            <variableUpdatesOnEnter id="146"/>
            <variableUpdatesBeforeCheck id="147"/>
            <variableUpdatesAfterCheck id="148"/>
            <variableUpdatesOnNormalExit id="149"/>
            <variableUpdatesOnRepeat id="150"/>
            <variableUpdatesOnSkip id="151"/>
            <weight>1</weight>
            <orderIndex>1</orderIndex>
            <allowSkip>true</allowSkip>
            <resources id="152"/>
            <answerOptions id="153">
              <MCAnswer id="154">
                <order>0</order>
                <rule>CORRECT</rule>
                <text>Median</text>
                <variableName></variableName>
                <mcstage reference="14"/>
              </MCAnswer>
              <MCAnswer id="155">
                <order>1</order>
                <rule>WRONG</rule>
                <text>arithmetisches Mittel</text>
                <variableName></variableName>
                <mcstage reference="14"/>
              </MCAnswer>
              <MCAnswer id="156">
                <order>2</order>
                <rule>WRONG</rule>
                <text>harmonisches Mittel</text>
                <variableName></variableName>
                <mcstage reference="14"/>
              </MCAnswer>
              <MCAnswer id="157">
                <order>3</order>
                <rule>WRONG</rule>
                <text>geometrisches Mittel</text>
                <variableName></variableName>
                <mcstage reference="14"/>
              </MCAnswer>
            </answerOptions>
            <randomize>true</randomize>
            <singleChoice>false</singleChoice>
            <correctAnswerFeedback>Richtig.</correctAnswerFeedback>
            <defaultFeedback>Leider falsch.&amp;nbsp;&lt;br /&gt;
&lt;br /&gt;
Es soll die Summe der Entfernungen (bzw. absoluten Abweichungen) minimiert werden:&lt;br /&gt;
$$ \sum |x_i - a|n_i \longrightarrow \min_{a}! $$&lt;br /&gt;
Der Median minimiert die Summe der absoluten Abweichungen, also ist $a=x_{Med}$.&lt;br /&gt;
&lt;br /&gt;
$x_{Med} = \begin{cases} x_{i^*} &amp;amp; , \text{ f&amp;uuml;r } H(x_{i^*-1}) &amp;lt; p \text{ und } H(x_{i^*}) &amp;gt; p \\ x_{i^*} &amp;amp; , \text{ f&amp;uuml;r } H(x_{i^*})=p \end{cases} $</defaultFeedback>
            <defaultResult>0</defaultResult>
            <extraFeedbacks id="158">
              <de.uni__due.s3.jack3.entities.stagetypes.mc.MCFeedback id="159">
                <expression id="160">
                  <code>![input=mcindex_0]&amp;&amp;[input=mcindex_1]&amp;&amp;![input=mcindex_2]&amp;&amp;![input=mcindex_3]</code>
                  <domain>MATH</domain>
                </expression>
                <condition id="161">
                  <code></code>
                  <domain>MATH</domain>
                </condition>
                <result>0</result>
                <feedbackText>Das arithmetische Mittel sollte nicht zu Grunde gelegt werden.</feedbackText>
              </de.uni__due.s3.jack3.entities.stagetypes.mc.MCFeedback>
              <de.uni__due.s3.jack3.entities.stagetypes.mc.MCFeedback id="162">
                <expression id="163">
                  <code>![input=mcindex_0]&amp;&amp;![input=mcindex_1]&amp;&amp;[input=mcindex_2]&amp;&amp;![input=mcindex_3]</code>
                  <domain>MATH</domain>
                </expression>
                <condition id="164">
                  <code></code>
                  <domain>MATH</domain>
                </condition>
                <result>0</result>
                <feedbackText>Das harmonisches Mittel sollte nicht zu Grunde gelegt werden.</feedbackText>
              </de.uni__due.s3.jack3.entities.stagetypes.mc.MCFeedback>
              <de.uni__due.s3.jack3.entities.stagetypes.mc.MCFeedback id="165">
                <expression id="166">
                  <code>![input=mcindex_0]&amp;&amp;![input=mcindex_1]&amp;&amp;![input=mcindex_2]&amp;&amp;[input=mcindex_3]</code>
                  <domain>MATH</domain>
                </expression>
                <condition id="167">
                  <code></code>
                  <domain>MATH</domain>
                </condition>
                <result>0</result>
                <feedbackText>Das geometrische Mittel sollte nicht zu Grunde gelegt werden.</feedbackText>
              </de.uni__due.s3.jack3.entities.stagetypes.mc.MCFeedback>
            </extraFeedbacks>
          </targetStage>
          <isRepeat>false</isRepeat>
        </StageTransition>
      </skipTransitions>
      <stageTransitions id="168">
        <StageTransition id="169">
          <conditionExpression id="170">
            <code></code>
            <domain>MATH</domain>
          </conditionExpression>
          <stageExpression id="171">
            <code>[meta=stageCurrentResult]&gt;=100</code>
            <domain>MATH</domain>
          </stageExpression>
          <targetStage class="MCStage" reference="14"/>
          <isRepeat>false</isRepeat>
        </StageTransition>
      </stageTransitions>
      <hints id="172">
        <StageHint id="173">
          <stagehint__order>0</stagehint__order>
          <text>Es ist jeweils gefragt, wie gro&amp;szlig; der Anteil von allen Einwohnern ist, deren Entfernung zum Dorf A den jeweiligen Bedingungen entspricht.&lt;br /&gt;
&lt;br /&gt;
&lt;em&gt;(Es ist ein weiterer Hinweis vorhanden)&lt;/em&gt;</text>
          <malus>0</malus>
          <stage class="FillInStage" reference="6"/>
        </StageHint>
        <StageHint id="174">
          <stagehint__order>1</stagehint__order>
          <text>Die Einwohner, deren Dorf einen Abstand von weniger als 11 km zum Dorf A beträgt leben auf jeden Fall nur in Dorf A.
		Dies sind [var=Dorf1] Einwohner. Insgesammt gibt es [var=Alle] Einwohner. Daraus lässt sich bereits $b$ berechen.</text>
          <malus>0</malus>
          <stage class="FillInStage" reference="6"/>
        </StageHint>
      </hints>
      <variableUpdatesOnEnter id="175"/>
      <variableUpdatesBeforeCheck id="176"/>
      <variableUpdatesAfterCheck id="177"/>
      <variableUpdatesOnNormalExit id="178"/>
      <variableUpdatesOnRepeat id="179"/>
      <variableUpdatesOnSkip id="180"/>
      <weight>1</weight>
      <orderIndex>0</orderIndex>
      <allowSkip>true</allowSkip>
      <resources id="181"/>
      <rules id="182"/>
      <fillInFields id="183">
        <FillInField id="184">
          <name>field6</name>
          <orderIndex>5</orderIndex>
          <size>6</size>
          <formularEditorType>NUMBER</formularEditorType>
        </FillInField>
        <FillInField id="185">
          <name>field5</name>
          <orderIndex>4</orderIndex>
          <size>6</size>
          <formularEditorType>NUMBER</formularEditorType>
        </FillInField>
        <FillInField id="186">
          <name>field4</name>
          <orderIndex>3</orderIndex>
          <size>6</size>
          <formularEditorType>NUMBER</formularEditorType>
        </FillInField>
        <FillInField id="187">
          <name>field3</name>
          <orderIndex>2</orderIndex>
          <size>6</size>
          <formularEditorType>NUMBER</formularEditorType>
        </FillInField>
        <FillInField id="188">
          <name>field2</name>
          <orderIndex>1</orderIndex>
          <size>6</size>
          <formularEditorType>NUMBER</formularEditorType>
        </FillInField>
        <FillInField id="189">
          <name>field1</name>
          <orderIndex>0</orderIndex>
          <size>6</size>
          <formularEditorType>NUMBER</formularEditorType>
        </FillInField>
      </fillInFields>
      <dropDownFields id="190"/>
      <formularEditorPalette>MATHDOX_FORMULAR_EDITOR_BASIC</formularEditorPalette>
      <defaultFeedback>Leider falsch.&lt;br /&gt;
&lt;br /&gt;
&amp;nbsp;
&lt;table align=&quot;left&quot; border=&quot;0&quot; cellpadding=&quot;1&quot; cellspacing=&quot;1&quot; style=&quot;width:150px;&quot;&gt;
	&lt;tbody&gt;
		&lt;tr&gt;
			&lt;td style=&quot;text-align: right;&quot;&gt;$a \ = \;$&lt;/td&gt;
			&lt;td&gt;&amp;nbsp;$0$&lt;/td&gt;
		&lt;/tr&gt;
		&lt;tr&gt;
			&lt;td style=&quot;text-align: right;&quot;&gt;$b \ = \;$&lt;/td&gt;
			&lt;td&gt;&amp;nbsp;$[var=$x1]$&lt;/td&gt;
		&lt;/tr&gt;
		&lt;tr&gt;
			&lt;td style=&quot;text-align: right;&quot;&gt;$c \ = \;$&lt;/td&gt;
			&lt;td&gt;&amp;nbsp;&amp;nbsp;$[var=$x2]$&lt;/td&gt;
		&lt;/tr&gt;
		&lt;tr&gt;
			&lt;td style=&quot;text-align: right;&quot;&gt;$d \ = \;$&lt;/td&gt;
			&lt;td&gt;&amp;nbsp;&amp;nbsp;$[var=$x3]$&lt;/td&gt;
		&lt;/tr&gt;
		&lt;tr&gt;
			&lt;td style=&quot;text-align: right;&quot;&gt;$e \ = \;$&lt;/td&gt;
			&lt;td&gt;&amp;nbsp;&amp;nbsp;$[var=$x4]$&lt;/td&gt;
		&lt;/tr&gt;
		&lt;tr&gt;
			&lt;td style=&quot;text-align: right;&quot;&gt;$f \ = \;$&lt;/td&gt;
			&lt;td&gt;&amp;nbsp;&amp;nbsp;$1$&lt;/td&gt;
		&lt;/tr&gt;
	&lt;/tbody&gt;
&lt;/table&gt;
</defaultFeedback>
      <correctAnswerRules id="191">
        <Rule id="192">
          <name>CorrectAnswer1</name>
          <orderIndex>1</orderIndex>
          <validationExpression id="193">
            <code>!isEmpty([input=field1])&amp;&amp;isRealNumber([input=field1])&amp;&amp;!isEmpty([input=field2])&amp;&amp;isRealNumber([input=field2])&amp;&amp;!isEmpty([input=field3])&amp;&amp;isRealNumber([input=field3])&amp;&amp;!isEmpty([input=field4])&amp;&amp;isRealNumber([input=field4])&amp;&amp;!isEmpty([input=field5])&amp;&amp;isRealNumber([input=field5])&amp;&amp;!isEmpty([input=field6])&amp;&amp;isRealNumber([input=field6])&amp;&amp;[input=field1]==0&amp;&amp;[input=field2]&lt;[var=x1]*1.01&amp;&amp;[input=field2]&gt;[var=x1]*0.99&amp;&amp;[input=field3]&lt;[var=x2]*1.01&amp;&amp;[input=field3]&gt;[var=x2]*0.99&amp;&amp;[input=field4]&lt;[var=x3]*1.01&amp;&amp;[input=field4]&gt;[var=x3]*0.99&amp;&amp;[input=field5]&lt;[var=x4]*1.01&amp;&amp;[input=field5]&gt;[var=x4]*0.99&amp;&amp;[input=field6]==1</code>
            <domain>MATH</domain>
          </validationExpression>
          <points>0</points>
          <terminal>false</terminal>
        </Rule>
      </correctAnswerRules>
      <correctAnswerFeedback>Richtig.</correctAnswerFeedback>
      <defaultResult>0</defaultResult>
    </FillInStage>
    <MCStage reference="14"/>
    <FillInStage reference="22"/>
    <FillInStage reference="30"/>
    <FillInStage reference="38"/>
    <FillInStage reference="46"/>
  </stages>
  <startStage class="FillInStage" reference="6"/>
  <variableDeclarations id="194">
    <VariableDeclaration id="195">
      <name>Dorf1</name>
      <initializationCode id="196">
        <code>randomIntegerBetween(1000,10000)</code>
        <domain>MATH</domain>
      </initializationCode>
    </VariableDeclaration>
    <VariableDeclaration id="197">
      <name>Dorf2</name>
      <initializationCode id="198">
        <code>randomIntegerBetween(1000,10000)</code>
        <domain>MATH</domain>
      </initializationCode>
    </VariableDeclaration>
    <VariableDeclaration id="199">
      <name>Dorf3</name>
      <initializationCode id="200">
        <code>randomIntegerBetween(1000,10000)</code>
        <domain>MATH</domain>
      </initializationCode>
    </VariableDeclaration>
    <VariableDeclaration id="201">
      <name>Dorf4</name>
      <initializationCode id="202">
        <code>randomIntegerBetween(1000,10000)</code>
        <domain>MATH</domain>
      </initializationCode>
    </VariableDeclaration>
    <VariableDeclaration id="203">
      <name>Dorf5</name>
      <initializationCode id="204">
        <code>randomIntegerBetween(1000,10000)</code>
        <domain>MATH</domain>
      </initializationCode>
    </VariableDeclaration>
    <VariableDeclaration id="205">
      <name>Alle</name>
      <initializationCode id="206">
        <code>evaluateInR(&apos;[var=Dorf1]+[var=Dorf2]+[var=Dorf3]+[var=Dorf4]+[var=Dorf5]&apos;)</code>
        <domain>MATH</domain>
      </initializationCode>
    </VariableDeclaration>
    <VariableDeclaration id="207">
      <name>xx1</name>
      <initializationCode id="208">
        <code>evaluateInR(&apos;[var=Dorf1]/[var=Alle]&apos;)</code>
        <domain>MATH</domain>
      </initializationCode>
    </VariableDeclaration>
    <VariableDeclaration id="209">
      <name>x1</name>
      <initializationCode id="210">
        <code>evaluateInR(&apos;round([var=xx1], 2)&apos;)</code>
        <domain>MATH</domain>
      </initializationCode>
    </VariableDeclaration>
    <VariableDeclaration id="211">
      <name>xxx2</name>
      <initializationCode id="212">
        <code>evaluateInR(&apos;([var=Dorf2])/[var=Alle]&apos;)</code>
        <domain>MATH</domain>
      </initializationCode>
    </VariableDeclaration>
    <VariableDeclaration id="213">
      <name>xx2</name>
      <initializationCode id="214">
        <code>evaluateInR(&apos;([var=Dorf1]+[var=Dorf2])/[var=Alle]&apos;)</code>
        <domain>MATH</domain>
      </initializationCode>
    </VariableDeclaration>
    <VariableDeclaration id="215">
      <name>x2</name>
      <initializationCode id="216">
        <code>evaluateInR(&apos;round([var=xx2], 2)&apos;)</code>
        <domain>MATH</domain>
      </initializationCode>
    </VariableDeclaration>
    <VariableDeclaration id="217">
      <name>xxx3</name>
      <initializationCode id="218">
        <code>evaluateInR(&apos;([var=Dorf3])/[var=Alle]&apos;)</code>
        <domain>MATH</domain>
      </initializationCode>
    </VariableDeclaration>
    <VariableDeclaration id="219">
      <name>xx3</name>
      <initializationCode id="220">
        <code>evaluateInR(&apos;([var=Dorf1]+[var=Dorf2]+[var=Dorf3])/[var=Alle]&apos;)</code>
        <domain>MATH</domain>
      </initializationCode>
    </VariableDeclaration>
    <VariableDeclaration id="221">
      <name>x3</name>
      <initializationCode id="222">
        <code>evaluateInR(&apos;round([var=xx3], 2)&apos;)</code>
        <domain>MATH</domain>
      </initializationCode>
    </VariableDeclaration>
    <VariableDeclaration id="223">
      <name>xxx4</name>
      <initializationCode id="224">
        <code>evaluateInR(&apos;([var=Dorf4])/[var=Alle]&apos;)</code>
        <domain>MATH</domain>
      </initializationCode>
    </VariableDeclaration>
    <VariableDeclaration id="225">
      <name>xx4</name>
      <initializationCode id="226">
        <code>evaluateInR(&apos;([var=Dorf1]+[var=Dorf2]+[var=Dorf3]+[var=Dorf4])/[var=Alle]&apos;)</code>
        <domain>MATH</domain>
      </initializationCode>
    </VariableDeclaration>
    <VariableDeclaration id="227">
      <name>x4</name>
      <initializationCode id="228">
        <code>evaluateInR(&apos;round([var=xx4], 2)&apos;)</code>
        <domain>MATH</domain>
      </initializationCode>
    </VariableDeclaration>
    <VariableDeclaration id="229">
      <name>xxx5</name>
      <initializationCode id="230">
        <code>evaluateInR(&apos;([var=Dorf5])/[var=Alle]&apos;)</code>
        <domain>MATH</domain>
      </initializationCode>
    </VariableDeclaration>
    <VariableDeclaration id="231">
      <name>m4</name>
      <initializationCode id="232">
        <code>ifthenelse(([var=x4])&gt;0.5&amp;&amp;([var=x3])&lt;0.5, 17, 20)</code>
        <domain>MATH</domain>
      </initializationCode>
    </VariableDeclaration>
    <VariableDeclaration id="233">
      <name>m3</name>
      <initializationCode id="234">
        <code>ifthenelse(([var=x3])&gt;0.5&amp;&amp;([var=x2])&lt;0.5, 13, [var=m4])</code>
        <domain>MATH</domain>
      </initializationCode>
    </VariableDeclaration>
    <VariableDeclaration id="235">
      <name>m2</name>
      <initializationCode id="236">
        <code>ifthenelse(([var=x2])&gt;0.5&amp;&amp;[var=x1]&lt;0.5, 11, [var=m3])</code>
        <domain>MATH</domain>
      </initializationCode>
    </VariableDeclaration>
    <VariableDeclaration id="237">
      <name>m1</name>
      <initializationCode id="238">
        <code>ifthenelse([var=x1]&gt;0.5, 0, [var=m2])</code>
        <domain>MATH</domain>
      </initializationCode>
    </VariableDeclaration>
    <VariableDeclaration id="239">
      <name>a4</name>
      <initializationCode id="240">
        <code>ifthenelse(equals([var=m1], 17), 3, 4)</code>
        <domain>MATH</domain>
      </initializationCode>
    </VariableDeclaration>
    <VariableDeclaration id="241">
      <name>a3</name>
      <initializationCode id="242">
        <code>ifthenelse(equals([var=m1], 13), 2, [var=a4])</code>
        <domain>MATH</domain>
      </initializationCode>
    </VariableDeclaration>
    <VariableDeclaration id="243">
      <name>a2</name>
      <initializationCode id="244">
        <code>ifthenelse(equals([var=m1], 11), 1, [var=a3])</code>
        <domain>MATH</domain>
      </initializationCode>
    </VariableDeclaration>
    <VariableDeclaration id="245">
      <name>a1</name>
      <initializationCode id="246">
        <code>ifthenelse(equals([var=m1], 0), 0, [var=a2])</code>
        <domain>MATH</domain>
      </initializationCode>
    </VariableDeclaration>
    <VariableDeclaration id="247">
      <name>correct4</name>
      <initializationCode id="248">
        <code>getFromList([var=a1], list(&apos;Dorf A&apos;,&apos;Dorf B&apos;,&apos;Dorf C&apos;,&apos;Dorf D&apos;,&apos;Dorf E&apos;))</code>
        <domain>MATH</domain>
      </initializationCode>
    </VariableDeclaration>
    <VariableDeclaration id="249">
      <name>MAD</name>
      <initializationCode id="250">
        <code>abs(0-[var=m1])*[var=xx1]+abs(11-[var=m1])*[var=xxx2]+abs(13-[var=m1])*[var=xxx3]+abs(17-[var=m1])*[var=xxx4]+abs(20-[var=m1])*[var=xxx5]</code>
        <domain>MATH</domain>
      </initializationCode>
    </VariableDeclaration>
    <VariableDeclaration id="251">
      <name>MAD1</name>
      <initializationCode id="252">
        <code>evaluateInR(&apos;round([var=MAD], 2)&apos;)</code>
        <domain>MATH</domain>
      </initializationCode>
    </VariableDeclaration>
    <VariableDeclaration id="253">
      <name>xquer</name>
      <initializationCode id="254">
        <code>evaluateInR(&apos;11*[var=xxx2]+13*[var=xxx3]+17*[var=xxx4]+20*[var=xxx5]&apos;)</code>
        <domain>MATH</domain>
      </initializationCode>
    </VariableDeclaration>
    <VariableDeclaration id="255">
      <name>xquerp</name>
      <initializationCode id="256">
        <code>pow(11*[var=xxx2]+13*[var=xxx3]+17*[var=xxx4]+20*[var=xxx5], 2)</code>
        <domain>MATH</domain>
      </initializationCode>
    </VariableDeclaration>
    <VariableDeclaration id="257">
      <name>s</name>
      <initializationCode id="258">
        <code>sqrt(121*[var=xxx2]+169*[var=xxx3]+289*[var=xxx4]+400*[var=xxx5]-[var=xquerp])</code>
        <domain>MATH</domain>
      </initializationCode>
    </VariableDeclaration>
    <VariableDeclaration id="259">
      <name>vv</name>
      <initializationCode id="260">
        <code>evaluateInR(&apos;[var=s]/[var=xquer]&apos;)</code>
        <domain>MATH</domain>
      </initializationCode>
    </VariableDeclaration>
    <VariableDeclaration id="261">
      <name>v</name>
      <initializationCode id="262">
        <code>evaluateInR(&apos;round([var=vv], 2)&apos;)</code>
        <domain>MATH</domain>
      </initializationCode>
    </VariableDeclaration>
    <VariableDeclaration id="263">
      <name>v25m4</name>
      <initializationCode id="264">
        <code>ifthenelse(([var=x4])&gt;0.249&amp;&amp;([var=x3])&lt;0.249, 17, 20)</code>
        <domain>MATH</domain>
      </initializationCode>
    </VariableDeclaration>
    <VariableDeclaration id="265">
      <name>v25m3</name>
      <initializationCode id="266">
        <code>ifthenelse(([var=x3])&gt;0.249&amp;&amp;([var=x2])&lt;0.249, 13, [var=v25m4])</code>
        <domain>MATH</domain>
      </initializationCode>
    </VariableDeclaration>
    <VariableDeclaration id="267">
      <name>v25m2</name>
      <initializationCode id="268">
        <code>ifthenelse(([var=x2])&gt;0.249&amp;&amp;[var=x1]&lt;0.249, 11, [var=v25m3])</code>
        <domain>MATH</domain>
      </initializationCode>
    </VariableDeclaration>
    <VariableDeclaration id="269">
      <name>v25m1</name>
      <initializationCode id="270">
        <code>ifthenelse([var=x1]&gt;0.249, 0, [var=v25m2])</code>
        <domain>MATH</domain>
      </initializationCode>
    </VariableDeclaration>
    <VariableDeclaration id="271">
      <name>v75m4</name>
      <initializationCode id="272">
        <code>ifthenelse(([var=x4])&gt;0.749&amp;&amp;([var=x3])&lt;0.749, 17, 20)</code>
        <domain>MATH</domain>
      </initializationCode>
    </VariableDeclaration>
    <VariableDeclaration id="273">
      <name>v75m3</name>
      <initializationCode id="274">
        <code>ifthenelse(([var=x3])&gt;0.749&amp;&amp;([var=x2])&lt;0.749, 13, [var=v75m4])</code>
        <domain>MATH</domain>
      </initializationCode>
    </VariableDeclaration>
    <VariableDeclaration id="275">
      <name>v75m2</name>
      <initializationCode id="276">
        <code>ifthenelse(([var=x2])&gt;0.749&amp;&amp;[var=x1]&lt;0.749, 11, [var=v75m3])</code>
        <domain>MATH</domain>
      </initializationCode>
    </VariableDeclaration>
    <VariableDeclaration id="277">
      <name>v75m1</name>
      <initializationCode id="278">
        <code>ifthenelse([var=x1]&gt;0.749, 0, [var=v75m2])</code>
        <domain>MATH</domain>
      </initializationCode>
    </VariableDeclaration>
    <VariableDeclaration id="279">
      <name>QAA</name>
      <initializationCode id="280">
        <code>evaluateInR(&apos;(2*([var=v75m1]-[var=v25m1]))/([var=v75m1]+[var=v25m1])&apos;)</code>
        <domain>MATH</domain>
      </initializationCode>
    </VariableDeclaration>
    <VariableDeclaration id="281">
      <name>QA</name>
      <initializationCode id="282">
        <code>evaluateInR(&apos;round([var=QAA], 2)&apos;)</code>
        <domain>MATH</domain>
      </initializationCode>
    </VariableDeclaration>
    <VariableDeclaration id="283">
      <name>xquerg</name>
      <initializationCode id="284">
        <code>evaluateInR(&apos;round([var=xquer], 2)&apos;)</code>
        <domain>MATH</domain>
      </initializationCode>
    </VariableDeclaration>
    <VariableDeclaration id="285">
      <name>sg</name>
      <initializationCode id="286">
        <code>evaluateInR(&apos;round([var=s], 2)&apos;)</code>
        <domain>MATH</domain>
      </initializationCode>
    </VariableDeclaration>
  </variableDeclarations>
  <jSXGraphs id="287"/>
  <dynamicMolecules id="288"/>
  <resultFeedbackMappings id="289"/>
</Exercise>