<Exercise id="1">
  <name>DS0-05 Rechenregeln 5</name>
  <publicDescription></publicDescription>
  <internalNotes>Die  Materialien sind lizenziert unter CC BY-NC-SA 4.0. Eine Kopie dieser Lizenz finden Sie unter http://creativecommons.org/licenses/by-nc-sa/4.0/

The materials are licensed under CC BY-NC-SA 4.0. You can find a copy of this license at http://creativecommons.org/licenses/by-nc-sa/4.0/</internalNotes>
  <language>de</language>
  <difficulty>0</difficulty>
  <tags id="2">
    <Tag id="3">
      <name>Desk_22</name>
    </Tag>
  </tags>
  <resources id="4"/>
  <stages id="5">
    <FillInStage id="6">
      <internalName>1</internalName>
      <externalName>Stage 1</externalName>
      <taskDescription>&lt;strong&gt;Aufgabenstellung:&lt;/strong&gt;&lt;br /&gt;&#xd;
&lt;br /&gt;&#xd;
Gegeben sind:&lt;br /&gt;&#xd;
&lt;br /&gt;&#xd;
$\begin{vmatrix}&lt;br /&gt;&#xd;
\hline&lt;br /&gt;&#xd;
i &amp;amp; 1 &amp;amp; 2 &amp;amp; 3 &amp;amp; 4 &amp;amp; 5 &amp;amp; 6 \\&lt;br /&gt;&#xd;
\hline \\&lt;br /&gt;&#xd;
\hline&lt;br /&gt;&#xd;
x_i &amp;amp; [var=x1] &amp;amp; [var=x2] &amp;amp; [var=x3] &amp;amp; [var=x4] &amp;amp; [var=x5] &amp;amp; [var=x6] \\&lt;br /&gt;&#xd;
\hline&lt;br /&gt;&#xd;
y_i &amp;amp; [var=x7] &amp;amp; [var=x8] &amp;amp; [var=x9] &amp;amp; [var=x10] &amp;amp; [var=x11] &amp;amp; [var=x12] \\&lt;br /&gt;&#xd;
\hline&lt;br /&gt;&#xd;
\end{vmatrix}$&lt;br /&gt;&#xd;
&lt;br /&gt;&#xd;
Berechnen Sie: $\displaystyle \sum_{i=1}^{5}{x_{i}}$&lt;br /&gt;&#xd;
&lt;br /&gt;&#xd;
&lt;strong&gt;Einreichung:&lt;/strong&gt; &lt;input name=&quot;field1&quot; size=&quot;8&quot; type=&quot;text&quot; value=&quot;field1&quot; /&gt;&amp;nbsp;&lt;br /&gt;&#xd;
&lt;br /&gt;&#xd;
&lt;span style=&quot;font-size:12px;&quot;&gt;&lt;em&gt;(Schreiben Sie Ihr Ergebnis nicht als Bruch sondern als Dezimalzahl und verwenden Sie einen Punkt als Dezimalzeichen.)&lt;/em&gt; &amp;nbsp;&lt;/span&gt;&#xd;
&lt;p&gt;&lt;a href=&quot;https://rdrr.io/snippets/embed/&quot; onclick=&quot;window.open(&apos;https://rdrr.io/snippets/embed/?code=&apos;,&apos;R Console&apos;,&apos; margin-top: 20px; top=200,left=100,width=480,height=640,menubar=no,toolbar=no,&apos;); return false;&quot; target=&quot;_blank&quot;&gt;&lt;img alt=&quot;R_ Logo&quot; pull-right=&quot;&quot; src=&quot;/econometrics/resource?resource=157444&quot; style=&quot;width: 40px; height: 50px; float: right; margin: 5px&quot; /&gt;&lt;/a&gt;&lt;/p&gt;&#xd;
</taskDescription>
      <skipMessage>Der Index $i$ läuft von 1 bis 5, außerdem wird die Summe über $x_i$ verlangt. Es müssen also die ersten 5 $x$-Werte addiert werden.
	             So erhält man die Lösung [var=x1]+[var=x2]+[var=x3]+[var=x4]+[var=x5].</skipMessage>
      <defaultTransition id="7">
        <conditionExpression id="8">
          <domain>MATH</domain>
        </conditionExpression>
        <stageExpression id="9">
          <domain>MATH</domain>
        </stageExpression>
        <isRepeat>true</isRepeat>
      </defaultTransition>
      <skipTransitions id="10">
        <StageTransition id="11">
          <conditionExpression id="12">
            <code></code>
            <domain>MATH</domain>
          </conditionExpression>
          <stageExpression id="13">
            <domain>MATH</domain>
          </stageExpression>
          <targetStage class="FillInStage" id="14">
            <internalName>2</internalName>
            <externalName>Stage 2</externalName>
            <taskDescription>&lt;strong&gt;Aufgabenstellung:&lt;/strong&gt;&lt;br /&gt;&#xd;
&lt;br /&gt;&#xd;
Gegeben sind:&lt;br /&gt;&#xd;
&lt;br /&gt;&#xd;
$\begin{vmatrix}&lt;br /&gt;&#xd;
\hline&lt;br /&gt;&#xd;
i &amp;amp; 1 &amp;amp; 2 &amp;amp; 3 &amp;amp; 4 &amp;amp; 5 &amp;amp; 6 \\&lt;br /&gt;&#xd;
\hline \\&lt;br /&gt;&#xd;
\hline&lt;br /&gt;&#xd;
x_i &amp;amp; [var=x1] &amp;amp; [var=x2] &amp;amp; [var=x3] &amp;amp; [var=x4] &amp;amp; [var=x5] &amp;amp; [var=x6] \\&lt;br /&gt;&#xd;
\hline&lt;br /&gt;&#xd;
y_i &amp;amp; [var=x7] &amp;amp; [var=x8] &amp;amp; [var=x9] &amp;amp; [var=x10] &amp;amp; [var=x11] &amp;amp; [var=x12] \\&lt;br /&gt;&#xd;
\hline&lt;br /&gt;&#xd;
\end{vmatrix}$&lt;br /&gt;&#xd;
&lt;br /&gt;&#xd;
Berechnen Sie: $\displaystyle \prod_{i=2}^{4}{x_{i}y_{i-1}}$&lt;br /&gt;&#xd;
&lt;br /&gt;&#xd;
&lt;strong&gt;Einreichung:&lt;/strong&gt;&amp;nbsp; &lt;input name=&quot;field1&quot; size=&quot;8&quot; type=&quot;text&quot; value=&quot;field1&quot; /&gt;&amp;nbsp;&lt;br /&gt;&#xd;
&lt;br /&gt;&#xd;
&lt;span style=&quot;font-size:12px;&quot;&gt;&lt;em&gt;(Schreiben Sie Ihr Ergebnis nicht als Bruch sondern als Dezimalzahl und verwenden Sie einen Punkt als Dezimalzeichen.)&lt;/em&gt; &lt;/span&gt;&amp;nbsp;&#xd;
&lt;p&gt;&lt;a href=&quot;https://rdrr.io/snippets/embed/&quot; onclick=&quot;window.open(&apos;https://rdrr.io/snippets/embed/?code=&apos;,&apos;R Console&apos;,&apos; margin-top: 20px; top=200,left=100,width=480,height=640,menubar=no,toolbar=no,&apos;); return false;&quot; target=&quot;_blank&quot;&gt;&lt;img alt=&quot;R_ Logo&quot; pull-right=&quot;&quot; src=&quot;/econometrics/resource?resource=157444&quot; style=&quot;width: 40px; height: 50px; float: right; margin: 5px&quot; /&gt;&lt;/a&gt;&lt;/p&gt;&#xd;
</taskDescription>
            <skipMessage>Hier wird ein Produkt berechnet. Und zwar werden jeweils die Einträge $x_i \cdot y_{i-1}$ multipliziert. Da der Index $i$ von 2 bis 4 läuft,
                ergibt sich als gesamtes Produkt $(x_2\cdot y_1) \cdot (x_3\cdot y_2) \cdot (x_4\cdot y_3) = ([var=$x2]\cdot [var=$x7])\cdot([var=$x3]\cdot[var=$x8])\cdot([var=$x4]\cdot[var=$x9])$.  </skipMessage>
            <defaultTransition id="15">
              <conditionExpression id="16">
                <domain>MATH</domain>
              </conditionExpression>
              <stageExpression id="17">
                <domain>MATH</domain>
              </stageExpression>
              <isRepeat>true</isRepeat>
            </defaultTransition>
            <skipTransitions id="18">
              <StageTransition id="19">
                <conditionExpression id="20">
                  <code></code>
                  <domain>MATH</domain>
                </conditionExpression>
                <stageExpression id="21">
                  <domain>MATH</domain>
                </stageExpression>
                <targetStage class="FillInStage" id="22">
                  <internalName>3</internalName>
                  <externalName>Stage 3</externalName>
                  <taskDescription>&lt;strong&gt;Aufgabenstellung:&lt;/strong&gt;&lt;br /&gt;&#xd;
&lt;br /&gt;&#xd;
Gegeben sind:&lt;br /&gt;&#xd;
&lt;br /&gt;&#xd;
$\begin{vmatrix}&lt;br /&gt;&#xd;
\hline&lt;br /&gt;&#xd;
i &amp;amp; 1 &amp;amp; 2 &amp;amp; 3 &amp;amp; 4 &amp;amp; 5 &amp;amp; 6 \\&lt;br /&gt;&#xd;
\hline \\&lt;br /&gt;&#xd;
\hline&lt;br /&gt;&#xd;
x_i &amp;amp; [var=y1] &amp;amp; [var=y2] &amp;amp; [var=y3] &amp;amp; [var=y4] &amp;amp; [var=y5] &amp;amp; [var=y6] \\&lt;br /&gt;&#xd;
\hline&lt;br /&gt;&#xd;
y_i &amp;amp; [var=y7] &amp;amp; [var=y8] &amp;amp; [var=y9] &amp;amp; [var=y10] &amp;amp; [var=x11a] &amp;amp; [var=x12a] \\&lt;br /&gt;&#xd;
\hline&lt;br /&gt;&#xd;
\end{vmatrix}$&lt;br /&gt;&#xd;
&lt;br /&gt;&#xd;
Berechnen Sie: $\displaystyle \prod_{i=5}^{6}{x_{i}^{2}y_{i}^{0.5}}$&lt;br /&gt;&#xd;
&lt;br /&gt;&#xd;
&lt;strong&gt;Einreichung:&lt;/strong&gt;&amp;nbsp; &lt;input name=&quot;field1&quot; size=&quot;8&quot; type=&quot;text&quot; value=&quot;field1&quot; /&gt;&lt;br /&gt;&#xd;
&amp;nbsp;&lt;br /&gt;&#xd;
&lt;span style=&quot;font-size:12px;&quot;&gt;&lt;em&gt;(Schreiben Sie Ihr Ergebnis nicht als Bruch sondern als Dezimalzahl und verwenden Sie einen Punkt als Dezimalzeichen.)&lt;/em&gt; &amp;nbsp;&lt;/span&gt;&#xd;
&lt;p&gt;&lt;a href=&quot;https://rdrr.io/snippets/embed/&quot; onclick=&quot;window.open(&apos;https://rdrr.io/snippets/embed/?code=&apos;,&apos;R Console&apos;,&apos; margin-top: 20px; top=200,left=100,width=480,height=640,menubar=no,toolbar=no,&apos;); return false;&quot; target=&quot;_blank&quot;&gt;&lt;img alt=&quot;R_ Logo&quot; pull-right=&quot;&quot; src=&quot;/econometrics/resource?resource=157444&quot; style=&quot;width: 40px; height: 50px; float: right; margin: 5px&quot; /&gt;&lt;/a&gt;&lt;/p&gt;&#xd;
</taskDescription>
                  <skipMessage>Hier l&amp;auml;uft der Index $i$ von 5 bis 6, au&amp;szlig;erdem handelt es sich um ein Produkt der Form $(x_5^2\cdot \sqrt{y_5}) \cdot (x_6^2 \cdot \sqrt{y_6})$. Konkret erh&amp;auml;lt man daher das Produkt $([var=y5]^2\cdot \sqrt{[var=x11a]}) \cdot ([var=y6]^2\cdot \sqrt{[var=x12a]})$.</skipMessage>
                  <defaultTransition id="23">
                    <conditionExpression id="24">
                      <domain>MATH</domain>
                    </conditionExpression>
                    <stageExpression id="25">
                      <domain>MATH</domain>
                    </stageExpression>
                    <isRepeat>false</isRepeat>
                  </defaultTransition>
                  <skipTransitions id="26"/>
                  <stageTransitions id="27">
                    <StageTransition id="28">
                      <conditionExpression id="29">
                        <code></code>
                        <domain>MATH</domain>
                      </conditionExpression>
                      <stageExpression id="30">
                        <code>[meta=stageCurrentResult]&gt;=100</code>
                        <domain>MATH</domain>
                      </stageExpression>
                      <isRepeat>false</isRepeat>
                    </StageTransition>
                  </stageTransitions>
                  <hints id="31">
                    <StageHint id="32">
                      <stagehint__order>0</stagehint__order>
                      <text> Hier läuft der Index $i$ von 5 bis 6, außerdem handelt es sich um ein Produkt. Der erste Faktor ist in diesem Fall $x_5^2\cdot \sqrt{y_5}$. </text>
                      <malus>0</malus>
                      <stage class="FillInStage" reference="22"/>
                    </StageHint>
                  </hints>
                  <variableUpdatesOnEnter id="33"/>
                  <variableUpdatesBeforeCheck id="34"/>
                  <variableUpdatesAfterCheck id="35"/>
                  <variableUpdatesOnNormalExit id="36"/>
                  <variableUpdatesOnRepeat id="37"/>
                  <variableUpdatesOnSkip id="38"/>
                  <weight>1</weight>
                  <orderIndex>2</orderIndex>
                  <allowSkip>true</allowSkip>
                  <resources id="39"/>
                  <rules id="40">
                    <Rule id="41">
                      <name>Feedback_1</name>
                      <orderIndex>1</orderIndex>
                      <validationExpression id="42">
                        <code>!isEmpty([input=field1])&amp;&amp;isRealNumber([input=field1])&amp;&amp;0==[input=field1]</code>
                        <domain>MATH</domain>
                      </validationExpression>
                      <feedbackText>Leider nicht korrekt.</feedbackText>
                      <points>0</points>
                      <terminal>false</terminal>
                    </Rule>
                  </rules>
                  <fillInFields id="43">
                    <FillInField id="44">
                      <name>field1</name>
                      <orderIndex>0</orderIndex>
                      <size>8</size>
                      <formularEditorType>NUMBER</formularEditorType>
                    </FillInField>
                  </fillInFields>
                  <dropDownFields id="45"/>
                  <formularEditorPalette>MATHDOX_FORMULAR_EDITOR_BASIC</formularEditorPalette>
                  <defaultFeedback>Leider nicht richtig!</defaultFeedback>
                  <correctAnswerRules id="46">
                    <Rule id="47">
                      <name>CorrectAnswer1</name>
                      <orderIndex>1</orderIndex>
                      <validationExpression id="48">
                        <code>!isEmpty([input=field1])&amp;&amp;isRealNumber([input=field1])&amp;&amp;[var=y5]*[var=y5]*[var=y6]*[var=y6]*6==[input=field1]</code>
                        <domain>MATH</domain>
                      </validationExpression>
                      <points>0</points>
                      <terminal>false</terminal>
                    </Rule>
                  </correctAnswerRules>
                  <correctAnswerFeedback>Richtig.</correctAnswerFeedback>
                  <defaultResult>0</defaultResult>
                </targetStage>
                <isRepeat>false</isRepeat>
              </StageTransition>
            </skipTransitions>
            <stageTransitions id="49">
              <StageTransition id="50">
                <conditionExpression id="51">
                  <code></code>
                  <domain>MATH</domain>
                </conditionExpression>
                <stageExpression id="52">
                  <code>[meta=stageCurrentResult]&gt;=100</code>
                  <domain>MATH</domain>
                </stageExpression>
                <targetStage class="FillInStage" reference="22"/>
                <isRepeat>false</isRepeat>
              </StageTransition>
            </stageTransitions>
            <hints id="53">
              <StageHint id="54">
                <stagehint__order>0</stagehint__order>
                <text>Hier wird ein Produkt berechnet. Und zwar werden jeweils die Einträge $x_i \cdot y_{i-1}$ multipliziert. Da der Index $i$ von 2 bis 4 läuft,
                ist der erste Faktor $x_2\cdot y_1$. 		</text>
                <malus>0</malus>
                <stage class="FillInStage" reference="14"/>
              </StageHint>
            </hints>
            <variableUpdatesOnEnter id="55"/>
            <variableUpdatesBeforeCheck id="56"/>
            <variableUpdatesAfterCheck id="57"/>
            <variableUpdatesOnNormalExit id="58"/>
            <variableUpdatesOnRepeat id="59"/>
            <variableUpdatesOnSkip id="60"/>
            <weight>1</weight>
            <orderIndex>1</orderIndex>
            <allowSkip>true</allowSkip>
            <resources id="61"/>
            <rules id="62">
              <Rule id="63">
                <name>Feedback_1</name>
                <orderIndex>1</orderIndex>
                <validationExpression id="64">
                  <code>!isEmpty([input=field1])&amp;&amp;isRealNumber([input=field1])&amp;&amp;[var=x1]+[var=x2]+[var=x3]+[var=x4]+[var=x5]+[var=x6]==[input=field1]</code>
                  <domain>MATH</domain>
                </validationExpression>
                <feedbackText>Beachten Sie die Indexmenge des Produktoperators. </feedbackText>
                <points>0</points>
                <terminal>false</terminal>
              </Rule>
            </rules>
            <fillInFields id="65">
              <FillInField id="66">
                <name>field1</name>
                <orderIndex>0</orderIndex>
                <size>8</size>
                <formularEditorType>NUMBER</formularEditorType>
              </FillInField>
            </fillInFields>
            <dropDownFields id="67"/>
            <formularEditorPalette>MATHDOX_FORMULAR_EDITOR_BASIC</formularEditorPalette>
            <defaultFeedback>Leider nicht richtig!</defaultFeedback>
            <correctAnswerRules id="68">
              <Rule id="69">
                <name>CorrectAnswer1</name>
                <orderIndex>1</orderIndex>
                <validationExpression id="70">
                  <code>!isEmpty([input=field1])&amp;&amp;isRealNumber([input=field1])&amp;&amp;[var=x2]*[var=x3]*[var=x4]*[var=x7]*[var=x8]*[var=x9]==[input=field1]</code>
                  <domain>MATH</domain>
                </validationExpression>
                <points>0</points>
                <terminal>false</terminal>
              </Rule>
            </correctAnswerRules>
            <correctAnswerFeedback>Richtig.</correctAnswerFeedback>
            <defaultResult>0</defaultResult>
          </targetStage>
          <isRepeat>false</isRepeat>
        </StageTransition>
      </skipTransitions>
      <stageTransitions id="71">
        <StageTransition id="72">
          <conditionExpression id="73">
            <code></code>
            <domain>MATH</domain>
          </conditionExpression>
          <stageExpression id="74">
            <code>[meta=stageCurrentResult]&gt;=100</code>
            <domain>MATH</domain>
          </stageExpression>
          <targetStage class="FillInStage" reference="14"/>
          <isRepeat>false</isRepeat>
        </StageTransition>
      </stageTransitions>
      <hints id="75">
        <StageHint id="76">
          <stagehint__order>0</stagehint__order>
          <text>Der Index $i$ läuft von 1 bis 5, außerdem wird die Summe über $x_i$ verlangt. Es müssen also die ersten 5 $x$-Werte addiert werden. </text>
          <malus>0</malus>
          <stage class="FillInStage" reference="6"/>
        </StageHint>
      </hints>
      <variableUpdatesOnEnter id="77"/>
      <variableUpdatesBeforeCheck id="78"/>
      <variableUpdatesAfterCheck id="79"/>
      <variableUpdatesOnNormalExit id="80"/>
      <variableUpdatesOnRepeat id="81"/>
      <variableUpdatesOnSkip id="82"/>
      <weight>1</weight>
      <orderIndex>0</orderIndex>
      <allowSkip>true</allowSkip>
      <resources id="83"/>
      <rules id="84">
        <Rule id="85">
          <name>Feedback_1</name>
          <orderIndex>1</orderIndex>
          <validationExpression id="86">
            <code>!isEmpty([input=field1])&amp;&amp;isRealNumber([input=field1])&amp;&amp;[var=x1]+[var=x2]+[var=x3]+[var=x4]+[var=x5]+[var=x6]==[input=field1]</code>
            <domain>MATH</domain>
          </validationExpression>
          <feedbackText>Beachten Sie die Indexmenge des Summenoperators</feedbackText>
          <points>0</points>
          <terminal>false</terminal>
        </Rule>
      </rules>
      <fillInFields id="87">
        <FillInField id="88">
          <name>field1</name>
          <orderIndex>0</orderIndex>
          <size>8</size>
          <formularEditorType>NUMBER</formularEditorType>
        </FillInField>
      </fillInFields>
      <dropDownFields id="89"/>
      <formularEditorPalette>MATHDOX_FORMULAR_EDITOR_BASIC</formularEditorPalette>
      <defaultFeedback>Leider nicht richtig!</defaultFeedback>
      <correctAnswerRules id="90">
        <Rule id="91">
          <name>CorrectAnswer1</name>
          <orderIndex>1</orderIndex>
          <validationExpression id="92">
            <code>!isEmpty([input=field1])&amp;&amp;isRealNumber([input=field1])&amp;&amp;[var=x1]+[var=x2]+[var=x3]+[var=x4]+[var=x5]==[input=field1]</code>
            <domain>MATH</domain>
          </validationExpression>
          <points>0</points>
          <terminal>false</terminal>
        </Rule>
      </correctAnswerRules>
      <correctAnswerFeedback>Richtig.</correctAnswerFeedback>
      <defaultResult>0</defaultResult>
    </FillInStage>
    <FillInStage reference="14"/>
    <FillInStage reference="22"/>
  </stages>
  <startStage class="FillInStage" reference="6"/>
  <variableDeclarations id="93">
    <VariableDeclaration id="94">
      <name>i</name>
      <initializationCode id="95">
        <code>randomIntegerBetween(0,1)</code>
        <domain>MATH</domain>
      </initializationCode>
    </VariableDeclaration>
    <VariableDeclaration id="96">
      <name>x1</name>
      <initializationCode id="97">
        <code>randomIntegerBetween(1,9)</code>
        <domain>MATH</domain>
      </initializationCode>
    </VariableDeclaration>
    <VariableDeclaration id="98">
      <name>x2</name>
      <initializationCode id="99">
        <code>randomIntegerBetween(1,9)</code>
        <domain>MATH</domain>
      </initializationCode>
    </VariableDeclaration>
    <VariableDeclaration id="100">
      <name>x3</name>
      <initializationCode id="101">
        <code>randomIntegerBetween(1,9)</code>
        <domain>MATH</domain>
      </initializationCode>
    </VariableDeclaration>
    <VariableDeclaration id="102">
      <name>x4</name>
      <initializationCode id="103">
        <code>randomIntegerBetween(1,9)</code>
        <domain>MATH</domain>
      </initializationCode>
    </VariableDeclaration>
    <VariableDeclaration id="104">
      <name>x5</name>
      <initializationCode id="105">
        <code>randomIntegerBetween(1,9)</code>
        <domain>MATH</domain>
      </initializationCode>
    </VariableDeclaration>
    <VariableDeclaration id="106">
      <name>x6</name>
      <initializationCode id="107">
        <code>randomIntegerBetween(1,9)</code>
        <domain>MATH</domain>
      </initializationCode>
    </VariableDeclaration>
    <VariableDeclaration id="108">
      <name>x7</name>
      <initializationCode id="109">
        <code>chooseFromComplement(list(1,2,3,4,5,6,7,8,9), list([var=x1]))</code>
        <domain>MATH</domain>
      </initializationCode>
    </VariableDeclaration>
    <VariableDeclaration id="110">
      <name>x8</name>
      <initializationCode id="111">
        <code>chooseFromComplement(list(1,2,3,4,5,6,7,8,9), list([var=x1],[var=x2]))</code>
        <domain>MATH</domain>
      </initializationCode>
    </VariableDeclaration>
    <VariableDeclaration id="112">
      <name>x9</name>
      <initializationCode id="113">
        <code>chooseFromComplement(list(1,2,3,4,5,6,7,8,9), list([var=x1],[var=x2],[var=x3]))</code>
        <domain>MATH</domain>
      </initializationCode>
    </VariableDeclaration>
    <VariableDeclaration id="114">
      <name>x10</name>
      <initializationCode id="115">
        <code>chooseFromComplement(list(1,2,3,4,5,6,7,8,9), list([var=x1],[var=x2],[var=x3],[var=x4]))</code>
        <domain>MATH</domain>
      </initializationCode>
    </VariableDeclaration>
    <VariableDeclaration id="116">
      <name>x11</name>
      <initializationCode id="117">
        <code>chooseFromComplement(list(1,2,3,4,5,6,7,8,9), list([var=x1],[var=x2],[var=x3],[var=x4],[var=x5]))</code>
        <domain>MATH</domain>
      </initializationCode>
    </VariableDeclaration>
    <VariableDeclaration id="118">
      <name>x12</name>
      <initializationCode id="119">
        <code>chooseFromComplement(list(1,2,3,4,5,6,7,8,9), list([var=x1],[var=x2],[var=x3],[var=x4],[var=x5],[var=x6]))</code>
        <domain>MATH</domain>
      </initializationCode>
    </VariableDeclaration>
    <VariableDeclaration id="120">
      <name>x11a</name>
      <initializationCode id="121">
        <code>getFromList([var=i], list(4,9))</code>
        <domain>MATH</domain>
      </initializationCode>
    </VariableDeclaration>
    <VariableDeclaration id="122">
      <name>x12a</name>
      <initializationCode id="123">
        <code>chooseFromComplement(list(4,9), list([var=x11a]))</code>
        <domain>MATH</domain>
      </initializationCode>
    </VariableDeclaration>
    <VariableDeclaration id="124">
      <name>y1</name>
      <initializationCode id="125">
        <code>randomIntegerBetween(1,9)</code>
        <domain>MATH</domain>
      </initializationCode>
    </VariableDeclaration>
    <VariableDeclaration id="126">
      <name>y2</name>
      <initializationCode id="127">
        <code>randomIntegerBetween(1,9)</code>
        <domain>MATH</domain>
      </initializationCode>
    </VariableDeclaration>
    <VariableDeclaration id="128">
      <name>y3</name>
      <initializationCode id="129">
        <code>randomIntegerBetween(1,9)</code>
        <domain>MATH</domain>
      </initializationCode>
    </VariableDeclaration>
    <VariableDeclaration id="130">
      <name>y4</name>
      <initializationCode id="131">
        <code>randomIntegerBetween(1,9)</code>
        <domain>MATH</domain>
      </initializationCode>
    </VariableDeclaration>
    <VariableDeclaration id="132">
      <name>y5</name>
      <initializationCode id="133">
        <code>randomIntegerBetween(1,9)</code>
        <domain>MATH</domain>
      </initializationCode>
    </VariableDeclaration>
    <VariableDeclaration id="134">
      <name>y6</name>
      <initializationCode id="135">
        <code>randomIntegerBetween(1,9)</code>
        <domain>MATH</domain>
      </initializationCode>
    </VariableDeclaration>
    <VariableDeclaration id="136">
      <name>y7</name>
      <initializationCode id="137">
        <code>chooseFromComplement(list(1,2,3,4,5,6,7,8,9), list([var=x1]))</code>
        <domain>MATH</domain>
      </initializationCode>
    </VariableDeclaration>
    <VariableDeclaration id="138">
      <name>y8</name>
      <initializationCode id="139">
        <code>chooseFromComplement(list(1,2,3,4,5,6,7,8,9), list([var=x1],[var=x2]))</code>
        <domain>MATH</domain>
      </initializationCode>
    </VariableDeclaration>
    <VariableDeclaration id="140">
      <name>y9</name>
      <initializationCode id="141">
        <code>chooseFromComplement(list(1,2,3,4,5,6,7,8,9), list([var=x1],[var=x2],[var=x3]))</code>
        <domain>MATH</domain>
      </initializationCode>
    </VariableDeclaration>
    <VariableDeclaration id="142">
      <name>y10</name>
      <initializationCode id="143">
        <code>chooseFromComplement(list(1,2,3,4,5,6,7,8,9), list([var=x1],[var=x2],[var=x3],[var=x4]))</code>
        <domain>MATH</domain>
      </initializationCode>
    </VariableDeclaration>
  </variableDeclarations>
  <jSXGraphs id="144"/>
  <dynamicMolecules id="145"/>
  <resultFeedbackMappings id="146"/>
</Exercise>