<Exercise id="1">
  <name>DS0-R08_Rechenregeln_R8</name>
  <publicDescription></publicDescription>
  <internalNotes>Alle geraden Zahlen von 1 bis 10 mit seq()-Befehl erstellen

Die  Materialien sind lizenziert unter CC BY-NC-SA 4.0. Eine Kopie dieser Lizenz finden Sie unter http://creativecommons.org/licenses/by-nc-sa/4.0/

The materials are licensed under CC BY-NC-SA 4.0. You can find a copy of this license at http://creativecommons.org/licenses/by-nc-sa/4.0/</internalNotes>
  <language>de</language>
  <difficulty>0</difficulty>
  <tags id="2"/>
  <resources id="3"/>
  <stages id="4">
    <RStage id="5">
      <internalName>#1</internalName>
      <externalName></externalName>
      <taskDescription>&lt;strong&gt;Aufgabenstellung:&lt;/strong&gt;&lt;br /&gt;&#xd;
&lt;br /&gt;&#xd;
Erstellen Sie nun einen Vektor, der alle geraden Zahlen von $1$ bis $10$ enth&amp;auml;lt.&lt;br /&gt;&#xd;
Schreiben Sie die L&amp;ouml;sung $NICHT$ manuell in einen Vektor. Speichern Sie das Ergebnis in der Variablen $\verb|gerade|$_$\verb|zahlen|$ ab.&lt;br /&gt;&#xd;
&lt;br /&gt;&#xd;
&lt;em&gt;(Bevor Sie den Code abschicken, k&amp;ouml;nnen Sie &amp;uuml;ber den Button &amp;quot;Auswerten&amp;quot; ihren geschriebenen R-Code ausf&amp;uuml;hren und in der R-Konsole anzeigen lassen.)&lt;/em&gt;</taskDescription>
      <defaultTransition id="6">
        <conditionExpression id="7">
          <domain>MATH</domain>
        </conditionExpression>
        <stageExpression id="8">
          <domain>MATH</domain>
        </stageExpression>
        <isRepeat>false</isRepeat>
      </defaultTransition>
      <skipTransitions id="9"/>
      <stageTransitions id="10"/>
      <hints id="11">
        <StageHint id="12">
          <stagehint__order>0</stagehint__order>
          <text>Den $\verb|:|$-Operator k&amp;ouml;nnen Sie nun nicht mehr benutzen, da Sie Abst&amp;auml;nde haben, die gr&amp;ouml;&amp;szlig;er als $1$ sind. &lt;em&gt;(Es ist ein weiterer Hinweis vorhanden.)&lt;/em&gt;</text>
          <malus>0</malus>
          <stage class="RStage" reference="5"/>
        </StageHint>
        <StageHint id="13">
          <stagehint__order>1</stagehint__order>
          <text>Benutzen Sie die $\verb|seq()|$-Funktion. &lt;em&gt;(Es ist ein weiterer Hinweis vorhanden.)&lt;/em&gt;</text>
          <malus>0</malus>
          <stage class="RStage" reference="5"/>
        </StageHint>
        <StageHint id="14">
          <stagehint__order>2</stagehint__order>
          <text>Legen Sie jeweils den Start- und Endpunkt sowie diesmal auch den Abstand zwischen zwei Zahlen fest.</text>
          <malus>0</malus>
          <stage class="RStage" reference="5"/>
        </StageHint>
      </hints>
      <variableUpdatesOnEnter id="15"/>
      <variableUpdatesBeforeCheck id="16"/>
      <variableUpdatesAfterCheck id="17"/>
      <variableUpdatesOnNormalExit id="18"/>
      <variableUpdatesOnRepeat id="19"/>
      <variableUpdatesOnSkip id="20"/>
      <weight>1</weight>
      <orderIndex>0</orderIndex>
      <allowSkip>false</allowSkip>
      <resources id="21"/>
      <initialCode></initialCode>
      <finalResultComputationString>min(#{c28029},min(#{c28030},#{c28028}))</finalResultComputationString>
      <testCasetuples id="22">
        <TestCaseTuple id="23">
          <testCases id="24">
            <StaticRTestCase id="25">
              <points>100</points>
              <pointsMode>GAIN</pointsMode>
              <name>imported testcase</name>
              <feedbackIfFailed>Erstellen Sie den Vektor nicht manuell.
</feedbackIfFailed>
              <ruleMode>ABSENCE</ruleMode>
              <queries class="linked-list" id="26">
                <RGReQLQuery id="27">
                  <query>		from lao:V{LeftAssignmentOperator}, seq:V{FunctionCall}, v:V{Variable}, e1:E{LeftHandSide}, e2:E{RightHandSide} with 
                lao -- e1 -&gt; v and
                v.name=&quot;gerade_zahlen&quot; and
                lao -- e2 -&gt; seq and
                (seq.name=&quot;seq&quot; or seq.name=&quot;seq.int&quot;)
		report 0 end</query>
                </RGReQLQuery>
                <RGReQLQuery id="28">
                  <query>		from cc:V{FunctionCall}, n2,n4,n6,n8,n10:V{NumericLiteral}, pl:V{ParameterList}, e2,e4,e6,e8,e10:E{Parameter} with 
                cc.name=&quot;c&quot; and
                cc --&gt; pl and
                pl -- e2 -&gt; n2 and
                pl -- e4 -&gt; n4 and
                pl -- e6 -&gt; n6 and
                pl -- e8 -&gt; n8 and
                pl -- e10 -&gt; n10 and
		e2.position = 0 and
		e4.position = 1 and
		e6.position = 2 and
		e8.position = 3 and
		e10.position = 4 and
                n2.value=2 and
                n4.value=4 and
                n6.value=6 and
                n8.value=8 and
                n10.value=10
		report 0 end
		</query>
                </RGReQLQuery>
              </queries>
            </StaticRTestCase>
          </testCases>
          <checkerConfiguration id="29">
            <isActive>false</isActive>
            <hasVisibleResult>false</hasVisibleResult>
            <hasVisibleFeedback>false</hasVisibleFeedback>
            <isAsync>false</isAsync>
            <weight>1</weight>
            <persistentReference>28028</persistentReference>
          </checkerConfiguration>
        </TestCaseTuple>
        <TestCaseTuple id="30">
          <testCases id="31">
            <DynamicRTestCase id="32">
              <points>100</points>
              <pointsMode>DEDUCTION</pointsMode>
              <name>imported testcase</name>
              <feedbackIfFailed>Leider nicht richtig! Ihre Eingabe liefert den Wert [var=testcaseOutput] zurück, sollte aber 2 4 6 8 10 liefern! -[var=penalty] Punkte&quot;
			</feedbackIfFailed>
              <ruleMode>PRESENCE</ruleMode>
              <postCode>testFunc &lt;- function(){}</postCode>
              <expectedOutput>seq(2,10,2)</expectedOutput>
              <postprocessingFunction></postprocessingFunction>
              <tolerance>-4</tolerance>
            </DynamicRTestCase>
          </testCases>
          <checkerConfiguration id="33">
            <isActive>false</isActive>
            <hasVisibleResult>false</hasVisibleResult>
            <hasVisibleFeedback>false</hasVisibleFeedback>
            <isAsync>false</isAsync>
            <weight>1</weight>
            <persistentReference>28030</persistentReference>
          </checkerConfiguration>
        </TestCaseTuple>
      </testCasetuples>
    </RStage>
  </stages>
  <startStage class="RStage" reference="5"/>
  <variableDeclarations id="34">
    <VariableDeclaration id="35">
      <name>num</name>
      <initializationCode id="36">
        <code>randomIntegerBetween(5,15)</code>
        <domain>MATH</domain>
      </initializationCode>
    </VariableDeclaration>
  </variableDeclarations>
  <jSXGraphs id="37"/>
  <dynamicMolecules id="38"/>
  <resultFeedbackMappings id="39"/>
</Exercise>