<Exercise id="1">
  <name>DS0-04 Rechenregeln 4</name>
  <publicDescription></publicDescription>
  <internalNotes>Die  Materialien sind lizenziert unter CC BY-NC-SA 4.0. Eine Kopie dieser Lizenz finden Sie unter http://creativecommons.org/licenses/by-nc-sa/4.0/

The materials are licensed under CC BY-NC-SA 4.0. You can find a copy of this license at http://creativecommons.org/licenses/by-nc-sa/4.0/</internalNotes>
  <language>de</language>
  <difficulty>0</difficulty>
  <tags id="2">
    <Tag id="3">
      <name>Desk_22</name>
    </Tag>
  </tags>
  <resources id="4"/>
  <stages id="5">
    <FillInStage id="6">
      <internalName>1</internalName>
      <externalName>Stage 1</externalName>
      <taskDescription>&lt;table border=&quot;0&quot; cellpadding=&quot;1&quot; cellspacing=&quot;1&quot; style=&quot;width: 675px;&quot;&gt;&#xd;
	&lt;tbody&gt;&#xd;
		&lt;tr&gt;&#xd;
			&lt;td&gt;&lt;strong&gt;Aufgabenstellung:&lt;/strong&gt;&lt;/td&gt;&#xd;
		&lt;/tr&gt;&#xd;
	&lt;/tbody&gt;&#xd;
&lt;/table&gt;&#xd;
&lt;br /&gt;&#xd;
Gegeben sei folgende Matrix $A$ mit Merkmalswerten $a_{ij}$, mit Zeilenindex $i=1,\ldots,6$ und Spaltenindex $j=1,\ldots,6$.&lt;br /&gt;&#xd;
$$A=&lt;br /&gt;&#xd;
\begin{pmatrix}&lt;br /&gt;&#xd;
[var=x1]&amp;amp;[var=x2]&amp;amp;[var=x3]&amp;amp;[var=x4]&amp;amp;[var=x5]&amp;amp;[var=x6] \\&lt;br /&gt;&#xd;
[var=x7]&amp;amp;[var=x8]&amp;amp;[var=x9]&amp;amp;[var=x10]&amp;amp;[var=x11]&amp;amp;[var=x12] \\&lt;br /&gt;&#xd;
[var=x13]&amp;amp;[var=x14]&amp;amp;[var=x15]&amp;amp;[var=x16]&amp;amp;[var=x17]&amp;amp;[var=x18] \\&lt;br /&gt;&#xd;
[var=x19]&amp;amp;[var=x20]&amp;amp;[var=x21]&amp;amp;[var=x22]&amp;amp;[var=x23]&amp;amp;[var=x24] \\&lt;br /&gt;&#xd;
[var=x25]&amp;amp;[var=x26]&amp;amp;[var=x27]&amp;amp;[var=x28]&amp;amp;[var=x29]&amp;amp;[var=x30] \\&lt;br /&gt;&#xd;
[var=x31]&amp;amp;[var=x32]&amp;amp;[var=x33]&amp;amp;[var=x34]&amp;amp;[var=x35]&amp;amp;[var=x36] \\&lt;br /&gt;&#xd;
\end{pmatrix}$$&lt;br /&gt;&#xd;
&lt;br /&gt;&#xd;
Berechnen Sie: $\displaystyle S = \sum\limits_{i=1}^{2} \sum\limits_{j=1}^{3}{a_{ij}}$&lt;br /&gt;&#xd;
&lt;br /&gt;&#xd;
&lt;strong&gt;Einreichung:&lt;/strong&gt;&lt;br /&gt;&#xd;
&amp;nbsp;&#xd;
&lt;table border=&quot;0&quot; cellpadding=&quot;1&quot; cellspacing=&quot;1&quot; style=&quot;width:350px;&quot;&gt;&#xd;
	&lt;tbody&gt;&#xd;
		&lt;tr&gt;&#xd;
			&lt;td&gt;$S$:&lt;/td&gt;&#xd;
			&lt;td&gt;&amp;nbsp;&amp;nbsp;&amp;nbsp;&lt;input name=&quot;fillin1&quot; size=&quot;10&quot; type=&quot;text&quot; value=&quot;fillin1&quot; /&gt;&amp;nbsp;&lt;/td&gt;&#xd;
		&lt;/tr&gt;&#xd;
	&lt;/tbody&gt;&#xd;
&lt;/table&gt;&#xd;
&lt;br /&gt;&#xd;
&lt;em&gt;(Runden Sie, falls n&amp;ouml;tig, auf die &lt;b&gt;vierte&amp;nbsp;&lt;/b&gt;Nachkommastelle.)&lt;/em&gt;</taskDescription>
      <skipMessage>Der Zeilenindex $i$ läuft von 1 bis 2, der Spaltenindex $j$ läuft von 1 bis 3. Da es sich um eine Doppelsumme handelt müssen Sie daher die Einträge der Matrix addieren,
		         die in der 1. und 2. Zeile und $\textbf{gleichzeitig}$ in der 1., 2. und 3. Spalte stehen. So erhält man als Ergebnis [var=x1]+[var=x2]+[var=x3]+[var=x7]+[var=x8]+[var=x9]. </skipMessage>
      <defaultTransition id="7">
        <conditionExpression id="8">
          <domain>MATH</domain>
        </conditionExpression>
        <stageExpression id="9">
          <domain>MATH</domain>
        </stageExpression>
        <isRepeat>true</isRepeat>
      </defaultTransition>
      <skipTransitions id="10">
        <StageTransition id="11">
          <conditionExpression id="12">
            <code></code>
            <domain>MATH</domain>
          </conditionExpression>
          <stageExpression id="13">
            <domain>MATH</domain>
          </stageExpression>
          <targetStage class="FillInStage" id="14">
            <internalName>2</internalName>
            <externalName>Stage 2</externalName>
            <taskDescription>&lt;strong&gt;Aufgabenstellung:&lt;/strong&gt;&lt;br /&gt;&#xd;
&lt;br /&gt;&#xd;
Gegeben ist folgende Matrix $X$ mit Merkmalswerten $x_{ij}$. $i=1,\ldots,I$ ist der Zeilenindex und $j=1,\ldots,J$ der Spaltenindex:&lt;br /&gt;&#xd;
&lt;br /&gt;&#xd;
$X=&lt;br /&gt;&#xd;
\begin{pmatrix}&lt;br /&gt;&#xd;
[var=x1]&amp;amp;[var=x2]&amp;amp;[var=x3]&amp;amp;[var=x4]&amp;amp;[var=x5]&amp;amp;[var=x6] \\&lt;br /&gt;&#xd;
[var=x7]&amp;amp;[var=x8]&amp;amp;[var=x9]&amp;amp;[var=x10]&amp;amp;[var=x11]&amp;amp;[var=v12] \\&lt;br /&gt;&#xd;
[var=x13]&amp;amp;[var=x14]&amp;amp;[var=x15]&amp;amp;[var=x16]&amp;amp;[var=x17]&amp;amp;[var=x18] \\&lt;br /&gt;&#xd;
[var=x19]&amp;amp;[var=x20]&amp;amp;[var=x21]&amp;amp;[var=x22]&amp;amp;[var=x23]&amp;amp;[var=x24] \\&lt;br /&gt;&#xd;
[var=x25]&amp;amp;[var=x26]&amp;amp;[var=x27]&amp;amp;[var=x28]&amp;amp;[var=x29]&amp;amp;[var=x30] \\&lt;br /&gt;&#xd;
[var=x31]&amp;amp;[var=x32]&amp;amp;[var=x33]&amp;amp;[var=x34]&amp;amp;[var=x35]&amp;amp;[var=x36] \\&lt;br /&gt;&#xd;
\end{pmatrix}$&lt;br /&gt;&#xd;
&lt;br /&gt;&#xd;
Berechnen Sie: $\displaystyle \sum_{i=2}^{2} \sum_{j=1}^{J}{x_{i,j}}$&lt;br /&gt;&#xd;
&lt;br /&gt;&#xd;
&lt;strong&gt;Einreichung:&lt;/strong&gt; &lt;input name=&quot;field1&quot; size=&quot;8&quot; type=&quot;text&quot; value=&quot;field1&quot; /&gt;&lt;br /&gt;&#xd;
&lt;br /&gt;&#xd;
&lt;em&gt;(Schreiben Sie Ihr Ergebnis nicht als Bruch sondern als Dezimalzahl und verwenden Sie einen Punkt als Dezimalzeichen.) &amp;nbsp;&lt;/em&gt;&#xd;
&lt;p&gt;&lt;a href=&quot;https://rdrr.io/snippets/embed/&quot; onclick=&quot;window.open(&apos;https://rdrr.io/snippets/embed/?code=&apos;,&apos;R Console&apos;,&apos; margin-top: 20px; top=200,left=100,width=480,height=640,menubar=no,toolbar=no,&apos;); return false;&quot; target=&quot;_blank&quot;&gt;&lt;img alt=&quot;R_ Logo&quot; pull-right=&quot;&quot; src=&quot;/econometrics/resource?resource=157444&quot; style=&quot;width: 40px; height: 50px; float: right; margin: 5px&quot; /&gt;&lt;/a&gt;&lt;/p&gt;&#xd;
</taskDescription>
            <skipMessage>Der Zeilenindex $i$ läuft von 2 bis 2, hier interessiert daher nur die 2. Zeile der Matrix. Der Spaltenindex laäft von $j$ bis $J$, also über alle Spalten der Matrix. 
		         In diesem Fall müssen also alle Einträge der 2. Zeile addiert werden. So erhält man als Ergebnis [var=x7]+[var=x8]+[var=x9]+[var=x10]+[var=x11]+[var=v12].</skipMessage>
            <defaultTransition id="15">
              <conditionExpression id="16">
                <domain>MATH</domain>
              </conditionExpression>
              <stageExpression id="17">
                <domain>MATH</domain>
              </stageExpression>
              <isRepeat>false</isRepeat>
            </defaultTransition>
            <skipTransitions id="18"/>
            <stageTransitions id="19">
              <StageTransition id="20">
                <conditionExpression id="21">
                  <code></code>
                  <domain>MATH</domain>
                </conditionExpression>
                <stageExpression id="22">
                  <code>[meta=stageCurrentResult]&gt;=100</code>
                  <domain>MATH</domain>
                </stageExpression>
                <isRepeat>false</isRepeat>
              </StageTransition>
            </stageTransitions>
            <hints id="23">
              <StageHint id="24">
                <stagehint__order>0</stagehint__order>
                <text>Der Zeilenindex $i$ läuft von 2 bis 2, hier interessiert daher nur die 2. Zeile der Matrix. Der Spaltenindex läuft von $j$ bis $J$, also über alle Spalten der Matrix. 
		         In diesem Fall müssen also alle Einträge der 2. Zeile addiert werden.</text>
                <malus>0</malus>
                <stage class="FillInStage" reference="14"/>
              </StageHint>
            </hints>
            <variableUpdatesOnEnter id="25"/>
            <variableUpdatesBeforeCheck id="26"/>
            <variableUpdatesAfterCheck id="27"/>
            <variableUpdatesOnNormalExit id="28"/>
            <variableUpdatesOnRepeat id="29"/>
            <variableUpdatesOnSkip id="30"/>
            <weight>1</weight>
            <orderIndex>1</orderIndex>
            <allowSkip>true</allowSkip>
            <resources id="31"/>
            <rules id="32">
              <Rule id="33">
                <name>Feedback_1</name>
                <orderIndex>1</orderIndex>
                <validationExpression id="34">
                  <code>!isEmpty([input=field1])&amp;&amp;isRealNumber([input=field1])&amp;&amp;[var=x2]+[var=x8]+[var=x14]+[var=x20]+[var=x26]+[var=x32]==[input=field1]</code>
                  <domain>MATH</domain>
                </validationExpression>
                <feedbackText>Sie haben Zeilen und Spalten vertauscht: $i=1,\ldots,I$ ist der Zeilenindex und $j=1,\ldots,J$ der Spaltenindex</feedbackText>
                <points>0</points>
                <terminal>false</terminal>
              </Rule>
            </rules>
            <fillInFields id="35">
              <FillInField id="36">
                <name>field1</name>
                <orderIndex>0</orderIndex>
                <size>8</size>
                <formularEditorType>NUMBER</formularEditorType>
              </FillInField>
            </fillInFields>
            <dropDownFields id="37"/>
            <formularEditorPalette>MATHDOX_FORMULAR_EDITOR_BASIC</formularEditorPalette>
            <defaultFeedback>Leider nicht richtig!</defaultFeedback>
            <correctAnswerRules id="38">
              <Rule id="39">
                <name>CorrectAnswer1</name>
                <orderIndex>1</orderIndex>
                <validationExpression id="40">
                  <code>!isEmpty([input=field1])&amp;&amp;isRealNumber([input=field1])&amp;&amp;[var=x7]+[var=x8]+[var=x9]+[var=x10]+[var=x11]+[var=v12]==[input=field1]</code>
                  <domain>MATH</domain>
                </validationExpression>
                <points>0</points>
                <terminal>false</terminal>
              </Rule>
            </correctAnswerRules>
            <correctAnswerFeedback>Richtig.</correctAnswerFeedback>
            <defaultResult>0</defaultResult>
          </targetStage>
          <isRepeat>false</isRepeat>
        </StageTransition>
      </skipTransitions>
      <stageTransitions id="41">
        <StageTransition id="42">
          <conditionExpression id="43">
            <code></code>
            <domain>MATH</domain>
          </conditionExpression>
          <stageExpression id="44">
            <code>[meta=stageCurrentResult]&gt;=100</code>
            <domain>MATH</domain>
          </stageExpression>
          <targetStage class="FillInStage" reference="14"/>
          <isRepeat>false</isRepeat>
        </StageTransition>
      </stageTransitions>
      <hints id="45">
        <StageHint id="46">
          <stagehint__order>0</stagehint__order>
          <text> Der Zeilenindex $i$ läuft von 1 bis 2, der Spaltenindex $j$ läuft von 1 bis 3. Da es sich um eine Doppelsumme handelt müssen Sie daher die Einträge der Matrix addieren,
		         die in der 1. und 2. Zeile und $\textbf{gleichzeitig}$ in der 1., 2. und 3. Spalte stehen.</text>
          <malus>0</malus>
          <stage class="FillInStage" reference="6"/>
        </StageHint>
      </hints>
      <variableUpdatesOnEnter id="47"/>
      <variableUpdatesBeforeCheck id="48"/>
      <variableUpdatesAfterCheck id="49"/>
      <variableUpdatesOnNormalExit id="50"/>
      <variableUpdatesOnRepeat id="51"/>
      <variableUpdatesOnSkip id="52"/>
      <weight>1</weight>
      <orderIndex>0</orderIndex>
      <allowSkip>true</allowSkip>
      <resources id="53"/>
      <rules id="54">
        <Rule id="55">
          <name>Feedback_1</name>
          <orderIndex>1</orderIndex>
          <validationExpression id="56">
            <code>!isEmpty([input=field1])&amp;&amp;isRealNumber([input=field1])&amp;&amp;[var=x1]+[var=x2]+[var=x7]+[var=x8]+[var=x13]+[var=x14]==[input=field1]</code>
            <domain>MATH</domain>
          </validationExpression>
          <feedbackText>Sie haben Zeilen und Spalten vertauscht: $i=1,\ldots,I$ ist der Zeilenindex und $j=1,\ldots,J$ der Spaltenindex</feedbackText>
          <points>0</points>
          <terminal>false</terminal>
        </Rule>
      </rules>
      <fillInFields id="57">
        <FillInField id="58">
          <name>fillin1</name>
          <orderIndex>0</orderIndex>
          <size>10</size>
          <formularEditorType>NUMBER</formularEditorType>
        </FillInField>
      </fillInFields>
      <dropDownFields id="59"/>
      <formularEditorPalette>MATHDOX_FORMULAR_EDITOR_BASIC</formularEditorPalette>
      <defaultFeedback>Leider nicht richtig!</defaultFeedback>
      <correctAnswerRules id="60">
        <Rule id="61">
          <name>CorrectAnswer1</name>
          <orderIndex>1</orderIndex>
          <validationExpression id="62">
            <code>!isEmpty([input=field1])&amp;&amp;
isRealNumber([input=field1])&amp;&amp;
[var=x1]+[var=x2]+[var=x3]+[var=x7]+[var=x8]+[var=x9]==[input=fillin1]</code>
            <domain>MATH</domain>
          </validationExpression>
          <points>0</points>
          <terminal>false</terminal>
        </Rule>
      </correctAnswerRules>
      <correctAnswerFeedback>Richtig.</correctAnswerFeedback>
      <defaultResult>0</defaultResult>
    </FillInStage>
    <FillInStage reference="14"/>
  </stages>
  <startStage class="FillInStage" reference="6"/>
  <variableDeclarations id="63">
    <VariableDeclaration id="64">
      <name>x1</name>
      <initializationCode id="65">
        <code>randomIntegerBetween(1,9)</code>
        <domain>MATH</domain>
      </initializationCode>
    </VariableDeclaration>
    <VariableDeclaration id="66">
      <name>x2</name>
      <initializationCode id="67">
        <code>randomIntegerBetween(1,9)</code>
        <domain>MATH</domain>
      </initializationCode>
    </VariableDeclaration>
    <VariableDeclaration id="68">
      <name>x3</name>
      <initializationCode id="69">
        <code>randomIntegerBetween(1,9)</code>
        <domain>MATH</domain>
      </initializationCode>
    </VariableDeclaration>
    <VariableDeclaration id="70">
      <name>x4</name>
      <initializationCode id="71">
        <code>randomIntegerBetween(1,9)</code>
        <domain>MATH</domain>
      </initializationCode>
    </VariableDeclaration>
    <VariableDeclaration id="72">
      <name>x5</name>
      <initializationCode id="73">
        <code>randomIntegerBetween(1,9)</code>
        <domain>MATH</domain>
      </initializationCode>
    </VariableDeclaration>
    <VariableDeclaration id="74">
      <name>x6</name>
      <initializationCode id="75">
        <code>randomIntegerBetween(1,9)</code>
        <domain>MATH</domain>
      </initializationCode>
    </VariableDeclaration>
    <VariableDeclaration id="76">
      <name>x7</name>
      <initializationCode id="77">
        <code>randomIntegerBetween(1,9)</code>
        <domain>MATH</domain>
      </initializationCode>
    </VariableDeclaration>
    <VariableDeclaration id="78">
      <name>x8</name>
      <initializationCode id="79">
        <code>randomIntegerBetween(1,9)</code>
        <domain>MATH</domain>
      </initializationCode>
    </VariableDeclaration>
    <VariableDeclaration id="80">
      <name>x9</name>
      <initializationCode id="81">
        <code>chooseFromComplement(list(1,2,3,4,5,6,7,8,9), list([var=x3]))</code>
        <domain>MATH</domain>
      </initializationCode>
    </VariableDeclaration>
    <VariableDeclaration id="82">
      <name>x10</name>
      <initializationCode id="83">
        <code>randomIntegerBetween(1,9)</code>
        <domain>MATH</domain>
      </initializationCode>
    </VariableDeclaration>
    <VariableDeclaration id="84">
      <name>x11</name>
      <initializationCode id="85">
        <code>randomIntegerBetween(1,9)</code>
        <domain>MATH</domain>
      </initializationCode>
    </VariableDeclaration>
    <VariableDeclaration id="86">
      <name>x12</name>
      <initializationCode id="87">
        <code>randomIntegerBetween(1,9)</code>
        <domain>MATH</domain>
      </initializationCode>
    </VariableDeclaration>
    <VariableDeclaration id="88">
      <name>x13</name>
      <initializationCode id="89">
        <code>chooseFromComplement(list(1,2,3,4,5,6,7,8,9), list([var=x3],[var=x9]))</code>
        <domain>MATH</domain>
      </initializationCode>
    </VariableDeclaration>
    <VariableDeclaration id="90">
      <name>x14</name>
      <initializationCode id="91">
        <code>chooseFromComplement(list(1,2,3,4,5,6,7,8,9), list([var=x3],[var=x9],[var=x13]))</code>
        <domain>MATH</domain>
      </initializationCode>
    </VariableDeclaration>
    <VariableDeclaration id="92">
      <name>x15</name>
      <initializationCode id="93">
        <code>randomIntegerBetween(1,9)</code>
        <domain>MATH</domain>
      </initializationCode>
    </VariableDeclaration>
    <VariableDeclaration id="94">
      <name>x16</name>
      <initializationCode id="95">
        <code>randomIntegerBetween(1,9)</code>
        <domain>MATH</domain>
      </initializationCode>
    </VariableDeclaration>
    <VariableDeclaration id="96">
      <name>x17</name>
      <initializationCode id="97">
        <code>randomIntegerBetween(1,9)</code>
        <domain>MATH</domain>
      </initializationCode>
    </VariableDeclaration>
    <VariableDeclaration id="98">
      <name>x18</name>
      <initializationCode id="99">
        <code>randomIntegerBetween(1,9)</code>
        <domain>MATH</domain>
      </initializationCode>
    </VariableDeclaration>
    <VariableDeclaration id="100">
      <name>x19</name>
      <initializationCode id="101">
        <code>randomIntegerBetween(1,9)</code>
        <domain>MATH</domain>
      </initializationCode>
    </VariableDeclaration>
    <VariableDeclaration id="102">
      <name>x20</name>
      <initializationCode id="103">
        <code>randomIntegerBetween(1,9)</code>
        <domain>MATH</domain>
      </initializationCode>
    </VariableDeclaration>
    <VariableDeclaration id="104">
      <name>x21</name>
      <initializationCode id="105">
        <code>randomIntegerBetween(1,9)</code>
        <domain>MATH</domain>
      </initializationCode>
    </VariableDeclaration>
    <VariableDeclaration id="106">
      <name>x22</name>
      <initializationCode id="107">
        <code>randomIntegerBetween(1,9)</code>
        <domain>MATH</domain>
      </initializationCode>
    </VariableDeclaration>
    <VariableDeclaration id="108">
      <name>x23</name>
      <initializationCode id="109">
        <code>randomIntegerBetween(1,9)</code>
        <domain>MATH</domain>
      </initializationCode>
    </VariableDeclaration>
    <VariableDeclaration id="110">
      <name>x24</name>
      <initializationCode id="111">
        <code>randomIntegerBetween(1,9)</code>
        <domain>MATH</domain>
      </initializationCode>
    </VariableDeclaration>
    <VariableDeclaration id="112">
      <name>x25</name>
      <initializationCode id="113">
        <code>randomIntegerBetween(1,9)</code>
        <domain>MATH</domain>
      </initializationCode>
    </VariableDeclaration>
    <VariableDeclaration id="114">
      <name>x26</name>
      <initializationCode id="115">
        <code>randomIntegerBetween(1,9)</code>
        <domain>MATH</domain>
      </initializationCode>
    </VariableDeclaration>
    <VariableDeclaration id="116">
      <name>x27</name>
      <initializationCode id="117">
        <code>randomIntegerBetween(1,9)</code>
        <domain>MATH</domain>
      </initializationCode>
    </VariableDeclaration>
    <VariableDeclaration id="118">
      <name>x28</name>
      <initializationCode id="119">
        <code>randomIntegerBetween(1,9)</code>
        <domain>MATH</domain>
      </initializationCode>
    </VariableDeclaration>
    <VariableDeclaration id="120">
      <name>x29</name>
      <initializationCode id="121">
        <code>randomIntegerBetween(1,9)</code>
        <domain>MATH</domain>
      </initializationCode>
    </VariableDeclaration>
    <VariableDeclaration id="122">
      <name>x30</name>
      <initializationCode id="123">
        <code>randomIntegerBetween(1,9)</code>
        <domain>MATH</domain>
      </initializationCode>
    </VariableDeclaration>
    <VariableDeclaration id="124">
      <name>x31</name>
      <initializationCode id="125">
        <code>randomIntegerBetween(1,9)</code>
        <domain>MATH</domain>
      </initializationCode>
    </VariableDeclaration>
    <VariableDeclaration id="126">
      <name>x31</name>
      <initializationCode id="127">
        <code>randomIntegerBetween(1,9)</code>
        <domain>MATH</domain>
      </initializationCode>
    </VariableDeclaration>
    <VariableDeclaration id="128">
      <name>x32</name>
      <initializationCode id="129">
        <code>randomIntegerBetween(1,9)</code>
        <domain>MATH</domain>
      </initializationCode>
    </VariableDeclaration>
    <VariableDeclaration id="130">
      <name>x33</name>
      <initializationCode id="131">
        <code>randomIntegerBetween(1,9)</code>
        <domain>MATH</domain>
      </initializationCode>
    </VariableDeclaration>
    <VariableDeclaration id="132">
      <name>x34</name>
      <initializationCode id="133">
        <code>randomIntegerBetween(1,9)</code>
        <domain>MATH</domain>
      </initializationCode>
    </VariableDeclaration>
    <VariableDeclaration id="134">
      <name>x35</name>
      <initializationCode id="135">
        <code>randomIntegerBetween(1,9)</code>
        <domain>MATH</domain>
      </initializationCode>
    </VariableDeclaration>
    <VariableDeclaration id="136">
      <name>x36</name>
      <initializationCode id="137">
        <code>randomIntegerBetween(1,9)</code>
        <domain>MATH</domain>
      </initializationCode>
    </VariableDeclaration>
    <VariableDeclaration id="138">
      <name>vvv12</name>
      <initializationCode id="139">
        <code>[var=x7]+[var=x8]+[var=x9]+[var=x10]+[var=x11]</code>
        <domain>MATH</domain>
      </initializationCode>
    </VariableDeclaration>
    <VariableDeclaration id="140">
      <name>vvvv12</name>
      <initializationCode id="141">
        <code>[var=x2]+[var=x8]+[var=x14]+[var=x20]+[var=x26]</code>
        <domain>MATH</domain>
      </initializationCode>
    </VariableDeclaration>
    <VariableDeclaration id="142">
      <name>vv12</name>
      <initializationCode id="143">
        <code>chooseFromComplement(list(1,2,3,4,5,6,7,8,9),list([var=x32]))</code>
        <domain>MATH</domain>
      </initializationCode>
    </VariableDeclaration>
    <VariableDeclaration id="144">
      <name>v12</name>
      <initializationCode id="145">
        <code>ifthenelse(equals([var=vvv12], [var=vvvv12]), [var=vv12], [var=vv12]+9)</code>
        <domain>MATH</domain>
      </initializationCode>
    </VariableDeclaration>
  </variableDeclarations>
  <jSXGraphs id="146"/>
  <dynamicMolecules id="147"/>
  <resultFeedbackMappings id="148"/>
</Exercise>