<Exercise id="1">
  <name>DS5-02 Schiefe- und Kurtosisparameter 2</name>
  <publicDescription></publicDescription>
  <internalNotes>absoluter und relativer Schiefeparameter

Die  Materialien sind lizenziert unter CC BY-NC-SA 4.0. Eine Kopie dieser Lizenz finden Sie unter http://creativecommons.org/licenses/by-nc-sa/4.0/

The materials are licensed under CC BY-NC-SA 4.0. You can find a copy of this license at http://creativecommons.org/licenses/by-nc-sa/4.0/</internalNotes>
  <language>de</language>
  <difficulty>3</difficulty>
  <tags id="2">
    <Tag id="3">
      <name>Desk_22</name>
    </Tag>
  </tags>
  <resources id="4"/>
  <stages id="5">
    <FillInStage id="6">
      <internalName>1</internalName>
      <externalName>Stage 1</externalName>
      <taskDescription>&lt;strong&gt;Aufgabenstellung:&lt;/strong&gt;&lt;br /&gt;&#xd;
&lt;br /&gt;&#xd;
Gegeben ist der Datensatz der Volkswirtschaftlichen Konsumg&amp;uuml;ternachfrage in Mrd. Euro $X$ :&lt;br /&gt;&#xd;
&lt;br /&gt;&#xd;
$$\begin{matrix}&lt;br /&gt;&#xd;
x_i &amp;amp;&amp;nbsp; \enspace n_i &amp;amp; \\&lt;br /&gt;&#xd;
\hline&lt;br /&gt;&#xd;
130 &amp;amp; [var=h1,latex] \\&lt;br /&gt;&#xd;
140 &amp;amp; [var=h2,latex] \\&lt;br /&gt;&#xd;
&amp;nbsp;150 &amp;amp; [var=h3,latex] \\&lt;br /&gt;&#xd;
160 &amp;amp; [var=h4,latex] \\&lt;br /&gt;&#xd;
170 &amp;amp; [var=h5,latex] \\&lt;br /&gt;&#xd;
\end{matrix}$$&lt;br /&gt;&#xd;
&lt;br /&gt;&#xd;
Berechnen Sie den absoluten und den relativen Schiefeparameter!&lt;br /&gt;&#xd;
&lt;br /&gt;&#xd;
&lt;strong&gt;Einreichung:&lt;/strong&gt;&lt;br /&gt;&#xd;
&lt;br /&gt;&#xd;
$\theta_{\text{Sch}}$= &amp;nbsp;&lt;input name=&quot;field1&quot; size=&quot;6&quot; type=&quot;text&quot; value=&quot;field1&quot; /&gt;&amp;nbsp;&lt;br /&gt;&#xd;
$\theta_{Sch}^{r}$= &amp;nbsp;&lt;input name=&quot;field2&quot; size=&quot;6&quot; type=&quot;text&quot; value=&quot;field2&quot; /&gt;&amp;nbsp;&lt;br /&gt;&#xd;
&lt;br /&gt;&#xd;
&lt;em&gt;(Runden Sie, falls n&amp;ouml;tig, auf die zweite Nachkommastelle)&lt;/em&gt;&lt;br /&gt;&#xd;
&lt;br /&gt;&#xd;
&amp;nbsp; &lt;!--&#xd;
&lt;p&gt;&lt;a href=&quot;https://rdrr.io/snippets/embed/&quot; onclick=&quot;window.open(&apos;https://rdrr.io/snippets/embed/?code=&apos;,&apos;R Console&apos;,&apos; margin-top: 20px; top=200,left=100,width=480,height=640,menubar=no,toolbar=no,&apos;); return false;&quot; target=&quot;_blank&quot;&gt;&lt;img alt=&quot;R_ Logo&quot; pull-right=&quot;&quot; src=&quot;/econometrics/resource?resource=157444&quot; style=&quot;width: 40px; height: 50px; float: right; margin: 5px&quot; /&gt;&lt;/a&gt;&lt;/p&gt;&#xd;
--&gt;</taskDescription>
      <skipMessage>absolute Schiefe: $\theta_{\text{Sch}}=m_{3}=\frac{1}{n}\sum_{j=1}^{n}(x_{j}-\bar{x})^{3}$ = [var=Schiefeg]&lt;br /&gt;
relative Schiefe: $\theta_{\text{Sch}}^{r}=z_{3}=\dfrac{\theta_{\text{Sch}}}{s^{3}}$ = [var=SchiefeRg]</skipMessage>
      <defaultTransition id="7">
        <conditionExpression id="8">
          <domain>MATH</domain>
        </conditionExpression>
        <stageExpression id="9">
          <domain>MATH</domain>
        </stageExpression>
        <isRepeat>true</isRepeat>
      </defaultTransition>
      <skipTransitions id="10">
        <StageTransition id="11">
          <conditionExpression id="12">
            <code></code>
            <domain>MATH</domain>
          </conditionExpression>
          <stageExpression id="13">
            <domain>MATH</domain>
          </stageExpression>
          <targetStage class="MCStage" id="14">
            <internalName>2</internalName>
            <externalName>Stage 2</externalName>
            <taskDescription>&lt;strong&gt;Aufgabenstellung:&lt;/strong&gt;&lt;br /&gt;&#xd;
&lt;br /&gt;&#xd;
Welche der folgenden Aussagen trifft bzw. treffen auf die Verteilung der Konsumg&amp;uuml;ternachfrage zu?&lt;br /&gt;&#xd;
&lt;br /&gt;&#xd;
&lt;strong&gt;Auswahl:&lt;/strong&gt;</taskDescription>
            <skipMessage>F&amp;uuml;r $\theta_{\text{Sch}}=0$ ist die Verteilung symmetrisch.&lt;br /&gt;
F&amp;uuml;r $\theta_{\text{Sch}}&amp;gt;0$ ist die Vertielung linkssteil bzw. rechtsschief, bei $\theta_{\text{Sch}}&amp;lt; 0$ ist die Verteilung rechtssteil bzw. linksschief.</skipMessage>
            <defaultTransition id="15">
              <conditionExpression id="16">
                <domain>MATH</domain>
              </conditionExpression>
              <stageExpression id="17">
                <domain>MATH</domain>
              </stageExpression>
              <isRepeat>true</isRepeat>
            </defaultTransition>
            <skipTransitions id="18">
              <StageTransition id="19">
                <conditionExpression id="20">
                  <code></code>
                  <domain>MATH</domain>
                </conditionExpression>
                <stageExpression id="21">
                  <domain>MATH</domain>
                </stageExpression>
                <isRepeat>false</isRepeat>
              </StageTransition>
            </skipTransitions>
            <stageTransitions id="22">
              <StageTransition id="23">
                <conditionExpression id="24">
                  <code></code>
                  <domain>MATH</domain>
                </conditionExpression>
                <stageExpression id="25">
                  <code>[meta=stageCurrentResult]&gt;=100</code>
                  <domain>MATH</domain>
                </stageExpression>
                <isRepeat>false</isRepeat>
              </StageTransition>
            </stageTransitions>
            <hints id="26">
              <StageHint id="27">
                <stagehint__order>0</stagehint__order>
                <text>Linkssteil ist &amp;auml;quivalent zu rechtsschief. Rechtsteil ist &amp;auml;quivalent zu linksschief&lt;em&gt; (Es ist ein weiterer Hinweis vorhanden)&lt;/em&gt;</text>
                <malus>0</malus>
                <stage class="MCStage" reference="14"/>
              </StageHint>
              <StageHint id="28">
                <stagehint__order>1</stagehint__order>
                <text> Für $\theta_{\text{Sch}}=0$ ist die Verteilung symmetrisch. Für $\theta_{\text{Sch}}&gt;0$ ist die Vertielung linkssteil bzw. rechtsschief,
                 bei $\theta_{\text{Sch}}&lt; 0$ ist die Verteilung rechtssteil bzw. linksschief.
    </text>
                <malus>0</malus>
                <stage class="MCStage" reference="14"/>
              </StageHint>
            </hints>
            <variableUpdatesOnEnter id="29"/>
            <variableUpdatesBeforeCheck id="30">
              <VariableUpdate id="31">
                <variableReference id="32">
                  <name>stage_49591_p1_0</name>
                  <initializationCode id="33">
                    <code>&quot;filled later by update&quot;</code>
                    <domain>MATH</domain>
                  </initializationCode>
                </variableReference>
                <updateCode id="34">
                  <code>convertBinaryStringToInteger(charAt([var=p1],1))</code>
                  <domain>MATH</domain>
                </updateCode>
              </VariableUpdate>
              <VariableUpdate id="35">
                <variableReference id="36">
                  <name>stage_49591_p1_1</name>
                  <initializationCode id="37">
                    <code>&quot;filled later by update&quot;</code>
                    <domain>MATH</domain>
                  </initializationCode>
                </variableReference>
                <updateCode id="38">
                  <code>convertBinaryStringToInteger(charAt([var=p1],2))</code>
                  <domain>MATH</domain>
                </updateCode>
              </VariableUpdate>
              <VariableUpdate id="39">
                <variableReference id="40">
                  <name>stage_49591_p1_2</name>
                  <initializationCode id="41">
                    <code>&quot;filled later by update&quot;</code>
                    <domain>MATH</domain>
                  </initializationCode>
                </variableReference>
                <updateCode id="42">
                  <code>convertBinaryStringToInteger(charAt([var=p1],3))</code>
                  <domain>MATH</domain>
                </updateCode>
              </VariableUpdate>
              <VariableUpdate id="43">
                <variableReference id="44">
                  <name>stage_49591_p1_3</name>
                  <initializationCode id="45">
                    <code>&quot;filled later by update&quot;</code>
                    <domain>MATH</domain>
                  </initializationCode>
                </variableReference>
                <updateCode id="46">
                  <code>convertBinaryStringToInteger(charAt([var=p1],4))</code>
                  <domain>MATH</domain>
                </updateCode>
              </VariableUpdate>
              <VariableUpdate id="47">
                <variableReference id="48">
                  <name>stage_49591_p1_4</name>
                  <initializationCode id="49">
                    <code>&quot;filled later by update&quot;</code>
                    <domain>MATH</domain>
                  </initializationCode>
                </variableReference>
                <updateCode id="50">
                  <code>convertBinaryStringToInteger(charAt([var=p1],5))</code>
                  <domain>MATH</domain>
                </updateCode>
              </VariableUpdate>
            </variableUpdatesBeforeCheck>
            <variableUpdatesAfterCheck id="51"/>
            <variableUpdatesOnNormalExit id="52"/>
            <variableUpdatesOnRepeat id="53"/>
            <variableUpdatesOnSkip id="54"/>
            <weight>1</weight>
            <orderIndex>1</orderIndex>
            <allowSkip>true</allowSkip>
            <resources id="55"/>
            <answerOptions id="56">
              <MCAnswer id="57">
                <order>0</order>
                <rule>VARIABLE</rule>
                <text> Die Verteilung ist linkssteil. </text>
                <variableName>stage_49591_p1_0</variableName>
                <mcstage reference="14"/>
              </MCAnswer>
              <MCAnswer id="58">
                <order>1</order>
                <rule>VARIABLE</rule>
                <text> Die Verteilung ist rechtssteil. </text>
                <variableName>stage_49591_p1_1</variableName>
                <mcstage reference="14"/>
              </MCAnswer>
              <MCAnswer id="59">
                <order>2</order>
                <rule>VARIABLE</rule>
                <text> Die Verteilung ist linksschief. </text>
                <variableName>stage_49591_p1_2</variableName>
                <mcstage reference="14"/>
              </MCAnswer>
              <MCAnswer id="60">
                <order>3</order>
                <rule>VARIABLE</rule>
                <text> Die Verteilung ist rechtsschief.</text>
                <variableName>stage_49591_p1_3</variableName>
                <mcstage reference="14"/>
              </MCAnswer>
              <MCAnswer id="61">
                <order>4</order>
                <rule>VARIABLE</rule>
                <text> Die Verteilung ist symmetrisch.</text>
                <variableName>stage_49591_p1_4</variableName>
                <mcstage reference="14"/>
              </MCAnswer>
            </answerOptions>
            <randomize>false</randomize>
            <singleChoice>false</singleChoice>
            <correctAnswerFeedback> Richtig. </correctAnswerFeedback>
            <defaultFeedback>  Leider nicht richtig. 
&lt;br /&gt;
&lt;br /&gt;
F&amp;uuml;r $\theta_{\text{Sch}}=0$ ist die Verteilung symmetrisch.&lt;br /&gt;
F&amp;uuml;r $\theta_{\text{Sch}}&amp;gt;0$ ist die Vertielung linkssteil bzw. rechtsschief, bei $\theta_{\text{Sch}}&amp;lt; 0$ ist die Verteilung rechtssteil bzw. linksschief.</defaultFeedback>
            <defaultResult>0</defaultResult>
            <extraFeedbacks id="62"/>
          </targetStage>
          <isRepeat>false</isRepeat>
        </StageTransition>
      </skipTransitions>
      <stageTransitions id="63">
        <StageTransition id="64">
          <conditionExpression id="65">
            <code></code>
            <domain>MATH</domain>
          </conditionExpression>
          <stageExpression id="66">
            <code>[meta=stageCurrentResult]&gt;=100</code>
            <domain>MATH</domain>
          </stageExpression>
          <targetStage class="MCStage" reference="14"/>
          <isRepeat>false</isRepeat>
        </StageTransition>
      </stageTransitions>
      <hints id="67">
        <StageHint id="68">
          <stagehint__order>0</stagehint__order>
          <text>absolute Schiefe: $\theta_{\text{Sch}}=m_{3}=\frac{1}{n}\sum_{j=1}^{n}(x_{j}-\bar{x})^{3}$&lt;br /&gt;
relative Schiefe: $\theta_{\text{Sch}}^{r}=z_{3}=\dfrac{\theta_{\text{Sch}}}{s^{3}}$</text>
          <malus>0</malus>
          <stage class="FillInStage" reference="6"/>
        </StageHint>
      </hints>
      <variableUpdatesOnEnter id="69"/>
      <variableUpdatesBeforeCheck id="70"/>
      <variableUpdatesAfterCheck id="71"/>
      <variableUpdatesOnNormalExit id="72"/>
      <variableUpdatesOnRepeat id="73"/>
      <variableUpdatesOnSkip id="74"/>
      <weight>1</weight>
      <orderIndex>0</orderIndex>
      <allowSkip>true</allowSkip>
      <resources id="75"/>
      <rules id="76"/>
      <fillInFields id="77">
        <FillInField id="78">
          <name>field2</name>
          <orderIndex>1</orderIndex>
          <size>6</size>
          <formularEditorType>NUMBER</formularEditorType>
        </FillInField>
        <FillInField id="79">
          <name>field1</name>
          <orderIndex>0</orderIndex>
          <size>6</size>
          <formularEditorType>NUMBER</formularEditorType>
        </FillInField>
      </fillInFields>
      <dropDownFields id="80"/>
      <formularEditorPalette>MATHDOX_FORMULAR_EDITOR_NO_PALETTE</formularEditorPalette>
      <defaultFeedback>Leider nicht korrekt!
&lt;br /&gt;
&lt;br /&gt;
absolute Schiefe: $\theta_{\text{Sch}}=m_{3}=\frac{1}{n}\sum_{j=1}^{n}(x_{j}-\bar{x})^{3}$ = [var=Schiefeg]&lt;br /&gt;
relative Schiefe: $\theta_{\text{Sch}}^{r}=z_{3}=\dfrac{\theta_{\text{Sch}}}{s^{3}}$ = [var=SchiefeRg]</defaultFeedback>
      <correctAnswerRules id="81">
        <Rule id="82">
          <name>CorrectAnswer1</name>
          <orderIndex>1</orderIndex>
          <validationExpression id="83">
            <code>!isEmpty([input=field1])&amp;&amp;isRealNumber([input=field1])&amp;&amp;!isEmpty([input=field2])&amp;&amp;isRealNumber([input=field2])&amp;&amp;[input=field1]&lt;[var=Schiefeg]+0.11&amp;&amp;[input=field1]&gt;[var=Schiefeg]-0.11&amp;&amp;[input=field2]&lt;[var=SchiefeRg]+0.11&amp;&amp;[input=field2]&gt;[var=SchiefeRg]-0.11</code>
            <domain>MATH</domain>
          </validationExpression>
          <points>0</points>
          <terminal>false</terminal>
        </Rule>
      </correctAnswerRules>
      <correctAnswerFeedback>Richtig.</correctAnswerFeedback>
      <defaultResult>0</defaultResult>
    </FillInStage>
    <MCStage reference="14"/>
  </stages>
  <startStage class="FillInStage" reference="6"/>
  <variableDeclarations id="84">
    <VariableDeclaration id="85">
      <name>h1</name>
      <initializationCode id="86">
        <code>randomIntegerBetween(1,11)</code>
        <domain>MATH</domain>
      </initializationCode>
    </VariableDeclaration>
    <VariableDeclaration id="87">
      <name>h2</name>
      <initializationCode id="88">
        <code>randomIntegerBetween(1,41)</code>
        <domain>MATH</domain>
      </initializationCode>
    </VariableDeclaration>
    <VariableDeclaration id="89">
      <name>h5</name>
      <initializationCode id="90">
        <code>randomIntegerBetween(1,101)</code>
        <domain>MATH</domain>
      </initializationCode>
    </VariableDeclaration>
    <VariableDeclaration id="91">
      <name>h4</name>
      <initializationCode id="92">
        <code>randomIntegerBetween(1,41)</code>
        <domain>MATH</domain>
      </initializationCode>
    </VariableDeclaration>
    <VariableDeclaration id="93">
      <name>h3</name>
      <initializationCode id="94">
        <code>evaluateInR(&apos;200-[var=h1]-[var=h2]-[var=h5]-[var=h4]&apos;)</code>
        <domain>MATH</domain>
      </initializationCode>
    </VariableDeclaration>
    <VariableDeclaration id="95">
      <name>xquer</name>
      <initializationCode id="96">
        <code>evaluateInR(&apos;(130*[var=h1]+140*[var=h2]+150*[var=h3]+160*[var=h4]+170*[var=h5])/200&apos;)</code>
        <domain>MATH</domain>
      </initializationCode>
    </VariableDeclaration>
    <VariableDeclaration id="97">
      <name>xquerg</name>
      <initializationCode id="98">
        <code>evaluateInR(&apos;round([var=xquer], 3)&apos;)</code>
        <domain>MATH</domain>
      </initializationCode>
    </VariableDeclaration>
    <VariableDeclaration id="99">
      <name>sxsq</name>
      <initializationCode id="100">
        <code>([var=h1]*pow(130-[var=xquer], 2)+[var=h2]*pow(140-[var=xquer], 2)+[var=h3]*pow(150-[var=xquer], 2)+[var=h4]*pow(160-[var=xquer], 2)+[var=h5]*pow(170-[var=xquer], 2))/200</code>
        <domain>MATH</domain>
      </initializationCode>
    </VariableDeclaration>
    <VariableDeclaration id="101">
      <name>sx</name>
      <initializationCode id="102">
        <code>evaluateInR(&apos;sqrt([var=sxsq])&apos;)</code>
        <domain>MATH</domain>
      </initializationCode>
    </VariableDeclaration>
    <VariableDeclaration id="103">
      <name>sxg</name>
      <initializationCode id="104">
        <code>evaluateInR(&apos;round([var=sx], 3)&apos;)</code>
        <domain>MATH</domain>
      </initializationCode>
    </VariableDeclaration>
    <VariableDeclaration id="105">
      <name>Schiefe</name>
      <initializationCode id="106">
        <code>([var=h1]*pow(130-[var=xquer], 3)+[var=h2]*pow(140-[var=xquer], 3)+[var=h3]*pow(150-[var=xquer], 3)+[var=h4]*pow(160-[var=xquer], 3)+[var=h5]*pow(170-[var=xquer], 3))/200</code>
        <domain>MATH</domain>
      </initializationCode>
    </VariableDeclaration>
    <VariableDeclaration id="107">
      <name>Schiefeg</name>
      <initializationCode id="108">
        <code>evaluateInR(&apos;round([var=Schiefe], 2)&apos;)</code>
        <domain>MATH</domain>
      </initializationCode>
    </VariableDeclaration>
    <VariableDeclaration id="109">
      <name>SchiefeR</name>
      <initializationCode id="110">
        <code>[var=Schiefe]/pow([var=sx], 3)</code>
        <domain>MATH</domain>
      </initializationCode>
    </VariableDeclaration>
    <VariableDeclaration id="111">
      <name>SchiefeRg</name>
      <initializationCode id="112">
        <code>evaluateInR(&apos;round([var=SchiefeR], 2)&apos;)</code>
        <domain>MATH</domain>
      </initializationCode>
    </VariableDeclaration>
    <VariableDeclaration id="113">
      <name>p1</name>
      <initializationCode id="114">
        <code>ifthenelse([var=SchiefeRg]&lt;0, 901100, 910010)</code>
        <domain>MATH</domain>
      </initializationCode>
    </VariableDeclaration>
    <VariableDeclaration id="115">
      <name>stage_49591_p1_0</name>
      <initializationCode id="116">
        <code>&quot;filled later by update&quot;</code>
        <domain>MATH</domain>
      </initializationCode>
    </VariableDeclaration>
    <VariableDeclaration id="117">
      <name>stage_49591_p1_1</name>
      <initializationCode id="118">
        <code>&quot;filled later by update&quot;</code>
        <domain>MATH</domain>
      </initializationCode>
    </VariableDeclaration>
    <VariableDeclaration id="119">
      <name>stage_49591_p1_2</name>
      <initializationCode id="120">
        <code>&quot;filled later by update&quot;</code>
        <domain>MATH</domain>
      </initializationCode>
    </VariableDeclaration>
    <VariableDeclaration id="121">
      <name>stage_49591_p1_3</name>
      <initializationCode id="122">
        <code>&quot;filled later by update&quot;</code>
        <domain>MATH</domain>
      </initializationCode>
    </VariableDeclaration>
    <VariableDeclaration id="123">
      <name>stage_49591_p1_4</name>
      <initializationCode id="124">
        <code>&quot;filled later by update&quot;</code>
        <domain>MATH</domain>
      </initializationCode>
    </VariableDeclaration>
  </variableDeclarations>
  <jSXGraphs id="125"/>
  <dynamicMolecules id="126"/>
  <resultFeedbackMappings id="127"/>
</Exercise>