<Exercise id="1">
  <name>DS7-04 Zweidimensionale Datensätze 4</name>
  <publicDescription></publicDescription>
  <internalNotes>Vervollständigen der Kontingenztabelle

Die  Materialien sind lizenziert unter CC BY-NC-SA 4.0. Eine Kopie dieser Lizenz finden Sie unter http://creativecommons.org/licenses/by-nc-sa/4.0/

The materials are licensed under CC BY-NC-SA 4.0. You can find a copy of this license at http://creativecommons.org/licenses/by-nc-sa/4.0/</internalNotes>
  <language>de</language>
  <difficulty>1</difficulty>
  <tags id="2">
    <Tag id="3">
      <name>Desk_22</name>
    </Tag>
  </tags>
  <resources id="4"/>
  <stages id="5">
    <FillInStage id="6">
      <internalName>1</internalName>
      <externalName>Stage 1</externalName>
      <taskDescription>&lt;strong&gt;Aufgabenstellung:&lt;/strong&gt;&lt;br /&gt;&#xd;
&lt;br /&gt;&#xd;
Vervollst&amp;auml;ndigen Sie die folgende Kontingenztafel mit relativen H&amp;auml;ufigkeiten der statistisch unabh&amp;auml;ngigen Merkmale $\mathbf{X}$ und $\mathbf{Y}$.&lt;br /&gt;&#xd;
&amp;nbsp;&#xd;
&lt;table border=&quot;0&quot; cellpadding=&quot;1&quot; cellspacing=&quot;1&quot; style=&quot;width:500px;&quot;&gt;&#xd;
	&lt;tbody&gt;&#xd;
		&lt;tr&gt;&#xd;
			&lt;td&gt;X/Y&lt;br /&gt;&#xd;
			&amp;nbsp;&lt;/td&gt;&#xd;
			&lt;td style=&quot;text-align: center;&quot;&gt;$y_1$&lt;br /&gt;&#xd;
			&amp;nbsp;&lt;/td&gt;&#xd;
			&lt;td style=&quot;text-align: center;&quot;&gt;$y_2$&lt;br /&gt;&#xd;
			&amp;nbsp;&lt;/td&gt;&#xd;
			&lt;td style=&quot;text-align: center;&quot;&gt;$y_3$&lt;br /&gt;&#xd;
			&amp;nbsp;&lt;/td&gt;&#xd;
			&lt;td style=&quot;text-align: right;&quot;&gt;$h_{j \cdot}$&lt;br /&gt;&#xd;
			&amp;nbsp;&lt;/td&gt;&#xd;
		&lt;/tr&gt;&#xd;
		&lt;tr&gt;&#xd;
			&lt;td&gt;$x_1$&lt;/td&gt;&#xd;
			&lt;td style=&quot;text-align: center;&quot;&gt;$[var=x1y1]$&lt;/td&gt;&#xd;
			&lt;td style=&quot;text-align: center;&quot;&gt;&amp;nbsp;&lt;input name=&quot;field1&quot; size=&quot;6&quot; type=&quot;text&quot; value=&quot;field1&quot; /&gt;&amp;nbsp;&lt;/td&gt;&#xd;
			&lt;td style=&quot;text-align: center;&quot;&gt;&lt;input name=&quot;field2&quot; size=&quot;6&quot; type=&quot;text&quot; value=&quot;field2&quot; /&gt;&lt;/td&gt;&#xd;
			&lt;td style=&quot;text-align: right;&quot;&gt;$[var=fx1]$&lt;/td&gt;&#xd;
		&lt;/tr&gt;&#xd;
		&lt;tr&gt;&#xd;
			&lt;td&gt;$x_2$&lt;/td&gt;&#xd;
			&lt;td style=&quot;text-align: center;&quot;&gt;&lt;input name=&quot;field3&quot; size=&quot;6&quot; type=&quot;text&quot; value=&quot;field3&quot; /&gt;&lt;/td&gt;&#xd;
			&lt;td style=&quot;text-align: center;&quot;&gt;&amp;nbsp;&lt;input name=&quot;field4&quot; size=&quot;6&quot; type=&quot;text&quot; value=&quot;field4&quot; /&gt;&amp;nbsp;&lt;/td&gt;&#xd;
			&lt;td style=&quot;text-align: center;&quot;&gt;$[var=x2y3]$&lt;/td&gt;&#xd;
			&lt;td style=&quot;text-align: right;&quot;&gt;&lt;input name=&quot;field5&quot; size=&quot;6&quot; type=&quot;text&quot; value=&quot;field5&quot; /&gt;&amp;nbsp;&lt;/td&gt;&#xd;
		&lt;/tr&gt;&#xd;
		&lt;tr&gt;&#xd;
			&lt;td&gt;&lt;br /&gt;&#xd;
			$h_{\cdot j}$&lt;/td&gt;&#xd;
			&lt;td style=&quot;text-align: center;&quot;&gt;&amp;nbsp;&lt;br /&gt;&#xd;
			&amp;nbsp;&lt;input name=&quot;field6&quot; size=&quot;6&quot; type=&quot;text&quot; value=&quot;field6&quot; /&gt;&amp;nbsp;&lt;/td&gt;&#xd;
			&lt;td style=&quot;text-align: center;&quot;&gt;&lt;br /&gt;&#xd;
			&amp;nbsp;&lt;input name=&quot;field7&quot; size=&quot;6&quot; type=&quot;text&quot; value=&quot;field7&quot; /&gt;&amp;nbsp;&lt;/td&gt;&#xd;
			&lt;td style=&quot;text-align: center;&quot;&gt;&lt;br /&gt;&#xd;
			&amp;nbsp;&lt;input name=&quot;field8&quot; size=&quot;6&quot; type=&quot;text&quot; value=&quot;field8&quot; /&gt;&amp;nbsp;&lt;/td&gt;&#xd;
			&lt;td style=&quot;text-align: right;&quot;&gt;&lt;br /&gt;&#xd;
			$\mathbf{1}$&lt;/td&gt;&#xd;
		&lt;/tr&gt;&#xd;
	&lt;/tbody&gt;&#xd;
&lt;/table&gt;&#xd;
&lt;br /&gt;&#xd;
&lt;em&gt;(Runden Sie, falls n&amp;ouml;tig, auf die $\textbf{dritte Nachkommastelle}$ und verwenden Sie einen Dezimalpunkt)&lt;/em&gt;&#xd;
&#xd;
&lt;p&gt;&lt;a href=&quot;https://rdrr.io/snippets/embed/&quot; onclick=&quot;window.open(&apos;https://rdrr.io/snippets/embed/?code=&apos;,&apos;R Console&apos;,&apos; margin-top: 20px; top=200,left=100,width=480,height=640,menubar=no,toolbar=no,&apos;); return false;&quot; target=&quot;_blank&quot;&gt;&lt;img alt=&quot;R_ Logo&quot; pull-right=&quot;&quot; src=&quot;/econometrics/resource?resource=157444&quot; style=&quot;width: 40px; height: 50px; float: right; margin: 5px&quot; /&gt;&lt;/a&gt;&lt;/p&gt;&#xd;
</taskDescription>
      <skipMessage>Die L&amp;ouml;sungen lauten:&lt;br /&gt;
&lt;br /&gt;
$\mathit{h_{\,x_{1},y_{2}}} = [var=x1y2]$&lt;br /&gt;
$\mathit{h_{\,x_{1},y_{3}}} = [var=x1y3]$&lt;br /&gt;
$\mathit{h_{\,x_{2},y_{1}}} = [var=x2y1]$&lt;br /&gt;
$\mathit{h_{\,x_{2},y_{2}}} = [var=x2y2]$&lt;br /&gt;
$\mathit{h_{\,x_{2},\cdot}} = [var=fx2]$&lt;br /&gt;
$\mathit{h_{\,\cdot,y_{1}}} = [var=fy1]$&lt;br /&gt;
$\mathit{h_{\,\cdot,y_{2}}} = [var=fy2]$&lt;br /&gt;
$\mathit{h_{\,\cdot,y_{3}}} = [var=fy3]$</skipMessage>
      <defaultTransition id="7">
        <conditionExpression id="8">
          <domain>MATH</domain>
        </conditionExpression>
        <stageExpression id="9">
          <domain>MATH</domain>
        </stageExpression>
        <isRepeat>true</isRepeat>
      </defaultTransition>
      <skipTransitions id="10">
        <StageTransition id="11">
          <conditionExpression id="12">
            <code></code>
            <domain>MATH</domain>
          </conditionExpression>
          <stageExpression id="13">
            <domain>MATH</domain>
          </stageExpression>
          <isRepeat>false</isRepeat>
        </StageTransition>
      </skipTransitions>
      <stageTransitions id="14">
        <StageTransition id="15">
          <conditionExpression id="16">
            <code></code>
            <domain>MATH</domain>
          </conditionExpression>
          <stageExpression id="17">
            <code>[meta=stageCurrentResult]&gt;=100</code>
            <domain>MATH</domain>
          </stageExpression>
          <isRepeat>false</isRepeat>
        </StageTransition>
      </stageTransitions>
      <hints id="18">
        <StageHint id="19">
          <stagehint__order>0</stagehint__order>
          <text>Die Merkmale sind statistisch unabh&amp;auml;ngig. Daraus ergeben sich besondere Eigenschaften im Zusammenhang mit der gemeinsamen empirischen Verteilungsfunktion.&lt;br /&gt;
&lt;em&gt;(Es ist ein weiterer Hinweis vorhanden)&lt;/em&gt;</text>
          <malus>0</malus>
          <stage class="FillInStage" reference="6"/>
        </StageHint>
        <StageHint id="20">
          <stagehint__order>1</stagehint__order>
          <text>Daraus folgt $h_{x_iy_j}=h_{x_i\cdot}h_{\cdot y_j}$</text>
          <malus>0</malus>
          <stage class="FillInStage" reference="6"/>
        </StageHint>
      </hints>
      <variableUpdatesOnEnter id="21"/>
      <variableUpdatesBeforeCheck id="22"/>
      <variableUpdatesAfterCheck id="23"/>
      <variableUpdatesOnNormalExit id="24"/>
      <variableUpdatesOnRepeat id="25"/>
      <variableUpdatesOnSkip id="26"/>
      <weight>1</weight>
      <orderIndex>0</orderIndex>
      <allowSkip>true</allowSkip>
      <resources id="27"/>
      <rules id="28"/>
      <fillInFields id="29">
        <FillInField id="30">
          <name>field2</name>
          <orderIndex>1</orderIndex>
          <size>6</size>
          <formularEditorType>NUMBER</formularEditorType>
        </FillInField>
        <FillInField id="31">
          <name>field1</name>
          <orderIndex>0</orderIndex>
          <size>6</size>
          <formularEditorType>NUMBER</formularEditorType>
        </FillInField>
        <FillInField id="32">
          <name>field8</name>
          <orderIndex>7</orderIndex>
          <size>6</size>
          <formularEditorType>NUMBER</formularEditorType>
        </FillInField>
        <FillInField id="33">
          <name>field7</name>
          <orderIndex>6</orderIndex>
          <size>6</size>
          <formularEditorType>NUMBER</formularEditorType>
        </FillInField>
        <FillInField id="34">
          <name>field6</name>
          <orderIndex>5</orderIndex>
          <size>6</size>
          <formularEditorType>NUMBER</formularEditorType>
        </FillInField>
        <FillInField id="35">
          <name>field5</name>
          <orderIndex>4</orderIndex>
          <size>6</size>
          <formularEditorType>NUMBER</formularEditorType>
        </FillInField>
        <FillInField id="36">
          <name>field4</name>
          <orderIndex>3</orderIndex>
          <size>6</size>
          <formularEditorType>NUMBER</formularEditorType>
        </FillInField>
        <FillInField id="37">
          <name>field3</name>
          <orderIndex>2</orderIndex>
          <size>6</size>
          <formularEditorType>NUMBER</formularEditorType>
        </FillInField>
      </fillInFields>
      <dropDownFields id="38"/>
      <formularEditorPalette>MATHDOX_FORMULAR_EDITOR_BASIC</formularEditorPalette>
      <defaultFeedback>Leider nicht korrekt.&lt;br /&gt;
&lt;br /&gt;
$\mathit{h_{\,x_{1},y_{2}}} = [var=x1y2]$&lt;br /&gt;
$\mathit{h_{\,x_{1},y_{3}}} = [var=x1y3]$&lt;br /&gt;
$\mathit{h_{\,x_{2},y_{1}}} = [var=x2y1]$&lt;br /&gt;
$\mathit{h_{\,x_{2},y_{2}}} = [var=x2y2]$&lt;br /&gt;
$\mathit{h_{\,x_{2},\cdot}} = [var=fx2]$&lt;br /&gt;
$\mathit{h_{\,\cdot,y_{1}}} = [var=fy1]$&lt;br /&gt;
$\mathit{h_{\,\cdot,y_{2}}} = [var=fy2]$&lt;br /&gt;
$\mathit{h_{\,\cdot,y_{3}}} = [var=fy3]$</defaultFeedback>
      <correctAnswerRules id="39">
        <Rule id="40">
          <name>CorrectAnswer1</name>
          <orderIndex>1</orderIndex>
          <validationExpression id="41">
            <code>!isEmpty([input=field1])&amp;&amp;isRealNumber([input=field1])&amp;&amp;!isEmpty([input=field2])&amp;&amp;isRealNumber([input=field2])&amp;&amp;!isEmpty([input=field3])&amp;&amp;isRealNumber([input=field3])&amp;&amp;!isEmpty([input=field4])&amp;&amp;isRealNumber([input=field4])&amp;&amp;!isEmpty([input=field5])&amp;&amp;isRealNumber([input=field5])&amp;&amp;!isEmpty([input=field6])&amp;&amp;isRealNumber([input=field6])&amp;&amp;!isEmpty([input=field7])&amp;&amp;isRealNumber([input=field7])&amp;&amp;!isEmpty([input=field8])&amp;&amp;isRealNumber([input=field8])&amp;&amp;[input=field1]&gt;[var=x1y2]-0.11&amp;&amp;[input=field1]&lt;[var=x1y2]+0.11&amp;&amp;[input=field2]&gt;[var=x1y3]-0.11&amp;&amp;[input=field2]&lt;[var=x1y3]+0.11&amp;&amp;[input=field3]&gt;[var=x2y1]-0.11&amp;&amp;[input=field3]&lt;[var=x2y1]+0.11&amp;&amp;[input=field4]&gt;[var=x2y2]-0.11&amp;&amp;[input=field4]&lt;[var=x2y2]+0.11&amp;&amp;[input=field5]&gt;[var=fx2]-0.11&amp;&amp;[input=field5]&lt;[var=fx2]+0.11&amp;&amp;[input=field6]&gt;[var=fy1]-0.11&amp;&amp;[input=field6]&lt;[var=fy1]+0.11&amp;&amp;[input=field7]&gt;[var=fy2]-0.11&amp;&amp;[input=field7]&lt;[var=fy2]+0.11&amp;&amp;[input=field8]&gt;[var=fy3]-0.11&amp;&amp;[input=field8]&lt;[var=fy3]+0.11</code>
            <domain>MATH</domain>
          </validationExpression>
          <points>0</points>
          <terminal>false</terminal>
        </Rule>
      </correctAnswerRules>
      <correctAnswerFeedback>Richtig.</correctAnswerFeedback>
      <defaultResult>0</defaultResult>
    </FillInStage>
  </stages>
  <startStage class="FillInStage" reference="6"/>
  <variableDeclarations id="42">
    <VariableDeclaration id="43">
      <name>a</name>
      <initializationCode id="44">
        <code>randomIntegerBetween(150,300)</code>
        <domain>MATH</domain>
      </initializationCode>
    </VariableDeclaration>
    <VariableDeclaration id="45">
      <name>b</name>
      <initializationCode id="46">
        <code>randomIntegerBetween(20,150)</code>
        <domain>MATH</domain>
      </initializationCode>
    </VariableDeclaration>
    <VariableDeclaration id="47">
      <name>c</name>
      <initializationCode id="48">
        <code>randomIntegerBetween(600,800)</code>
        <domain>MATH</domain>
      </initializationCode>
    </VariableDeclaration>
    <VariableDeclaration id="49">
      <name>x1y1</name>
      <initializationCode id="50">
        <code>evaluateInR(&apos;[var=a]/1000.&apos;)</code>
        <domain>MATH</domain>
      </initializationCode>
    </VariableDeclaration>
    <VariableDeclaration id="51">
      <name>x2y3</name>
      <initializationCode id="52">
        <code>evaluateInR(&apos;[var=b]/1000.&apos;)</code>
        <domain>MATH</domain>
      </initializationCode>
    </VariableDeclaration>
    <VariableDeclaration id="53">
      <name>fx1</name>
      <initializationCode id="54">
        <code>evaluateInR(&apos;[var=c]/1000.&apos;)</code>
        <domain>MATH</domain>
      </initializationCode>
    </VariableDeclaration>
    <VariableDeclaration id="55">
      <name>fx2</name>
      <initializationCode id="56">
        <code>evaluateInR(&apos;(1000-[var=c])/1000.&apos;)</code>
        <domain>MATH</domain>
      </initializationCode>
    </VariableDeclaration>
    <VariableDeclaration id="57">
      <name>fy1u</name>
      <initializationCode id="58">
        <code>evaluateInR(&apos;[var=x1y1]/[var=fx1]&apos;)</code>
        <domain>MATH</domain>
      </initializationCode>
    </VariableDeclaration>
    <VariableDeclaration id="59">
      <name>fy1</name>
      <initializationCode id="60">
        <code>evaluateInR(&apos;round([var=fy1u], 3)&apos;)</code>
        <domain>MATH</domain>
      </initializationCode>
    </VariableDeclaration>
    <VariableDeclaration id="61">
      <name>x2y1u</name>
      <initializationCode id="62">
        <code>evaluateInR(&apos;[var=fy1u]-[var=x1y1]&apos;)</code>
        <domain>MATH</domain>
      </initializationCode>
    </VariableDeclaration>
    <VariableDeclaration id="63">
      <name>x2y1</name>
      <initializationCode id="64">
        <code>evaluateInR(&apos;round([var=x2y1u], 3)&apos;)</code>
        <domain>MATH</domain>
      </initializationCode>
    </VariableDeclaration>
    <VariableDeclaration id="65">
      <name>x2y2u</name>
      <initializationCode id="66">
        <code>evaluateInR(&apos;[var=fx2]-[var=x2y1u]-[var=x2y3]&apos;)</code>
        <domain>MATH</domain>
      </initializationCode>
    </VariableDeclaration>
    <VariableDeclaration id="67">
      <name>x2y2</name>
      <initializationCode id="68">
        <code>evaluateInR(&apos;round([var=x2y2u], 3)&apos;)</code>
        <domain>MATH</domain>
      </initializationCode>
    </VariableDeclaration>
    <VariableDeclaration id="69">
      <name>fy2u</name>
      <initializationCode id="70">
        <code>evaluateInR(&apos;[var=x2y2u]/[var=fx2]&apos;)</code>
        <domain>MATH</domain>
      </initializationCode>
    </VariableDeclaration>
    <VariableDeclaration id="71">
      <name>fy2</name>
      <initializationCode id="72">
        <code>evaluateInR(&apos;round([var=fy2u], 3)&apos;)</code>
        <domain>MATH</domain>
      </initializationCode>
    </VariableDeclaration>
    <VariableDeclaration id="73">
      <name>x1y2u</name>
      <initializationCode id="74">
        <code>evaluateInR(&apos;[var=fy2u]-[var=x2y2u]&apos;)</code>
        <domain>MATH</domain>
      </initializationCode>
    </VariableDeclaration>
    <VariableDeclaration id="75">
      <name>x1y2</name>
      <initializationCode id="76">
        <code>evaluateInR(&apos;round([var=x1y2u], 3)&apos;)</code>
        <domain>MATH</domain>
      </initializationCode>
    </VariableDeclaration>
    <VariableDeclaration id="77">
      <name>fy3u</name>
      <initializationCode id="78">
        <code>evaluateInR(&apos;1-[var=fy2u]-[var=fy1u]&apos;)</code>
        <domain>MATH</domain>
      </initializationCode>
    </VariableDeclaration>
    <VariableDeclaration id="79">
      <name>fy3</name>
      <initializationCode id="80">
        <code>evaluateInR(&apos;round([var=fy3u], 3)&apos;)</code>
        <domain>MATH</domain>
      </initializationCode>
    </VariableDeclaration>
    <VariableDeclaration id="81">
      <name>x1y3u</name>
      <initializationCode id="82">
        <code>evaluateInR(&apos;[var=fy3u]-[var=x2y3]&apos;)</code>
        <domain>MATH</domain>
      </initializationCode>
    </VariableDeclaration>
    <VariableDeclaration id="83">
      <name>x1y3</name>
      <initializationCode id="84">
        <code>evaluateInR(&apos;round([var=x1y3u], 3)&apos;)</code>
        <domain>MATH</domain>
      </initializationCode>
    </VariableDeclaration>
  </variableDeclarations>
  <jSXGraphs id="85"/>
  <dynamicMolecules id="86"/>
  <resultFeedbackMappings id="87"/>
</Exercise>