<Exercise id="1">
  <name>DS7-06 Zweidimensionale Datensätze 6</name>
  <publicDescription></publicDescription>
  <internalNotes>1. Stage: Skalierung zweier Merkmale und entsprechendes Zusammenhangsmaß identifizieren -- Feedback bearbeiten
2. Stage: Spearman erkennen und berechnen
3. Stage: Vergleich mit Bravais-Pearson

Die  Materialien sind lizenziert unter CC BY-NC-SA 4.0. Eine Kopie dieser Lizenz finden Sie unter http://creativecommons.org/licenses/by-nc-sa/4.0/

The materials are licensed under CC BY-NC-SA 4.0. You can find a copy of this license at http://creativecommons.org/licenses/by-nc-sa/4.0/</internalNotes>
  <language>de</language>
  <difficulty>3</difficulty>
  <tags id="2">
    <Tag id="3">
      <name>Desk_22</name>
    </Tag>
  </tags>
  <resources id="4"/>
  <stages id="5">
    <FillInStage id="6">
      <internalName>1</internalName>
      <externalName>Stage 1</externalName>
      <taskDescription>&lt;strong&gt;Aufgabenstellung:&lt;/strong&gt;&lt;br /&gt;&#xd;
&lt;br /&gt;&#xd;
Angenommen Sie sollen den Zusammenhang zwischen [var=M1] und [var=M2] von Studenten der Universit&amp;auml;t Duisburg-Essen untersuchen. Um ein geeignetes Ma&amp;szlig; zu finden, schauen Sie sich die beiden Merkmale genauer an und stellen fest, das [var=M1] ein &amp;nbsp;&lt;select name=&quot;field1&quot;&gt;&lt;option value=&quot;0&quot;&gt;field1&lt;/option&gt;&lt;/select&gt;&amp;nbsp; Merkmal ist. Da das Merkmal [var=M2] auf einer &amp;nbsp;&lt;select name=&quot;field2&quot;&gt;&lt;option value=&quot;0&quot;&gt;field2&lt;/option&gt;&lt;/select&gt;&amp;nbsp; Skala beruht, kommen Sie zu dem Schluss, dass der/die &amp;nbsp;&lt;select name=&quot;field3&quot;&gt;&lt;option value=&quot;0&quot;&gt;field3&lt;/option&gt;&lt;/select&gt;&amp;nbsp; ein geeignetes Werkzeug zur Messung des Zusammenhangs beider Merkmale ist.</taskDescription>
      <skipMessage>[var=M1] ist [var=scale1_sol] skaliert.&lt;br /&gt;
[var=M2] ist [var=scale2_sol] skaliert.&lt;br /&gt;
[var=metric_sol]</skipMessage>
      <defaultTransition id="7">
        <conditionExpression id="8">
          <domain>MATH</domain>
        </conditionExpression>
        <stageExpression id="9">
          <domain>MATH</domain>
        </stageExpression>
        <isRepeat>true</isRepeat>
      </defaultTransition>
      <skipTransitions id="10">
        <StageTransition id="11">
          <conditionExpression id="12">
            <code></code>
            <domain>MATH</domain>
          </conditionExpression>
          <stageExpression id="13">
            <domain>MATH</domain>
          </stageExpression>
          <targetStage class="FillInStage" id="14">
            <internalName>2</internalName>
            <externalName>Stage 2</externalName>
            <taskDescription>&lt;strong&gt;Aufgabenstellung:&lt;/strong&gt;&lt;br /&gt;&#xd;
&lt;br /&gt;&#xd;
Die Assistenten Else, Tomski, Guido, Drohne, Rocco und Dolli verbringen einen gemeinsamen Skiurlaub.&lt;br /&gt;&#xd;
Gegen Ende des Urlaubs veranstalten sie Wettk&amp;auml;mpfe im Abfahrtslauf und im Slalom und erreichen dabei folgende Platzierungen:&lt;br /&gt;&#xd;
&lt;br /&gt;&#xd;
$$\begin{matrix}&lt;br /&gt;&#xd;
\textrm{Assistent} &amp;amp; \textrm{Else} &amp;amp; \textrm{Tomski} &amp;amp; \textrm{Guido} &amp;amp; \textrm{Drohne} &amp;amp; \textrm{Rocco} &amp;amp; \textrm{Dolli} \\&lt;br /&gt;&#xd;
\hline&lt;br /&gt;&#xd;
\textrm{Abfahrt } X &amp;amp; [var=x1]. &amp;amp; [var=x2]. &amp;amp; [var=x3]. &amp;amp; [var=x4]. &amp;amp; [var=x5]. &amp;amp; [var=x6]. \\&lt;br /&gt;&#xd;
\textrm{Slalom } Y &amp;amp; [var=y1]. &amp;amp; [var=y2]. &amp;amp; [var=y3]. &amp;amp; [var=y4]. &amp;amp; [var=y5]. &amp;amp; [var=y6]. \\&lt;br /&gt;&#xd;
\end{matrix}$$&lt;br /&gt;&#xd;
&lt;br /&gt;&#xd;
&lt;strong&gt;Einreichung:&lt;/strong&gt;&lt;br /&gt;&#xd;
&lt;br /&gt;&#xd;
Welches ist ein geeignetes Zusammenhangsma&amp;szlig;?&amp;nbsp; &amp;nbsp;&lt;select name=&quot;field1&quot;&gt;&lt;option value=&quot;0&quot;&gt;field1&lt;/option&gt;&lt;/select&gt;&amp;nbsp;&lt;br /&gt;&#xd;
&lt;br /&gt;&#xd;
Berechnen Sie dieses Zusammenhangsma&amp;szlig;.&amp;nbsp;&amp;nbsp;&lt;input name=&quot;field2&quot; size=&quot;6&quot; type=&quot;text&quot; value=&quot;field2&quot; /&gt;&amp;nbsp;&lt;br /&gt;&#xd;
&lt;br /&gt;&#xd;
&lt;em&gt;(Runden Sie, falls n&amp;ouml;tig, auf die zweite Nachkommastelle und verwenden Sie einen Dezimalpunkt)&lt;/em&gt;&#xd;
&lt;p&gt;&lt;a href=&quot;https://rdrr.io/snippets/embed/&quot; onclick=&quot;window.open(&apos;https://rdrr.io/snippets/embed/?code=&apos;,&apos;R Console&apos;,&apos; margin-top: 20px; top=200,left=100,width=480,height=640,menubar=no,toolbar=no,&apos;); return false;&quot; target=&quot;_blank&quot;&gt;&lt;img alt=&quot;R_ Logo&quot; pull-right=&quot;&quot; src=&quot;/econometrics/resource?resource=157444&quot; style=&quot;width: 40px; height: 50px; float: right; margin: 5px&quot; /&gt;&lt;/a&gt;&lt;/p&gt;&#xd;
</taskDescription>
            <skipMessage>Der Rangkorrelationskoeffizient nach Spearman ist geeignet, da die
Beobachtungsdaten (Platzierungen!) in Form von Rangzahlen vorliegen. Dieser beträgt [var=rg] </skipMessage>
            <defaultTransition id="15">
              <conditionExpression id="16">
                <domain>MATH</domain>
              </conditionExpression>
              <stageExpression id="17">
                <domain>MATH</domain>
              </stageExpression>
              <isRepeat>true</isRepeat>
            </defaultTransition>
            <skipTransitions id="18">
              <StageTransition id="19">
                <conditionExpression id="20">
                  <code></code>
                  <domain>MATH</domain>
                </conditionExpression>
                <stageExpression id="21">
                  <domain>MATH</domain>
                </stageExpression>
                <targetStage class="MCStage" id="22">
                  <internalName>3</internalName>
                  <externalName>Stage 3</externalName>
                  <taskDescription>&lt;strong&gt;Aufgabenstellung:&lt;/strong&gt;&lt;br /&gt;&#xd;
&lt;br /&gt;&#xd;
Vergleichen Sie den Korrelationskoeffizient nach Bravais-Pearson $r_{xy}$ mit dem Rangkorrelationskoeffizient nach Spearman $r_s$ und w&amp;auml;hlen Sie die richtige(n) Antwort(en) aus.&lt;br /&gt;&#xd;
&lt;br /&gt;&#xd;
&lt;strong&gt;Auswahl:&lt;/strong&gt;</taskDescription>
                  <skipMessage>  		Beide Koeffizienten (Bravais-Pearson und Spearman) sind identisch, da die
Beobachtungsdaten (Platzierungen!) bereits in Form von Rangzahlen vorliegen.		</skipMessage>
                  <defaultTransition id="23">
                    <conditionExpression id="24">
                      <domain>MATH</domain>
                    </conditionExpression>
                    <stageExpression id="25">
                      <domain>MATH</domain>
                    </stageExpression>
                    <isRepeat>true</isRepeat>
                  </defaultTransition>
                  <skipTransitions id="26">
                    <StageTransition id="27">
                      <conditionExpression id="28">
                        <code></code>
                        <domain>MATH</domain>
                      </conditionExpression>
                      <stageExpression id="29">
                        <domain>MATH</domain>
                      </stageExpression>
                      <isRepeat>false</isRepeat>
                    </StageTransition>
                  </skipTransitions>
                  <stageTransitions id="30">
                    <StageTransition id="31">
                      <conditionExpression id="32">
                        <code></code>
                        <domain>MATH</domain>
                      </conditionExpression>
                      <stageExpression id="33">
                        <code>[meta=stageCurrentResult]&gt;=100</code>
                        <domain>MATH</domain>
                      </stageExpression>
                      <isRepeat>false</isRepeat>
                    </StageTransition>
                  </stageTransitions>
                  <hints id="34">
                    <StageHint id="35">
                      <stagehint__order>0</stagehint__order>
                      <text>Versuchen Sie beide Koeffizienten zu berechnen! Fällt Ihnen etwas auf?</text>
                      <malus>0</malus>
                      <stage class="MCStage" reference="22"/>
                    </StageHint>
                  </hints>
                  <variableUpdatesOnEnter id="36"/>
                  <variableUpdatesBeforeCheck id="37"/>
                  <variableUpdatesAfterCheck id="38"/>
                  <variableUpdatesOnNormalExit id="39"/>
                  <variableUpdatesOnRepeat id="40"/>
                  <variableUpdatesOnSkip id="41"/>
                  <weight>1</weight>
                  <orderIndex>2</orderIndex>
                  <allowSkip>true</allowSkip>
                  <resources id="42"/>
                  <answerOptions id="43">
                    <MCAnswer id="44">
                      <order>0</order>
                      <rule>WRONG</rule>
                      <text>$r_{xy} &lt; r_s$</text>
                      <variableName></variableName>
                      <mcstage reference="22"/>
                    </MCAnswer>
                    <MCAnswer id="45">
                      <order>1</order>
                      <rule>WRONG</rule>
                      <text>$r_{xy} &gt; r_s$</text>
                      <variableName></variableName>
                      <mcstage reference="22"/>
                    </MCAnswer>
                    <MCAnswer id="46">
                      <order>2</order>
                      <rule>CORRECT</rule>
                      <text>$r_{xy}=r_s$</text>
                      <variableName></variableName>
                      <mcstage reference="22"/>
                    </MCAnswer>
                    <MCAnswer id="47">
                      <order>3</order>
                      <rule>WRONG</rule>
                      <text>Der Korrelationskoeffizient nach Bravais-Pearson ist hier nicht berechenbar.</text>
                      <variableName></variableName>
                      <mcstage reference="22"/>
                    </MCAnswer>
                  </answerOptions>
                  <randomize>true</randomize>
                  <singleChoice>false</singleChoice>
                  <correctAnswerFeedback>Richtig.</correctAnswerFeedback>
                  <defaultFeedback>Leider nicht richtig. &lt;/br&gt;
&lt;/br&gt;
Beide Koeffizienten (Bravais-Pearson und Spearman) sind identisch, da die
Beobachtungsdaten (Platzierungen!) bereits in Form von Rangzahlen vorliegen.</defaultFeedback>
                  <defaultResult>0</defaultResult>
                  <extraFeedbacks id="48"/>
                </targetStage>
                <isRepeat>false</isRepeat>
              </StageTransition>
            </skipTransitions>
            <stageTransitions id="49">
              <StageTransition id="50">
                <conditionExpression id="51">
                  <code></code>
                  <domain>MATH</domain>
                </conditionExpression>
                <stageExpression id="52">
                  <code>[meta=stageCurrentResult]&gt;=100</code>
                  <domain>MATH</domain>
                </stageExpression>
                <targetStage class="MCStage" reference="22"/>
                <isRepeat>false</isRepeat>
              </StageTransition>
            </stageTransitions>
            <hints id="53">
              <StageHint id="54">
                <stagehint__order>0</stagehint__order>
                <text>Ein Bearbeitungsschritt zur Berechnung des Zusammenhangsma&amp;szlig;es, der normalerweise von N&amp;ouml;ten ist, ist hier schon vorgegeben. &lt;em&gt;(Es ist ein weiterer Hinweis vorhanden)&lt;/em&gt;</text>
                <malus>0</malus>
                <stage class="FillInStage" reference="14"/>
              </StageHint>
              <StageHint id="55">
                <stagehint__order>1</stagehint__order>
                <text>Der Rangkorrelationskoeffizient nach Spearman ist geeignet: \[r_{s}=\frac{\sum_{r=1}^{n}[R(x_{r})-\bar{R}(x)][R(y_{r})-\bar{R}(y)]}{\sqrt{\sum_{r=1}^{n}[R(x_{r})-\bar{R}(x)]^{2}\sum_{r=1}^{n}[R(y_{r})-\bar{R}(y)]^{2}}}\]</text>
                <malus>0</malus>
                <stage class="FillInStage" reference="14"/>
              </StageHint>
            </hints>
            <variableUpdatesOnEnter id="56"/>
            <variableUpdatesBeforeCheck id="57"/>
            <variableUpdatesAfterCheck id="58"/>
            <variableUpdatesOnNormalExit id="59"/>
            <variableUpdatesOnRepeat id="60"/>
            <variableUpdatesOnSkip id="61"/>
            <weight>1</weight>
            <orderIndex>1</orderIndex>
            <allowSkip>true</allowSkip>
            <resources id="62"/>
            <rules id="63"/>
            <fillInFields id="64">
              <FillInField id="65">
                <name>field2</name>
                <orderIndex>0</orderIndex>
                <size>6</size>
                <formularEditorType>NUMBER</formularEditorType>
              </FillInField>
            </fillInFields>
            <dropDownFields id="66">
              <de.uni__due.s3.jack3.entities.stagetypes.fillin.DropDownField id="67">
                <name>field1</name>
                <orderIndex>1</orderIndex>
                <randomize>false</randomize>
                <items id="68">
                  <string>Rangkorrelationskoeffizient nach Spearman</string>
                  <string>Die Varianz</string>
                  <string> Die Standardabweichung</string>
                  <string> Der Yule&apos;sche Assoziationskoeffizient</string>
                </items>
              </de.uni__due.s3.jack3.entities.stagetypes.fillin.DropDownField>
            </dropDownFields>
            <formularEditorPalette>MATHDOX_FORMULAR_EDITOR_BASIC</formularEditorPalette>
            <defaultFeedback>Leider falsch.&lt;/br&gt;
&lt;/br&gt;
Der Rangkorrelationskoeffizient nach Spearman ist geeignet, da die
Beobachtungsdaten (Platzierungen!) in Form von Rangzahlen vorliegen. Dieser beträgt [var=rg] </defaultFeedback>
            <correctAnswerRules id="69">
              <Rule id="70">
                <name>CorrectAnswer1</name>
                <orderIndex>1</orderIndex>
                <validationExpression id="71">
                  <code>!isEmpty([input=field1])&amp;&amp;isRealNumber([input=field1])&amp;&amp;!isEmpty([input=field2])&amp;&amp;isRealNumber([input=field2])&amp;&amp;[input=field1]==0&amp;&amp;[input=field2]&gt;[var=rg]-0.11&amp;&amp;[input=field2]&lt;[var=rg]+0.11</code>
                  <domain>MATH</domain>
                </validationExpression>
                <points>0</points>
                <terminal>false</terminal>
              </Rule>
            </correctAnswerRules>
            <correctAnswerFeedback>Richtig.</correctAnswerFeedback>
            <defaultResult>0</defaultResult>
          </targetStage>
          <isRepeat>false</isRepeat>
        </StageTransition>
      </skipTransitions>
      <stageTransitions id="72">
        <StageTransition id="73">
          <conditionExpression id="74">
            <code></code>
            <domain>MATH</domain>
          </conditionExpression>
          <stageExpression id="75">
            <code>[meta=stageCurrentResult]&gt;=100</code>
            <domain>MATH</domain>
          </stageExpression>
          <targetStage class="FillInStage" reference="14"/>
          <isRepeat>false</isRepeat>
        </StageTransition>
      </stageTransitions>
      <hints id="76">
        <StageHint id="77">
          <stagehint__order>0</stagehint__order>
          <text>Bei nominal skalierten Merkmalen nutzt man $\textbf{Assoziationsmaße}$, bei allen
anderen Skalierungen $\textbf{Korrelationskoeffizienten}$.</text>
          <malus>0</malus>
          <stage class="FillInStage" reference="6"/>
        </StageHint>
      </hints>
      <variableUpdatesOnEnter id="78"/>
      <variableUpdatesBeforeCheck id="79"/>
      <variableUpdatesAfterCheck id="80"/>
      <variableUpdatesOnNormalExit id="81"/>
      <variableUpdatesOnRepeat id="82"/>
      <variableUpdatesOnSkip id="83"/>
      <weight>1</weight>
      <orderIndex>0</orderIndex>
      <allowSkip>true</allowSkip>
      <resources id="84"/>
      <rules id="85">
        <Rule id="86">
          <name>Feedback_1</name>
          <orderIndex>1</orderIndex>
          <validationExpression id="87">
            <code>!isEmpty([input=field1])&amp;&amp;isRealNumber([input=field1])&amp;&amp;!isEmpty([input=field2])&amp;&amp;isRealNumber([input=field2])&amp;&amp;!isEmpty([input=field3])&amp;&amp;isRealNumber([input=field3])&amp;&amp;[input=field1]==[var=scale1]&amp;&amp;[input=field2]==[var=scale2]&amp;&amp;[input=field3]!=[var=sol1]</code>
            <domain>MATH</domain>
          </validationExpression>
          <feedbackText>Das ist kein geeignetes Maß!</feedbackText>
          <points>0</points>
          <terminal>false</terminal>
        </Rule>
        <Rule id="88">
          <name>Feedback_8</name>
          <orderIndex>8</orderIndex>
          <validationExpression id="89">
            <code>!isEmpty([input=field1])&amp;&amp;isRealNumber([input=field1])&amp;&amp;!isEmpty([input=field2])&amp;&amp;isRealNumber([input=field2])&amp;&amp;!isEmpty([input=field3])&amp;&amp;isRealNumber([input=field3])&amp;&amp;[input=field1]==[var=scale1]&amp;&amp;[input=field2]==[var=scale2]&amp;&amp;[input=field3]==1</code>
            <domain>MATH</domain>
          </validationExpression>
          <feedbackText>Bei der Varianz handelt es sich nicht um ein Zusammenhangsmaß!</feedbackText>
          <points>0</points>
          <terminal>false</terminal>
        </Rule>
        <Rule id="90">
          <name>Feedback_7</name>
          <orderIndex>7</orderIndex>
          <validationExpression id="91">
            <code>!isEmpty([input=field1])&amp;&amp;isRealNumber([input=field1])&amp;&amp;!isEmpty([input=field2])&amp;&amp;isRealNumber([input=field2])&amp;&amp;!isEmpty([input=field3])&amp;&amp;isRealNumber([input=field3])&amp;&amp;[input=field1]!=[var=scale1]&amp;&amp;[input=field2]==[var=scale2]&amp;&amp;[input=field3]!=[var=sol1]</code>
            <domain>MATH</domain>
          </validationExpression>
          <feedbackText>Nur Ihre zweite Eingabe ist korrekt!</feedbackText>
          <points>0</points>
          <terminal>false</terminal>
        </Rule>
        <Rule id="92">
          <name>Feedback_6</name>
          <orderIndex>6</orderIndex>
          <validationExpression id="93">
            <code>!isEmpty([input=field1])&amp;&amp;isRealNumber([input=field1])&amp;&amp;!isEmpty([input=field2])&amp;&amp;isRealNumber([input=field2])&amp;&amp;!isEmpty([input=field3])&amp;&amp;isRealNumber([input=field3])&amp;&amp;[input=field1]==[var=scale1]&amp;&amp;[input=field2]!=[var=scale2]&amp;&amp;[input=field3]!=[var=sol1]</code>
            <domain>MATH</domain>
          </validationExpression>
          <feedbackText>Nur Ihre erste Eingabe ist korrekt!</feedbackText>
          <points>0</points>
          <terminal>false</terminal>
        </Rule>
        <Rule id="94">
          <name>Feedback_5</name>
          <orderIndex>5</orderIndex>
          <validationExpression id="95">
            <code>!isEmpty([input=field1])&amp;&amp;isRealNumber([input=field1])&amp;&amp;!isEmpty([input=field2])&amp;&amp;isRealNumber([input=field2])&amp;&amp;!isEmpty([input=field3])&amp;&amp;isRealNumber([input=field3])&amp;&amp;[input=field1]!=[var=scale1]&amp;&amp;[input=field2]!=[var=scale2]&amp;&amp;[input=field3]!=[var=sol1]</code>
            <domain>MATH</domain>
          </validationExpression>
          <feedbackText>Leider sind alle Eingaben nicht korrekt!</feedbackText>
          <points>0</points>
          <terminal>false</terminal>
        </Rule>
        <Rule id="96">
          <name>Feedback_4</name>
          <orderIndex>4</orderIndex>
          <validationExpression id="97">
            <code>!isEmpty([input=field1])&amp;&amp;isRealNumber([input=field1])&amp;&amp;!isEmpty([input=field2])&amp;&amp;isRealNumber([input=field2])&amp;&amp;!isEmpty([input=field3])&amp;&amp;isRealNumber([input=field3])&amp;&amp;[input=field1]!=[var=scale1]&amp;&amp;[input=field2]!=[var=scale2]&amp;&amp;[input=field3]==[var=sol1]</code>
            <domain>MATH</domain>
          </validationExpression>
          <feedbackText>Beide Merkmale sind so nicht skaliert!</feedbackText>
          <points>0</points>
          <terminal>false</terminal>
        </Rule>
        <Rule id="98">
          <name>Feedback_3</name>
          <orderIndex>3</orderIndex>
          <validationExpression id="99">
            <code>!isEmpty([input=field1])&amp;&amp;isRealNumber([input=field1])&amp;&amp;!isEmpty([input=field2])&amp;&amp;isRealNumber([input=field2])&amp;&amp;!isEmpty([input=field3])&amp;&amp;isRealNumber([input=field3])&amp;&amp;[input=field1]==[var=scale1]&amp;&amp;[input=field2]!=[var=scale2]&amp;&amp;[input=field3]==[var=sol1]</code>
            <domain>MATH</domain>
          </validationExpression>
          <feedbackText>Das zweite Merkmal ist so nicht skaliert!</feedbackText>
          <points>0</points>
          <terminal>false</terminal>
        </Rule>
        <Rule id="100">
          <name>Feedback_2</name>
          <orderIndex>2</orderIndex>
          <validationExpression id="101">
            <code>!isEmpty([input=field1])&amp;&amp;isRealNumber([input=field1])&amp;&amp;!isEmpty([input=field2])&amp;&amp;isRealNumber([input=field2])&amp;&amp;!isEmpty([input=field3])&amp;&amp;isRealNumber([input=field3])&amp;&amp;[input=field1]!=[var=scale1]&amp;&amp;[input=field2]==[var=scale2]&amp;&amp;[input=field3]==[var=sol1]</code>
            <domain>MATH</domain>
          </validationExpression>
          <feedbackText>Das erste Merkmal ist so nicht skaliert!</feedbackText>
          <points>0</points>
          <terminal>false</terminal>
        </Rule>
      </rules>
      <fillInFields id="102"/>
      <dropDownFields id="103">
        <de.uni__due.s3.jack3.entities.stagetypes.fillin.DropDownField id="104">
          <name>field3</name>
          <orderIndex>0</orderIndex>
          <randomize>false</randomize>
          <items id="105">
            <string>Rangkorrelationskoeffizient nach Spearman</string>
            <string>Varianz</string>
            <string>Kontingenzkoeffizient nach Pearson</string>
            <string>Bravais-Pearson-Korrelationskoeffizient</string>
            <string>Yule&apos;sche Assoziationskoeffizient</string>
          </items>
        </de.uni__due.s3.jack3.entities.stagetypes.fillin.DropDownField>
        <de.uni__due.s3.jack3.entities.stagetypes.fillin.DropDownField id="106">
          <name>field2</name>
          <orderIndex>0</orderIndex>
          <randomize>false</randomize>
          <items id="107">
            <string>kardinalen</string>
            <string>ordinalen</string>
            <string>nominalen</string>
          </items>
        </de.uni__due.s3.jack3.entities.stagetypes.fillin.DropDownField>
        <de.uni__due.s3.jack3.entities.stagetypes.fillin.DropDownField id="108">
          <name>field1</name>
          <orderIndex>0</orderIndex>
          <randomize>false</randomize>
          <items id="109">
            <string>kardinalskaliertes</string>
            <string>ordinalskaliertes</string>
            <string>nominalskaliertes</string>
          </items>
        </de.uni__due.s3.jack3.entities.stagetypes.fillin.DropDownField>
      </dropDownFields>
      <formularEditorPalette>MATHDOX_FORMULAR_EDITOR_NO_PALETTE</formularEditorPalette>
      <defaultFeedback>Leider nicht korrekt.&lt;br /&gt;
&lt;br /&gt;
[var=M1] ist [var=scale1_sol] skaliert.&lt;br /&gt;
[var=M2] ist [var=scale2_sol] skaliert.&lt;br /&gt;
[var=metric_sol] </defaultFeedback>
      <correctAnswerRules id="110">
        <Rule id="111">
          <name>CorrectAnswer1</name>
          <orderIndex>1</orderIndex>
          <validationExpression id="112">
            <code>!isEmpty([input=field1])&amp;&amp;isRealNumber([input=field1])&amp;&amp;!isEmpty([input=field2])&amp;&amp;isRealNumber([input=field2])&amp;&amp;!isEmpty([input=field3])&amp;&amp;isRealNumber([input=field3])&amp;&amp;[input=field1]==[var=scale1]&amp;&amp;[input=field2]==[var=scale2]&amp;&amp;[input=field3]==[var=sol1]</code>
            <domain>MATH</domain>
          </validationExpression>
          <points>0</points>
          <terminal>false</terminal>
        </Rule>
      </correctAnswerRules>
      <correctAnswerFeedback>Richtig.</correctAnswerFeedback>
      <defaultResult>0</defaultResult>
    </FillInStage>
    <FillInStage reference="14"/>
    <MCStage reference="22"/>
  </stages>
  <startStage class="FillInStage" reference="6"/>
  <variableDeclarations id="113">
    <VariableDeclaration id="114">
      <name>i</name>
      <initializationCode id="115">
        <code>randomIntegerBetween(0,9)</code>
        <domain>MATH</domain>
      </initializationCode>
    </VariableDeclaration>
    <VariableDeclaration id="116">
      <name>M1</name>
      <initializationCode id="117">
        <code>getFromList([var=i], list(&apos;Körpergröße&apos;,&apos;Körpergewicht&apos;,&apos;Alter&apos;,&apos;Lieblingsfarbe&apos;,&apos;Haarfarbe&apos;,&apos;Verf. Einkommen&apos;,&apos;Studienfach&apos;,&apos;Familienstand&apos;,&apos;Studiendauer&apos;,&apos;Lernintensität&apos;))</code>
        <domain>MATH</domain>
      </initializationCode>
    </VariableDeclaration>
    <VariableDeclaration id="118">
      <name>M2</name>
      <initializationCode id="119">
        <code>chooseFromComplement(list(&apos;Körpergröße&apos;,&apos;Körpergewicht&apos;,&apos;Alter&apos;,&apos;Lieblingsfarbe&apos;,&apos;Haarfarbe&apos;,&apos;Verf. Einkommen&apos;,&apos;Studienfach&apos;,&apos;Familienstand&apos;,&apos;Studiendauer&apos;,&apos;Lernintensität&apos;), list([var=M1]))</code>
        <domain>MATH</domain>
      </initializationCode>
    </VariableDeclaration>
    <VariableDeclaration id="120">
      <name>a1</name>
      <initializationCode id="121">
        <code>ifthenelse(equals([var=M1], &quot;Alter&quot;)||equals([var=M1], &quot;Körpergröße&quot;)||equals([var=M1], &quot;Körpergewicht&quot;)||equals([var=M1], &quot;Verf. Einkommen&quot;)||equals([var=M1], &quot;Studiendauer&quot;), 100000, 0)</code>
        <domain>MATH</domain>
      </initializationCode>
    </VariableDeclaration>
    <VariableDeclaration id="122">
      <name>a2</name>
      <initializationCode id="123">
        <code>ifthenelse(equals([var=M2], &quot;Alter&quot;)||equals([var=M2], &quot;Körpergröße&quot;)||equals([var=M2], &quot;Körpergewicht&quot;)||equals([var=M2], &quot;Verf. Einkommen&quot;)||equals([var=M2], &quot;Studiendauer&quot;), 100, 0)</code>
        <domain>MATH</domain>
      </initializationCode>
    </VariableDeclaration>
    <VariableDeclaration id="124">
      <name>b1</name>
      <initializationCode id="125">
        <code>ifthenelse(equals([var=M1], &quot;Lieblingsfarbe&quot;)||equals([var=M1], &quot;Haarfarbe&quot;)||equals([var=M1], &quot;Studienfach&quot;)||equals([var=M1], &quot;Familienstand&quot;), 10000, 0)</code>
        <domain>MATH</domain>
      </initializationCode>
    </VariableDeclaration>
    <VariableDeclaration id="126">
      <name>b2</name>
      <initializationCode id="127">
        <code>ifthenelse(equals([var=M2], &quot;Lieblingsfarbe&quot;)||equals([var=M2], &quot;Haarfarbe&quot;)||equals([var=M2], &quot;Studienfach&quot;)||equals([var=M2], &quot;Familienstand&quot;), 10, 0)</code>
        <domain>MATH</domain>
      </initializationCode>
    </VariableDeclaration>
    <VariableDeclaration id="128">
      <name>c1</name>
      <initializationCode id="129">
        <code>ifthenelse(equals([var=M1], &quot;Lernintensität&quot;), 1000, 0)</code>
        <domain>MATH</domain>
      </initializationCode>
    </VariableDeclaration>
    <VariableDeclaration id="130">
      <name>c2</name>
      <initializationCode id="131">
        <code>ifthenelse(equals([var=M2], &quot;Lernintensität&quot;), 1, 0)</code>
        <domain>MATH</domain>
      </initializationCode>
    </VariableDeclaration>
    <VariableDeclaration id="132">
      <name>x1</name>
      <initializationCode id="133">
        <code>ifthenelse(equals([var=a1]+[var=b1]+[var=c1], 100000), 0, &quot;N.A&quot;)</code>
        <domain>MATH</domain>
      </initializationCode>
    </VariableDeclaration>
    <VariableDeclaration id="134">
      <name>x2</name>
      <initializationCode id="135">
        <code>ifthenelse(equals([var=a1]+[var=b1]+[var=c1], 10000), 2, [var=x1])</code>
        <domain>MATH</domain>
      </initializationCode>
    </VariableDeclaration>
    <VariableDeclaration id="136">
      <name>scale1</name>
      <initializationCode id="137">
        <code>ifthenelse(equals([var=a1]+[var=b1]+[var=c1], 1000), 1, [var=x2])</code>
        <domain>MATH</domain>
      </initializationCode>
    </VariableDeclaration>
    <VariableDeclaration id="138">
      <name>y1</name>
      <initializationCode id="139">
        <code>ifthenelse(equals([var=a2]+[var=b2]+[var=c2], 100), 0, &quot;N.A&quot;)</code>
        <domain>MATH</domain>
      </initializationCode>
    </VariableDeclaration>
    <VariableDeclaration id="140">
      <name>y2</name>
      <initializationCode id="141">
        <code>ifthenelse(equals([var=a2]+[var=b2]+[var=c2], 10), 2, [var=y1])</code>
        <domain>MATH</domain>
      </initializationCode>
    </VariableDeclaration>
    <VariableDeclaration id="142">
      <name>scale2</name>
      <initializationCode id="143">
        <code>ifthenelse(equals([var=a2]+[var=b2]+[var=c2], 1), 1, [var=y2])</code>
        <domain>MATH</domain>
      </initializationCode>
    </VariableDeclaration>
    <VariableDeclaration id="144">
      <name>sum_abc</name>
      <initializationCode id="145">
        <code>[var=a1]+[var=b1]+[var=c1]+[var=a2]+[var=b2]+[var=c2]</code>
        <domain>MATH</domain>
      </initializationCode>
    </VariableDeclaration>
    <VariableDeclaration id="146">
      <name>sol9</name>
      <initializationCode id="147">
        <code>ifthenelse([var=sum_abc]==100100, 3, &apos;N.A.&apos;)</code>
        <domain>MATH</domain>
      </initializationCode>
    </VariableDeclaration>
    <VariableDeclaration id="148">
      <name>sol8</name>
      <initializationCode id="149">
        <code>ifthenelse([var=sum_abc]==100001, 0, [var=sol9])</code>
        <domain>MATH</domain>
      </initializationCode>
    </VariableDeclaration>
    <VariableDeclaration id="150">
      <name>sol7</name>
      <initializationCode id="151">
        <code>ifthenelse([var=sum_abc]==100010, 2, [var=sol8])</code>
        <domain>MATH</domain>
      </initializationCode>
    </VariableDeclaration>
    <VariableDeclaration id="152">
      <name>sol6</name>
      <initializationCode id="153">
        <code>ifthenelse([var=sum_abc]==10100, 2, [var=sol7])</code>
        <domain>MATH</domain>
      </initializationCode>
    </VariableDeclaration>
    <VariableDeclaration id="154">
      <name>sol5</name>
      <initializationCode id="155">
        <code>ifthenelse([var=sum_abc]==10010, 2, [var=sol6])</code>
        <domain>MATH</domain>
      </initializationCode>
    </VariableDeclaration>
    <VariableDeclaration id="156">
      <name>sol4</name>
      <initializationCode id="157">
        <code>ifthenelse([var=sum_abc]==10001, 2, [var=sol5])</code>
        <domain>MATH</domain>
      </initializationCode>
    </VariableDeclaration>
    <VariableDeclaration id="158">
      <name>sol3</name>
      <initializationCode id="159">
        <code>ifthenelse([var=sum_abc]==1100, 0, [var=sol4])</code>
        <domain>MATH</domain>
      </initializationCode>
    </VariableDeclaration>
    <VariableDeclaration id="160">
      <name>sol2</name>
      <initializationCode id="161">
        <code>ifthenelse([var=sum_abc]==001010, 2, [var=sol3])</code>
        <domain>MATH</domain>
      </initializationCode>
    </VariableDeclaration>
    <VariableDeclaration id="162">
      <name>sol1</name>
      <initializationCode id="163">
        <code>ifthenelse([var=sum_abc]==1001, 0, [var=sol2])</code>
        <domain>MATH</domain>
      </initializationCode>
    </VariableDeclaration>
    <VariableDeclaration id="164">
      <name>x1</name>
      <initializationCode id="165">
        <code>chooseFromComplement(list(1,2,3,4,5,6), list(0))</code>
        <domain>MATH</domain>
      </initializationCode>
    </VariableDeclaration>
    <VariableDeclaration id="166">
      <name>x2</name>
      <initializationCode id="167">
        <code>chooseFromComplement(list(1,2,3,4,5,6), list([var=x1]))</code>
        <domain>MATH</domain>
      </initializationCode>
    </VariableDeclaration>
    <VariableDeclaration id="168">
      <name>x3</name>
      <initializationCode id="169">
        <code>chooseFromComplement(list(1,2,3,4,5,6), list([var=x1],[var=x2]))</code>
        <domain>MATH</domain>
      </initializationCode>
    </VariableDeclaration>
    <VariableDeclaration id="170">
      <name>x4</name>
      <initializationCode id="171">
        <code>chooseFromComplement(list(1,2,3,4,5,6), list([var=x1],[var=x2],[var=x3]))</code>
        <domain>MATH</domain>
      </initializationCode>
    </VariableDeclaration>
    <VariableDeclaration id="172">
      <name>x5</name>
      <initializationCode id="173">
        <code>chooseFromComplement(list(1,2,3,4,5,6), list([var=x1],[var=x2],[var=x3],[var=x4]))</code>
        <domain>MATH</domain>
      </initializationCode>
    </VariableDeclaration>
    <VariableDeclaration id="174">
      <name>x6</name>
      <initializationCode id="175">
        <code>chooseFromComplement(list(1,2,3,4,5,6), list([var=x1],[var=x2],[var=x3],[var=x4],[var=x5]))</code>
        <domain>MATH</domain>
      </initializationCode>
    </VariableDeclaration>
    <VariableDeclaration id="176">
      <name>y1</name>
      <initializationCode id="177">
        <code>chooseFromComplement(list(1,2,3,4,5,6), list(0))</code>
        <domain>MATH</domain>
      </initializationCode>
    </VariableDeclaration>
    <VariableDeclaration id="178">
      <name>y2</name>
      <initializationCode id="179">
        <code>chooseFromComplement(list(1,2,3,4,5,6), list([var=y1]))</code>
        <domain>MATH</domain>
      </initializationCode>
    </VariableDeclaration>
    <VariableDeclaration id="180">
      <name>y3</name>
      <initializationCode id="181">
        <code>chooseFromComplement(list(1,2,3,4,5,6), list([var=y1],[var=y2]))</code>
        <domain>MATH</domain>
      </initializationCode>
    </VariableDeclaration>
    <VariableDeclaration id="182">
      <name>y4</name>
      <initializationCode id="183">
        <code>chooseFromComplement(list(1,2,3,4,5,6), list([var=y1],[var=y2],[var=y3]))</code>
        <domain>MATH</domain>
      </initializationCode>
    </VariableDeclaration>
    <VariableDeclaration id="184">
      <name>y5</name>
      <initializationCode id="185">
        <code>chooseFromComplement(list(1,2,3,4,5,6), list([var=y1],[var=y2],[var=y3],[var=y4]))</code>
        <domain>MATH</domain>
      </initializationCode>
    </VariableDeclaration>
    <VariableDeclaration id="186">
      <name>y6</name>
      <initializationCode id="187">
        <code>chooseFromComplement(list(1,2,3,4,5,6), list([var=y1],[var=y2],[var=y3],[var=y4],[var=y5]))</code>
        <domain>MATH</domain>
      </initializationCode>
    </VariableDeclaration>
    <VariableDeclaration id="188">
      <name>sxy</name>
      <initializationCode id="189">
        <code>evaluateInR(&apos;([var=x1]*[var=y1]+[var=x2]*[var=y2]+[var=x3]*[var=y3]+[var=x4]*[var=y4]+[var=x5]*[var=y5]+[var=x6]*[var=y6])/6-12.25&apos;)</code>
        <domain>MATH</domain>
      </initializationCode>
    </VariableDeclaration>
    <VariableDeclaration id="190">
      <name>r</name>
      <initializationCode id="191">
        <code>evaluateInR(&apos;[var=sxy]/2.91666&apos;)</code>
        <domain>MATH</domain>
      </initializationCode>
    </VariableDeclaration>
    <VariableDeclaration id="192">
      <name>rg</name>
      <initializationCode id="193">
        <code>round([var=r], 2)</code>
        <domain>MATH</domain>
      </initializationCode>
    </VariableDeclaration>
    <VariableDeclaration id="194">
      <name>scale1_sol</name>
      <initializationCode id="195">
        <code>getFromList([var=scale1], list(&apos;kardinal&apos;,&apos;ordinal&apos;,&apos;nominal&apos;))</code>
        <domain>MATH</domain>
      </initializationCode>
    </VariableDeclaration>
    <VariableDeclaration id="196">
      <name>scale2_sol</name>
      <initializationCode id="197">
        <code>getFromList([var=scale2], list(&apos;kardinal&apos;,&apos;ordinal&apos;,&apos;nominal&apos;))</code>
        <domain>MATH</domain>
      </initializationCode>
    </VariableDeclaration>
    <VariableDeclaration id="198">
      <name>metric_sol</name>
      <initializationCode id="199">
        <code>getFromList([var=sol1], 
list(
&apos;Es ist der Spearman Korrelationskoeffizient notwendig.&apos;,
&apos;&apos;,
&apos;Es ist ein Assoziationsmaß notwendig.&apos;,
&apos;Es wird der Bravais-Pearson Korrelationskoeffizient benötigt.&apos;)
)</code>
        <domain>MATH</domain>
      </initializationCode>
    </VariableDeclaration>
  </variableDeclarations>
  <jSXGraphs id="200"/>
  <dynamicMolecules id="201"/>
  <resultFeedbackMappings id="202"/>
</Exercise>