<Exercise id="1">
  <name>IS05-07 Eindimensionale Zufallsvariablen 7</name>
  <publicDescription></publicDescription>
  <internalNotes>Kaugummihersteller:
Absatzfunktion- E-Wert und Varianz der Kosten bestimmen

Die  Materialien sind lizenziert unter CC BY-NC-SA 4.0. Eine Kopie dieser Lizenz finden Sie unter http://creativecommons.org/licenses/by-nc-sa/4.0/

The materials are licensed under CC BY-NC-SA 4.0. You can find a copy of this license at http://creativecommons.org/licenses/by-nc-sa/4.0/</internalNotes>
  <language>de</language>
  <difficulty>3</difficulty>
  <tags id="2">
    <Tag id="3">
      <name>IndStat</name>
    </Tag>
    <Tag id="4">
      <name>TR_neu</name>
    </Tag>
    <Tag id="5">
      <name>TR</name>
    </Tag>
  </tags>
  <resources id="6"/>
  <stages id="7">
    <FillInStage id="8">
      <internalName>1</internalName>
      <externalName>Stage 1</externalName>
      <taskDescription>&lt;strong&gt;Aufgabenstellung:&lt;/strong&gt;&lt;br /&gt;&#xd;
&lt;br /&gt;&#xd;
Die nachgefragte Menge $X$ eines Kaugummiherstellers variiert stochastisch mit folgender Dichtefunktion: $$f(x)= \begin{cases} \frac{1}{[var=DKoef]} &amp;amp; \mbox{, f&amp;uuml;r }\quad 0 &amp;lt; x &amp;lt; [var=DKoef] \\ 0 &amp;amp; \mbox{, sonst} \end{cases}.$$&lt;br /&gt;&#xd;
&lt;br /&gt;&#xd;
Die Produktion von Kaugummis wird ohne Lagerbildung abgesetzt. Die Kostenfunktion des Produzenten lautet: $K(x)=[var=Va]x+[var=Fix]$. Bestimmen Sie den Erwartungswert und die Varianz der Kosten!&lt;br /&gt;&#xd;
&lt;br /&gt;&#xd;
&lt;strong&gt;Einreichungen&lt;/strong&gt;&lt;br /&gt;&#xd;
&lt;br /&gt;&#xd;
$E(K)&amp;nbsp; &amp;nbsp; =$&amp;nbsp;&lt;input name=&quot;field1&quot; size=&quot;6&quot; type=&quot;text&quot; value=&quot;field1&quot; /&gt;&amp;nbsp;&lt;br /&gt;&#xd;
&lt;br /&gt;&#xd;
$Var(K) =$&amp;nbsp;&lt;input name=&quot;field2&quot; size=&quot;6&quot; type=&quot;text&quot; value=&quot;field2&quot; /&gt;&amp;nbsp;&lt;br /&gt;&#xd;
&lt;br /&gt;&#xd;
&lt;br /&gt;&#xd;
&lt;em&gt;(Runden Sie, falls n&amp;ouml;tig, auf die vierte Nachkommastelle und verwenden Sie einen Dezimalpunkt. Auch innerhalb Ihrer Rechnung, d&amp;uuml;rfen Sie mit auf die vierte Nachkommastelle gerundeten Werten weiterrechnen.)&lt;/em&gt;&#xd;
&lt;p&gt;&lt;a href=&quot;https://webrtaschenrechner.netlify.app/&quot;onclick=&quot;window.open(&apos;https://webrtaschenrechner.netlify.app/&apos;,&apos;R Console&apos;,&apos;top=320, left=1525, width=400,height=600,menubar=no,toolbar=no,&apos;); return false;&quot; target=&quot;_blank&quot;&gt;&lt;img alt=&quot;R_ Logo&quot; pull-right=&quot;&quot; src=&quot;/econometrics/resource?resource=157444&quot; style=&quot;width: 40px; height: 50px; float: right; margin: 5px&quot; /&gt;&lt;/a&gt;&lt;/p&gt;</taskDescription>
      <skipMessage>$E(X)=[var=EX]$&lt;br /&gt;
$Var(X)=[var=VarX]$&lt;br /&gt;
$E(K)=[var=EK]$&lt;br /&gt;
$Var(K)=[var=VarK]$</skipMessage>
      <defaultTransition id="9">
        <conditionExpression id="10">
          <domain>MATH</domain>
        </conditionExpression>
        <stageExpression id="11">
          <domain>MATH</domain>
        </stageExpression>
        <isRepeat>true</isRepeat>
      </defaultTransition>
      <skipTransitions id="12">
        <StageTransition id="13">
          <conditionExpression id="14">
            <code></code>
            <domain>MATH</domain>
          </conditionExpression>
          <stageExpression id="15">
            <domain>MATH</domain>
          </stageExpression>
          <isRepeat>false</isRepeat>
        </StageTransition>
      </skipTransitions>
      <stageTransitions id="16">
        <StageTransition id="17">
          <conditionExpression id="18">
            <code></code>
            <domain>MATH</domain>
          </conditionExpression>
          <stageExpression id="19">
            <code>[meta=stageCurrentResult]&gt;=100</code>
            <domain>MATH</domain>
          </stageExpression>
          <isRepeat>false</isRepeat>
        </StageTransition>
      </stageTransitions>
      <hints id="20">
        <StageHint id="21">
          <stagehint__order>0</stagehint__order>
          <text>Der Erwartungswert der nachgefragten Menge berechnet sich &amp;uuml;ber $$E(X)=\int\limits_{0}^{[var=DKoef]}\frac{1}{[var=DKoef]} x dx.$$&lt;br /&gt;
&lt;br /&gt;
(Es ist ein weiterer Hinweis zur Berechnung der Varianz vorhanden)</text>
          <malus>0</malus>
          <stage class="FillInStage" reference="8"/>
        </StageHint>
        <StageHint id="22">
          <stagehint__order>1</stagehint__order>
          <text>F&amp;uuml;r die Varianz der nachgefragten Menge gilt: $$Var(X)=\int\limits_{0}^{[var=DKoef]}\frac{1}{[var=DKoef]} (x-E(X))^2 dx.$$&lt;br /&gt;
&lt;br /&gt;
(Es ist ein weiterer Hinweis vorhanden)</text>
          <malus>0</malus>
          <stage class="FillInStage" reference="8"/>
        </StageHint>
        <StageHint id="23">
          <stagehint__order>2</stagehint__order>
          <text>Um den Erwartungswert und die Varianz der Kosten zu bestimmen, m&amp;uuml;ssen sie die Rechenregeln f&amp;uuml;r Erwartungswert und Varianz anwenden.&lt;br /&gt;
&lt;br /&gt;
(Es ist ein weiterer Hinweis vorhanden)</text>
          <malus>0</malus>
          <stage class="FillInStage" reference="8"/>
        </StageHint>
        <StageHint id="24">
          <stagehint__order>3</stagehint__order>
          <text>Es gilt: $$E(aX+b) = aE(X) + b$$&lt;br /&gt;
&lt;br /&gt;
(Es ist ein weiterer Hinweis vorhanden)</text>
          <malus>0</malus>
          <stage class="FillInStage" reference="8"/>
        </StageHint>
        <StageHint id="25">
          <stagehint__order>4</stagehint__order>
          <text>Es gilt: $$Var(aX+b) = a^2Var(X)$$</text>
          <malus>0</malus>
          <stage class="FillInStage" reference="8"/>
        </StageHint>
      </hints>
      <variableUpdatesOnEnter id="26"/>
      <variableUpdatesBeforeCheck id="27"/>
      <variableUpdatesAfterCheck id="28"/>
      <variableUpdatesOnNormalExit id="29"/>
      <variableUpdatesOnRepeat id="30"/>
      <variableUpdatesOnSkip id="31"/>
      <weight>1</weight>
      <orderIndex>0</orderIndex>
      <allowSkip>true</allowSkip>
      <resources id="32"/>
      <rules id="33">
        <Rule id="34">
          <name>Feedback_2</name>
          <orderIndex>2</orderIndex>
          <validationExpression id="35">
            <code>!isEmpty([input=field2])&amp;&amp;isRealNumber([input=field2])&amp;&amp;[input=field2]&gt;[var=VarK]-0.011&amp;&amp;[input=field2]&lt;[var=VarK]+0.011</code>
            <domain>MATH</domain>
          </validationExpression>
          <feedbackText>$Var(K)$ korrekt</feedbackText>
          <points>50</points>
          <terminal>false</terminal>
        </Rule>
        <Rule id="36">
          <name>Feedback_1</name>
          <orderIndex>1</orderIndex>
          <validationExpression id="37">
            <code>!isEmpty([input=field1])&amp;&amp;isRealNumber([input=field1])&amp;&amp;[input=field1]&gt;[var=EK]-0.011&amp;&amp;[input=field1]&lt;[var=EK]+0.011</code>
            <domain>MATH</domain>
          </validationExpression>
          <feedbackText>$E(K)$ korrekt</feedbackText>
          <points>50</points>
          <terminal>false</terminal>
        </Rule>
      </rules>
      <fillInFields id="38">
        <FillInField id="39">
          <name>field2</name>
          <orderIndex>1</orderIndex>
          <size>6</size>
          <formularEditorType>NUMBER</formularEditorType>
        </FillInField>
        <FillInField id="40">
          <name>field1</name>
          <orderIndex>0</orderIndex>
          <size>6</size>
          <formularEditorType>NUMBER</formularEditorType>
        </FillInField>
      </fillInFields>
      <dropDownFields id="41"/>
      <formularEditorPalette>MATHDOX_FORMULAR_EDITOR_BASIC</formularEditorPalette>
      <defaultFeedback>Leider nicht korrekt.</defaultFeedback>
      <correctAnswerRules id="42">
        <Rule id="43">
          <name>CorrectAnswer1</name>
          <orderIndex>1</orderIndex>
          <validationExpression id="44">
            <code>!isEmpty([input=field1])&amp;&amp;isRealNumber([input=field1])&amp;&amp;!isEmpty([input=field2])&amp;&amp;isRealNumber([input=field2])&amp;&amp;[input=field1]&gt;[var=EK]-0.011&amp;&amp;[input=field1]&lt;[var=EK]+0.011&amp;&amp;[input=field2]&gt;[var=VarK]-0.011&amp;&amp;[input=field2]&lt;[var=VarK]+0.011</code>
            <domain>MATH</domain>
          </validationExpression>
          <points>0</points>
          <terminal>false</terminal>
        </Rule>
      </correctAnswerRules>
      <correctAnswerFeedback>Richtig.</correctAnswerFeedback>
      <defaultResult>0</defaultResult>
    </FillInStage>
  </stages>
  <startStage class="FillInStage" reference="8"/>
  <variableDeclarations id="45">
    <VariableDeclaration id="46">
      <name>DKoef</name>
      <initializationCode id="47">
        <code>randomIntegerBetween(3,24)</code>
        <domain>MATH</domain>
      </initializationCode>
    </VariableDeclaration>
    <VariableDeclaration id="48">
      <name>Va</name>
      <initializationCode id="49">
        <code>randomIntegerBetween(2,6)</code>
        <domain>MATH</domain>
      </initializationCode>
    </VariableDeclaration>
    <VariableDeclaration id="50">
      <name>Fix</name>
      <initializationCode id="51">
        <code>randomIntegerBetween(5,25)</code>
        <domain>MATH</domain>
      </initializationCode>
    </VariableDeclaration>
    <VariableDeclaration id="52">
      <name>EXu</name>
      <initializationCode id="53">
        <code>([var=DKoef])/2</code>
        <domain>MATH</domain>
      </initializationCode>
    </VariableDeclaration>
    <VariableDeclaration id="54">
      <name>EX</name>
      <initializationCode id="55">
        <code>round(([var=EXu]), 1)</code>
        <domain>MATH</domain>
      </initializationCode>
    </VariableDeclaration>
    <VariableDeclaration id="56">
      <name>EKu</name>
      <initializationCode id="57">
        <code>([var=Va])*([var=EX])+([var=Fix])</code>
        <domain>MATH</domain>
      </initializationCode>
    </VariableDeclaration>
    <VariableDeclaration id="58">
      <name>EK</name>
      <initializationCode id="59">
        <code>round(([var=EKu]), 4)</code>
        <domain>MATH</domain>
      </initializationCode>
    </VariableDeclaration>
    <VariableDeclaration id="60">
      <name>VarXu</name>
      <initializationCode id="61">
        <code>pow(([var=DKoef]), 2)/12</code>
        <domain>MATH</domain>
      </initializationCode>
    </VariableDeclaration>
    <VariableDeclaration id="62">
      <name>VarX</name>
      <initializationCode id="63">
        <code>round(([var=VarXu]), 4)</code>
        <domain>MATH</domain>
      </initializationCode>
    </VariableDeclaration>
    <VariableDeclaration id="64">
      <name>VarKu</name>
      <initializationCode id="65">
        <code>pow(([var=Va]), 2)*([var=VarX])</code>
        <domain>MATH</domain>
      </initializationCode>
    </VariableDeclaration>
    <VariableDeclaration id="66">
      <name>VarK</name>
      <initializationCode id="67">
        <code>round(([var=VarKu]), 4)</code>
        <domain>MATH</domain>
      </initializationCode>
    </VariableDeclaration>
  </variableDeclarations>
  <jSXGraphs id="68"/>
  <dynamicMolecules id="69"/>
  <resultFeedbackMappings id="70"/>
</Exercise>