<Exercise id="1">
  <name>IS05-05 Eindimensionale Zufallsvariablen 5</name>
  <publicDescription></publicDescription>
  <internalNotes>1. Stage: Konstante k aus Verteilungsfunktion bestimmen
2. Stage: Wert der Dichtefunktion an Stelle x bestimmen
3. Stage: Median bestimmen
4. Stage: W&apos;keit, dass X=x bei stetiger ZV

Die  Materialien sind lizenziert unter CC BY-NC-SA 4.0. Eine Kopie dieser Lizenz finden Sie unter http://creativecommons.org/licenses/by-nc-sa/4.0/

The materials are licensed under CC BY-NC-SA 4.0. You can find a copy of this license at http://creativecommons.org/licenses/by-nc-sa/4.0/</internalNotes>
  <language>de</language>
  <difficulty>3</difficulty>
  <tags id="2">
    <Tag id="3">
      <name>IndStat</name>
    </Tag>
    <Tag id="4">
      <name>TR_neu</name>
    </Tag>
    <Tag id="5">
      <name>TR</name>
    </Tag>
  </tags>
  <resources id="6"/>
  <stages id="7">
    <FillInStage id="8">
      <internalName>1</internalName>
      <externalName>Stage 1</externalName>
      <taskDescription>&lt;strong&gt;Aufgabenstellung:&lt;/strong&gt;&lt;br /&gt;&#xd;
&lt;br /&gt;&#xd;
Sei&lt;br /&gt;&#xd;
&lt;br /&gt;&#xd;
$F(x) =&lt;br /&gt;&#xd;
\begin{cases}&lt;br /&gt;&#xd;
0 &amp;amp; \mbox{, f&amp;uuml;r} \quad x &amp;lt; [var=c], \\&lt;br /&gt;&#xd;
(\frac{x-[var=c]}{[var=d]})^[var=e] &amp;amp; \mbox{, f&amp;uuml;r } \quad [var=c] \le x \le k, \\&lt;br /&gt;&#xd;
1 &amp;amp; \mbox{, f&amp;uuml;r} \quad k &amp;lt; x&lt;br /&gt;&#xd;
\end{cases}$&lt;br /&gt;&#xd;
&lt;br /&gt;&#xd;
die Verteilungsfunktion einer stetigen Zufallsvariablen $X$.&lt;br /&gt;&#xd;
&lt;br /&gt;&#xd;
Bestimmen Sie $k$.&lt;br /&gt;&#xd;
&lt;br /&gt;&#xd;
&lt;strong&gt;Einreichung:&lt;/strong&gt;&lt;br /&gt;&#xd;
&lt;br /&gt;&#xd;
$k=$&amp;nbsp;&lt;input name=&quot;field1&quot; size=&quot;6&quot; type=&quot;text&quot; value=&quot;field1&quot; /&gt;&amp;nbsp;&lt;br /&gt;&#xd;
&lt;br /&gt;&#xd;
&lt;em&gt;(Runden Sie, falls n&amp;ouml;tig, auf die vierte Nachkommastelle und verwenden Sie einen Dezimalpunkt. Auch innerhalb Ihrer Rechnung, d&amp;uuml;rfen Sie mit auf die vierte Nachkommastelle gerundeten Werten weiterrechnen.)&lt;/em&gt;&#xd;
&lt;p&gt;&lt;a href=&quot;https://webrtaschenrechner.netlify.app/&quot;onclick=&quot;window.open(&apos;https://webrtaschenrechner.netlify.app/&apos;,&apos;R Console&apos;,&apos;top=320, left=1525, width=400,height=600,menubar=no,toolbar=no,&apos;); return false;&quot; target=&quot;_blank&quot;&gt;&lt;img alt=&quot;R_ Logo&quot; pull-right=&quot;&quot; src=&quot;/econometrics/resource?resource=157444&quot; style=&quot;width: 40px; height: 50px; float: right; margin: 5px&quot; /&gt;&lt;/a&gt;&lt;/p&gt;&#xd;
</taskDescription>
      <skipMessage>$k=[var=k].$</skipMessage>
      <defaultTransition id="9">
        <conditionExpression id="10">
          <domain>MATH</domain>
        </conditionExpression>
        <stageExpression id="11">
          <domain>MATH</domain>
        </stageExpression>
        <isRepeat>true</isRepeat>
      </defaultTransition>
      <skipTransitions id="12">
        <StageTransition id="13">
          <conditionExpression id="14">
            <code></code>
            <domain>MATH</domain>
          </conditionExpression>
          <stageExpression id="15">
            <domain>MATH</domain>
          </stageExpression>
          <targetStage class="FillInStage" id="16">
            <internalName>2</internalName>
            <externalName>Stage 2</externalName>
            <taskDescription>&lt;strong&gt;Aufgabenstellung:&lt;/strong&gt;&lt;br /&gt;&#xd;
&lt;br /&gt;&#xd;
Bestimmen Sie $f([var=r])$.&lt;br /&gt;&#xd;
&lt;br /&gt;&#xd;
&lt;strong&gt;Einreichung:&lt;/strong&gt;&lt;br /&gt;&#xd;
&lt;br /&gt;&#xd;
$f([var=r]) =$&amp;nbsp;&lt;input name=&quot;field1&quot; size=&quot;6&quot; type=&quot;text&quot; value=&quot;field1&quot; /&gt;&amp;nbsp;&lt;br /&gt;&#xd;
&lt;br /&gt;&#xd;
&lt;em&gt;(Runden Sie, falls n&amp;ouml;tig, auf die vierte Nachkommastelle und verwenden Sie einen Dezimalpunkt. Auch innerhalb Ihrer Rechnung, d&amp;uuml;rfen Sie mit auf die vierte Nachkommastelle gerundeten Werten weiterrechnen.)&lt;/em&gt;&#xd;
&lt;p&gt;&lt;a href=&quot;https://webrtaschenrechner.netlify.app/&quot;onclick=&quot;window.open(&apos;https://webrtaschenrechner.netlify.app/&apos;,&apos;R Console&apos;,&apos;top=320, left=1525, width=400,height=600,menubar=no,toolbar=no,&apos;); return false;&quot; target=&quot;_blank&quot;&gt;&lt;img alt=&quot;R_ Logo&quot; pull-right=&quot;&quot; src=&quot;/econometrics/resource?resource=157444&quot; style=&quot;width: 40px; height: 50px; float: right; margin: 5px&quot; /&gt;&lt;/a&gt;&lt;/p&gt;</taskDescription>
            <skipMessage>$f([var=r])=[var=ansb]$.</skipMessage>
            <defaultTransition id="17">
              <conditionExpression id="18">
                <domain>MATH</domain>
              </conditionExpression>
              <stageExpression id="19">
                <domain>MATH</domain>
              </stageExpression>
              <isRepeat>true</isRepeat>
            </defaultTransition>
            <skipTransitions id="20">
              <StageTransition id="21">
                <conditionExpression id="22">
                  <code></code>
                  <domain>MATH</domain>
                </conditionExpression>
                <stageExpression id="23">
                  <domain>MATH</domain>
                </stageExpression>
                <targetStage class="FillInStage" id="24">
                  <internalName>3</internalName>
                  <externalName>Stage 3</externalName>
                  <taskDescription>&lt;strong&gt;Aufgabenstellung:&lt;/strong&gt;&lt;br /&gt;&#xd;
&lt;br /&gt;&#xd;
Bestimmen Sie den Median von $X$.&lt;br /&gt;&#xd;
&lt;br /&gt;&#xd;
&lt;strong&gt;Einreichung:&lt;/strong&gt;&lt;br /&gt;&#xd;
&lt;br /&gt;&#xd;
$x_{0.5}=$&amp;nbsp;&lt;input name=&quot;field1&quot; size=&quot;6&quot; type=&quot;text&quot; value=&quot;field1&quot; /&gt;&amp;nbsp;&lt;br /&gt;&#xd;
&lt;br /&gt;&#xd;
&lt;em&gt;(Runden Sie, falls n&amp;ouml;tig, auf die vierte Nachkommastelle und verwenden Sie einen Dezimalpunkt. Auch innerhalb Ihrer Rechnung, d&amp;uuml;rfen Sie mit auf die vierte Nachkommastelle gerundeten Werten weiterrechnen.)&lt;/em&gt;&#xd;
&lt;p&gt;&lt;a href=&quot;https://webrtaschenrechner.netlify.app/&quot;onclick=&quot;window.open(&apos;https://webrtaschenrechner.netlify.app/&apos;,&apos;R Console&apos;,&apos;top=320, left=1525, width=400,height=600,menubar=no,toolbar=no,&apos;); return false;&quot; target=&quot;_blank&quot;&gt;&lt;img alt=&quot;R_ Logo&quot; pull-right=&quot;&quot; src=&quot;/econometrics/resource?resource=157444&quot; style=&quot;width: 40px; height: 50px; float: right; margin: 5px&quot; /&gt;&lt;/a&gt;&lt;/p&gt;</taskDescription>
                  <skipMessage>$x_{0.5}=[var=ansc].$</skipMessage>
                  <defaultTransition id="25">
                    <conditionExpression id="26">
                      <domain>MATH</domain>
                    </conditionExpression>
                    <stageExpression id="27">
                      <domain>MATH</domain>
                    </stageExpression>
                    <isRepeat>true</isRepeat>
                  </defaultTransition>
                  <skipTransitions id="28">
                    <StageTransition id="29">
                      <conditionExpression id="30">
                        <code></code>
                        <domain>MATH</domain>
                      </conditionExpression>
                      <stageExpression id="31">
                        <domain>MATH</domain>
                      </stageExpression>
                      <targetStage class="FillInStage" id="32">
                        <internalName>4</internalName>
                        <externalName>Stage 4</externalName>
                        <taskDescription>&lt;strong&gt;Aufgabenstellung:&lt;/strong&gt;&lt;br /&gt;&#xd;
&lt;br /&gt;&#xd;
Bestimmen Sie die Wahrscheinlichkeit daf&amp;uuml;r, dass die Zufallsvariable $X$ den Wert $[var=c]$ oder den Wert $[var=k]$ annimmt.&lt;br /&gt;&#xd;
&lt;br /&gt;&#xd;
&lt;strong&gt;Einreichung:&lt;/strong&gt;&lt;br /&gt;&#xd;
&lt;br /&gt;&#xd;
$P((X=[var=c]) \cup (X=[var=k]))=$&amp;nbsp;&lt;input name=&quot;field1&quot; size=&quot;6&quot; type=&quot;text&quot; value=&quot;field1&quot; /&gt;&amp;nbsp;&lt;br /&gt;&#xd;
&lt;br /&gt;&#xd;
&lt;em&gt;(Runden Sie, falls n&amp;ouml;tig, auf die vierte Nachkommastelle und verwenden Sie einen Dezimalpunkt. Auch innerhalb Ihrer Rechnung, d&amp;uuml;rfen Sie mit auf die vierte Nachkommastelle gerundeten Werten weiterrechnen.)&lt;/em&gt;&#xd;
&lt;p&gt;&lt;a href=&quot;https://webrtaschenrechner.netlify.app/&quot;onclick=&quot;window.open(&apos;https://webrtaschenrechner.netlify.app/&apos;,&apos;R Console&apos;,&apos;top=320, left=1525, width=400,height=600,menubar=no,toolbar=no,&apos;); return false;&quot; target=&quot;_blank&quot;&gt;&lt;img alt=&quot;R_ Logo&quot; pull-right=&quot;&quot; src=&quot;/econometrics/resource?resource=157444&quot; style=&quot;width: 40px; height: 50px; float: right; margin: 5px&quot; /&gt;&lt;/a&gt;&lt;/p&gt;</taskDescription>
                        <skipMessage>Da sich um eine stetige Zufallsvariable handelt, ist $P((X=[var=c])\cup(X=[var=k]))=0$.</skipMessage>
                        <defaultTransition id="33">
                          <conditionExpression id="34">
                            <domain>MATH</domain>
                          </conditionExpression>
                          <stageExpression id="35">
                            <domain>MATH</domain>
                          </stageExpression>
                          <isRepeat>true</isRepeat>
                        </defaultTransition>
                        <skipTransitions id="36">
                          <StageTransition id="37">
                            <conditionExpression id="38">
                              <code></code>
                              <domain>MATH</domain>
                            </conditionExpression>
                            <stageExpression id="39">
                              <domain>MATH</domain>
                            </stageExpression>
                            <isRepeat>false</isRepeat>
                          </StageTransition>
                        </skipTransitions>
                        <stageTransitions id="40">
                          <StageTransition id="41">
                            <conditionExpression id="42">
                              <code></code>
                              <domain>MATH</domain>
                            </conditionExpression>
                            <stageExpression id="43">
                              <code>[meta=stageCurrentResult]&gt;=100</code>
                              <domain>MATH</domain>
                            </stageExpression>
                            <isRepeat>false</isRepeat>
                          </StageTransition>
                        </stageTransitions>
                        <hints id="44">
                          <StageHint id="45">
                            <stagehint__order>0</stagehint__order>
                            <text>Es handelt sich um eine &lt;strong&gt;stetige &lt;/strong&gt;Zufallsvariable.&lt;br /&gt;
&lt;br /&gt;
(Es ist ein weiterer Hinweis vorhanden.)</text>
                            <malus>0</malus>
                            <stage class="FillInStage" reference="32"/>
                          </StageHint>
                          <StageHint id="46">
                            <stagehint__order>1</stagehint__order>
                            <text>      Bei stetigen Zufallsvariablen ist die Punktwahrscheinlichkeit $0$
    </text>
                            <malus>0</malus>
                            <stage class="FillInStage" reference="32"/>
                          </StageHint>
                        </hints>
                        <variableUpdatesOnEnter id="47"/>
                        <variableUpdatesBeforeCheck id="48"/>
                        <variableUpdatesAfterCheck id="49"/>
                        <variableUpdatesOnNormalExit id="50"/>
                        <variableUpdatesOnRepeat id="51"/>
                        <variableUpdatesOnSkip id="52"/>
                        <weight>1</weight>
                        <orderIndex>3</orderIndex>
                        <allowSkip>true</allowSkip>
                        <resources id="53"/>
                        <rules id="54"/>
                        <fillInFields id="55">
                          <FillInField id="56">
                            <name>field1</name>
                            <orderIndex>0</orderIndex>
                            <size>6</size>
                            <formularEditorType>NUMBER</formularEditorType>
                          </FillInField>
                        </fillInFields>
                        <dropDownFields id="57"/>
                        <formularEditorPalette>MATHDOX_FORMULAR_EDITOR_BASIC</formularEditorPalette>
                        <defaultFeedback>Leider nicht korrekt.&lt;br /&gt;
&lt;br /&gt;
Da sich um eine stetige Zufallsvariable handelt, ist $P((X=[var=c])\cup(X=[var=k]))=0$.</defaultFeedback>
                        <correctAnswerRules id="58">
                          <Rule id="59">
                            <name>CorrectAnswer1</name>
                            <orderIndex>1</orderIndex>
                            <validationExpression id="60">
                              <code>!isEmpty([input=field1])&amp;&amp;isRealNumber([input=field1])&amp;&amp;[input=field1]==0</code>
                              <domain>MATH</domain>
                            </validationExpression>
                            <points>0</points>
                            <terminal>false</terminal>
                          </Rule>
                        </correctAnswerRules>
                        <correctAnswerFeedback>Richtig.</correctAnswerFeedback>
                        <defaultResult>0</defaultResult>
                      </targetStage>
                      <isRepeat>false</isRepeat>
                    </StageTransition>
                  </skipTransitions>
                  <stageTransitions id="61">
                    <StageTransition id="62">
                      <conditionExpression id="63">
                        <code></code>
                        <domain>MATH</domain>
                      </conditionExpression>
                      <stageExpression id="64">
                        <code>[meta=stageCurrentResult]&gt;=100</code>
                        <domain>MATH</domain>
                      </stageExpression>
                      <targetStage class="FillInStage" reference="32"/>
                      <isRepeat>false</isRepeat>
                    </StageTransition>
                  </stageTransitions>
                  <hints id="65">
                    <StageHint id="66">
                      <stagehint__order>0</stagehint__order>
                      <text>      Gesucht ist $x$ mit $F(x)=0.5$
    </text>
                      <malus>0</malus>
                      <stage class="FillInStage" reference="24"/>
                    </StageHint>
                  </hints>
                  <variableUpdatesOnEnter id="67"/>
                  <variableUpdatesBeforeCheck id="68"/>
                  <variableUpdatesAfterCheck id="69"/>
                  <variableUpdatesOnNormalExit id="70"/>
                  <variableUpdatesOnRepeat id="71"/>
                  <variableUpdatesOnSkip id="72"/>
                  <weight>1</weight>
                  <orderIndex>2</orderIndex>
                  <allowSkip>true</allowSkip>
                  <resources id="73"/>
                  <rules id="74"/>
                  <fillInFields id="75">
                    <FillInField id="76">
                      <name>field1</name>
                      <orderIndex>0</orderIndex>
                      <size>6</size>
                      <formularEditorType>NUMBER</formularEditorType>
                    </FillInField>
                  </fillInFields>
                  <dropDownFields id="77"/>
                  <formularEditorPalette>MATHDOX_FORMULAR_EDITOR_BASIC</formularEditorPalette>
                  <defaultFeedback>Leider nicht korrekt.&lt;br /&gt;
&lt;br /&gt;
$x_{0.5}=[var=ansc].$</defaultFeedback>
                  <correctAnswerRules id="78">
                    <Rule id="79">
                      <name>CorrectAnswer1</name>
                      <orderIndex>1</orderIndex>
                      <validationExpression id="80">
                        <code>!isEmpty([input=field1])&amp;&amp;isRealNumber([input=field1])&amp;&amp;[input=field1]&gt;[var=ansc]-0.011&amp;&amp;[input=field1]&lt;[var=ansc]+0.011</code>
                        <domain>MATH</domain>
                      </validationExpression>
                      <points>0</points>
                      <terminal>false</terminal>
                    </Rule>
                  </correctAnswerRules>
                  <correctAnswerFeedback>Richtig.</correctAnswerFeedback>
                  <defaultResult>0</defaultResult>
                </targetStage>
                <isRepeat>false</isRepeat>
              </StageTransition>
            </skipTransitions>
            <stageTransitions id="81">
              <StageTransition id="82">
                <conditionExpression id="83">
                  <code></code>
                  <domain>MATH</domain>
                </conditionExpression>
                <stageExpression id="84">
                  <code>[meta=stageCurrentResult]&gt;=100</code>
                  <domain>MATH</domain>
                </stageExpression>
                <targetStage class="FillInStage" reference="24"/>
                <isRepeat>false</isRepeat>
              </StageTransition>
            </stageTransitions>
            <hints id="85">
              <StageHint id="86">
                <stagehint__order>0</stagehint__order>
                <text>      Es ist $f(x)=F^{&apos;}(x)$ an allen Stellen, an denen F differenzierbar ist.
    </text>
                <malus>0</malus>
                <stage class="FillInStage" reference="16"/>
              </StageHint>
            </hints>
            <variableUpdatesOnEnter id="87"/>
            <variableUpdatesBeforeCheck id="88"/>
            <variableUpdatesAfterCheck id="89"/>
            <variableUpdatesOnNormalExit id="90"/>
            <variableUpdatesOnRepeat id="91"/>
            <variableUpdatesOnSkip id="92"/>
            <weight>1</weight>
            <orderIndex>1</orderIndex>
            <allowSkip>true</allowSkip>
            <resources id="93"/>
            <rules id="94"/>
            <fillInFields id="95">
              <FillInField id="96">
                <name>field1</name>
                <orderIndex>0</orderIndex>
                <size>6</size>
                <formularEditorType>NUMBER</formularEditorType>
              </FillInField>
            </fillInFields>
            <dropDownFields id="97"/>
            <formularEditorPalette>MATHDOX_FORMULAR_EDITOR_BASIC</formularEditorPalette>
            <defaultFeedback>Leider nicht korrekt.&lt;br /&gt;
&lt;br /&gt;
$f([var=r])=[var=ansb]$.</defaultFeedback>
            <correctAnswerRules id="98">
              <Rule id="99">
                <name>CorrectAnswer1</name>
                <orderIndex>1</orderIndex>
                <validationExpression id="100">
                  <code>!isEmpty([input=field1])&amp;&amp;isRealNumber([input=field1])&amp;&amp;[input=field1]&gt;[var=ansb]-0.011&amp;&amp;[input=field1]&lt;[var=ansb]+0.011</code>
                  <domain>MATH</domain>
                </validationExpression>
                <points>0</points>
                <terminal>false</terminal>
              </Rule>
            </correctAnswerRules>
            <correctAnswerFeedback>Richtig.</correctAnswerFeedback>
            <defaultResult>0</defaultResult>
          </targetStage>
          <isRepeat>false</isRepeat>
        </StageTransition>
      </skipTransitions>
      <stageTransitions id="101">
        <StageTransition id="102">
          <conditionExpression id="103">
            <code></code>
            <domain>MATH</domain>
          </conditionExpression>
          <stageExpression id="104">
            <code>[meta=stageCurrentResult]&gt;=100</code>
            <domain>MATH</domain>
          </stageExpression>
          <targetStage class="FillInStage" reference="16"/>
          <isRepeat>false</isRepeat>
        </StageTransition>
      </stageTransitions>
      <hints id="105">
        <StageHint id="106">
          <stagehint__order>0</stagehint__order>
          <text>Es muss gelten :&lt;br /&gt;
$(\frac{k-[var=c]}{[var=d]})^[var=e]=1$</text>
          <malus>0</malus>
          <stage class="FillInStage" reference="8"/>
        </StageHint>
      </hints>
      <variableUpdatesOnEnter id="107"/>
      <variableUpdatesBeforeCheck id="108"/>
      <variableUpdatesAfterCheck id="109"/>
      <variableUpdatesOnNormalExit id="110"/>
      <variableUpdatesOnRepeat id="111"/>
      <variableUpdatesOnSkip id="112"/>
      <weight>1</weight>
      <orderIndex>0</orderIndex>
      <allowSkip>true</allowSkip>
      <resources id="113"/>
      <rules id="114"/>
      <fillInFields id="115">
        <FillInField id="116">
          <name>field1</name>
          <orderIndex>0</orderIndex>
          <size>6</size>
          <formularEditorType>NUMBER</formularEditorType>
        </FillInField>
      </fillInFields>
      <dropDownFields id="117"/>
      <formularEditorPalette>MATHDOX_FORMULAR_EDITOR_BASIC</formularEditorPalette>
      <defaultFeedback>Leider nicht korrekt.&lt;br /&gt;
&lt;br /&gt;
$k=[var=k].$</defaultFeedback>
      <correctAnswerRules id="118">
        <Rule id="119">
          <name>CorrectAnswer1</name>
          <orderIndex>1</orderIndex>
          <validationExpression id="120">
            <code>!isEmpty([input=field1])&amp;&amp;isRealNumber([input=field1])&amp;&amp;[input=field1]&gt;[var=k]-0.011&amp;&amp;[input=field1]&lt;[var=k]+0.011</code>
            <domain>MATH</domain>
          </validationExpression>
          <points>0</points>
          <terminal>false</terminal>
        </Rule>
      </correctAnswerRules>
      <correctAnswerFeedback>Richtig.</correctAnswerFeedback>
      <defaultResult>0</defaultResult>
    </FillInStage>
    <FillInStage reference="16"/>
    <FillInStage reference="24"/>
    <FillInStage reference="32"/>
  </stages>
  <startStage class="FillInStage" reference="8"/>
  <variableDeclarations id="121">
    <VariableDeclaration id="122">
      <name>c</name>
      <initializationCode id="123">
        <code>randomIntegerBetween(1,99)</code>
        <domain>MATH</domain>
      </initializationCode>
    </VariableDeclaration>
    <VariableDeclaration id="124">
      <name>d</name>
      <initializationCode id="125">
        <code>randomIntegerBetween(1,99)</code>
        <domain>MATH</domain>
      </initializationCode>
    </VariableDeclaration>
    <VariableDeclaration id="126">
      <name>e</name>
      <initializationCode id="127">
        <code>randomIntegerBetween(1,4)</code>
        <domain>MATH</domain>
      </initializationCode>
    </VariableDeclaration>
    <VariableDeclaration id="128">
      <name>k1</name>
      <initializationCode id="129">
        <code>1/([var=e])</code>
        <domain>MATH</domain>
      </initializationCode>
    </VariableDeclaration>
    <VariableDeclaration id="130">
      <name>ku</name>
      <initializationCode id="131">
        <code>pow(1, [var=k1])*([var=d])+([var=c])</code>
        <domain>MATH</domain>
      </initializationCode>
    </VariableDeclaration>
    <VariableDeclaration id="132">
      <name>k</name>
      <initializationCode id="133">
        <code>round(([var=ku]), 4)</code>
        <domain>MATH</domain>
      </initializationCode>
    </VariableDeclaration>
    <VariableDeclaration id="134">
      <name>z1</name>
      <initializationCode id="135">
        <code>randomIntegerBetween(1,99)</code>
        <domain>MATH</domain>
      </initializationCode>
    </VariableDeclaration>
    <VariableDeclaration id="136">
      <name>z</name>
      <initializationCode id="137">
        <code>([var=z1])/100</code>
        <domain>MATH</domain>
      </initializationCode>
    </VariableDeclaration>
    <VariableDeclaration id="138">
      <name>r1</name>
      <initializationCode id="139">
        <code>(([var=k])-([var=c]))*([var=z])+([var=c])</code>
        <domain>MATH</domain>
      </initializationCode>
    </VariableDeclaration>
    <VariableDeclaration id="140">
      <name>r</name>
      <initializationCode id="141">
        <code>round(([var=r1]), 1)</code>
        <domain>MATH</domain>
      </initializationCode>
    </VariableDeclaration>
    <VariableDeclaration id="142">
      <name>ansb1</name>
      <initializationCode id="143">
        <code>(([var=r])-([var=c]))/([var=d])</code>
        <domain>MATH</domain>
      </initializationCode>
    </VariableDeclaration>
    <VariableDeclaration id="144">
      <name>ansb2</name>
      <initializationCode id="145">
        <code>pow(([var=ansb1]), [var=e])</code>
        <domain>MATH</domain>
      </initializationCode>
    </VariableDeclaration>
    <VariableDeclaration id="146">
      <name>ansb3</name>
      <initializationCode id="147">
        <code>(([var=e])*([var=ansb2]))/(([var=r])-([var=c]))</code>
        <domain>MATH</domain>
      </initializationCode>
    </VariableDeclaration>
    <VariableDeclaration id="148">
      <name>ansb</name>
      <initializationCode id="149">
        <code>round(([var=ansb3]), 4)</code>
        <domain>MATH</domain>
      </initializationCode>
    </VariableDeclaration>
    <VariableDeclaration id="150">
      <name>ansc1</name>
      <initializationCode id="151">
        <code>1/([var=e])</code>
        <domain>MATH</domain>
      </initializationCode>
    </VariableDeclaration>
    <VariableDeclaration id="152">
      <name>ansc2</name>
      <initializationCode id="153">
        <code>pow(0.5, [var=ansc1])</code>
        <domain>MATH</domain>
      </initializationCode>
    </VariableDeclaration>
    <VariableDeclaration id="154">
      <name>ansc3</name>
      <initializationCode id="155">
        <code>([var=ansc2])*([var=d])+([var=c])</code>
        <domain>MATH</domain>
      </initializationCode>
    </VariableDeclaration>
    <VariableDeclaration id="156">
      <name>ansc</name>
      <initializationCode id="157">
        <code>round(([var=ansc3]), 4)</code>
        <domain>MATH</domain>
      </initializationCode>
    </VariableDeclaration>
  </variableDeclarations>
  <jSXGraphs id="158"/>
  <dynamicMolecules id="159"/>
  <resultFeedbackMappings id="160"/>
</Exercise>