<Exercise id="1">
  <name>IS05-R02 Eindimensionale Zufallsvariablen 2</name>
  <publicDescription></publicDescription>
  <internalNotes>Untere W&apos;keitsgrenze mit Tschebyscheff-Funktion ausrechnen

Die  Materialien sind lizenziert unter CC BY-NC-SA 4.0. Eine Kopie dieser Lizenz finden Sie unter http://creativecommons.org/licenses/by-nc-sa/4.0/

The materials are licensed under CC BY-NC-SA 4.0. You can find a copy of this license at http://creativecommons.org/licenses/by-nc-sa/4.0/</internalNotes>
  <language>de</language>
  <difficulty>0</difficulty>
  <tags id="2">
    <Tag id="3">
      <name>IndStat</name>
    </Tag>
  </tags>
  <resources id="4">
    <ExerciseResource id="5">
      <content id="6">dHNjaGVieXNjaGVmZiA8LSBmdW5jdGlvbihjLHNpZzIpew0KICBrIDwtIGMvc3FydChzaWcyKQ0KICBwIDwtIDEva14yDQogIHJldHVybihwKQ0KfQ0K</content>
      <uploadTimestamp>2022-05-11T09:13:59.66271</uploadTimestamp>
      <filename>source.r</filename>
      <description></description>
      <replacePlaceholder>false</replacePlaceholder>
    </ExerciseResource>
  </resources>
  <stages id="7">
    <RStage id="8">
      <internalName>1</internalName>
      <externalName></externalName>
      <taskDescription>&lt;strong&gt;Aufgabenstellung:&lt;/strong&gt;&lt;br /&gt;&#xd;
&lt;br /&gt;&#xd;
Sei $\mu=[var=mu]$ und $\sigma^2=[var=sig2]$. Geben Sie mit Hilfe der Tschebyscheff-Ungleichung eine untere Grenze f&amp;uuml;r die Wahrscheinlichkeit $P([var=lower]&amp;lt;X&amp;lt;[var=upper])$ an.&lt;br /&gt;&#xd;
Nutzen Sie dazu die vordefinierte Funktion $\verb|tschebyscheff()|$, der Sie die Parameter $\verb|c|$ und $\verb|sig2|$ &amp;uuml;bergeben k&amp;ouml;nnen.&lt;br /&gt;&#xd;
&lt;br /&gt;&#xd;
&lt;em&gt;(Bevor Sie den Code abschicken, k&amp;ouml;nnen Sie &amp;uuml;ber den Button &amp;quot;Code testen&amp;quot; Ihren geschriebenen R-Code ausf&amp;uuml;hren und in der R-Konsole anzeigen lassen.)&lt;/em&gt;</taskDescription>
      <defaultTransition id="9">
        <conditionExpression id="10">
          <domain>MATH</domain>
        </conditionExpression>
        <stageExpression id="11">
          <domain>MATH</domain>
        </stageExpression>
        <isRepeat>false</isRepeat>
      </defaultTransition>
      <skipTransitions id="12"/>
      <stageTransitions id="13"/>
      <hints id="14">
        <StageHint id="15">
          <stagehint__order>0</stagehint__order>
          <text>Zun&amp;auml;chst sollten Sie anhand der gegebenen Daten $\verb|c|$ bestimmen.&lt;br /&gt;
&lt;br /&gt;
(Es ist ein weiterer Hinweis vorhanden.)</text>
          <malus>0</malus>
          <stage class="RStage" reference="8"/>
        </StageHint>
        <StageHint id="16">
          <stagehint__order>1</stagehint__order>
          <text>Achten Sie darauf, wie die Funktion definiert ist.&lt;br /&gt;
&lt;br /&gt;
(Es ist ein weiterer Hinweis vorhanden.)</text>
          <malus>0</malus>
          <stage class="RStage" reference="8"/>
        </StageHint>
        <StageHint id="17">
          <stagehint__order>2</stagehint__order>
          <text>Die vordefinierte Funktion gibt Ihnen eine obere Grenze für das Komplementärereignis $|X-\mu|\geq c$. Vergleichen Sie dies mit der gesuchten Wahrscheinlichkeit.</text>
          <malus>0</malus>
          <stage class="RStage" reference="8"/>
        </StageHint>
      </hints>
      <variableUpdatesOnEnter id="18"/>
      <variableUpdatesBeforeCheck id="19"/>
      <variableUpdatesAfterCheck id="20"/>
      <variableUpdatesOnNormalExit id="21"/>
      <variableUpdatesOnRepeat id="22"/>
      <variableUpdatesOnSkip id="23"/>
      <weight>1</weight>
      <orderIndex>0</orderIndex>
      <allowSkip>false</allowSkip>
      <resources id="24"/>
      <initialCode>tschebyscheff &lt;- function(c,sig2){
  k &lt;- c/sqrt(sig2)
  p &lt;- 1/k^2
  return(p)
}
</initialCode>
      <finalResultComputationString>#{c42998}+#{c42997}</finalResultComputationString>
      <testCasetuples id="25">
        <TestCaseTuple id="26">
          <testCases id="27">
            <StaticRTestCase id="28">
              <points>50</points>
              <pointsMode>GAIN</pointsMode>
              <name>imported testcase</name>
              <feedbackIfFailed>Leider nicht richtig.

Achten Sie darauf, dass Sie die $\verb|tschebyscheff()|$-Funktion benutzen.</feedbackIfFailed>
              <ruleMode>PRESENCE</ruleMode>
              <queries class="linked-list" id="29">
                <RGReQLQuery id="30">
                  <query>                from tsch:V{FunctionCall} with
                tsch.name=&quot;tschebyscheff&quot;
                report 0 end</query>
                </RGReQLQuery>
              </queries>
            </StaticRTestCase>
          </testCases>
          <checkerConfiguration id="31">
            <isActive>false</isActive>
            <hasVisibleResult>false</hasVisibleResult>
            <hasVisibleFeedback>false</hasVisibleFeedback>
            <isAsync>false</isAsync>
            <weight>1</weight>
            <persistentReference>42997</persistentReference>
          </checkerConfiguration>
        </TestCaseTuple>
        <TestCaseTuple id="32">
          <testCases id="33">
            <DynamicRTestCase id="34">
              <points>50</points>
              <pointsMode>GAIN</pointsMode>
              <name>imported testcase</name>
              <feedbackIfFailed>Leider nicht richtig. Ihr Ergebnis ist nicht korrekt.</feedbackIfFailed>
              <ruleMode>PRESENCE</ruleMode>
              <postCode>testFunc &lt;- function(){}</postCode>
              <expectedOutput>[var=sol]</expectedOutput>
              <postprocessingFunction></postprocessingFunction>
              <tolerance>-4</tolerance>
            </DynamicRTestCase>
          </testCases>
          <checkerConfiguration id="35">
            <isActive>false</isActive>
            <hasVisibleResult>false</hasVisibleResult>
            <hasVisibleFeedback>false</hasVisibleFeedback>
            <isAsync>false</isAsync>
            <weight>1</weight>
            <persistentReference>42998</persistentReference>
          </checkerConfiguration>
        </TestCaseTuple>
      </testCasetuples>
    </RStage>
  </stages>
  <startStage class="RStage" reference="8"/>
  <variableDeclarations id="36">
    <VariableDeclaration id="37">
      <name>mu</name>
      <initializationCode id="38">
        <code>randomIntegerBetween(500,1500)</code>
        <domain>MATH</domain>
      </initializationCode>
    </VariableDeclaration>
    <VariableDeclaration id="39">
      <name>c</name>
      <initializationCode id="40">
        <code>randomIntegerBetween(50,400)</code>
        <domain>MATH</domain>
      </initializationCode>
    </VariableDeclaration>
    <VariableDeclaration id="41">
      <name>sig2</name>
      <initializationCode id="42">
        <code>randomIntegerBetween(300,2500)</code>
        <domain>MATH</domain>
      </initializationCode>
    </VariableDeclaration>
    <VariableDeclaration id="43">
      <name>lower</name>
      <initializationCode id="44">
        <code>evaluateInR(&apos;[var=mu]-[var=c]&apos;)</code>
        <domain>MATH</domain>
      </initializationCode>
    </VariableDeclaration>
    <VariableDeclaration id="45">
      <name>upper</name>
      <initializationCode id="46">
        <code>evaluateInR(&apos;[var=mu]+[var=c]&apos;)</code>
        <domain>MATH</domain>
      </initializationCode>
    </VariableDeclaration>
    <VariableDeclaration id="47">
      <name>sol</name>
      <initializationCode id="48">
        <code>evaluateInR(&apos;1-([var=sig2]/[var=c]^2)&apos;)</code>
        <domain>MATH</domain>
      </initializationCode>
    </VariableDeclaration>
  </variableDeclarations>
  <jSXGraphs id="49"/>
  <dynamicMolecules id="50"/>
  <resultFeedbackMappings id="51"/>
</Exercise>