<Exercise id="1">
  <name>IS05-08 Eindimensionale Zufallsvariablen 8</name>
  <publicDescription></publicDescription>
  <internalNotes>E-Wert und Varianz einer diskreten ZV bestimmen und linear transformieren.

Die  Materialien sind lizenziert unter CC BY-NC-SA 4.0. Eine Kopie dieser Lizenz finden Sie unter http://creativecommons.org/licenses/by-nc-sa/4.0/

The materials are licensed under CC BY-NC-SA 4.0. You can find a copy of this license at http://creativecommons.org/licenses/by-nc-sa/4.0/</internalNotes>
  <language>de</language>
  <difficulty>3</difficulty>
  <tags id="2">
    <Tag id="3">
      <name>IndStat</name>
    </Tag>
    <Tag id="4">
      <name>TR_neu</name>
    </Tag>
    <Tag id="5">
      <name>TR</name>
    </Tag>
  </tags>
  <resources id="6"/>
  <stages id="7">
    <FillInStage id="8">
      <internalName>1</internalName>
      <externalName>Stage 1</externalName>
      <taskDescription>&lt;strong&gt;Aufgabenstellung:&lt;/strong&gt;&lt;br /&gt;&#xd;
&lt;br /&gt;&#xd;
Eine Zufallsvariable $X$ besitzt folgende Wahrscheinlichkeitsfunktion: $$\begin{vmatrix}\hline x_i &amp;amp; [var=A] &amp;amp; [var=B] &amp;amp; 0 &amp;amp; [var=D] &amp;amp; [var=Ee] \\ \hline P(X \, = \, x_i) &amp;amp; [var=AWsk1] &amp;amp; [var=AWsk2] &amp;amp; [var=AWsk3] &amp;amp; [var=AWsk4] &amp;amp; [var=AWsk5] \\ \hline \end{vmatrix}$$&lt;br /&gt;&#xd;
&lt;br /&gt;&#xd;
Berechnen Sie Erwartungswert und Varianz der Zufallsvariablen $Y=[var=F]X-[var=G]$!&lt;br /&gt;&#xd;
&lt;br /&gt;&#xd;
&lt;strong&gt;Einreichungen:&lt;/strong&gt;&lt;br /&gt;&#xd;
&lt;br /&gt;&#xd;
$E(Y)&amp;nbsp; &amp;nbsp; =$&amp;nbsp;&lt;input name=&quot;field1&quot; size=&quot;6&quot; type=&quot;text&quot; value=&quot;field1&quot; /&gt;&amp;nbsp;&lt;br /&gt;&#xd;
&lt;br /&gt;&#xd;
$Var(Y)=$&amp;nbsp;&lt;input name=&quot;field2&quot; size=&quot;6&quot; type=&quot;text&quot; value=&quot;field2&quot; /&gt;&amp;nbsp;&lt;br /&gt;&#xd;
&lt;br /&gt;&#xd;
&lt;em&gt;(Runden Sie, falls n&amp;ouml;tig, auf die vierte Nachkommastelle und verwenden Sie einen Dezimalpunkt. Auch innerhalb Ihrer Rechnung, d&amp;uuml;rfen Sie mit auf die vierte Nachkommastelle gerundeten Werten weiterrechnen.)&lt;/em&gt;&#xd;
&lt;p&gt;&lt;a href=&quot;https://webrtaschenrechner.netlify.app/&quot;onclick=&quot;window.open(&apos;https://webrtaschenrechner.netlify.app/&apos;,&apos;R Console&apos;,&apos;top=320, left=1525, width=400,height=600,menubar=no,toolbar=no,&apos;); return false;&quot; target=&quot;_blank&quot;&gt;&lt;img alt=&quot;R_ Logo&quot; pull-right=&quot;&quot; src=&quot;/econometrics/resource?resource=157444&quot; style=&quot;width: 40px; height: 50px; float: right; margin: 5px&quot; /&gt;&lt;/a&gt;&lt;/p&gt;</taskDescription>
      <skipMessage>$E(X)=[var=EX]$&lt;br /&gt;
$Var(X)=[var=VarX]$&lt;br /&gt;
$E(Y)=[var=EY]$&lt;br /&gt;
$Var(Y)=[var=VarY]$</skipMessage>
      <defaultTransition id="9">
        <conditionExpression id="10">
          <domain>MATH</domain>
        </conditionExpression>
        <stageExpression id="11">
          <domain>MATH</domain>
        </stageExpression>
        <isRepeat>true</isRepeat>
      </defaultTransition>
      <skipTransitions id="12">
        <StageTransition id="13">
          <conditionExpression id="14">
            <code></code>
            <domain>MATH</domain>
          </conditionExpression>
          <stageExpression id="15">
            <domain>MATH</domain>
          </stageExpression>
          <isRepeat>false</isRepeat>
        </StageTransition>
      </skipTransitions>
      <stageTransitions id="16">
        <StageTransition id="17">
          <conditionExpression id="18">
            <code></code>
            <domain>MATH</domain>
          </conditionExpression>
          <stageExpression id="19">
            <code>[meta=stageCurrentResult]&gt;=100</code>
            <domain>MATH</domain>
          </stageExpression>
          <isRepeat>false</isRepeat>
        </StageTransition>
      </stageTransitions>
      <hints id="20">
        <StageHint id="21">
          <stagehint__order>0</stagehint__order>
          <text>Der Erwartungswert einer diskreten ZV berechnet sich &amp;uuml;ber die Summe der m&amp;ouml;glichen Ausg&amp;auml;nge gewichtet mit der Wahrscheinlichkeit. Die Varianz berechnet sich &amp;uuml;ber $Var(X) = E(X^2) - [E(X)]^2.$&lt;br /&gt;
&lt;br /&gt;
(Es ist ein weiterer Hinweis vorhanden.)</text>
          <malus>0</malus>
          <stage class="FillInStage" reference="8"/>
        </StageHint>
        <StageHint id="22">
          <stagehint__order>1</stagehint__order>
          <text>$E(X^2)$ berechnet sich bei einer diskreten ZV $X$ &amp;uuml;ber die Summe der quadrierten m&amp;ouml;glichen Ausg&amp;auml;nge gewichtet mit der Wahrscheinlichkeit.&lt;br /&gt;
&lt;br /&gt;
(Es ist ein weiterer Hinweis vorhanden.)</text>
          <malus>0</malus>
          <stage class="FillInStage" reference="8"/>
        </StageHint>
        <StageHint id="23">
          <stagehint__order>2</stagehint__order>
          <text>Um Erwartungswert und Varianz einer linearen Transformation der ZV $X$ zu bestimmen, benutzt man die folgenden Rechenregeln:&lt;br /&gt;
$$E(Y)=E([var=F]X-[var=G])=[var=F] \, E(X)-[var=G]$$&amp;nbsp;&lt;br /&gt;
$$Var(Y)=Var([var=F]X-[var=G])=[var=F]^2 \, Var(X)$$</text>
          <malus>0</malus>
          <stage class="FillInStage" reference="8"/>
        </StageHint>
      </hints>
      <variableUpdatesOnEnter id="24"/>
      <variableUpdatesBeforeCheck id="25"/>
      <variableUpdatesAfterCheck id="26"/>
      <variableUpdatesOnNormalExit id="27"/>
      <variableUpdatesOnRepeat id="28"/>
      <variableUpdatesOnSkip id="29"/>
      <weight>1</weight>
      <orderIndex>0</orderIndex>
      <allowSkip>true</allowSkip>
      <resources id="30"/>
      <rules id="31">
        <Rule id="32">
          <name>Feedback_2</name>
          <orderIndex>2</orderIndex>
          <validationExpression id="33">
            <code>!isEmpty([input=field2])&amp;&amp;isRealNumber([input=field2])&amp;&amp;[input=field2]&gt;[var=VarY]-1&amp;&amp;[input=field2]&lt;[var=VarY]+1</code>
            <domain>MATH</domain>
          </validationExpression>
          <feedbackText>$Var(Y)$ korrekt</feedbackText>
          <points>50</points>
          <terminal>false</terminal>
        </Rule>
        <Rule id="34">
          <name>Feedback_1</name>
          <orderIndex>1</orderIndex>
          <validationExpression id="35">
            <code>!isEmpty([input=field1])&amp;&amp;isRealNumber([input=field1])&amp;&amp; [input=field1]&gt;[var=EY]-0.011&amp;&amp;[input=field1]&lt;[var=EY]+0.011</code>
            <domain>MATH</domain>
          </validationExpression>
          <feedbackText>$E(Y)$ korrekt</feedbackText>
          <points>50</points>
          <terminal>false</terminal>
        </Rule>
      </rules>
      <fillInFields id="36">
        <FillInField id="37">
          <name>field2</name>
          <orderIndex>1</orderIndex>
          <size>6</size>
          <formularEditorType>NUMBER</formularEditorType>
        </FillInField>
        <FillInField id="38">
          <name>field1</name>
          <orderIndex>0</orderIndex>
          <size>6</size>
          <formularEditorType>NUMBER</formularEditorType>
        </FillInField>
      </fillInFields>
      <dropDownFields id="39"/>
      <formularEditorPalette>MATHDOX_FORMULAR_EDITOR_BASIC</formularEditorPalette>
      <defaultFeedback>Leider nicht korrekt.&lt;br /&gt;
&lt;br /&gt;
$E(X)=[var=EX]$&lt;br /&gt;
$Var(X)=[var=VarX]$&lt;br /&gt;
$E(Y)=[var=EY]$&lt;br /&gt;
$Var(Y)=[var=VarY]$</defaultFeedback>
      <correctAnswerRules id="40">
        <Rule id="41">
          <name>CorrectAnswer1</name>
          <orderIndex>1</orderIndex>
          <validationExpression id="42">
            <code>!isEmpty([input=field1])&amp;&amp;isRealNumber([input=field1])&amp;&amp; !isEmpty([input=field2])&amp;&amp;isRealNumber([input=field2])&amp;&amp;[input=field1]&gt;[var=EY]-0.011&amp;&amp;[input=field1]&lt;[var=EY]+0.011&amp;&amp;[input=field2]&gt;[var=VarY]-1&amp;&amp;[input=field2]&lt;[var=VarY]+1</code>
            <domain>MATH</domain>
          </validationExpression>
          <points>0</points>
          <terminal>false</terminal>
        </Rule>
      </correctAnswerRules>
      <correctAnswerFeedback>Richtig.</correctAnswerFeedback>
      <defaultResult>0</defaultResult>
    </FillInStage>
  </stages>
  <startStage class="FillInStage" reference="8"/>
  <variableDeclarations id="43">
    <VariableDeclaration id="44">
      <name>AWsk1uu</name>
      <initializationCode id="45">
        <code>randomIntegerBetween(1,24)</code>
        <domain>MATH</domain>
      </initializationCode>
    </VariableDeclaration>
    <VariableDeclaration id="46">
      <name>AWsk1u</name>
      <initializationCode id="47">
        <code>([var=AWsk1uu])/100</code>
        <domain>MATH</domain>
      </initializationCode>
    </VariableDeclaration>
    <VariableDeclaration id="48">
      <name>AWsk1</name>
      <initializationCode id="49">
        <code>round(([var=AWsk1u]), 2)</code>
        <domain>MATH</domain>
      </initializationCode>
    </VariableDeclaration>
    <VariableDeclaration id="50">
      <name>AWsk2uu</name>
      <initializationCode id="51">
        <code>randomIntegerBetween(1,24)</code>
        <domain>MATH</domain>
      </initializationCode>
    </VariableDeclaration>
    <VariableDeclaration id="52">
      <name>AWsk2u</name>
      <initializationCode id="53">
        <code>([var=AWsk2uu])/100</code>
        <domain>MATH</domain>
      </initializationCode>
    </VariableDeclaration>
    <VariableDeclaration id="54">
      <name>AWsk2</name>
      <initializationCode id="55">
        <code>round(([var=AWsk2u]), 2)</code>
        <domain>MATH</domain>
      </initializationCode>
    </VariableDeclaration>
    <VariableDeclaration id="56">
      <name>AWsk3uu</name>
      <initializationCode id="57">
        <code>randomIntegerBetween(1,24)</code>
        <domain>MATH</domain>
      </initializationCode>
    </VariableDeclaration>
    <VariableDeclaration id="58">
      <name>AWsk3u</name>
      <initializationCode id="59">
        <code>([var=AWsk3uu])/100</code>
        <domain>MATH</domain>
      </initializationCode>
    </VariableDeclaration>
    <VariableDeclaration id="60">
      <name>AWsk3</name>
      <initializationCode id="61">
        <code>round(([var=AWsk3u]), 2)</code>
        <domain>MATH</domain>
      </initializationCode>
    </VariableDeclaration>
    <VariableDeclaration id="62">
      <name>AWsk4uu</name>
      <initializationCode id="63">
        <code>randomIntegerBetween(1,24)</code>
        <domain>MATH</domain>
      </initializationCode>
    </VariableDeclaration>
    <VariableDeclaration id="64">
      <name>AWsk4u</name>
      <initializationCode id="65">
        <code>([var=AWsk4uu])/100</code>
        <domain>MATH</domain>
      </initializationCode>
    </VariableDeclaration>
    <VariableDeclaration id="66">
      <name>AWsk4</name>
      <initializationCode id="67">
        <code>round(([var=AWsk4u]), 2)</code>
        <domain>MATH</domain>
      </initializationCode>
    </VariableDeclaration>
    <VariableDeclaration id="68">
      <name>AWsk5u</name>
      <initializationCode id="69">
        <code>1-(([var=AWsk1])+([var=AWsk2])+([var=AWsk3])+([var=AWsk4]))</code>
        <domain>MATH</domain>
      </initializationCode>
    </VariableDeclaration>
    <VariableDeclaration id="70">
      <name>AWsk5</name>
      <initializationCode id="71">
        <code>round(([var=AWsk5u]), 2)</code>
        <domain>MATH</domain>
      </initializationCode>
    </VariableDeclaration>
    <VariableDeclaration id="72">
      <name>A</name>
      <initializationCode id="73">
        <code>randomIntegerBetween(-6,-4)</code>
        <domain>MATH</domain>
      </initializationCode>
    </VariableDeclaration>
    <VariableDeclaration id="74">
      <name>B</name>
      <initializationCode id="75">
        <code>randomIntegerBetween(-3,-1)</code>
        <domain>MATH</domain>
      </initializationCode>
    </VariableDeclaration>
    <VariableDeclaration id="76">
      <name>D</name>
      <initializationCode id="77">
        <code>randomIntegerBetween(1,4)</code>
        <domain>MATH</domain>
      </initializationCode>
    </VariableDeclaration>
    <VariableDeclaration id="78">
      <name>Ee</name>
      <initializationCode id="79">
        <code>randomIntegerBetween(5,7)</code>
        <domain>MATH</domain>
      </initializationCode>
    </VariableDeclaration>
    <VariableDeclaration id="80">
      <name>EXu</name>
      <initializationCode id="81">
        <code>([var=AWsk1])*([var=A])+([var=AWsk2])*([var=B])+([var=AWsk4])*([var=D])+([var=AWsk5])*([var=Ee])</code>
        <domain>MATH</domain>
      </initializationCode>
    </VariableDeclaration>
    <VariableDeclaration id="82">
      <name>EX</name>
      <initializationCode id="83">
        <code>round(([var=EXu]), 4)</code>
        <domain>MATH</domain>
      </initializationCode>
    </VariableDeclaration>
    <VariableDeclaration id="84">
      <name>VarXu</name>
      <initializationCode id="85">
        <code>([var=AWsk1])*pow(([var=A]), 2)+([var=AWsk2])*pow(([var=B]), 2)+([var=AWsk4])*pow(([var=D]), 2)+([var=AWsk5])*pow(([var=Ee]), 2)-pow(([var=EX]), 2)</code>
        <domain>MATH</domain>
      </initializationCode>
    </VariableDeclaration>
    <VariableDeclaration id="86">
      <name>VarX</name>
      <initializationCode id="87">
        <code>round(([var=VarXu]), 4)</code>
        <domain>MATH</domain>
      </initializationCode>
    </VariableDeclaration>
    <VariableDeclaration id="88">
      <name>F</name>
      <initializationCode id="89">
        <code>randomIntegerBetween(2,49)</code>
        <domain>MATH</domain>
      </initializationCode>
    </VariableDeclaration>
    <VariableDeclaration id="90">
      <name>G</name>
      <initializationCode id="91">
        <code>randomIntegerBetween(2,49)</code>
        <domain>MATH</domain>
      </initializationCode>
    </VariableDeclaration>
    <VariableDeclaration id="92">
      <name>EYu</name>
      <initializationCode id="93">
        <code>([var=F])*([var=EX])-([var=G])</code>
        <domain>MATH</domain>
      </initializationCode>
    </VariableDeclaration>
    <VariableDeclaration id="94">
      <name>EY</name>
      <initializationCode id="95">
        <code>round(([var=EYu]), 4)</code>
        <domain>MATH</domain>
      </initializationCode>
    </VariableDeclaration>
    <VariableDeclaration id="96">
      <name>VarYu</name>
      <initializationCode id="97">
        <code>pow(([var=F]), 2)*([var=VarX])</code>
        <domain>MATH</domain>
      </initializationCode>
    </VariableDeclaration>
    <VariableDeclaration id="98">
      <name>VarY</name>
      <initializationCode id="99">
        <code>round(([var=VarYu]), 4)</code>
        <domain>MATH</domain>
      </initializationCode>
    </VariableDeclaration>
  </variableDeclarations>
  <jSXGraphs id="100"/>
  <dynamicMolecules id="101"/>
  <resultFeedbackMappings id="102"/>
</Exercise>