<Exercise id="1">
  <name>IS05-14 Eindimensionale Zufallsvariablen 14</name>
  <publicDescription></publicDescription>
  <internalNotes>Roulette, 1 Euro Einsatz

Die  Materialien sind lizenziert unter CC BY-NC-SA 4.0. Eine Kopie dieser Lizenz finden Sie unter http://creativecommons.org/licenses/by-nc-sa/4.0/

The materials are licensed under CC BY-NC-SA 4.0. You can find a copy of this license at http://creativecommons.org/licenses/by-nc-sa/4.0/</internalNotes>
  <language>de</language>
  <difficulty>0</difficulty>
  <tags id="2">
    <Tag id="3">
      <name>IndStat</name>
    </Tag>
    <Tag id="4">
      <name>TR_neu</name>
    </Tag>
    <Tag id="5">
      <name>TR</name>
    </Tag>
  </tags>
  <resources id="6"/>
  <stages id="7">
    <FillInStage id="8">
      <internalName>1</internalName>
      <externalName>Stage 1</externalName>
      <taskDescription>&lt;strong&gt;Aufgabenstellung:&lt;/strong&gt;&lt;br /&gt;&#xd;
&lt;br /&gt;&#xd;
Berechnen Sie den erwarteten Gewinn eines Roulette-Spiels, bei dem Sie $1$ Euro auf eine Zahl setzen.&lt;br /&gt;&#xd;
&lt;br /&gt;&#xd;
(Es gibt die Zahlen $0-36$, im Falle, dass Sie die Zahl treffen, erhalten Sie Ihren Einsatz plus einen $35$-fachen Gewinn Ihres Einsatzes) &amp;nbsp;&lt;br /&gt;&#xd;
&lt;br /&gt;&#xd;
&lt;strong&gt;Einreichung:&lt;/strong&gt;&lt;br /&gt;&#xd;
&lt;br /&gt;&#xd;
&lt;input name=&quot;field1&quot; size=&quot;6&quot; type=&quot;text&quot; value=&quot;field1&quot; /&gt;&amp;nbsp; Euro&lt;br /&gt;&#xd;
&lt;br /&gt;&#xd;
&lt;em&gt;(Runden Sie, falls n&amp;ouml;tig, auf die vierte Nachkommastelle und verwenden Sie einen Dezimalpunkt.)&lt;/em&gt;&#xd;
&lt;p&gt;&lt;a href=&quot;https://webrtaschenrechner.netlify.app/&quot;onclick=&quot;window.open(&apos;https://webrtaschenrechner.netlify.app/&apos;,&apos;R Console&apos;,&apos;top=320, left=1525, width=400,height=600,menubar=no,toolbar=no,&apos;); return false;&quot; target=&quot;_blank&quot;&gt;&lt;img alt=&quot;R_ Logo&quot; pull-right=&quot;&quot; src=&quot;/econometrics/resource?resource=157444&quot; style=&quot;width: 40px; height: 50px; float: right; margin: 5px&quot; /&gt;&lt;/a&gt;&lt;/p&gt;</taskDescription>
      <skipMessage>Der erwartete Gewinn betr&amp;auml;gt $-0.027$ Euro.</skipMessage>
      <defaultTransition id="9">
        <conditionExpression id="10">
          <domain>MATH</domain>
        </conditionExpression>
        <stageExpression id="11">
          <domain>MATH</domain>
        </stageExpression>
        <isRepeat>true</isRepeat>
      </defaultTransition>
      <skipTransitions id="12">
        <StageTransition id="13">
          <conditionExpression id="14">
            <code></code>
            <domain>MATH</domain>
          </conditionExpression>
          <stageExpression id="15">
            <domain>MATH</domain>
          </stageExpression>
          <targetStage class="FillInStage" id="16">
            <internalName>2</internalName>
            <externalName>Stage 2</externalName>
            <taskDescription>&lt;strong&gt;Aufgabenstellung:&lt;/strong&gt;&lt;br /&gt;&#xd;
&lt;br /&gt;&#xd;
Nun sei Ihr pers&amp;ouml;nliche Nutzenfunktion: $U(x)=x$, wenn $x$ f&amp;uuml;r den Gewinn steht.&lt;br /&gt;&#xd;
&lt;br /&gt;&#xd;
Berechnen Sie den erwarteten Nutzen eines Roulette-Spiels, bei dem Sie $1$ Euro auf eine Zahl setzen.&lt;br /&gt;&#xd;
&lt;br /&gt;&#xd;
&lt;strong&gt;Einreichung:&lt;/strong&gt; &lt;input name=&quot;field1&quot; size=&quot;6&quot; type=&quot;text&quot; value=&quot;field1&quot; /&gt;&amp;nbsp;&lt;br /&gt;&#xd;
&lt;br /&gt;&#xd;
&lt;em&gt;(Runden Sie, falls n&amp;ouml;tig, auf die vierte Nachkommastelle und verwenden Sie einen Dezimalpunkt.)&lt;/em&gt;&lt;br /&gt;&#xd;
&lt;br /&gt;&#xd;
Was w&amp;uuml;rde Sie tun, um ihren pers&amp;ouml;nlichen Nutzen zu maximieren? &amp;nbsp;&lt;select name=&quot;field2&quot;&gt;&lt;option value=&quot;0&quot;&gt;field2&lt;/option&gt;&lt;/select&gt;&amp;nbsp;&#xd;
&lt;p&gt;&lt;a href=&quot;https://webrtaschenrechner.netlify.app/&quot;onclick=&quot;window.open(&apos;https://webrtaschenrechner.netlify.app/&apos;,&apos;R Console&apos;,&apos;top=320, left=1525, width=400,height=600,menubar=no,toolbar=no,&apos;); return false;&quot; target=&quot;_blank&quot;&gt;&lt;img alt=&quot;R_ Logo&quot; pull-right=&quot;&quot; src=&quot;/econometrics/resource?resource=157444&quot; style=&quot;width: 40px; height: 50px; float: right; margin: 5px&quot; /&gt;&lt;/a&gt;&lt;/p&gt;</taskDescription>
            <skipMessage>Der erwartete Nutzen betr&amp;auml;gt $[var=ans1]$. Sie w&amp;uuml;rden folglich [var=stringcasino].</skipMessage>
            <defaultTransition id="17">
              <conditionExpression id="18">
                <domain>MATH</domain>
              </conditionExpression>
              <stageExpression id="19">
                <domain>MATH</domain>
              </stageExpression>
              <isRepeat>true</isRepeat>
            </defaultTransition>
            <skipTransitions id="20">
              <StageTransition id="21">
                <conditionExpression id="22">
                  <code></code>
                  <domain>MATH</domain>
                </conditionExpression>
                <stageExpression id="23">
                  <domain>MATH</domain>
                </stageExpression>
                <targetStage class="FillInStage" id="24">
                  <internalName>3</internalName>
                  <externalName>Stage 3</externalName>
                  <taskDescription>&lt;strong&gt;Aufgabenstellung:&lt;/strong&gt;&lt;br /&gt;&#xd;
&lt;br /&gt;&#xd;
Wie hoch m&amp;uuml;sste die Gewinnchance sein, so dass Sie mit Ihrer Nutzenfunktion indifferent gegen&amp;uuml;ber einem Spiel sind? &amp;nbsp;&lt;br /&gt;&#xd;
&lt;br /&gt;&#xd;
&lt;strong&gt;Einreichung:&lt;/strong&gt; &lt;input name=&quot;field1&quot; size=&quot;6&quot; type=&quot;text&quot; value=&quot;field1&quot; /&gt;&amp;nbsp;$^{-1}$&lt;br /&gt;&#xd;
&lt;br /&gt;&#xd;
&lt;em&gt;(Geben Sie den Kehrwert ein.)&lt;/em&gt;&#xd;
&lt;p&gt;&lt;a href=&quot;https://webrtaschenrechner.netlify.app/&quot;onclick=&quot;window.open(&apos;https://webrtaschenrechner.netlify.app/&apos;,&apos;R Console&apos;,&apos;top=320, left=1525, width=400,height=600,menubar=no,toolbar=no,&apos;); return false;&quot; target=&quot;_blank&quot;&gt;&lt;img alt=&quot;R_ Logo&quot; pull-right=&quot;&quot; src=&quot;/econometrics/resource?resource=157444&quot; style=&quot;width: 40px; height: 50px; float: right; margin: 5px&quot; /&gt;&lt;/a&gt;&lt;/p&gt;</taskDescription>
                  <skipMessage>Bei einer Gewinnchance von $\frac{1}{[var=ans2]}$ sind Sie indifferent.</skipMessage>
                  <defaultTransition id="25">
                    <conditionExpression id="26">
                      <domain>MATH</domain>
                    </conditionExpression>
                    <stageExpression id="27">
                      <domain>MATH</domain>
                    </stageExpression>
                    <isRepeat>true</isRepeat>
                  </defaultTransition>
                  <skipTransitions id="28">
                    <StageTransition id="29">
                      <conditionExpression id="30">
                        <code></code>
                        <domain>MATH</domain>
                      </conditionExpression>
                      <stageExpression id="31">
                        <domain>MATH</domain>
                      </stageExpression>
                      <isRepeat>false</isRepeat>
                    </StageTransition>
                  </skipTransitions>
                  <stageTransitions id="32">
                    <StageTransition id="33">
                      <conditionExpression id="34">
                        <code></code>
                        <domain>MATH</domain>
                      </conditionExpression>
                      <stageExpression id="35">
                        <code>[meta=stageCurrentResult]&gt;=100</code>
                        <domain>MATH</domain>
                      </stageExpression>
                      <isRepeat>false</isRepeat>
                    </StageTransition>
                  </stageTransitions>
                  <hints id="36">
                    <StageHint id="37">
                      <stagehint__order>0</stagehint__order>
                      <text>      Hier ist gefragt, bei welcher Gewinnchance sich Ihr Nutzen zwischen spielen und nicht spielen nicht unterscheidet.
</text>
                      <malus>0</malus>
                      <stage class="FillInStage" reference="24"/>
                    </StageHint>
                  </hints>
                  <variableUpdatesOnEnter id="38"/>
                  <variableUpdatesBeforeCheck id="39"/>
                  <variableUpdatesAfterCheck id="40"/>
                  <variableUpdatesOnNormalExit id="41"/>
                  <variableUpdatesOnRepeat id="42"/>
                  <variableUpdatesOnSkip id="43"/>
                  <weight>1</weight>
                  <orderIndex>2</orderIndex>
                  <allowSkip>true</allowSkip>
                  <resources id="44"/>
                  <rules id="45"/>
                  <fillInFields id="46">
                    <FillInField id="47">
                      <name>field1</name>
                      <orderIndex>0</orderIndex>
                      <size>6</size>
                      <formularEditorType>NUMBER</formularEditorType>
                    </FillInField>
                  </fillInFields>
                  <dropDownFields id="48"/>
                  <formularEditorPalette>MATHDOX_FORMULAR_EDITOR_BASIC</formularEditorPalette>
                  <defaultFeedback>Leider nicht korrekt.&lt;br /&gt;
&lt;br /&gt;
Bei einer Gewinnchance von $\frac{1}{[var=ans2]}$ sind Sie indifferent.</defaultFeedback>
                  <correctAnswerRules id="49">
                    <Rule id="50">
                      <name>CorrectAnswer1</name>
                      <orderIndex>1</orderIndex>
                      <validationExpression id="51">
                        <code>!isEmpty([input=field1])&amp;&amp;isRealNumber([input=field1])&amp;&amp;[input=field1]&gt;[var=ans2]-0.0011&amp;&amp;[input=field1]&lt;[var=ans2]+0.0011</code>
                        <domain>MATH</domain>
                      </validationExpression>
                      <points>0</points>
                      <terminal>false</terminal>
                    </Rule>
                  </correctAnswerRules>
                  <correctAnswerFeedback>Richtig.</correctAnswerFeedback>
                  <defaultResult>0</defaultResult>
                </targetStage>
                <isRepeat>false</isRepeat>
              </StageTransition>
            </skipTransitions>
            <stageTransitions id="52">
              <StageTransition id="53">
                <conditionExpression id="54">
                  <code></code>
                  <domain>MATH</domain>
                </conditionExpression>
                <stageExpression id="55">
                  <code>[meta=stageCurrentResult]&gt;=100</code>
                  <domain>MATH</domain>
                </stageExpression>
                <targetStage class="FillInStage" reference="24"/>
                <isRepeat>false</isRepeat>
              </StageTransition>
            </stageTransitions>
            <hints id="56">
              <StageHint id="57">
                <stagehint__order>0</stagehint__order>
                <text>     Ist eine solche Nutzenfunktion für Sie unabhängig vom Einsatz?
      </text>
                <malus>0</malus>
                <stage class="FillInStage" reference="16"/>
              </StageHint>
            </hints>
            <variableUpdatesOnEnter id="58"/>
            <variableUpdatesBeforeCheck id="59"/>
            <variableUpdatesAfterCheck id="60"/>
            <variableUpdatesOnNormalExit id="61"/>
            <variableUpdatesOnRepeat id="62"/>
            <variableUpdatesOnSkip id="63"/>
            <weight>1</weight>
            <orderIndex>1</orderIndex>
            <allowSkip>true</allowSkip>
            <resources id="64"/>
            <rules id="65"/>
            <fillInFields id="66">
              <FillInField id="67">
                <name>field1</name>
                <orderIndex>0</orderIndex>
                <size>6</size>
                <formularEditorType>NUMBER</formularEditorType>
              </FillInField>
            </fillInFields>
            <dropDownFields id="68">
              <de.uni__due.s3.jack3.entities.stagetypes.fillin.DropDownField id="69">
                <name>field2</name>
                <orderIndex>1</orderIndex>
                <randomize>false</randomize>
                <items id="70">
                  <string>In das Casino gehen</string>
                  <string>Nicht in das Casino gehen</string>
                </items>
              </de.uni__due.s3.jack3.entities.stagetypes.fillin.DropDownField>
            </dropDownFields>
            <formularEditorPalette>MATHDOX_FORMULAR_EDITOR_BASIC</formularEditorPalette>
            <defaultFeedback>Leider nicht korrekt.&lt;br /&gt;
&lt;br /&gt;
Der erwartete Nutzen betr&amp;auml;gt $[var=ans1]$. Sie w&amp;uuml;rden folglich [var=stringcasino].</defaultFeedback>
            <correctAnswerRules id="71">
              <Rule id="72">
                <name>CorrectAnswer1</name>
                <orderIndex>1</orderIndex>
                <validationExpression id="73">
                  <code>!isEmpty([input=field1])&amp;&amp;isRealNumber([input=field1])&amp;&amp;[input=field1]&gt;[var=ans1]-0.0011&amp;&amp;[input=field1]&lt;[var=ans1]+0.0011&amp;&amp;[input=field2]==1</code>
                  <domain>MATH</domain>
                </validationExpression>
                <points>0</points>
                <terminal>false</terminal>
              </Rule>
            </correctAnswerRules>
            <correctAnswerFeedback>Richtig.</correctAnswerFeedback>
            <defaultResult>0</defaultResult>
          </targetStage>
          <isRepeat>false</isRepeat>
        </StageTransition>
      </skipTransitions>
      <stageTransitions id="74">
        <StageTransition id="75">
          <conditionExpression id="76">
            <code></code>
            <domain>MATH</domain>
          </conditionExpression>
          <stageExpression id="77">
            <code>[meta=stageCurrentResult]&gt;=100</code>
            <domain>MATH</domain>
          </stageExpression>
          <targetStage class="FillInStage" reference="16"/>
          <isRepeat>false</isRepeat>
        </StageTransition>
      </stageTransitions>
      <hints id="78">
        <StageHint id="79">
          <stagehint__order>0</stagehint__order>
          <text>      Wäre das Spiel fair, dürfte es die Null nicht geben.
    </text>
          <malus>0</malus>
          <stage class="FillInStage" reference="8"/>
        </StageHint>
      </hints>
      <variableUpdatesOnEnter id="80"/>
      <variableUpdatesBeforeCheck id="81"/>
      <variableUpdatesAfterCheck id="82"/>
      <variableUpdatesOnNormalExit id="83"/>
      <variableUpdatesOnRepeat id="84"/>
      <variableUpdatesOnSkip id="85"/>
      <weight>1</weight>
      <orderIndex>0</orderIndex>
      <allowSkip>true</allowSkip>
      <resources id="86"/>
      <rules id="87"/>
      <fillInFields id="88">
        <FillInField id="89">
          <name>field1</name>
          <orderIndex>0</orderIndex>
          <size>6</size>
          <formularEditorType>NUMBER</formularEditorType>
        </FillInField>
      </fillInFields>
      <dropDownFields id="90"/>
      <formularEditorPalette>MATHDOX_FORMULAR_EDITOR_BASIC</formularEditorPalette>
      <defaultFeedback>Leider nicht korrekt.&lt;br /&gt;
&lt;br /&gt;
Der erwartete Gewinn betr&amp;auml;gt $-0.027$ Euro.</defaultFeedback>
      <correctAnswerRules id="91">
        <Rule id="92">
          <name>CorrectAnswer1</name>
          <orderIndex>1</orderIndex>
          <validationExpression id="93">
            <code>!isEmpty([input=field1])&amp;&amp;isRealNumber([input=field1])&amp;&amp;[input=field1]&gt;-0.02702703-0.0011&amp;&amp;[input=field1]&lt;-0.02702703+0.0011</code>
            <domain>MATH</domain>
          </validationExpression>
          <points>0</points>
          <terminal>false</terminal>
        </Rule>
      </correctAnswerRules>
      <correctAnswerFeedback>Richtig.</correctAnswerFeedback>
      <defaultResult>0</defaultResult>
    </FillInStage>
    <FillInStage reference="16"/>
    <FillInStage reference="24"/>
  </stages>
  <startStage class="FillInStage" reference="8"/>
  <variableDeclarations id="94">
    <VariableDeclaration id="95">
      <name>stringcasino</name>
      <initializationCode id="96">
        <code>getFromList(1, list(&quot;in das Casino gehen&quot;,&quot;nicht in das Casino gehen&quot;))</code>
        <domain>MATH</domain>
      </initializationCode>
    </VariableDeclaration>
    <VariableDeclaration id="97">
      <name>ans1</name>
      <initializationCode id="98">
        <code>-0.027</code>
        <domain>MATH</domain>
      </initializationCode>
    </VariableDeclaration>
    <VariableDeclaration id="99">
      <name>ans2</name>
      <initializationCode id="100">
        <code>36</code>
        <domain>MATH</domain>
      </initializationCode>
    </VariableDeclaration>
  </variableDeclarations>
  <jSXGraphs id="101"/>
  <dynamicMolecules id="102"/>
  <resultFeedbackMappings id="103"/>
</Exercise>