<Exercise id="1">
  <name>IS05-03 Eindimensionale Zufallsvariablen 3</name>
  <publicDescription></publicDescription>
  <internalNotes>Dichte gegeben, Konstante c bestimmen

Die  Materialien sind lizenziert unter CC BY-NC-SA 4.0. Eine Kopie dieser Lizenz finden Sie unter http://creativecommons.org/licenses/by-nc-sa/4.0/

The materials are licensed under CC BY-NC-SA 4.0. You can find a copy of this license at http://creativecommons.org/licenses/by-nc-sa/4.0/</internalNotes>
  <language>de</language>
  <difficulty>2</difficulty>
  <tags id="2">
    <Tag id="3">
      <name>IndStat</name>
    </Tag>
  </tags>
  <resources id="4"/>
  <stages id="5">
    <FillInStage id="6">
      <internalName>1</internalName>
      <externalName>Stage 1</externalName>
      <taskDescription>&lt;strong&gt;Aufgabenstellung:&lt;/strong&gt;&lt;br /&gt;&#xd;
&lt;br /&gt;&#xd;
Die Zufallsvariable $X$ besitzt die folgende Dichtefunktion:&lt;br /&gt;&#xd;
&lt;br /&gt;&#xd;
$f(x)= \begin{cases} [var=Frage] &amp;amp; \mbox{, f&amp;uuml;r }\quad 0 \le x \le 1\\ 0 &amp;amp; \mbox{, sonst. } \end{cases}$&lt;br /&gt;&#xd;
&lt;br /&gt;&#xd;
Bestimmen Sie die Konstante $c$. Sie wissen $c&amp;gt;0$&lt;br /&gt;&#xd;
&lt;br /&gt;&#xd;
&lt;strong&gt;Einreichung:&lt;/strong&gt;&lt;br /&gt;&#xd;
&lt;br /&gt;&#xd;
c= &amp;nbsp;&lt;input name=&quot;field1&quot; size=&quot;6&quot; type=&quot;text&quot; value=&quot;field1&quot; /&gt;&amp;nbsp;&lt;br /&gt;&#xd;
&lt;br /&gt;&#xd;
&lt;em&gt;(Runden Sie,falls n&amp;ouml;tig, auf die zweite Nachkommastelle und verwenden Sie einen Dezimalpunkt)&lt;/em&gt;&#xd;
&lt;p&gt;&lt;a href=&quot;https://rdrr.io/snippets/embed/&quot; onclick=&quot;window.open(&apos;https://rdrr.io/snippets/embed/?code=&apos;,&apos;R Console&apos;,&apos; margin-top: 20px; top=200,left=100,width=480,height=640,menubar=no,toolbar=no,&apos;); return false;&quot; target=&quot;_blank&quot;&gt;&lt;img alt=&quot;R_ Logo&quot; pull-right=&quot;&quot; src=&quot;/econometrics/resource?resource=157444&quot; style=&quot;width: 40px; height: 50px; float: right; margin: 5px&quot; /&gt;&lt;/a&gt;&lt;/p&gt;&#xd;
</taskDescription>
      <skipMessage>[var=Antwort]</skipMessage>
      <defaultTransition id="7">
        <conditionExpression id="8">
          <domain>MATH</domain>
        </conditionExpression>
        <stageExpression id="9">
          <domain>MATH</domain>
        </stageExpression>
        <isRepeat>true</isRepeat>
      </defaultTransition>
      <skipTransitions id="10">
        <StageTransition id="11">
          <conditionExpression id="12">
            <code></code>
            <domain>MATH</domain>
          </conditionExpression>
          <stageExpression id="13">
            <domain>MATH</domain>
          </stageExpression>
          <isRepeat>false</isRepeat>
        </StageTransition>
      </skipTransitions>
      <stageTransitions id="14">
        <StageTransition id="15">
          <conditionExpression id="16">
            <code></code>
            <domain>MATH</domain>
          </conditionExpression>
          <stageExpression id="17">
            <code>[meta=stageCurrentResult]&gt;=100</code>
            <domain>MATH</domain>
          </stageExpression>
          <isRepeat>false</isRepeat>
        </StageTransition>
      </stageTransitions>
      <hints id="18">
        <StageHint id="19">
          <stagehint__order>0</stagehint__order>
          <text>Beachten Sie die Eigenschaften der Dichtefunktion: Nichtnegativit&amp;auml;t und Normiertheit.&lt;br /&gt;
&lt;br /&gt;
(Es ist ein weiterer Hinweis vorhanden)</text>
          <malus>0</malus>
          <stage class="FillInStage" reference="6"/>
        </StageHint>
        <StageHint id="20">
          <stagehint__order>1</stagehint__order>
          <text>      [var=Hinweis]
    </text>
          <malus>0</malus>
          <stage class="FillInStage" reference="6"/>
        </StageHint>
      </hints>
      <variableUpdatesOnEnter id="21"/>
      <variableUpdatesBeforeCheck id="22"/>
      <variableUpdatesAfterCheck id="23"/>
      <variableUpdatesOnNormalExit id="24"/>
      <variableUpdatesOnRepeat id="25"/>
      <variableUpdatesOnSkip id="26"/>
      <weight>1</weight>
      <orderIndex>0</orderIndex>
      <allowSkip>true</allowSkip>
      <resources id="27"/>
      <rules id="28"/>
      <fillInFields id="29">
        <FillInField id="30">
          <name>field1</name>
          <orderIndex>0</orderIndex>
          <size>6</size>
          <formularEditorType>NUMBER</formularEditorType>
        </FillInField>
      </fillInFields>
      <dropDownFields id="31"/>
      <formularEditorPalette>MATHDOX_FORMULAR_EDITOR_BASIC</formularEditorPalette>
      <defaultFeedback>Leider nicht korrekt.&lt;br /&gt;
&lt;br /&gt;
Korrekt ist: [var=Antwort]</defaultFeedback>
      <correctAnswerRules id="32">
        <Rule id="33">
          <name>CorrectAnswer1</name>
          <orderIndex>1</orderIndex>
          <validationExpression id="34">
            <code>!isEmpty([input=field1])&amp;&amp;isRealNumber([input=field1])&amp;&amp;[input=field1]&gt;[var=Antwortnum]-0.011&amp;&amp;[input=field1]&lt;[var=Antwortnum]+0.011</code>
            <domain>MATH</domain>
          </validationExpression>
          <points>0</points>
          <terminal>false</terminal>
        </Rule>
      </correctAnswerRules>
      <correctAnswerFeedback>Richtig.</correctAnswerFeedback>
      <defaultResult>0</defaultResult>
    </FillInStage>
  </stages>
  <startStage class="FillInStage" reference="6"/>
  <variableDeclarations id="35">
    <VariableDeclaration id="36">
      <name>i</name>
      <initializationCode id="37">
        <code>randomIntegerBetween(0,4)</code>
        <domain>MATH</domain>
      </initializationCode>
    </VariableDeclaration>
    <VariableDeclaration id="38">
      <name>Frage</name>
      <initializationCode id="39">
        <code>getFromList([var=i],list(&apos;cx&apos;,&apos;\frac{e^x}{c-1}&apos;,&apos;cx^2&apos;,&apos;\frac{c^2}{e^x}&apos;,&apos;c+c^2+x^4&apos;))</code>
        <domain>MATH</domain>
      </initializationCode>
    </VariableDeclaration>
    <VariableDeclaration id="40">
      <name>Hinweis</name>
      <initializationCode id="41">
        <code>getFromList([var=i],list(&quot;$\displaystyle \int\limits^1_0 cx \enspace dx = \frac{c}{2}x^2\bigg|^1_0$&quot;,&quot;$\displaystyle \int\limits^1_0 \frac{e^x}{c-1} \enspace dx = \frac{e^x}{c-1}\bigg|^1_0$&quot;,&quot;$\displaystyle \int\limits^1_0 cx^2 \enspace dx = \frac{cx^3}{3}\bigg|^1_0$&quot;,&quot;$\displaystyle \int\limits^1_0 \frac{c^2}{e^x} \enspace dx = (-1) \cdot \frac{c^2}{e^x}\bigg|^1_0$&quot;,&quot;$\displaystyle \int\limits^1_0 c+c^2+x^4 \enspace dx = \frac{x^5}{5}+c^2x+cx\bigg|^1_0$&quot;))</code>
        <domain>MATH</domain>
      </initializationCode>
    </VariableDeclaration>
    <VariableDeclaration id="42">
      <name>Antwort</name>
      <initializationCode id="43">
        <code>getFromList([var=i],list(&quot;$\displaystyle \int\limits^1_0 cx \enspace dx = \frac{c}{2}x^2\bigg|^1_0=1 \Rightarrow c=2$&quot;,&quot;$\displaystyle \int\limits^1_0 \frac{e^x}{c-1} \enspace dx = \frac{e^x}{c-1}\bigg|^1_0=1 \Rightarrow c=e \approx 2.72$&quot;,&quot;$\displaystyle \int\limits^1_0 cx^2 \enspace dx = \frac{cx^3}{3}\bigg|^1_0=1 \Rightarrow c=3$&quot;,&quot;$\displaystyle \int\limits^1_0 \frac{c^2}{e^x} \enspace dx = (-1) \cdot \frac{c^2}{e^x}\bigg|^1_0=1 \Rightarrow c=\sqrt{\frac{1}{1-e^{-1}}} \approx 1.26$&quot;,&quot;$\displaystyle \int\limits^1_0 c+c^2+x^4 \enspace dx = \frac{x^5}{5}+c^2x+cx\bigg|^1_0=1 \Rightarrow 0.2+c^2+c=1 \qquad \overrightarrow{\textrm{ pq-Formel }} \qquad c=-\frac{1}{2}+\sqrt{(\frac{1}{2})^2+0.8} \approx 0.52 \enspace \textrm{und} \enspace c=-\frac{1}{2}-\sqrt{(\frac{1}{2})^2+0.8} \approx -1.52 \qquad \textrm{Da c &gt; 0:}c \approx 0.52$&quot;))</code>
        <domain>MATH</domain>
      </initializationCode>
    </VariableDeclaration>
    <VariableDeclaration id="44">
      <name>Antwortnum</name>
      <initializationCode id="45">
        <code>getFromList([var=i], list(2,2.72,3,1.26,0.52))</code>
        <domain>MATH</domain>
      </initializationCode>
    </VariableDeclaration>
  </variableDeclarations>
  <jSXGraphs id="46"/>
  <dynamicMolecules id="47"/>
  <resultFeedbackMappings id="48"/>
</Exercise>