<Exercise id="1">
  <name>IS05-10 Eindimensionale Zufallsvariablen 10</name>
  <publicDescription></publicDescription>
  <internalNotes>Ungleichung von Tschebyscheff (Schrauben)

Die  Materialien sind lizenziert unter CC BY-NC-SA 4.0. Eine Kopie dieser Lizenz finden Sie unter http://creativecommons.org/licenses/by-nc-sa/4.0/

The materials are licensed under CC BY-NC-SA 4.0. You can find a copy of this license at http://creativecommons.org/licenses/by-nc-sa/4.0/</internalNotes>
  <language>de</language>
  <difficulty>1</difficulty>
  <tags id="2">
    <Tag id="3">
      <name>IndStat</name>
    </Tag>
    <Tag id="4">
      <name>TR_neu</name>
    </Tag>
    <Tag id="5">
      <name>TR</name>
    </Tag>
  </tags>
  <resources id="6"/>
  <stages id="7">
    <FillInStage id="8">
      <internalName>1</internalName>
      <externalName>Stage 1</externalName>
      <taskDescription>&lt;strong&gt;Aufgabenstellung:&lt;/strong&gt;&lt;br /&gt;&#xd;
&lt;br /&gt;&#xd;
Aus langj&amp;auml;hriger Erfahrung ist einem Hersteller einer bestimmten Schraubensorte bekannt, dass die Schraubenl&amp;auml;ngen mit einem Erwartungswert von $[var=$Ee]$ mm und einer Varianz von $[var=$V]$ verteilt sind. Mit welchem Ausschussanteil zwichen $0$ und $1$ muss man h&amp;ouml;chstens rechnen, wenn die Schraubenl&amp;auml;nge zwischen $[var=$Unter]$ mm und $[var=$Ober]$ mm liegen soll?&lt;br /&gt;&#xd;
&lt;br /&gt;&#xd;
&lt;strong&gt;Einreichung:&lt;/strong&gt;&lt;br /&gt;&#xd;
Es ist h&amp;ouml;chstens mit einem Ausschussanteil von &amp;nbsp;&lt;input name=&quot;field1&quot; size=&quot;6&quot; type=&quot;text&quot; value=&quot;field1&quot; /&gt;&amp;nbsp; zu rechnen.&lt;br /&gt;&#xd;
&lt;br /&gt;&#xd;
&lt;em&gt;(Runden Sie, falls n&amp;ouml;tig, auf die vierte Nachkommastelle und verwenden Sie einen Dezimalpunkt.)&lt;/em&gt;&#xd;
&lt;p&gt;&lt;a href=&quot;https://webrtaschenrechner.netlify.app/&quot;onclick=&quot;window.open(&apos;https://webrtaschenrechner.netlify.app/&apos;,&apos;R Console&apos;,&apos;top=320, left=1525, width=400,height=600,menubar=no,toolbar=no,&apos;); return false;&quot; target=&quot;_blank&quot;&gt;&lt;img alt=&quot;R_ Logo&quot; pull-right=&quot;&quot; src=&quot;/econometrics/resource?resource=157444&quot; style=&quot;width: 40px; height: 50px; float: right; margin: 5px&quot; /&gt;&lt;/a&gt;&lt;/p&gt;</taskDescription>
      <skipMessage>Es gilt: $P(|X-\mu| \geq c)\leq \frac{\sigma^2}{c^2}$ $\Rightarrow \quad P(|X-[var=Ee]| \geq [var=c])\leq \frac{[var=V]}{[var=c]^2}.$&lt;br /&gt;
Es ist also mit einem Ausschussanteil von h&amp;ouml;chstens $[var=ans]$ zu rechnen.</skipMessage>
      <defaultTransition id="9">
        <conditionExpression id="10">
          <domain>MATH</domain>
        </conditionExpression>
        <stageExpression id="11">
          <domain>MATH</domain>
        </stageExpression>
        <isRepeat>true</isRepeat>
      </defaultTransition>
      <skipTransitions id="12">
        <StageTransition id="13">
          <conditionExpression id="14">
            <code></code>
            <domain>MATH</domain>
          </conditionExpression>
          <stageExpression id="15">
            <domain>MATH</domain>
          </stageExpression>
          <isRepeat>false</isRepeat>
        </StageTransition>
      </skipTransitions>
      <stageTransitions id="16">
        <StageTransition id="17">
          <conditionExpression id="18">
            <code></code>
            <domain>MATH</domain>
          </conditionExpression>
          <stageExpression id="19">
            <code>[meta=stageCurrentResult]&gt;=100</code>
            <domain>MATH</domain>
          </stageExpression>
          <isRepeat>false</isRepeat>
        </StageTransition>
      </stageTransitions>
      <hints id="20">
        <StageHint id="21">
          <stagehint__order>0</stagehint__order>
          <text>Hier kann die Ungleichung von Tschebyscheff eine Antwort liefern: $$P(|X-\mu|\geq c) \leq \frac{\sigma^2}{c^2}.$$ Nun m&amp;uuml;ssen Sie nur noch die Werte einsetzen.</text>
          <malus>0</malus>
          <stage class="FillInStage" reference="8"/>
        </StageHint>
      </hints>
      <variableUpdatesOnEnter id="22"/>
      <variableUpdatesBeforeCheck id="23"/>
      <variableUpdatesAfterCheck id="24"/>
      <variableUpdatesOnNormalExit id="25"/>
      <variableUpdatesOnRepeat id="26"/>
      <variableUpdatesOnSkip id="27"/>
      <weight>1</weight>
      <orderIndex>0</orderIndex>
      <allowSkip>true</allowSkip>
      <resources id="28"/>
      <rules id="29"/>
      <fillInFields id="30">
        <FillInField id="31">
          <name>field1</name>
          <orderIndex>0</orderIndex>
          <size>6</size>
          <formularEditorType>NUMBER</formularEditorType>
        </FillInField>
      </fillInFields>
      <dropDownFields id="32"/>
      <formularEditorPalette>MATHDOX_FORMULAR_EDITOR_BASIC</formularEditorPalette>
      <defaultFeedback>Leider nicht korrekt.&lt;br /&gt;
&lt;br /&gt;
Es gilt: $P(|X-\mu| \geq c)\leq \frac{\sigma^2}{c^2}$ $\Rightarrow \quad P(|X-[var=Ee]| \geq [var=c])\leq \frac{[var=V]}{[var=c]^2}.$&lt;br /&gt;
Es ist also mit einem Ausschussanteil von h&amp;ouml;chstens $[var=ans]$ zu rechnen.</defaultFeedback>
      <correctAnswerRules id="33">
        <Rule id="34">
          <name>CorrectAnswer1</name>
          <orderIndex>1</orderIndex>
          <validationExpression id="35">
            <code>!isEmpty([input=field1])&amp;&amp;isRealNumber([input=field1])&amp;&amp;[input=field1]&gt;[var=ans]-0.011&amp;&amp;[input=field1]&lt;[var=ans]+0.011</code>
            <domain>MATH</domain>
          </validationExpression>
          <points>0</points>
          <terminal>false</terminal>
        </Rule>
      </correctAnswerRules>
      <correctAnswerFeedback>Richtig.</correctAnswerFeedback>
      <defaultResult>0</defaultResult>
    </FillInStage>
  </stages>
  <startStage class="FillInStage" reference="8"/>
  <variableDeclarations id="36">
    <VariableDeclaration id="37">
      <name>Ee</name>
      <initializationCode id="38">
        <code>randomIntegerBetween(15,25)</code>
        <domain>MATH</domain>
      </initializationCode>
    </VariableDeclaration>
    <VariableDeclaration id="39">
      <name>V1</name>
      <initializationCode id="40">
        <code>randomIntegerBetween(100,300)</code>
        <domain>MATH</domain>
      </initializationCode>
    </VariableDeclaration>
    <VariableDeclaration id="41">
      <name>V2</name>
      <initializationCode id="42">
        <code>([var=V1])/10000</code>
        <domain>MATH</domain>
      </initializationCode>
    </VariableDeclaration>
    <VariableDeclaration id="43">
      <name>V</name>
      <initializationCode id="44">
        <code>round(([var=V2]), 4)</code>
        <domain>MATH</domain>
      </initializationCode>
    </VariableDeclaration>
    <VariableDeclaration id="45">
      <name>A1</name>
      <initializationCode id="46">
        <code>randomIntegerBetween(2,8)</code>
        <domain>MATH</domain>
      </initializationCode>
    </VariableDeclaration>
    <VariableDeclaration id="47">
      <name>A2</name>
      <initializationCode id="48">
        <code>([var=A1])/10</code>
        <domain>MATH</domain>
      </initializationCode>
    </VariableDeclaration>
    <VariableDeclaration id="49">
      <name>A</name>
      <initializationCode id="50">
        <code>round(([var=A2]), 1)</code>
        <domain>MATH</domain>
      </initializationCode>
    </VariableDeclaration>
    <VariableDeclaration id="51">
      <name>Ober1</name>
      <initializationCode id="52">
        <code>([var=Ee])+([var=A])</code>
        <domain>MATH</domain>
      </initializationCode>
    </VariableDeclaration>
    <VariableDeclaration id="53">
      <name>Ober</name>
      <initializationCode id="54">
        <code>round(([var=Ober1]), 1)</code>
        <domain>MATH</domain>
      </initializationCode>
    </VariableDeclaration>
    <VariableDeclaration id="55">
      <name>Unter1</name>
      <initializationCode id="56">
        <code>([var=Ee])-([var=A])</code>
        <domain>MATH</domain>
      </initializationCode>
    </VariableDeclaration>
    <VariableDeclaration id="57">
      <name>Unter</name>
      <initializationCode id="58">
        <code>round(([var=Unter1]), 1)</code>
        <domain>MATH</domain>
      </initializationCode>
    </VariableDeclaration>
    <VariableDeclaration id="59">
      <name>c1</name>
      <initializationCode id="60">
        <code>[var=Ober]-[var=Ee]</code>
        <domain>MATH</domain>
      </initializationCode>
    </VariableDeclaration>
    <VariableDeclaration id="61">
      <name>c</name>
      <initializationCode id="62">
        <code>round(([var=c1]), 1)</code>
        <domain>MATH</domain>
      </initializationCode>
    </VariableDeclaration>
    <VariableDeclaration id="63">
      <name>ans1</name>
      <initializationCode id="64">
        <code>([var=V])/pow([var=A], 2)</code>
        <domain>MATH</domain>
      </initializationCode>
    </VariableDeclaration>
    <VariableDeclaration id="65">
      <name>ans</name>
      <initializationCode id="66">
        <code>round(([var=ans1]), 4)</code>
        <domain>MATH</domain>
      </initializationCode>
    </VariableDeclaration>
  </variableDeclarations>
  <jSXGraphs id="67"/>
  <dynamicMolecules id="68"/>
  <resultFeedbackMappings id="69"/>
</Exercise>