<Exercise id="1">
  <name>IS05-11 Eindimensionale Zufallsvariablen 11</name>
  <publicDescription></publicDescription>
  <internalNotes>Wahrscheinlichkeit berechnen mit Tschebyscheff&apos;sche Ungleichung

Die  Materialien sind lizenziert unter CC BY-NC-SA 4.0. Eine Kopie dieser Lizenz finden Sie unter http://creativecommons.org/licenses/by-nc-sa/4.0/

The materials are licensed under CC BY-NC-SA 4.0. You can find a copy of this license at http://creativecommons.org/licenses/by-nc-sa/4.0/</internalNotes>
  <language>de</language>
  <difficulty>3</difficulty>
  <tags id="2">
    <Tag id="3">
      <name>IndStat</name>
    </Tag>
    <Tag id="4">
      <name>TR_neu</name>
    </Tag>
    <Tag id="5">
      <name>TR</name>
    </Tag>
  </tags>
  <resources id="6"/>
  <stages id="7">
    <FillInStage id="8">
      <internalName>1</internalName>
      <externalName>Stage 1</externalName>
      <taskDescription>&lt;strong&gt;Aufgabenstellung:&lt;/strong&gt;&lt;br /&gt;&#xd;
Ein Obst- und Gem&amp;uuml;seh&amp;auml;ndler verkauft Erdbeeren in Schalen zu je $[var=EG]$g. Da es sich hierbei um ein Naturprodukt handelt, kann der H&amp;auml;ndler nicht daf&amp;uuml;r garantieren, dass es sich immer um exakt $[var=EG]$g-Schalen handelt. Erfahrungsgem&amp;auml;&amp;szlig; weicht das Gewicht pro Schale um durchschnittlich $[var=SG]$g vom Sollgewicht ab.&lt;br /&gt;&#xd;
&lt;br /&gt;&#xd;
Wie gro&amp;szlig; ist die Wahrscheinlichkeit, dass eine Schale Erdbeeren zwischen $[var=GU]$ und $[var=GO]$g wiegt?&lt;br /&gt;&#xd;
&lt;br /&gt;&#xd;
&lt;strong&gt;Einreichung:&lt;/strong&gt;&lt;br /&gt;&#xd;
$P([var=GUr] ~\le X ~\le ~ [var=GOr])$ = &amp;nbsp;&lt;input name=&quot;field1&quot; size=&quot;6&quot; type=&quot;text&quot; value=&quot;field1&quot; /&gt;&amp;nbsp;&lt;br /&gt;&#xd;
&lt;br /&gt;&#xd;
&lt;em&gt;(Runden Sie das Ergebnis, falls n&amp;ouml;tig, auf die vierte Nachkommastelle und verwenden Sie einen Dezimalpunkt.)&lt;/em&gt;&#xd;
&lt;p&gt;&lt;a href=&quot;https://webrtaschenrechner.netlify.app/&quot; onclick=&quot;window.open(&apos;https://webrtaschenrechner.netlify.app/&apos;,&apos;R Console&apos;,&apos;top=320, left=1525, width=400,height=600,menubar=no,toolbar=no,&apos;); return false;&quot; target=&quot;_blank&quot;&gt;&lt;img alt=&quot;R_ Logo&quot; pull-right=&quot;&quot; src=&quot;/econometrics/resource?resource=157444&quot; style=&quot;width: 40px; height: 50px; float: right; margin: 5px&quot; /&gt;&lt;/a&gt;&lt;/p&gt;&#xd;
</taskDescription>
      <skipMessage>Es gilt: $k = [var=c]/[var=SG]$ $\Rightarrow$ $P([var=GUr] ~\le X ~\le ~ [var=GOr]) = 1 - \dfrac{1}{[var=k,latex]^2} = [var=Ergebnis]$.</skipMessage>
      <defaultTransition id="9">
        <conditionExpression id="10">
          <domain>MATH</domain>
        </conditionExpression>
        <stageExpression id="11">
          <domain>MATH</domain>
        </stageExpression>
        <isRepeat>true</isRepeat>
      </defaultTransition>
      <skipTransitions id="12">
        <StageTransition id="13">
          <conditionExpression id="14">
            <code></code>
            <domain>MATH</domain>
          </conditionExpression>
          <stageExpression id="15">
            <domain>MATH</domain>
          </stageExpression>
          <isRepeat>false</isRepeat>
        </StageTransition>
      </skipTransitions>
      <stageTransitions id="16">
        <StageTransition id="17">
          <conditionExpression id="18">
            <code></code>
            <domain>MATH</domain>
          </conditionExpression>
          <stageExpression id="19">
            <code>[meta=stageCurrentResult]&gt;=100</code>
            <domain>MATH</domain>
          </stageExpression>
          <isRepeat>false</isRepeat>
        </StageTransition>
      </stageTransitions>
      <hints id="20">
        <StageHint id="21">
          <stagehint__order>0</stagehint__order>
          <text>Ist die Verteilung der Zufallsvariablen: &amp;quot;Gewicht einer Schale Erdbeeren&amp;quot; bekannt? Dann k&amp;ouml;nnen Sie die gesuchte Wahrscheinlichkeit einfach &amp;uuml;ber die Verteilung berechnen. Ist die Verteilung nicht bekannt, k&amp;ouml;nnen Sie die Wahrscheinlichkeit anhand einer Ungleichung absch&amp;auml;tzen.&lt;br /&gt;
&lt;br /&gt;
(Es ist ein weiterer Hinweis vorhanden.)</text>
          <malus>0</malus>
          <stage class="FillInStage" reference="8"/>
        </StageHint>
        <StageHint id="22">
          <stagehint__order>1</stagehint__order>
          <text>Benutzen Sie die Tschebyscheff&amp;#39;sche Ungleichung.&lt;br /&gt;
&lt;br /&gt;
(Es ist ein weiterer Hinweis vorhanden.)</text>
          <malus>0</malus>
          <stage class="FillInStage" reference="8"/>
        </StageHint>
        <StageHint id="23">
          <stagehint__order>2</stagehint__order>
          <text>$P([var=GUr] ~\le X ~\le ~ [var=GOr]) = P(|X-\mu| \le [var=c]) &amp;gt; 1 - \frac{1}{k^2} $, dabei muss die Konstante $k$ noch bestimmt werden.&lt;br /&gt;
&lt;br /&gt;
(Es ist ein weiterer Hinweis vorhanden)</text>
          <malus>0</malus>
          <stage class="FillInStage" reference="8"/>
        </StageHint>
        <StageHint id="24">
          <stagehint__order>3</stagehint__order>
          <text>Es gilt $c = k*\sigma $, hier ist $c=[var=c]$ und $\sigma = [var=SG]$.&lt;br /&gt;
&lt;br /&gt;
(Es ist ein weiterer Hinweis vorhanden)</text>
          <malus>0</malus>
          <stage class="FillInStage" reference="8"/>
        </StageHint>
        <StageHint id="25">
          <stagehint__order>4</stagehint__order>
          <text>$c = k*\sigma $, somit ergibt sich $k = \frac{c}{\sigma}.$&lt;br /&gt;
Nun m&amp;uuml;ssen lediglich die entsprechenden Werte eingesetzt werden.</text>
          <malus>0</malus>
          <stage class="FillInStage" reference="8"/>
        </StageHint>
      </hints>
      <variableUpdatesOnEnter id="26"/>
      <variableUpdatesBeforeCheck id="27"/>
      <variableUpdatesAfterCheck id="28"/>
      <variableUpdatesOnNormalExit id="29"/>
      <variableUpdatesOnRepeat id="30"/>
      <variableUpdatesOnSkip id="31"/>
      <weight>1</weight>
      <orderIndex>0</orderIndex>
      <allowSkip>true</allowSkip>
      <resources id="32"/>
      <rules id="33"/>
      <fillInFields id="34">
        <FillInField id="35">
          <name>field1</name>
          <orderIndex>0</orderIndex>
          <size>6</size>
          <formularEditorType>NUMBER</formularEditorType>
        </FillInField>
      </fillInFields>
      <dropDownFields id="36"/>
      <formularEditorPalette>MATHDOX_FORMULAR_EDITOR_BASIC</formularEditorPalette>
      <defaultFeedback>Leider nicht korrekt.&lt;br /&gt;
&lt;br /&gt;
Es gilt: $k = [var=c]/[var=SG]$ $\Rightarrow$ $P([var=GUr] ~\le X ~\le ~ [var=GOr]) = 1 - 1/[var=k]^2 = [var=Ergebnis]$.</defaultFeedback>
      <correctAnswerRules id="37">
        <Rule id="38">
          <name>CorrectAnswer1</name>
          <orderIndex>1</orderIndex>
          <validationExpression id="39">
            <code>!isEmpty([input=field1])&amp;&amp;isRealNumber([input=field1])&amp;&amp;[input=field1]&gt;[var=Ergebnis]-0.0011&amp;&amp;[input=field1]&lt;[var=Ergebnis]+0.0011</code>
            <domain>MATH</domain>
          </validationExpression>
          <points>0</points>
          <terminal>false</terminal>
        </Rule>
      </correctAnswerRules>
      <correctAnswerFeedback>Richtig.</correctAnswerFeedback>
      <defaultResult>0</defaultResult>
    </FillInStage>
  </stages>
  <startStage class="FillInStage" reference="8"/>
  <variableDeclarations id="40">
    <VariableDeclaration id="41">
      <name>Ee</name>
      <initializationCode id="42">
        <code>randomIntegerBetween(1,10)</code>
        <domain>MATH</domain>
      </initializationCode>
    </VariableDeclaration>
    <VariableDeclaration id="43">
      <name>EG</name>
      <initializationCode id="44">
        <code>([var=Ee])*100</code>
        <domain>MATH</domain>
      </initializationCode>
    </VariableDeclaration>
    <VariableDeclaration id="45">
      <name>SG</name>
      <initializationCode id="46">
        <code>randomIntegerBetween(5,50)</code>
        <domain>MATH</domain>
      </initializationCode>
    </VariableDeclaration>
    <VariableDeclaration id="47">
      <name>k1</name>
      <initializationCode id="48">
        <code>randomIntegerBetween(101,200)</code>
        <domain>MATH</domain>
      </initializationCode>
    </VariableDeclaration>
    <VariableDeclaration id="49">
      <name>k</name>
      <initializationCode id="50">
        <code>[var=k1]/100</code>
        <domain>MATH</domain>
      </initializationCode>
    </VariableDeclaration>
    <VariableDeclaration id="51">
      <name>k2</name>
      <initializationCode id="52">
        <code>round(pow([var=k], 2), 18)</code>
        <domain>MATH</domain>
      </initializationCode>
    </VariableDeclaration>
    <VariableDeclaration id="53">
      <name>c1</name>
      <initializationCode id="54">
        <code>[var=k]*[var=SG]</code>
        <domain>MATH</domain>
      </initializationCode>
    </VariableDeclaration>
    <VariableDeclaration id="55">
      <name>c</name>
      <initializationCode id="56">
        <code>round(([var=c1]), 2)</code>
        <domain>MATH</domain>
      </initializationCode>
    </VariableDeclaration>
    <VariableDeclaration id="57">
      <name>Erg</name>
      <initializationCode id="58">
        <code>1-(1/[var=k2])</code>
        <domain>MATH</domain>
      </initializationCode>
    </VariableDeclaration>
    <VariableDeclaration id="59">
      <name>Ergebnis</name>
      <initializationCode id="60">
        <code>round(([var=Erg]), 4)</code>
        <domain>MATH</domain>
      </initializationCode>
    </VariableDeclaration>
    <VariableDeclaration id="61">
      <name>GU</name>
      <initializationCode id="62">
        <code>[var=EG]-[var=c]</code>
        <domain>MATH</domain>
      </initializationCode>
    </VariableDeclaration>
    <VariableDeclaration id="63">
      <name>GUr</name>
      <initializationCode id="64">
        <code>round(([var=GU]), 2)</code>
        <domain>MATH</domain>
      </initializationCode>
    </VariableDeclaration>
    <VariableDeclaration id="65">
      <name>GO</name>
      <initializationCode id="66">
        <code>[var=EG]+[var=c]</code>
        <domain>MATH</domain>
      </initializationCode>
    </VariableDeclaration>
    <VariableDeclaration id="67">
      <name>GOr</name>
      <initializationCode id="68">
        <code>round(([var=GO]), 2)</code>
        <domain>MATH</domain>
      </initializationCode>
    </VariableDeclaration>
  </variableDeclarations>
  <jSXGraphs id="69"/>
  <dynamicMolecules id="70"/>
  <resultFeedbackMappings id="71"/>
</Exercise>