<Exercise id="1">
  <name>IS05-13 Eindimensionale Zufallsvariablen 13</name>
  <publicDescription></publicDescription>
  <internalNotes>Entropie

Die  Materialien sind lizenziert unter CC BY-NC-SA 4.0. Eine Kopie dieser Lizenz finden Sie unter http://creativecommons.org/licenses/by-nc-sa/4.0/

The materials are licensed under CC BY-NC-SA 4.0. You can find a copy of this license at http://creativecommons.org/licenses/by-nc-sa/4.0/</internalNotes>
  <language>de</language>
  <difficulty>0</difficulty>
  <tags id="2">
    <Tag id="3">
      <name>IndStat</name>
    </Tag>
    <Tag id="4">
      <name>TR_neu</name>
    </Tag>
    <Tag id="5">
      <name>TR</name>
    </Tag>
  </tags>
  <resources id="6"/>
  <stages id="7">
    <FillInStage id="8">
      <internalName>1</internalName>
      <externalName>Stage 1</externalName>
      <taskDescription>&lt;strong&gt;Aufgabenstellung:&lt;/strong&gt;&lt;br /&gt;&#xd;
&lt;br /&gt;&#xd;
Die Entropie in der Informationstheorie wurde 1948 durch Claude E. Shannon entwickelt. Bereits zuvor spielte Entropie eine wichtige Rolle in anderen naturwissenschaftlichen Fachgebieten wie zum Beispiel der Thermodynamik. In den meisten Statistikb&amp;uuml;chern fehlt der Begriff Entropie v&amp;ouml;llig oder er wird nur kurz erw&amp;auml;hnt. Dies ist bemerkenswert, denn die Entropie sagt etwas &amp;uuml;ber die &amp;quot;Gesamtzufallsmenge&amp;quot; aus, die in einem oder mehreren Zufallsereignissen steckt. Dabei kann sie als &lt;b&gt;Erwartungswert des Informationsgehalts &lt;/b&gt; intepretiert werden.&lt;br /&gt;&#xd;
&lt;br /&gt;&#xd;
Der Informationsgehalt $I$ eines Ereignisses $x_i$ ist definiert als&lt;br /&gt;&#xd;
&lt;br /&gt;&#xd;
$I(x_i) = - log_2 P(X=x_i) \quad$,&lt;br /&gt;&#xd;
&lt;br /&gt;&#xd;
wobei $P(X=x_i) = p_i$ die Wahrscheinlichkeit des Eintretens von Ereignis $x_i$ ist und $log_2 p_i$ der Bin&amp;auml;rlogarithmus (Logarithmus zur Basis 2) dieser Wahrscheinlichkeit.&lt;br /&gt;&#xd;
&lt;br /&gt;&#xd;
Angenommen Sie werfen einmalig eine faire M&amp;uuml;nze. Berechnen Sie die Entropie dieses Versuchs! (&lt;br /&gt;&#xd;
Entropie wird in der Statistik mit dem griechischen Buchstaben $H$ (Eta) abgek&amp;uuml;rzt.)&lt;br /&gt;&#xd;
&lt;br /&gt;&#xd;
&lt;strong&gt;Einreichung:&lt;/strong&gt;&lt;br /&gt;&#xd;
&lt;br /&gt;&#xd;
$H=$&amp;nbsp;&lt;input name=&quot;field1&quot; size=&quot;6&quot; type=&quot;text&quot; value=&quot;field1&quot; /&gt;&amp;nbsp;&#xd;
&lt;p&gt;&lt;a href=&quot;https://webrtaschenrechner.netlify.app/&quot;onclick=&quot;window.open(&apos;https://webrtaschenrechner.netlify.app/&apos;,&apos;R Console&apos;,&apos;top=320, left=1525, width=400,height=600,menubar=no,toolbar=no,&apos;); return false;&quot; target=&quot;_blank&quot;&gt;&lt;img alt=&quot;R_ Logo&quot; pull-right=&quot;&quot; src=&quot;/econometrics/resource?resource=157444&quot; style=&quot;width: 40px; height: 50px; float: right; margin: 5px&quot; /&gt;&lt;/a&gt;&lt;/p&gt;</taskDescription>
      <skipMessage>Richtig ist [var=sol1].</skipMessage>
      <defaultTransition id="9">
        <conditionExpression id="10">
          <domain>MATH</domain>
        </conditionExpression>
        <stageExpression id="11">
          <domain>MATH</domain>
        </stageExpression>
        <isRepeat>true</isRepeat>
      </defaultTransition>
      <skipTransitions id="12">
        <StageTransition id="13">
          <conditionExpression id="14">
            <code></code>
            <domain>MATH</domain>
          </conditionExpression>
          <stageExpression id="15">
            <domain>MATH</domain>
          </stageExpression>
          <targetStage class="FillInStage" id="16">
            <internalName>2</internalName>
            <externalName>Stage 2</externalName>
            <taskDescription>&lt;strong&gt;Aufgabenstellung:&lt;/strong&gt;&lt;br /&gt;&#xd;
&lt;br /&gt;&#xd;
Gehen Sie nun davon aus, dass es sich nicht um eine faire M&amp;uuml;nze handelt.&lt;br /&gt;&#xd;
Genauer gesagt betr&amp;auml;gt die Wahrscheinlichkeit f&amp;uuml;r das Auftreten von &amp;quot;Kopf&amp;quot; [var=p1].&lt;br /&gt;&#xd;
&lt;br /&gt;&#xd;
Wie hoch ist die Entropie nun?&lt;br /&gt;&#xd;
&lt;br /&gt;&#xd;
&lt;strong&gt;Einreichung:&lt;/strong&gt;&lt;br /&gt;&#xd;
&lt;br /&gt;&#xd;
$H=$&amp;nbsp;&lt;input name=&quot;field1&quot; size=&quot;6&quot; type=&quot;text&quot; value=&quot;field1&quot; /&gt;&amp;nbsp;&#xd;
&lt;p&gt;&lt;a href=&quot;https://webrtaschenrechner.netlify.app/&quot;onclick=&quot;window.open(&apos;https://webrtaschenrechner.netlify.app/&apos;,&apos;R Console&apos;,&apos;top=320, left=1525, width=400,height=600,menubar=no,toolbar=no,&apos;); return false;&quot; target=&quot;_blank&quot;&gt;&lt;img alt=&quot;R_ Logo&quot; pull-right=&quot;&quot; src=&quot;/econometrics/resource?resource=157444&quot; style=&quot;width: 40px; height: 50px; float: right; margin: 5px&quot; /&gt;&lt;/a&gt;&lt;/p&gt;</taskDescription>
            <skipMessage>Richtig ist [var=sol2].</skipMessage>
            <defaultTransition id="17">
              <conditionExpression id="18">
                <domain>MATH</domain>
              </conditionExpression>
              <stageExpression id="19">
                <domain>MATH</domain>
              </stageExpression>
              <isRepeat>true</isRepeat>
            </defaultTransition>
            <skipTransitions id="20">
              <StageTransition id="21">
                <conditionExpression id="22">
                  <code></code>
                  <domain>MATH</domain>
                </conditionExpression>
                <stageExpression id="23">
                  <domain>MATH</domain>
                </stageExpression>
                <targetStage class="FillInStage" id="24">
                  <internalName>3</internalName>
                  <externalName>Stage 3</externalName>
                  <taskDescription>&lt;strong&gt;Aufgabenstellung:&lt;/strong&gt;&lt;br /&gt;&#xd;
&lt;br /&gt;&#xd;
Kommen wir zur&amp;uuml;ck zu einer fairen M&amp;uuml;nze. Nehmen Sie an der Versuch besteht nun aus zwei W&amp;uuml;rfen.&lt;br /&gt;&#xd;
&lt;br /&gt;&#xd;
Wie hoch ist die Entropie nun?&lt;br /&gt;&#xd;
&lt;br /&gt;&#xd;
&lt;strong&gt;Einreichung:&lt;/strong&gt;&lt;br /&gt;&#xd;
&lt;br /&gt;&#xd;
$H=$&amp;nbsp;&lt;input name=&quot;field1&quot; size=&quot;6&quot; type=&quot;text&quot; value=&quot;field1&quot; /&gt;&amp;nbsp;&#xd;
&lt;p&gt;&lt;a href=&quot;https://webrtaschenrechner.netlify.app/&quot;onclick=&quot;window.open(&apos;https://webrtaschenrechner.netlify.app/&apos;,&apos;R Console&apos;,&apos;top=320, left=1525, width=400,height=600,menubar=no,toolbar=no,&apos;); return false;&quot; target=&quot;_blank&quot;&gt;&lt;img alt=&quot;R_ Logo&quot; pull-right=&quot;&quot; src=&quot;/econometrics/resource?resource=157444&quot; style=&quot;width: 40px; height: 50px; float: right; margin: 5px&quot; /&gt;&lt;/a&gt;&lt;/p&gt;</taskDescription>
                  <skipMessage>Richtig ist [var=sol3].</skipMessage>
                  <defaultTransition id="25">
                    <conditionExpression id="26">
                      <domain>MATH</domain>
                    </conditionExpression>
                    <stageExpression id="27">
                      <domain>MATH</domain>
                    </stageExpression>
                    <isRepeat>true</isRepeat>
                  </defaultTransition>
                  <skipTransitions id="28">
                    <StageTransition id="29">
                      <conditionExpression id="30">
                        <code></code>
                        <domain>MATH</domain>
                      </conditionExpression>
                      <stageExpression id="31">
                        <domain>MATH</domain>
                      </stageExpression>
                      <targetStage class="FillInStage" id="32">
                        <internalName>4</internalName>
                        <externalName>Stage 4</externalName>
                        <taskDescription>&lt;strong&gt;Aufgabenstellung:&lt;/strong&gt;&lt;br /&gt;&#xd;
&lt;br /&gt;&#xd;
Werfen wir nun eine unfaire M&amp;uuml;nze zweimal. Die Wahrscheinlichkeit f&amp;uuml;r Kopf betr&amp;auml;gt [var=p2].&lt;br /&gt;&#xd;
&lt;br /&gt;&#xd;
Wie hoch ist die Entropie nun?&lt;br /&gt;&#xd;
&lt;br /&gt;&#xd;
&lt;strong&gt;Einreichung:&lt;/strong&gt;&lt;br /&gt;&#xd;
&lt;br /&gt;&#xd;
$H=$&amp;nbsp;&lt;input name=&quot;field1&quot; size=&quot;6&quot; type=&quot;text&quot; value=&quot;field1&quot; /&gt;&amp;nbsp;&#xd;
&lt;p&gt;&lt;a href=&quot;https://webrtaschenrechner.netlify.app/&quot;onclick=&quot;window.open(&apos;https://webrtaschenrechner.netlify.app/&apos;,&apos;R Console&apos;,&apos;top=320, left=1525, width=400,height=600,menubar=no,toolbar=no,&apos;); return false;&quot; target=&quot;_blank&quot;&gt;&lt;img alt=&quot;R_ Logo&quot; pull-right=&quot;&quot; src=&quot;/econometrics/resource?resource=157444&quot; style=&quot;width: 40px; height: 50px; float: right; margin: 5px&quot; /&gt;&lt;/a&gt;&lt;/p&gt;</taskDescription>
                        <skipMessage>Richtig ist [var=sol4].</skipMessage>
                        <defaultTransition id="33">
                          <conditionExpression id="34">
                            <domain>MATH</domain>
                          </conditionExpression>
                          <stageExpression id="35">
                            <domain>MATH</domain>
                          </stageExpression>
                          <isRepeat>true</isRepeat>
                        </defaultTransition>
                        <skipTransitions id="36">
                          <StageTransition id="37">
                            <conditionExpression id="38">
                              <code></code>
                              <domain>MATH</domain>
                            </conditionExpression>
                            <stageExpression id="39">
                              <domain>MATH</domain>
                            </stageExpression>
                            <isRepeat>false</isRepeat>
                          </StageTransition>
                        </skipTransitions>
                        <stageTransitions id="40">
                          <StageTransition id="41">
                            <conditionExpression id="42">
                              <code></code>
                              <domain>MATH</domain>
                            </conditionExpression>
                            <stageExpression id="43">
                              <code>[meta=stageCurrentResult]&gt;=100</code>
                              <domain>MATH</domain>
                            </stageExpression>
                            <isRepeat>false</isRepeat>
                          </StageTransition>
                        </stageTransitions>
                        <hints id="44">
                          <StageHint id="45">
                            <stagehint__order>0</stagehint__order>
                            <text>Bei der Wiederholung eines Ereignisses, verdoppelt sich der Ereignisraum (siehe Aufgabenteil 3).&lt;br /&gt;
&lt;br /&gt;
(Es ist ein weiterer Hinweis vorhanden)</text>
                            <malus>0</malus>
                            <stage class="FillInStage" reference="32"/>
                          </StageHint>
                          <StageHint id="46">
                            <stagehint__order>1</stagehint__order>
                            <text>Wie lässt sich mit diesem Wissen einfach und schnell die gesuchte Entropie berechnen?</text>
                            <malus>0</malus>
                            <stage class="FillInStage" reference="32"/>
                          </StageHint>
                        </hints>
                        <variableUpdatesOnEnter id="47"/>
                        <variableUpdatesBeforeCheck id="48"/>
                        <variableUpdatesAfterCheck id="49"/>
                        <variableUpdatesOnNormalExit id="50"/>
                        <variableUpdatesOnRepeat id="51"/>
                        <variableUpdatesOnSkip id="52"/>
                        <weight>1</weight>
                        <orderIndex>3</orderIndex>
                        <allowSkip>true</allowSkip>
                        <resources id="53"/>
                        <rules id="54"/>
                        <fillInFields id="55">
                          <FillInField id="56">
                            <name>field1</name>
                            <orderIndex>0</orderIndex>
                            <size>6</size>
                            <formularEditorType>NUMBER</formularEditorType>
                          </FillInField>
                        </fillInFields>
                        <dropDownFields id="57"/>
                        <formularEditorPalette>MATHDOX_FORMULAR_EDITOR_BASIC</formularEditorPalette>
                        <defaultFeedback>Leider nicht korrekt.&lt;br /&gt;
&lt;br /&gt;
Richtig ist [var=sol4].</defaultFeedback>
                        <correctAnswerRules id="58">
                          <Rule id="59">
                            <name>CorrectAnswer1</name>
                            <orderIndex>1</orderIndex>
                            <validationExpression id="60">
                              <code>!isEmpty([input=field1])&amp;&amp;isRealNumber([input=field1])&amp;&amp;[input=field1]&gt;[var=sol4]-0.0011&amp;&amp;[input=field1]&lt;[var=sol4]+0.0011</code>
                              <domain>MATH</domain>
                            </validationExpression>
                            <points>0</points>
                            <terminal>false</terminal>
                          </Rule>
                        </correctAnswerRules>
                        <correctAnswerFeedback> Richtig! </correctAnswerFeedback>
                        <defaultResult>0</defaultResult>
                      </targetStage>
                      <isRepeat>false</isRepeat>
                    </StageTransition>
                  </skipTransitions>
                  <stageTransitions id="61">
                    <StageTransition id="62">
                      <conditionExpression id="63">
                        <code></code>
                        <domain>MATH</domain>
                      </conditionExpression>
                      <stageExpression id="64">
                        <code>[meta=stageCurrentResult]&gt;=100</code>
                        <domain>MATH</domain>
                      </stageExpression>
                      <targetStage class="FillInStage" reference="32"/>
                      <isRepeat>false</isRepeat>
                    </StageTransition>
                  </stageTransitions>
                  <hints id="65">
                    <StageHint id="66">
                      <stagehint__order>0</stagehint__order>
                      <text>Welche Ausg&amp;auml;nge sind nun m&amp;ouml;glich? Und mit welchen Wahrscheinlichkeiten treten sie ein?&lt;br /&gt;
&lt;br /&gt;
(Es ist ein weiterer Hinweis verf&amp;uuml;gbar)</text>
                      <malus>0</malus>
                      <stage class="FillInStage" reference="24"/>
                    </StageHint>
                    <StageHint id="67">
                      <stagehint__order>1</stagehint__order>
                      <text>Der Ereignisraum besteht aus $\{KK,KZ,ZK,ZZ\}$</text>
                      <malus>0</malus>
                      <stage class="FillInStage" reference="24"/>
                    </StageHint>
                  </hints>
                  <variableUpdatesOnEnter id="68"/>
                  <variableUpdatesBeforeCheck id="69"/>
                  <variableUpdatesAfterCheck id="70"/>
                  <variableUpdatesOnNormalExit id="71"/>
                  <variableUpdatesOnRepeat id="72"/>
                  <variableUpdatesOnSkip id="73"/>
                  <weight>1</weight>
                  <orderIndex>2</orderIndex>
                  <allowSkip>true</allowSkip>
                  <resources id="74"/>
                  <rules id="75"/>
                  <fillInFields id="76">
                    <FillInField id="77">
                      <name>field1</name>
                      <orderIndex>0</orderIndex>
                      <size>6</size>
                      <formularEditorType>NUMBER</formularEditorType>
                    </FillInField>
                  </fillInFields>
                  <dropDownFields id="78"/>
                  <formularEditorPalette>MATHDOX_FORMULAR_EDITOR_BASIC</formularEditorPalette>
                  <defaultFeedback>Leider nicht korrekt.&lt;br /&gt;
&lt;br /&gt;
Richtig ist [var=sol3].</defaultFeedback>
                  <correctAnswerRules id="79">
                    <Rule id="80">
                      <name>CorrectAnswer1</name>
                      <orderIndex>1</orderIndex>
                      <validationExpression id="81">
                        <code>!isEmpty([input=field1])&amp;&amp;isRealNumber([input=field1])&amp;&amp;[input=field1]&gt;[var=sol3]-0.0011&amp;&amp;[input=field1]&lt;[var=sol3]+0.0011</code>
                        <domain>MATH</domain>
                      </validationExpression>
                      <points>0</points>
                      <terminal>false</terminal>
                    </Rule>
                  </correctAnswerRules>
                  <correctAnswerFeedback> Richtig! </correctAnswerFeedback>
                  <defaultResult>0</defaultResult>
                </targetStage>
                <isRepeat>false</isRepeat>
              </StageTransition>
            </skipTransitions>
            <stageTransitions id="82">
              <StageTransition id="83">
                <conditionExpression id="84">
                  <code></code>
                  <domain>MATH</domain>
                </conditionExpression>
                <stageExpression id="85">
                  <code>[meta=stageCurrentResult]&gt;=100</code>
                  <domain>MATH</domain>
                </stageExpression>
                <targetStage class="FillInStage" reference="24"/>
                <isRepeat>false</isRepeat>
              </StageTransition>
            </stageTransitions>
            <hints id="86">
              <StageHint id="87">
                <stagehint__order>0</stagehint__order>
                <text>Der Unterschied zu Aufgabenteil 1 besteht lediglich darin, dass die Wahrscheinlichkeiten jetzt nichtmehr gleich sind, wodurch es die Unsicherheit bez&amp;uuml;glich des Ergebnisses sinkt.&lt;br /&gt;
&lt;br /&gt;
(Es ist ein weiterer Hinweis vorhanden)</text>
                <malus>0</malus>
                <stage class="FillInStage" reference="16"/>
              </StageHint>
              <StageHint id="88">
                <stagehint__order>1</stagehint__order>
                <text>Verwenden Sie die Formel aus Aufgabenteil 1!</text>
                <malus>0</malus>
                <stage class="FillInStage" reference="16"/>
              </StageHint>
            </hints>
            <variableUpdatesOnEnter id="89"/>
            <variableUpdatesBeforeCheck id="90"/>
            <variableUpdatesAfterCheck id="91"/>
            <variableUpdatesOnNormalExit id="92"/>
            <variableUpdatesOnRepeat id="93"/>
            <variableUpdatesOnSkip id="94"/>
            <weight>1</weight>
            <orderIndex>1</orderIndex>
            <allowSkip>true</allowSkip>
            <resources id="95"/>
            <rules id="96"/>
            <fillInFields id="97">
              <FillInField id="98">
                <name>field1</name>
                <orderIndex>0</orderIndex>
                <size>6</size>
                <formularEditorType>NUMBER</formularEditorType>
              </FillInField>
            </fillInFields>
            <dropDownFields id="99"/>
            <formularEditorPalette>MATHDOX_FORMULAR_EDITOR_BASIC</formularEditorPalette>
            <defaultFeedback>Leider nicht korrekt.&lt;br /&gt;
&lt;br /&gt;
Richtig ist [var=sol2].</defaultFeedback>
            <correctAnswerRules id="100">
              <Rule id="101">
                <name>CorrectAnswer1</name>
                <orderIndex>1</orderIndex>
                <validationExpression id="102">
                  <code>!isEmpty([input=field1])&amp;&amp;isRealNumber([input=field1])&amp;&amp;[input=field1]&gt;[var=sol2]-0.0011&amp;&amp;[input=field1]&lt;[var=sol2]+0.0011</code>
                  <domain>MATH</domain>
                </validationExpression>
                <points>0</points>
                <terminal>false</terminal>
              </Rule>
            </correctAnswerRules>
            <correctAnswerFeedback> Richtig! </correctAnswerFeedback>
            <defaultResult>0</defaultResult>
          </targetStage>
          <isRepeat>false</isRepeat>
        </StageTransition>
      </skipTransitions>
      <stageTransitions id="103">
        <StageTransition id="104">
          <conditionExpression id="105">
            <code></code>
            <domain>MATH</domain>
          </conditionExpression>
          <stageExpression id="106">
            <code>[meta=stageCurrentResult]&gt;=100</code>
            <domain>MATH</domain>
          </stageExpression>
          <targetStage class="FillInStage" reference="16"/>
          <isRepeat>false</isRepeat>
        </StageTransition>
      </stageTransitions>
      <hints id="107">
        <StageHint id="108">
          <stagehint__order>0</stagehint__order>
          <text>Machen Sie sich zuerst einmal klar, was hier gegeben und was gesucht ist! Gegeben ist die Formel f&amp;uuml;r den Informationsgehalt eines Ereignis. Ebenfalls gegeben sind die notwendigen Wahrscheinlichkeiten. Gesucht ist nun der Erwartungswert des Informationsgehaltes. Bei einem M&amp;uuml;nzwurf k&amp;ouml;nnte dieser als Ma&amp;szlig; f&amp;uuml;r Unsicherheit aufgefasst werden, also wie unsicher man bez&amp;uuml;glich des Eintretens eines der beiden m&amp;ouml;glichen Ereignisse ist. Dieser Wert wird bei einer fairen M&amp;uuml;nze maximal.&lt;br /&gt;
&lt;br /&gt;
(Es ist ein weiterer Hinweis vorhanden)</text>
          <malus>0</malus>
          <stage class="FillInStage" reference="8"/>
        </StageHint>
        <StageHint id="109">
          <stagehint__order>1</stagehint__order>
          <text>Versuchen Sie die allgemeine Formel f&amp;uuml;r die Berechnung eines Erwartungswertes $E(X)=\sum P(X=x_i)\cdot x_i$ auf die Aufgabenstellung anzuwenden, um die Entropie zu berechnen!&lt;br /&gt;
&lt;br /&gt;
(Es ist ein weiterer Hinweis vorhanden)</text>
          <malus>0</malus>
          <stage class="FillInStage" reference="8"/>
        </StageHint>
        <StageHint id="110">
          <stagehint__order>2</stagehint__order>
          <text>Jedes Ereignis $I(x_i)$ hat die Formel $-log_2 p_i$.&lt;br /&gt;
Setzen Sie die jeweiligen Ereignisse und die Wahrscheinlichkeiten in die allgemeine Formel ein, um die Entropie zu berechnen!</text>
          <malus>0</malus>
          <stage class="FillInStage" reference="8"/>
        </StageHint>
      </hints>
      <variableUpdatesOnEnter id="111"/>
      <variableUpdatesBeforeCheck id="112"/>
      <variableUpdatesAfterCheck id="113"/>
      <variableUpdatesOnNormalExit id="114"/>
      <variableUpdatesOnRepeat id="115"/>
      <variableUpdatesOnSkip id="116"/>
      <weight>1</weight>
      <orderIndex>0</orderIndex>
      <allowSkip>true</allowSkip>
      <resources id="117"/>
      <rules id="118"/>
      <fillInFields id="119">
        <FillInField id="120">
          <name>field1</name>
          <orderIndex>0</orderIndex>
          <size>6</size>
          <formularEditorType>NUMBER</formularEditorType>
        </FillInField>
      </fillInFields>
      <dropDownFields id="121"/>
      <formularEditorPalette>MATHDOX_FORMULAR_EDITOR_BASIC</formularEditorPalette>
      <defaultFeedback>Leider nicht korrekt.&lt;br /&gt;
&lt;br /&gt;
Richtig ist [var=sol1].</defaultFeedback>
      <correctAnswerRules id="122">
        <Rule id="123">
          <name>CorrectAnswer1</name>
          <orderIndex>1</orderIndex>
          <validationExpression id="124">
            <code>!isEmpty([input=field1])&amp;&amp;isRealNumber([input=field1])&amp;&amp;[input=field1]&gt;0.9989&amp;&amp;[input=field1]&lt;1.0011</code>
            <domain>MATH</domain>
          </validationExpression>
          <points>0</points>
          <terminal>false</terminal>
        </Rule>
      </correctAnswerRules>
      <correctAnswerFeedback> Richtig! </correctAnswerFeedback>
      <defaultResult>0</defaultResult>
    </FillInStage>
    <FillInStage reference="16"/>
    <FillInStage reference="24"/>
    <FillInStage reference="32"/>
  </stages>
  <startStage class="FillInStage" reference="8"/>
  <variableDeclarations id="125">
    <VariableDeclaration id="126">
      <name>sol1</name>
      <initializationCode id="127">
        <code>1</code>
        <domain>MATH</domain>
      </initializationCode>
    </VariableDeclaration>
    <VariableDeclaration id="128">
      <name>a</name>
      <initializationCode id="129">
        <code>randomIntegerBetween(0,3)</code>
        <domain>MATH</domain>
      </initializationCode>
    </VariableDeclaration>
    <VariableDeclaration id="130">
      <name>b</name>
      <initializationCode id="131">
        <code>randomIntegerBetween(0,3)</code>
        <domain>MATH</domain>
      </initializationCode>
    </VariableDeclaration>
    <VariableDeclaration id="132">
      <name>p1</name>
      <initializationCode id="133">
        <code>getFromList([var=a], list(0.1,0.2,0.3,0.4))</code>
        <domain>MATH</domain>
      </initializationCode>
    </VariableDeclaration>
    <VariableDeclaration id="134">
      <name>q1</name>
      <initializationCode id="135">
        <code>1-[var=p1]</code>
        <domain>MATH</domain>
      </initializationCode>
    </VariableDeclaration>
    <VariableDeclaration id="136">
      <name>p2</name>
      <initializationCode id="137">
        <code>getFromList([var=b], list(0.1,0.2,0.3,0.4))</code>
        <domain>MATH</domain>
      </initializationCode>
    </VariableDeclaration>
    <VariableDeclaration id="138">
      <name>q2</name>
      <initializationCode id="139">
        <code>1-[var=p2]</code>
        <domain>MATH</domain>
      </initializationCode>
    </VariableDeclaration>
    <VariableDeclaration id="140">
      <name>f1</name>
      <initializationCode id="141">
        <code>[var=p2]*[var=p2]</code>
        <domain>MATH</domain>
      </initializationCode>
    </VariableDeclaration>
    <VariableDeclaration id="142">
      <name>f2</name>
      <initializationCode id="143">
        <code>[var=p2]*[var=q2]</code>
        <domain>MATH</domain>
      </initializationCode>
    </VariableDeclaration>
    <VariableDeclaration id="144">
      <name>f3</name>
      <initializationCode id="145">
        <code>[var=p2]*[var=q2]</code>
        <domain>MATH</domain>
      </initializationCode>
    </VariableDeclaration>
    <VariableDeclaration id="146">
      <name>f4</name>
      <initializationCode id="147">
        <code>[var=q2]*[var=q2]</code>
        <domain>MATH</domain>
      </initializationCode>
    </VariableDeclaration>
    <VariableDeclaration id="148">
      <name>sol2</name>
      <initializationCode id="149">
        <code>evaluateInR(&apos;-round(([var=p1]*log2([var=p1])+[var=q1]*log2([var=q1])), 4)&apos;)</code>
        <domain>MATH</domain>
      </initializationCode>
    </VariableDeclaration>
    <VariableDeclaration id="150">
      <name>sol3</name>
      <initializationCode id="151">
        <code>2</code>
        <domain>MATH</domain>
      </initializationCode>
    </VariableDeclaration>
    <VariableDeclaration id="152">
      <name>sol4</name>
      <initializationCode id="153">
        <code>evaluateInR(&apos;-round(([var=f1]*log2([var=f1])+[var=f2]*log2([var=f2])+[var=f3]*log2([var=f3])+[var=f4]*log2([var=f4])), 4)&apos;)</code>
        <domain>MATH</domain>
      </initializationCode>
    </VariableDeclaration>
  </variableDeclarations>
  <jSXGraphs id="154"/>
  <dynamicMolecules id="155"/>
  <resultFeedbackMappings id="156"/>
</Exercise>