<Exercise id="1">
  <name>IS05-06 Eindimensionale Zufallsvariablen 6</name>
  <publicDescription></publicDescription>
  <internalNotes>Investor mit Anlagestrategien:
1.Stage: Varianz für jede Strategie berechnen
2.Stage: Erwartungswert berechnen

Die  Materialien sind lizenziert unter CC BY-NC-SA 4.0. Eine Kopie dieser Lizenz finden Sie unter http://creativecommons.org/licenses/by-nc-sa/4.0/

The materials are licensed under CC BY-NC-SA 4.0. You can find a copy of this license at http://creativecommons.org/licenses/by-nc-sa/4.0/</internalNotes>
  <language>de</language>
  <difficulty>4</difficulty>
  <tags id="2">
    <Tag id="3">
      <name>IndStat</name>
    </Tag>
    <Tag id="4">
      <name>TR_neu</name>
    </Tag>
    <Tag id="5">
      <name>TR</name>
    </Tag>
  </tags>
  <resources id="6"/>
  <stages id="7">
    <FillInStage id="8">
      <internalName>1</internalName>
      <externalName>Stage 1</externalName>
      <taskDescription>&lt;strong&gt;Aufgabenstellung:&lt;/strong&gt;&lt;br /&gt;&#xd;
&lt;br /&gt;&#xd;
Einem Investor stehen f&amp;uuml;r ein Investitionsprojekt in H&amp;ouml;he von $1000$ EUR drei Alternativen zur Verf&amp;uuml;gung:&lt;br /&gt;&#xd;
&lt;br /&gt;&#xd;
A1: Gewinn von $10000$ Euro mit einer Wahrscheinlichkeit von $[var=AWsk1]$ und ein Verlust von $1000$ Euro mit einer Wahrscheinlichkeit von $[var=AWsk2]$.&lt;br /&gt;&#xd;
&lt;br /&gt;&#xd;
A2: Gewinn von $1000$ Euro mit einer Wahrscheinlichkeit von $[var=BWsk1]$, ein Gewinn von $500$ Euro mit einer Wahrscheinlichkeit von $[var=BWsk2]$ und ein Verlust von $500$ Euro mit einer Wahrscheinlichkeit von $[var=BWsk3]$.&lt;br /&gt;&#xd;
&lt;br /&gt;&#xd;
A3: Ein sicherer Gewinn von $400$ Euro.&lt;br /&gt;&#xd;
&lt;br /&gt;&#xd;
Zur Bewertung des Risikos verwendet der Investor die Varianz bei jeder Alternative. Berechnen Sie diese f&amp;uuml;r alle Alternativen!&lt;br /&gt;&#xd;
&lt;br /&gt;&#xd;
&lt;strong&gt;Einreichung:&lt;/strong&gt;&lt;br /&gt;&#xd;
&lt;br /&gt;&#xd;
$Var(A_1)=$ &amp;nbsp;&lt;input name=&quot;field1&quot; size=&quot;6&quot; type=&quot;text&quot; value=&quot;field1&quot; /&gt;&amp;nbsp;&lt;br /&gt;&#xd;
&lt;br /&gt;&#xd;
$Var(A_2)=$ &amp;nbsp;&lt;input name=&quot;field2&quot; size=&quot;6&quot; type=&quot;text&quot; value=&quot;field2&quot; /&gt;&amp;nbsp;&lt;br /&gt;&#xd;
&lt;br /&gt;&#xd;
$Var(A_3)=$ &amp;nbsp;&lt;input name=&quot;field3&quot; size=&quot;6&quot; type=&quot;text&quot; value=&quot;field3&quot; /&gt;&amp;nbsp;&lt;br /&gt;&#xd;
&lt;br /&gt;&#xd;
&lt;em&gt;(Runden Sie, falls n&amp;ouml;tig, auf die vierte Nachkommastelle und verwenden Sie einen Dezimalpunkt.)&lt;/em&gt;&#xd;
&lt;p&gt;&lt;a href=&quot;https://rdrr.io/snippets/embed/&quot; onclick=&quot;window.open(&apos;https://rdrr.io/snippets/embed/?code=&apos;,&apos;R Console&apos;,&apos; margin-top: 20px; top=200,left=100,width=480,height=640,menubar=no,toolbar=no,&apos;); return false;&quot; target=&quot;_blank&quot;&gt;&lt;img alt=&quot;R_ Logo&quot; pull-right=&quot;&quot; src=&quot;/econometrics/resource?resource=157444&quot; style=&quot;width: 40px; height: 50px; float: right; margin: 5px&quot; /&gt;&lt;/a&gt;&lt;/p&gt;&#xd;
</taskDescription>
      <skipMessage>$Var(A_1)=[var=VarA]$&lt;br /&gt;
$Var(A_2)=[var=VarB]$&lt;br /&gt;
$Var(A_3)=0$</skipMessage>
      <defaultTransition id="9">
        <conditionExpression id="10">
          <domain>MATH</domain>
        </conditionExpression>
        <stageExpression id="11">
          <domain>MATH</domain>
        </stageExpression>
        <isRepeat>true</isRepeat>
      </defaultTransition>
      <skipTransitions id="12">
        <StageTransition id="13">
          <conditionExpression id="14">
            <code></code>
            <domain>MATH</domain>
          </conditionExpression>
          <stageExpression id="15">
            <domain>MATH</domain>
          </stageExpression>
          <targetStage class="FillInStage" id="16">
            <internalName>2</internalName>
            <externalName>Stage 2</externalName>
            <taskDescription>&lt;strong&gt;Aufgabenstellung:&lt;/strong&gt;&lt;br /&gt;&#xd;
&lt;br /&gt;&#xd;
Welche Alternative bringt dem Investor den h&amp;ouml;chsten erwarteten Gewinn? &amp;nbsp;&lt;select name=&quot;field1&quot;&gt;&lt;option value=&quot;0&quot;&gt;field1&lt;/option&gt;&lt;/select&gt;&lt;br /&gt;&#xd;
&lt;br /&gt;&#xd;
Welche Alternative birgt das h&amp;ouml;chste Risiko? &amp;nbsp;&lt;select name=&quot;field2&quot;&gt;&lt;option value=&quot;0&quot;&gt;field2&lt;/option&gt;&lt;/select&gt;&amp;nbsp;</taskDescription>
            <skipMessage>Alternative [var=maxstring] bringt dem Investor den h&amp;ouml;chsten erwarteten Gewinn.&lt;br /&gt;
Alternative [var=maxVstring] birgt das h&amp;ouml;chste Risiko.</skipMessage>
            <defaultTransition id="17">
              <conditionExpression id="18">
                <domain>MATH</domain>
              </conditionExpression>
              <stageExpression id="19">
                <domain>MATH</domain>
              </stageExpression>
              <isRepeat>true</isRepeat>
            </defaultTransition>
            <skipTransitions id="20">
              <StageTransition id="21">
                <conditionExpression id="22">
                  <code></code>
                  <domain>MATH</domain>
                </conditionExpression>
                <stageExpression id="23">
                  <domain>MATH</domain>
                </stageExpression>
                <isRepeat>false</isRepeat>
              </StageTransition>
            </skipTransitions>
            <stageTransitions id="24">
              <StageTransition id="25">
                <conditionExpression id="26">
                  <code></code>
                  <domain>MATH</domain>
                </conditionExpression>
                <stageExpression id="27">
                  <code>[meta=stageCurrentResult]&gt;=100</code>
                  <domain>MATH</domain>
                </stageExpression>
                <isRepeat>false</isRepeat>
              </StageTransition>
            </stageTransitions>
            <hints id="28">
              <StageHint id="29">
                <stagehint__order>0</stagehint__order>
                <text>     Den Erwartungswert und die Varianz der verschiedenen Anlegestrategien haben Sie in Frage 1 bereits berechnet.
 
    </text>
                <malus>0</malus>
                <stage class="FillInStage" reference="16"/>
              </StageHint>
            </hints>
            <variableUpdatesOnEnter id="30"/>
            <variableUpdatesBeforeCheck id="31"/>
            <variableUpdatesAfterCheck id="32"/>
            <variableUpdatesOnNormalExit id="33"/>
            <variableUpdatesOnRepeat id="34"/>
            <variableUpdatesOnSkip id="35"/>
            <weight>1</weight>
            <orderIndex>1</orderIndex>
            <allowSkip>true</allowSkip>
            <resources id="36"/>
            <rules id="37"/>
            <fillInFields id="38"/>
            <dropDownFields id="39">
              <de.uni__due.s3.jack3.entities.stagetypes.fillin.DropDownField id="40">
                <name>field2</name>
                <orderIndex>0</orderIndex>
                <randomize>false</randomize>
                <items id="41">
                  <string>A1</string>
                  <string>A2</string>
                  <string>A3</string>
                </items>
              </de.uni__due.s3.jack3.entities.stagetypes.fillin.DropDownField>
              <de.uni__due.s3.jack3.entities.stagetypes.fillin.DropDownField id="42">
                <name>field1</name>
                <orderIndex>0</orderIndex>
                <randomize>false</randomize>
                <items id="43">
                  <string>A1</string>
                  <string>A2</string>
                  <string>A3</string>
                </items>
              </de.uni__due.s3.jack3.entities.stagetypes.fillin.DropDownField>
            </dropDownFields>
            <formularEditorPalette>MATHDOX_FORMULAR_EDITOR_NO_PALETTE</formularEditorPalette>
            <defaultFeedback>Leider nicht korrekt.&lt;br /&gt;
&lt;br /&gt;
Alternative [var=maxstring] bringt dem Investor den h&amp;ouml;chsten erwarteten Gewinn.&lt;br /&gt;
Alternative [var=maxVstring] birgt das h&amp;ouml;chste Risiko.</defaultFeedback>
            <correctAnswerRules id="44">
              <Rule id="45">
                <name>CorrectAnswer1</name>
                <orderIndex>1</orderIndex>
                <validationExpression id="46">
                  <code>[input=field1]==[var=max]&amp;&amp;[input=field2]==[var=maxV]</code>
                  <domain>MATH</domain>
                </validationExpression>
                <points>0</points>
                <terminal>false</terminal>
              </Rule>
            </correctAnswerRules>
            <correctAnswerFeedback>Richtig.</correctAnswerFeedback>
            <defaultResult>0</defaultResult>
          </targetStage>
          <isRepeat>false</isRepeat>
        </StageTransition>
      </skipTransitions>
      <stageTransitions id="47">
        <StageTransition id="48">
          <conditionExpression id="49">
            <code></code>
            <domain>MATH</domain>
          </conditionExpression>
          <stageExpression id="50">
            <code>[meta=stageCurrentResult]&gt;=100</code>
            <domain>MATH</domain>
          </stageExpression>
          <targetStage class="FillInStage" reference="16"/>
          <isRepeat>false</isRepeat>
        </StageTransition>
      </stageTransitions>
      <hints id="51">
        <StageHint id="52">
          <stagehint__order>0</stagehint__order>
          <text>$Var(X)=E(X^2)-[E(X)]^2$&lt;br /&gt;
&lt;br /&gt;
(Es ist ein weiterer Hinweis vorhanden.)</text>
          <malus>0</malus>
          <stage class="FillInStage" reference="8"/>
        </StageHint>
        <StageHint id="53">
          <stagehint__order>1</stagehint__order>
          <text>Der Erwartungswert einer diskreten ZV berechnet sich &amp;uuml;ber die Summe der m&amp;ouml;glichen Ausg&amp;auml;nge gewichtet mit der Wahrscheinlichkeit.&lt;br /&gt;
&lt;br /&gt;
(Es ist ein weiterer Hinweis vorhanden.)</text>
          <malus>0</malus>
          <stage class="FillInStage" reference="8"/>
        </StageHint>
        <StageHint id="54">
          <stagehint__order>2</stagehint__order>
          <text>Zum Beispiel berechnet sich der Erwartungswert der 1. Anlegestrategie durch:&lt;br /&gt;
$E(X) = [var=$AWsk1]*10000-[var=$AWsk2]*1000$ und&lt;br /&gt;
$E(X^2) = [var=$AWsk1]*10000^2 + [var=$AWsk2] * (-1000)^2$</text>
          <malus>0</malus>
          <stage class="FillInStage" reference="8"/>
        </StageHint>
      </hints>
      <variableUpdatesOnEnter id="55"/>
      <variableUpdatesBeforeCheck id="56"/>
      <variableUpdatesAfterCheck id="57"/>
      <variableUpdatesOnNormalExit id="58"/>
      <variableUpdatesOnRepeat id="59"/>
      <variableUpdatesOnSkip id="60"/>
      <weight>1</weight>
      <orderIndex>0</orderIndex>
      <allowSkip>true</allowSkip>
      <resources id="61"/>
      <rules id="62">
        <Rule id="63">
          <name>Feedback_2</name>
          <orderIndex>2</orderIndex>
          <validationExpression id="64">
            <code>!isEmpty([input=field2])&amp;&amp;isRealNumber([input=field2])&amp;&amp;[input=field2]==[var=VarB]</code>
            <domain>MATH</domain>
          </validationExpression>
          <feedbackText>$Var(A_2)$ korrekt</feedbackText>
          <points>33</points>
          <terminal>false</terminal>
        </Rule>
        <Rule id="65">
          <name>Feedback_1</name>
          <orderIndex>1</orderIndex>
          <validationExpression id="66">
            <code>!isEmpty([input=field1])&amp;&amp;isRealNumber([input=field1])&amp;&amp;[input=field1]==[var=VarA]</code>
            <domain>MATH</domain>
          </validationExpression>
          <feedbackText>$Var(A_1)$ korrekt</feedbackText>
          <points>34</points>
          <terminal>false</terminal>
        </Rule>
        <Rule id="67">
          <name>Feedback_3</name>
          <orderIndex>3</orderIndex>
          <validationExpression id="68">
            <code>!isEmpty([input=field3])&amp;&amp;isRealNumber([input=field3])&amp;&amp;[input=field3]==0</code>
            <domain>MATH</domain>
          </validationExpression>
          <feedbackText>$Var(A_3)$ korrekt</feedbackText>
          <points>33</points>
          <terminal>false</terminal>
        </Rule>
      </rules>
      <fillInFields id="69">
        <FillInField id="70">
          <name>field3</name>
          <orderIndex>2</orderIndex>
          <size>6</size>
          <formularEditorType>NUMBER</formularEditorType>
        </FillInField>
        <FillInField id="71">
          <name>field2</name>
          <orderIndex>1</orderIndex>
          <size>6</size>
          <formularEditorType>NUMBER</formularEditorType>
        </FillInField>
        <FillInField id="72">
          <name>field1</name>
          <orderIndex>0</orderIndex>
          <size>6</size>
          <formularEditorType>NUMBER</formularEditorType>
        </FillInField>
      </fillInFields>
      <dropDownFields id="73"/>
      <formularEditorPalette>MATHDOX_FORMULAR_EDITOR_BASIC</formularEditorPalette>
      <defaultFeedback>Leider nicht korrekt.&lt;br /&gt;
&lt;br /&gt;
$Var(A_1)=[var=VarA]$&lt;br /&gt;
$Var(A_2)=[var=VarB]$&lt;br /&gt;
$Var(A_3)=0$</defaultFeedback>
      <correctAnswerRules id="74">
        <Rule id="75">
          <name>CorrectAnswer1</name>
          <orderIndex>1</orderIndex>
          <validationExpression id="76">
            <code>!isEmpty([input=field1])&amp;&amp;isRealNumber([input=field1])&amp;&amp;!isEmpty([input=field2])&amp;&amp;isRealNumber([input=field2])&amp;&amp;!isEmpty([input=field3])&amp;&amp;isRealNumber([input=field3])&amp;&amp;[input=field1]&gt;[var=VarA]-0.0011&amp;&amp;[input=field1]&lt;[var=VarA]+0.0011&amp;&amp;[input=field2]&gt;[var=VarB]-0.0011&amp;&amp;[input=field2]&lt;[var=VarB]+0.0011&amp;&amp;[input=field3]==0</code>
            <domain>MATH</domain>
          </validationExpression>
          <points>0</points>
          <terminal>false</terminal>
        </Rule>
      </correctAnswerRules>
      <correctAnswerFeedback>Richtig.</correctAnswerFeedback>
      <defaultResult>0</defaultResult>
    </FillInStage>
    <FillInStage reference="16"/>
  </stages>
  <startStage class="FillInStage" reference="8"/>
  <variableDeclarations id="77">
    <VariableDeclaration id="78">
      <name>AWsk1uu</name>
      <initializationCode id="79">
        <code>evaluateInR(&apos;sample(10:25, 1)&apos;)</code>
        <domain>MATH</domain>
      </initializationCode>
    </VariableDeclaration>
    <VariableDeclaration id="80">
      <name>AWsk1u</name>
      <initializationCode id="81">
        <code>([var=AWsk1uu])/100</code>
        <domain>MATH</domain>
      </initializationCode>
    </VariableDeclaration>
    <VariableDeclaration id="82">
      <name>AWsk1</name>
      <initializationCode id="83">
        <code>round(([var=AWsk1u]), 4)</code>
        <domain>MATH</domain>
      </initializationCode>
    </VariableDeclaration>
    <VariableDeclaration id="84">
      <name>AWsk2u</name>
      <initializationCode id="85">
        <code>1-([var=AWsk1])</code>
        <domain>MATH</domain>
      </initializationCode>
    </VariableDeclaration>
    <VariableDeclaration id="86">
      <name>AWsk2</name>
      <initializationCode id="87">
        <code>round(([var=AWsk2u]), 4)</code>
        <domain>MATH</domain>
      </initializationCode>
    </VariableDeclaration>
    <VariableDeclaration id="88">
      <name>BWsk1uu</name>
      <initializationCode id="89">
        <code>evaluateInR(&apos;sample(40:60, 1)&apos;)</code>
        <domain>MATH</domain>
      </initializationCode>
    </VariableDeclaration>
    <VariableDeclaration id="90">
      <name>BWsk1u</name>
      <initializationCode id="91">
        <code>([var=BWsk1uu])/100</code>
        <domain>MATH</domain>
      </initializationCode>
    </VariableDeclaration>
    <VariableDeclaration id="92">
      <name>BWsk1</name>
      <initializationCode id="93">
        <code>round(([var=BWsk1u]), 4)</code>
        <domain>MATH</domain>
      </initializationCode>
    </VariableDeclaration>
    <VariableDeclaration id="94">
      <name>BWsk2uu</name>
      <initializationCode id="95">
        <code>evaluateInR(&apos;sample(20:35, 1)&apos;)</code>
        <domain>MATH</domain>
      </initializationCode>
    </VariableDeclaration>
    <VariableDeclaration id="96">
      <name>BWsk2u</name>
      <initializationCode id="97">
        <code>([var=BWsk2uu])/100</code>
        <domain>MATH</domain>
      </initializationCode>
    </VariableDeclaration>
    <VariableDeclaration id="98">
      <name>BWsk2</name>
      <initializationCode id="99">
        <code>round(([var=BWsk2u]), 4)</code>
        <domain>MATH</domain>
      </initializationCode>
    </VariableDeclaration>
    <VariableDeclaration id="100">
      <name>BWsk3u</name>
      <initializationCode id="101">
        <code>1-([var=BWsk1])-([var=BWsk2])</code>
        <domain>MATH</domain>
      </initializationCode>
    </VariableDeclaration>
    <VariableDeclaration id="102">
      <name>BWsk3</name>
      <initializationCode id="103">
        <code>round(([var=BWsk3u]), 4)</code>
        <domain>MATH</domain>
      </initializationCode>
    </VariableDeclaration>
    <VariableDeclaration id="104">
      <name>EA</name>
      <initializationCode id="105">
        <code>([var=AWsk1])*10000-([var=AWsk2])*1000</code>
        <domain>MATH</domain>
      </initializationCode>
    </VariableDeclaration>
    <VariableDeclaration id="106">
      <name>VarA</name>
      <initializationCode id="107">
        <code>evaluateInR(&apos;(([var=AWsk1])*100000000+([var=AWsk2])*1000000)-([var=EA])^2&apos;)</code>
        <domain>MATH</domain>
      </initializationCode>
    </VariableDeclaration>
    <VariableDeclaration id="108">
      <name>EB</name>
      <initializationCode id="109">
        <code>([var=BWsk1])*1000+([var=BWsk2])*500-([var=BWsk3])*500</code>
        <domain>MATH</domain>
      </initializationCode>
    </VariableDeclaration>
    <VariableDeclaration id="110">
      <name>VarB</name>
      <initializationCode id="111">
        <code>evaluateInR(&apos;(([var=BWsk1])*1000000+([var=BWsk2])*250000+([var=BWsk3])*250000)-([var=EB])^2&apos;)</code>
        <domain>MATH</domain>
      </initializationCode>
    </VariableDeclaration>
    <VariableDeclaration id="112">
      <name>max1</name>
      <initializationCode id="113">
        <code>ifthenelse([var=EA]&gt;[var=EB], 0, 1)</code>
        <domain>MATH</domain>
      </initializationCode>
    </VariableDeclaration>
    <VariableDeclaration id="114">
      <name>max</name>
      <initializationCode id="115">
        <code>ifthenelse([var=EB]&gt;400||[var=EA]&gt;400, [var=max1], 2)</code>
        <domain>MATH</domain>
      </initializationCode>
    </VariableDeclaration>
    <VariableDeclaration id="116">
      <name>maxV</name>
      <initializationCode id="117">
        <code>ifthenelse([var=VarA]&gt;[var=VarB], 0, 1)</code>
        <domain>MATH</domain>
      </initializationCode>
    </VariableDeclaration>
    <VariableDeclaration id="118">
      <name>max1string</name>
      <initializationCode id="119">
        <code>ifthenelse([var=EA]&gt;[var=EB], &quot;A1&quot;, &quot;A2&quot;)</code>
        <domain>MATH</domain>
      </initializationCode>
    </VariableDeclaration>
    <VariableDeclaration id="120">
      <name>maxstring</name>
      <initializationCode id="121">
        <code>ifthenelse([var=EB]&gt;400||[var=EA]&gt;400, [var=max1string], &quot;A3&quot;)</code>
        <domain>MATH</domain>
      </initializationCode>
    </VariableDeclaration>
    <VariableDeclaration id="122">
      <name>maxVstring</name>
      <initializationCode id="123">
        <code>ifthenelse([var=VarA]&gt;[var=VarB], &quot;A1&quot;, &quot;A2&quot;)</code>
        <domain>MATH</domain>
      </initializationCode>
    </VariableDeclaration>
  </variableDeclarations>
  <jSXGraphs id="124"/>
  <dynamicMolecules id="125"/>
  <resultFeedbackMappings id="126"/>
</Exercise>