<Exercise id="1">
  <name>IS05-01 Eindimensionale Zufallsvariablen 1</name>
  <publicDescription></publicDescription>
  <internalNotes>Integrale berechnen

Die  Materialien sind lizenziert unter CC BY-NC-SA 4.0. Eine Kopie dieser Lizenz finden Sie unter http://creativecommons.org/licenses/by-nc-sa/4.0/

The materials are licensed under CC BY-NC-SA 4.0. You can find a copy of this license at http://creativecommons.org/licenses/by-nc-sa/4.0/</internalNotes>
  <language>de</language>
  <difficulty>1</difficulty>
  <tags id="2">
    <Tag id="3">
      <name>IndStat</name>
    </Tag>
  </tags>
  <resources id="4"/>
  <stages id="5">
    <FillInStage id="6">
      <internalName>1</internalName>
      <externalName>Stage 1</externalName>
      <taskDescription>&lt;strong&gt;Aufgabenstellung:&lt;/strong&gt;&lt;br /&gt;&#xd;
&lt;br /&gt;&#xd;
Berechnen Sie: [var=Frage].&lt;br /&gt;&#xd;
&lt;br /&gt;&#xd;
&lt;strong&gt;Einreichung:&lt;/strong&gt;&amp;nbsp; &lt;input name=&quot;field1&quot; size=&quot;6&quot; type=&quot;text&quot; value=&quot;field1&quot; /&gt;&amp;nbsp;&lt;br /&gt;&#xd;
&lt;br /&gt;&#xd;
&lt;em&gt;(Runden Sie,falls n&amp;ouml;tig, auf die zweite Nachkommastelle und verwenden Sie einen Dezimalpunkt)&lt;/em&gt;&#xd;
&lt;p&gt;&lt;a href=&quot;https://rdrr.io/snippets/embed/&quot; onclick=&quot;window.open(&apos;https://rdrr.io/snippets/embed/?code=&apos;,&apos;R Console&apos;,&apos; margin-top: 20px; top=200,left=100,width=480,height=640,menubar=no,toolbar=no,&apos;); return false;&quot; target=&quot;_blank&quot;&gt;&lt;img alt=&quot;R_ Logo&quot; pull-right=&quot;&quot; src=&quot;/econometrics/resource?resource=157444&quot; style=&quot;width: 40px; height: 50px; float: right; margin: 5px&quot; /&gt;&lt;/a&gt;&lt;/p&gt;&#xd;
</taskDescription>
      <skipMessage>[var=Antwort]</skipMessage>
      <defaultTransition id="7">
        <conditionExpression id="8">
          <domain>MATH</domain>
        </conditionExpression>
        <stageExpression id="9">
          <domain>MATH</domain>
        </stageExpression>
        <isRepeat>true</isRepeat>
      </defaultTransition>
      <skipTransitions id="10">
        <StageTransition id="11">
          <conditionExpression id="12">
            <code></code>
            <domain>MATH</domain>
          </conditionExpression>
          <stageExpression id="13">
            <domain>MATH</domain>
          </stageExpression>
          <isRepeat>false</isRepeat>
        </StageTransition>
      </skipTransitions>
      <stageTransitions id="14">
        <StageTransition id="15">
          <conditionExpression id="16">
            <code></code>
            <domain>MATH</domain>
          </conditionExpression>
          <stageExpression id="17">
            <code>[meta=stageCurrentResult]&gt;=100</code>
            <domain>MATH</domain>
          </stageExpression>
          <isRepeat>false</isRepeat>
        </StageTransition>
      </stageTransitions>
      <hints id="18">
        <StageHint id="19">
          <stagehint__order>0</stagehint__order>
          <text>      [var=Hinweis]
    </text>
          <malus>0</malus>
          <stage class="FillInStage" reference="6"/>
        </StageHint>
      </hints>
      <variableUpdatesOnEnter id="20"/>
      <variableUpdatesBeforeCheck id="21"/>
      <variableUpdatesAfterCheck id="22"/>
      <variableUpdatesOnNormalExit id="23"/>
      <variableUpdatesOnRepeat id="24"/>
      <variableUpdatesOnSkip id="25"/>
      <weight>1</weight>
      <orderIndex>0</orderIndex>
      <allowSkip>true</allowSkip>
      <resources id="26"/>
      <rules id="27"/>
      <fillInFields id="28">
        <FillInField id="29">
          <name>field1</name>
          <orderIndex>0</orderIndex>
          <size>6</size>
          <formularEditorType>NUMBER</formularEditorType>
        </FillInField>
      </fillInFields>
      <dropDownFields id="30"/>
      <formularEditorPalette>MATHDOX_FORMULAR_EDITOR_BASIC</formularEditorPalette>
      <defaultFeedback>Leider nicht korrekt.&lt;br /&gt;
&lt;br /&gt;
Antwort:&lt;br /&gt;
[var=Antwort]</defaultFeedback>
      <correctAnswerRules id="31">
        <Rule id="32">
          <name>CorrectAnswer1</name>
          <orderIndex>1</orderIndex>
          <validationExpression id="33">
            <code>!isEmpty([input=field1])&amp;&amp;isRealNumber([input=field1])&amp;&amp;[input=field1]&gt;[var=Antwortnum]-0.011&amp;&amp;[input=field1]&lt;[var=Antwortnum]+0.011</code>
            <domain>MATH</domain>
          </validationExpression>
          <points>0</points>
          <terminal>false</terminal>
        </Rule>
      </correctAnswerRules>
      <correctAnswerFeedback>Richtig.</correctAnswerFeedback>
      <defaultResult>0</defaultResult>
    </FillInStage>
  </stages>
  <startStage class="FillInStage" reference="6"/>
  <variableDeclarations id="34">
    <VariableDeclaration id="35">
      <name>i</name>
      <initializationCode id="36">
        <code>randomIntegerBetween(0,9)</code>
        <domain>MATH</domain>
      </initializationCode>
    </VariableDeclaration>
    <VariableDeclaration id="37">
      <name>Frage</name>
      <initializationCode id="38">
        <code>getFromList([var=i], list(&quot;$\displaystyle \int \limits_{1}^{5}3x^{2} \enspace dx$&quot;, &quot;$\displaystyle \int \limits_{0}^{1}x(x^{2}+6)\enspace dx$&quot;,&quot;$\displaystyle \int \limits^3_1 3\sqrt{x}\enspace dx$&quot;,&quot;$\displaystyle \int \limits_1^{15} x^2 \enspace dx$&quot;,&quot;$\displaystyle \int \limits_{0}^{4}\left(\dfrac{1}{1+x}+2x\right) \enspace dx$&quot;,&quot;$\displaystyle \int \limits_{1}^{2}e^{-2x} \enspace dx$&quot;,&quot;$\displaystyle \int \limits_{2}^{3}(e^{2x}+e^{x}) \enspace dx$&quot;,&quot;$\displaystyle \int \limits_{4}^{7}\frac{e^{x-1}}{e^{x+1}}+x^2 \enspace dx$&quot;,&quot;$\displaystyle \int \limits_{2}^{4}ln(x+3)-e^{x-1} \enspace dx$&quot;,&quot;$\displaystyle \int \limits_{-7}^{5}\frac{1}{x^{3}}+e^{x} \enspace dx$&quot;))</code>
        <domain>MATH</domain>
      </initializationCode>
    </VariableDeclaration>
    <VariableDeclaration id="39">
      <name>Hinweis</name>
      <initializationCode id="40">
        <code>getFromList([var=i],list(&quot;$\displaystyle \int\limits^5_1 3x^2\enspace dx = x^3\bigg|^5_1$&quot;,&quot;$\displaystyle \int\limits_{0}^{1}x(x^{2}+6)\enspace dx=\frac{(x^2+6)^2}{4}\bigg|^1_0$&quot;,&quot;$\displaystyle \int\limits^3_1 3\sqrt{x}\enspace dx = 2x^{\frac{3}{2}}\bigg|^3_1$&quot;,&quot;$\displaystyle \int\limits_1^{15} x^2 \enspace dx = \frac{x^3}{3}\bigg|^{15}_1$&quot;,&quot;$\displaystyle \int\limits_{0}^{4}\left( \dfrac{1}{1+x}+2x\right) \enspace dx= ln(x+1)+x^2 \bigg|^4_0$&quot;,&quot;$\displaystyle \int\limits_{1}^{2}e^{-2x} \enspace dx= \frac{-e^{-(2x)}}{2} \bigg|^2_1$&quot;,&quot;$\displaystyle \int\limits_{2}^{3}(e^{2x}+e^{x}) \enspace dx= \frac{-e^{x}\cdot(e^{x}+2)}{2} \bigg|^3_2$&quot;,&quot;$\displaystyle \int\limits_{4}^{7}\frac{e^{x-1}}{e^{x+1}}+x^2 \enspace dx= \frac{x^3}{3}+e^{-2}\cdot x \bigg|^7_4$&quot;,&quot;$\displaystyle \int\limits_{2}^{4}ln(x+3)-e^{x-1} \enspace dx= (x+3)\cdot ln(x+3)-e^{x-1}-x-3 \bigg|^4_2$&quot;,&quot;$\displaystyle \int\limits_{-7}^{5}\frac{1}{x^{3}}+e^{x} \enspace dx= e^x-\frac{1}{2x^2} \bigg|^5_{-7}$&quot;))</code>
        <domain>MATH</domain>
      </initializationCode>
    </VariableDeclaration>
    <VariableDeclaration id="41">
      <name>Antwort</name>
      <initializationCode id="42">
        <code>getFromList([var=i],list(&quot;$\displaystyle \int\limits^5_1 3x^2\enspace dx = x^3\bigg|^5_1=5^3-1^3=125-1=124$&quot;,&quot;$\displaystyle \int\limits_{0}^{1}x(x^{2}+6)\enspace dx=\frac{(x^2+6)^2}{4}\bigg|^1_0=3.25$&quot;,&quot;$\displaystyle \int\limits^3_1 3\sqrt{x}\enspace dx = 2x^{\frac{3}{2}}\bigg|^3_1=2\cdot 3^{\frac{3}{2}}-2\approx 8.39$&quot;,&quot;$\displaystyle \int\limits_1^{15} x^2 \enspace dx = \frac{x^3}{3}\bigg|^{15}_1=\frac{3374}{3}\approx 1124.67$&quot;,&quot;$\displaystyle \int\limits_{0}^{4}\left( \dfrac{1}{1+x}+2x\right) \enspace dx= ln(x+1)+x^2 \bigg|^4_0=ln(5)+16\approx 17.61$&quot;,&quot;$\displaystyle \int\limits_{1}^{2}e^{-2x} \enspace dx= \frac{-e^{-(2x)}}{2} \bigg|^2_1=\frac{1}{2}(e^{-2}-e^{-4}) \approx 0.06$&quot;,&quot;$\displaystyle \int\limits_{2}^{3}(e^{2x}+e^{x}) \enspace dx= \frac{-e^{x}\cdot(e^{x}+2)}{2} \bigg|^3_2=e^2(\frac{1}{2}e^4-\frac{1}{2}e^2+e-1) \approx 187.11$&quot;,&quot;$\displaystyle \int\limits_{4}^{7}\frac{e^{x-1}}{e^{x+1}}+x^2 \enspace dx= \frac{x^3}{3}+e^{-2}\cdot x \bigg|^7_4=3e^{-2}+93 \approx 93.41$&quot;,&quot;$\displaystyle \int\limits_{2}^{4}ln(x+3)-e^{x-1} \enspace dx= (x+3)\cdot ln(x+3)-e^{x-1}-x-3 \bigg|^4_2=-ln(\frac{3125}{823543})-e^{3}+e-2 \approx -13.79$&quot;,&quot;$\displaystyle \int\limits_{-7}^{5}\frac{1}{x^{3}}+e^{x} \enspace dx= e^x-\frac{1}{2x^2} \bigg|^5_{-7}=e^5-e^{-7}-\frac{12}{1225} \approx 148.40$&quot;))</code>
        <domain>MATH</domain>
      </initializationCode>
    </VariableDeclaration>
    <VariableDeclaration id="43">
      <name>Antwortnum</name>
      <initializationCode id="44">
        <code>getFromList([var=i], list(124,3.25,8.39,1124.67,17.61,0.06,187.11,93.41,-13.79,148.40))</code>
        <domain>MATH</domain>
      </initializationCode>
    </VariableDeclaration>
  </variableDeclarations>
  <jSXGraphs id="45"/>
  <dynamicMolecules id="46"/>
  <resultFeedbackMappings id="47"/>
</Exercise>