<Exercise id="1">
  <name>IS03-11 Bedingte Wahrscheinlichkeiten 11</name>
  <publicDescription></publicDescription>
  <internalNotes>Bedingte Wahrscheinlichkeiten, Satz von Bayes, &quot;False positives&quot;

Die  Materialien sind lizenziert unter CC BY-NC-SA 4.0. Eine Kopie dieser Lizenz finden Sie unter http://creativecommons.org/licenses/by-nc-sa/4.0/

The materials are licensed under CC BY-NC-SA 4.0. You can find a copy of this license at http://creativecommons.org/licenses/by-nc-sa/4.0/</internalNotes>
  <language>de</language>
  <difficulty>0</difficulty>
  <tags id="2">
    <Tag id="3">
      <name>IndStat</name>
    </Tag>
    <Tag id="4">
      <name>TR_neu</name>
    </Tag>
    <Tag id="5">
      <name>TR</name>
    </Tag>
  </tags>
  <resources id="6"/>
  <stages id="7">
    <FillInStage id="8">
      <internalName>1</internalName>
      <externalName>Stage 1</externalName>
      <taskDescription>&lt;strong&gt;Aufgabenstellung:&lt;/strong&gt;&lt;br /&gt;&#xd;
&lt;br /&gt;&#xd;
Die Wahrscheinlichkeit, dass eine Frau an Brustkrebs leidet betrage $[var=Pbc2]$%.&lt;br /&gt;&#xd;
Wenn eine Frau tats&amp;auml;chlich an Brustkrebs leidet, so f&amp;auml;llt eine Mammographie mit Wahrscheinlichkeit $[var=$Pmposbc]$ positiv aus. Das Krebsleiden wird also richtig diagnostiziert.&lt;br /&gt;&#xd;
Leidet Sie hingegen nicht an Brustkrebs, so f&amp;auml;llt eine Mammographie mit Wahrscheinlichkeit $[var=$Pmposnbc]$ trotzdem positiv aus. Die positive Diagnose ist in diesem Fall also falsch.&lt;br /&gt;&#xd;
&lt;br /&gt;&#xd;
Nehmen Sie an, eine Frau erh&amp;auml;lt eine positive Brustkrebsdiagnose (positive Mammographie).&lt;br /&gt;&#xd;
Wie hoch ist die Wahrscheinlichkeit, dass sie auch tats&amp;auml;chlich an Brustkrebs erkrankt ist?&lt;br /&gt;&#xd;
&lt;br /&gt;&#xd;
&lt;strong&gt;Einreichung:&lt;/strong&gt; &lt;input name=&quot;field1&quot; size=&quot;6&quot; type=&quot;text&quot; value=&quot;field1&quot; /&gt;&amp;nbsp;&lt;br /&gt;&#xd;
&lt;br /&gt;&#xd;
&lt;em&gt;(Runden Sie, falls n&amp;ouml;tig, auf die vierte Nachkommastelle und verwenden Sie einen Dezimalpunkt.)&lt;/em&gt;&#xd;
&lt;p&gt;&lt;a href=&quot;https://webrtaschenrechner.netlify.app/&quot; onclick=&quot;window.open(&apos;https://webrtaschenrechner.netlify.app/&apos;,&apos;R Console&apos;,&apos;top=320, left=1525, width=400,height=600,menubar=no,toolbar=no,&apos;); return false;&quot; target=&quot;_blank&quot;&gt;&lt;img alt=&quot;R_ Logo&quot; pull-right=&quot;&quot; src=&quot;/econometrics/resource?resource=157444&quot; style=&quot;width: 40px; height: 50px; float: right; margin: 5px&quot; /&gt;&lt;/a&gt;&lt;/p&gt;&#xd;
</taskDescription>
      <skipMessage>Richtig ist $[var=sol1]$.</skipMessage>
      <defaultTransition id="9">
        <conditionExpression id="10">
          <domain>MATH</domain>
        </conditionExpression>
        <stageExpression id="11">
          <domain>MATH</domain>
        </stageExpression>
        <isRepeat>true</isRepeat>
      </defaultTransition>
      <skipTransitions id="12">
        <StageTransition id="13">
          <conditionExpression id="14">
            <code></code>
            <domain>MATH</domain>
          </conditionExpression>
          <stageExpression id="15">
            <domain>MATH</domain>
          </stageExpression>
          <isRepeat>false</isRepeat>
        </StageTransition>
      </skipTransitions>
      <stageTransitions id="16">
        <StageTransition id="17">
          <conditionExpression id="18">
            <code></code>
            <domain>MATH</domain>
          </conditionExpression>
          <stageExpression id="19">
            <code>[meta=stageCurrentResult]&gt;=100</code>
            <domain>MATH</domain>
          </stageExpression>
          <isRepeat>false</isRepeat>
        </StageTransition>
      </stageTransitions>
      <hints id="20">
        <StageHint id="21">
          <stagehint__order>0</stagehint__order>
          <text>Gesucht ist $\displaystyle P(\text{an BK erkrankt} | \text{Mamm. positiv})$!&lt;br /&gt;
&lt;br /&gt;
(Es ist ein weiterer Hinweis vorhanden.)</text>
          <malus>0</malus>
          <stage class="FillInStage" reference="8"/>
        </StageHint>
        <StageHint id="22">
          <stagehint__order>1</stagehint__order>
          <text>Nutzen Sie den Satz von Bayes: $\displaystyle P(A|B)=\frac{P(B|A)\cdot P(A)}{P(B)}$.</text>
          <malus>0</malus>
          <stage class="FillInStage" reference="8"/>
        </StageHint>
      </hints>
      <variableUpdatesOnEnter id="23"/>
      <variableUpdatesBeforeCheck id="24"/>
      <variableUpdatesAfterCheck id="25"/>
      <variableUpdatesOnNormalExit id="26"/>
      <variableUpdatesOnRepeat id="27"/>
      <variableUpdatesOnSkip id="28"/>
      <weight>1</weight>
      <orderIndex>0</orderIndex>
      <allowSkip>true</allowSkip>
      <resources id="29"/>
      <rules id="30"/>
      <fillInFields id="31">
        <FillInField id="32">
          <name>field1</name>
          <orderIndex>0</orderIndex>
          <size>6</size>
          <formularEditorType>NUMBER</formularEditorType>
        </FillInField>
      </fillInFields>
      <dropDownFields id="33"/>
      <formularEditorPalette>MATHDOX_FORMULAR_EDITOR_BASIC</formularEditorPalette>
      <defaultFeedback>Leider nicht korrekt.&lt;br /&gt;
&lt;br /&gt;
Richtig ist $[var=sol1]$.</defaultFeedback>
      <correctAnswerRules id="34">
        <Rule id="35">
          <name>CorrectAnswer1</name>
          <orderIndex>1</orderIndex>
          <validationExpression id="36">
            <code>!isEmpty([input=field1])&amp;&amp;isRealNumber([input=field1])&amp;&amp;[input=field1]&gt;[var=sol1]-0.0011&amp;&amp;[input=field1]&lt;[var=sol1]+0.0011</code>
            <domain>MATH</domain>
          </validationExpression>
          <points>0</points>
          <terminal>false</terminal>
        </Rule>
      </correctAnswerRules>
      <correctAnswerFeedback>Richtig.</correctAnswerFeedback>
      <defaultResult>0</defaultResult>
    </FillInStage>
  </stages>
  <startStage class="FillInStage" reference="8"/>
  <variableDeclarations id="37">
    <VariableDeclaration id="38">
      <name>Pbc</name>
      <initializationCode id="39">
        <code>evaluateInR(&apos;round(sample(6:10, 1)/10000, 3)&apos;)</code>
        <domain>MATH</domain>
      </initializationCode>
    </VariableDeclaration>
    <VariableDeclaration id="40">
      <name>Pbc2</name>
      <initializationCode id="41">
        <code>evaluateInR(&apos;([var=Pbc])*100&apos;)</code>
        <domain>MATH</domain>
      </initializationCode>
    </VariableDeclaration>
    <VariableDeclaration id="42">
      <name>Pnbc</name>
      <initializationCode id="43">
        <code>evaluateInR(&apos;1-[var=Pbc]&apos;)</code>
        <domain>MATH</domain>
      </initializationCode>
    </VariableDeclaration>
    <VariableDeclaration id="44">
      <name>Pmposbc</name>
      <initializationCode id="45">
        <code>evaluateInR(&apos;round(runif(1, 0.85, 0.95), 2)&apos;)</code>
        <domain>MATH</domain>
      </initializationCode>
    </VariableDeclaration>
    <VariableDeclaration id="46">
      <name>Pmposnbc</name>
      <initializationCode id="47">
        <code>evaluateInR(&apos;round(runif(1, 0.05, 0.08), 2)&apos;)</code>
        <domain>MATH</domain>
      </initializationCode>
    </VariableDeclaration>
    <VariableDeclaration id="48">
      <name>sol1</name>
      <initializationCode id="49">
        <code>evaluateInR(&apos;round(([var=Pmposbc]*[var=Pbc])/([var=Pmposbc]*[var=Pbc]+[var=Pmposnbc]*[var=Pnbc]), 4)&apos;)</code>
        <domain>MATH</domain>
      </initializationCode>
    </VariableDeclaration>
  </variableDeclarations>
  <jSXGraphs id="50"/>
  <dynamicMolecules id="51"/>
  <resultFeedbackMappings id="52"/>
</Exercise>