<Exercise id="1">
  <name>IS03-05 Bedingte Wahrscheinlichkeiten  5</name>
  <publicDescription></publicDescription>
  <internalNotes>32 Spielkarten, bedingte W&apos;keit berechnen

Die  Materialien sind lizenziert unter CC BY-NC-SA 4.0. Eine Kopie dieser Lizenz finden Sie unter http://creativecommons.org/licenses/by-nc-sa/4.0/

The materials are licensed under CC BY-NC-SA 4.0. You can find a copy of this license at http://creativecommons.org/licenses/by-nc-sa/4.0/</internalNotes>
  <language>de</language>
  <difficulty>1</difficulty>
  <tags id="2">
    <Tag id="3">
      <name>IndStat</name>
    </Tag>
    <Tag id="4">
      <name>TR_neu</name>
    </Tag>
    <Tag id="5">
      <name>TR</name>
    </Tag>
  </tags>
  <resources id="6"/>
  <stages id="7">
    <FillInStage id="8">
      <internalName>1</internalName>
      <externalName>Stage 1</externalName>
      <taskDescription>&lt;strong&gt;Aufgabenstellung:&lt;/strong&gt;&lt;br /&gt;&#xd;
&lt;br /&gt;&#xd;
Aus einem Satz von $32$ Spielkarten wird eine Karte gezogen. Folgende Ereignisse k&amp;ouml;nnen eintreten:&lt;br /&gt;&#xd;
&lt;br /&gt;&#xd;
$A = \{\text{die Karte ist schwarz}\}$&lt;br /&gt;&#xd;
&lt;br /&gt;&#xd;
$B = \{\text{die Karte ist rot}\}$&lt;br /&gt;&#xd;
&lt;br /&gt;&#xd;
$C = \{\text{es ist ein Bube, eine Dame oder ein K&amp;ouml;nig}\}$&lt;br /&gt;&#xd;
&lt;br /&gt;&#xd;
$D = \{\text{es ist eine 7, 8, 9 oder eine 10}\}$&lt;br /&gt;&#xd;
&lt;br /&gt;&#xd;
$E = \{\text{es ist ein K&amp;ouml;nig oder ein Ass}\}$&lt;br /&gt;&#xd;
&lt;br /&gt;&#xd;
Ermitteln Sie folgende Wahrscheinlichkeit:&lt;br /&gt;&#xd;
&lt;br /&gt;&#xd;
&lt;br /&gt;&#xd;
&lt;strong&gt;Einreichung:&lt;/strong&gt; $[var=task]=$&amp;nbsp;&lt;input name=&quot;field1&quot; size=&quot;6&quot; type=&quot;text&quot; value=&quot;field1&quot; /&gt;&amp;nbsp;&lt;br /&gt;&#xd;
&lt;br /&gt;&#xd;
&lt;em&gt;(Runden Sie, falls n&amp;ouml;tig, auf die vierte Nachkommastelle und verwenden Sie einen Dezimalpunkt.)&lt;/em&gt;&#xd;
&lt;p&gt;&lt;a href=&quot;https://webrtaschenrechner.netlify.app/&quot;onclick=&quot;window.open(&apos;https://webrtaschenrechner.netlify.app/&apos;,&apos;R Console&apos;,&apos;top=320, left=1525, width=400,height=600,menubar=no,toolbar=no,&apos;); return false;&quot; target=&quot;_blank&quot;&gt;&lt;img alt=&quot;R_ Logo&quot; pull-right=&quot;&quot; src=&quot;/econometrics/resource?resource=157444&quot; style=&quot;width: 40px; height: 50px; float: right; margin: 5px&quot; /&gt;&lt;/a&gt;&lt;/p&gt;</taskDescription>
      <skipMessage>Das richtige Ergebnis ist $[var=sol]$.</skipMessage>
      <defaultTransition id="9">
        <conditionExpression id="10">
          <domain>MATH</domain>
        </conditionExpression>
        <stageExpression id="11">
          <domain>MATH</domain>
        </stageExpression>
        <isRepeat>true</isRepeat>
      </defaultTransition>
      <skipTransitions id="12">
        <StageTransition id="13">
          <conditionExpression id="14">
            <code></code>
            <domain>MATH</domain>
          </conditionExpression>
          <stageExpression id="15">
            <domain>MATH</domain>
          </stageExpression>
          <isRepeat>false</isRepeat>
        </StageTransition>
      </skipTransitions>
      <stageTransitions id="16">
        <StageTransition id="17">
          <conditionExpression id="18">
            <code></code>
            <domain>MATH</domain>
          </conditionExpression>
          <stageExpression id="19">
            <code>[meta=stageCurrentResult]&gt;=100</code>
            <domain>MATH</domain>
          </stageExpression>
          <isRepeat>false</isRepeat>
        </StageTransition>
      </stageTransitions>
      <hints id="20">
        <StageHint id="21">
          <stagehint__order>0</stagehint__order>
          <text>Ein Satz von $32$ Spielkarten enth&amp;auml;lt die Karten 7, 8, 9, 10, Bube, Dame, K&amp;ouml;nig, Ass in den Farben Karo, Herz, Pik, Kreuz. Karo und Herz sind rote Karten, Pik und Kreuz schwarze. Wieviele M&amp;ouml;glichkeiten gibt es, das gesuchte Ereignis zu ziehen?&lt;br /&gt;
&lt;br /&gt;
(Es ist ein weiterer Hinweis vorhanden)</text>
          <malus>0</malus>
          <stage class="FillInStage" reference="8"/>
        </StageHint>
        <StageHint id="22">
          <stagehint__order>1</stagehint__order>
          <text>Es handelt sich um eine bedingte Wahrscheinlichkeit, betrachten Sie in diesem Fall $\textbf{alle}$ 32 Karten als m&amp;ouml;gliche Ereignisse?&lt;br /&gt;
&lt;br /&gt;
(Es ist ein weiterer Hinweis vorhanden)</text>
          <malus>0</malus>
          <stage class="FillInStage" reference="8"/>
        </StageHint>
        <StageHint id="23">
          <stagehint__order>2</stagehint__order>
          <text>Um die gesuchte Wahrscheinlichkeit zu erhalten, m&amp;uuml;ssen Sie alle g&amp;uuml;nstigen M&amp;ouml;glichkeiten f&amp;uuml;r das gesuchte Ereignis durch die Anzahl aller M&amp;ouml;glichkeiten, eine Karte zu ziehen, teilen. Beachten Sie hierbei, dass Sie dabei nur die F&amp;auml;lle betrachten, auf die bedingt wird.</text>
          <malus>0</malus>
          <stage class="FillInStage" reference="8"/>
        </StageHint>
      </hints>
      <variableUpdatesOnEnter id="24"/>
      <variableUpdatesBeforeCheck id="25"/>
      <variableUpdatesAfterCheck id="26"/>
      <variableUpdatesOnNormalExit id="27"/>
      <variableUpdatesOnRepeat id="28"/>
      <variableUpdatesOnSkip id="29"/>
      <weight>1</weight>
      <orderIndex>0</orderIndex>
      <allowSkip>true</allowSkip>
      <resources id="30"/>
      <rules id="31"/>
      <fillInFields id="32">
        <FillInField id="33">
          <name>field1</name>
          <orderIndex>0</orderIndex>
          <size>6</size>
          <formularEditorType>NUMBER</formularEditorType>
        </FillInField>
      </fillInFields>
      <dropDownFields id="34"/>
      <formularEditorPalette>MATHDOX_FORMULAR_EDITOR_BASIC</formularEditorPalette>
      <defaultFeedback>Leider nicht korrekt.&lt;br /&gt;
&lt;br /&gt;
Das richtige Ergebnis ist $[var=sol]$.</defaultFeedback>
      <correctAnswerRules id="35">
        <Rule id="36">
          <name>CorrectAnswer1</name>
          <orderIndex>1</orderIndex>
          <validationExpression id="37">
            <code>!isEmpty([input=field1])&amp;&amp;isRealNumber([input=field1])&amp;&amp;[input=field1]&gt;[var=sol]-0.0011&amp;&amp;[input=field1]&lt;[var=sol]+0.0011</code>
            <domain>MATH</domain>
          </validationExpression>
          <points>0</points>
          <terminal>false</terminal>
        </Rule>
      </correctAnswerRules>
      <correctAnswerFeedback>Richtig!</correctAnswerFeedback>
      <defaultResult>0</defaultResult>
    </FillInStage>
  </stages>
  <startStage class="FillInStage" reference="8"/>
  <variableDeclarations id="38">
    <VariableDeclaration id="39">
      <name>deck</name>
      <initializationCode id="40">
        <code>32</code>
        <domain>MATH</domain>
      </initializationCode>
    </VariableDeclaration>
    <VariableDeclaration id="41">
      <name>a</name>
      <initializationCode id="42">
        <code>randomIntegerBetween(0,3)</code>
        <domain>MATH</domain>
      </initializationCode>
    </VariableDeclaration>
    <VariableDeclaration id="43">
      <name>q1</name>
      <initializationCode id="44">
        <code>&quot;P(A\&gt;|\&gt;C)&quot;</code>
        <domain>MATH</domain>
      </initializationCode>
    </VariableDeclaration>
    <VariableDeclaration id="45">
      <name>q2</name>
      <initializationCode id="46">
        <code>&quot;P(B\&gt;|\&gt;D)&quot;</code>
        <domain>MATH</domain>
      </initializationCode>
    </VariableDeclaration>
    <VariableDeclaration id="47">
      <name>q3</name>
      <initializationCode id="48">
        <code>&quot;P(E\&gt;|\&gt;A)&quot;</code>
        <domain>MATH</domain>
      </initializationCode>
    </VariableDeclaration>
    <VariableDeclaration id="49">
      <name>q4</name>
      <initializationCode id="50">
        <code>&quot;P(D\&gt;|\&gt;B)&quot;</code>
        <domain>MATH</domain>
      </initializationCode>
    </VariableDeclaration>
    <VariableDeclaration id="51">
      <name>sol1</name>
      <initializationCode id="52">
        <code>0.5</code>
        <domain>MATH</domain>
      </initializationCode>
    </VariableDeclaration>
    <VariableDeclaration id="53">
      <name>sol2</name>
      <initializationCode id="54">
        <code>0.5</code>
        <domain>MATH</domain>
      </initializationCode>
    </VariableDeclaration>
    <VariableDeclaration id="55">
      <name>sol3</name>
      <initializationCode id="56">
        <code>0.25</code>
        <domain>MATH</domain>
      </initializationCode>
    </VariableDeclaration>
    <VariableDeclaration id="57">
      <name>sol4</name>
      <initializationCode id="58">
        <code>0.5</code>
        <domain>MATH</domain>
      </initializationCode>
    </VariableDeclaration>
    <VariableDeclaration id="59">
      <name>task</name>
      <initializationCode id="60">
        <code>getFromList([var=a], list([var=q1], [var=q2], [var=q3], [var=q4]))</code>
        <domain>MATH</domain>
      </initializationCode>
    </VariableDeclaration>
    <VariableDeclaration id="61">
      <name>sol</name>
      <initializationCode id="62">
        <code>getFromList([var=a], list([var=sol1], [var=sol2], [var=sol3], [var=sol4]))</code>
        <domain>MATH</domain>
      </initializationCode>
    </VariableDeclaration>
  </variableDeclarations>
  <jSXGraphs id="63"/>
  <dynamicMolecules id="64"/>
  <resultFeedbackMappings id="65"/>
</Exercise>