<Exercise id="1">
  <name>IS03-03 Bedingte Wahrscheinlichkeiten 3</name>
  <publicDescription></publicDescription>
  <internalNotes>Blutgruppenaufgabe
Stage 1: Satz von der totalen Wahrscheinlichkeit
Stage 2: Satz von Bayes

Die  Materialien sind lizenziert unter CC BY-NC-SA 4.0. Eine Kopie dieser Lizenz finden Sie unter http://creativecommons.org/licenses/by-nc-sa/4.0/

The materials are licensed under CC BY-NC-SA 4.0. You can find a copy of this license at http://creativecommons.org/licenses/by-nc-sa/4.0/</internalNotes>
  <language>de</language>
  <difficulty>3</difficulty>
  <tags id="2">
    <Tag id="3">
      <name>IndStat</name>
    </Tag>
    <Tag id="4">
      <name>TR_neu</name>
    </Tag>
    <Tag id="5">
      <name>TR</name>
    </Tag>
  </tags>
  <resources id="6"/>
  <stages id="7">
    <FillInStage id="8">
      <internalName>1</internalName>
      <externalName>Stage 1</externalName>
      <taskDescription>&lt;strong&gt;Aufgabenstellung:&lt;/strong&gt;&lt;br /&gt;&#xd;
&lt;br /&gt;&#xd;
Jeder Mensch besitzt unver&amp;auml;nderliche Blutmerkmale. Dabei unterscheidet man die $4$ unterschiedlichen Blutgruppen $A$, $B$, $AB$, $0$ und den Rhesusfaktor $R+$ bzw. $R-$.&lt;br /&gt;&#xd;
$[var=i1]$% der Menschen haben die Blutgruppe $A$, $[var=j]$% haben $B$, $[var=k]$% besitzen die Blutgruppe $AB$ und $[var=l]$% Blutgruppe $0$. Menschen mit Blutgruppe $A$ und Menschen mit Blutgruppe $0$ haben mit Wahrscheinlichkeit $[var=r_plus_a0]$ den Rhesusfaktor $R+$. Hingegen tritt bei Menschen mit Blutgruppe $B$ Rhesusfaktor $R+$ nur mit Wahrscheinlichkeit $[var=r_plus_b]$ auf und bei Menschen mit Blutgruppe $AB$ sogar nur mit Wahrscheinlichkeit $[var=r_plus_ab]$.&amp;nbsp;&lt;br /&gt;&#xd;
&lt;br /&gt;&#xd;
Berechnen Sie die Wahrscheinlichkeit f&amp;uuml;r das Auftreten des Rhesusfaktors $R+$!&lt;br /&gt;&#xd;
&lt;br /&gt;&#xd;
&lt;strong&gt;Einreichung:&lt;/strong&gt;&lt;br /&gt;&#xd;
&lt;br /&gt;&#xd;
$P(R+)=$ &amp;nbsp;&lt;input name=&quot;field1&quot; size=&quot;6&quot; type=&quot;text&quot; value=&quot;field1&quot; /&gt;&amp;nbsp;&lt;br /&gt;&#xd;
&lt;br /&gt;&#xd;
&lt;em&gt;(Runden Sie, falls n&amp;ouml;tig, auf die vierte Nachkommastelle und verwenden Sie einen Dezimalpunkt.)&lt;/em&gt;&#xd;
&lt;p&gt;&lt;a href=&quot;https://webrtaschenrechner.netlify.app/&quot; onclick=&quot;window.open(&apos;https://webrtaschenrechner.netlify.app/&apos;,&apos;R Console&apos;,&apos;top=320, left=1525, width=400,height=600,menubar=no,toolbar=no,&apos;); return false;&quot; target=&quot;_blank&quot;&gt;&lt;img alt=&quot;R_ Logo&quot; pull-right=&quot;&quot; src=&quot;/econometrics/resource?resource=157444&quot; style=&quot;width: 40px; height: 50px; float: right; margin: 5px&quot; /&gt;&lt;/a&gt;&lt;/p&gt;&#xd;
</taskDescription>
      <skipMessage>Es gilt nach dem Satz der totalen Wahrscheinlichkeit:&lt;br /&gt;
$P(R+) = P(R+|~A)\cdot P(A) + P(R+|~B)\cdot P(B) + P(R+|~AB)\cdot P(AB) + P(R+|~0)\cdot P(0)$&lt;br /&gt;
$\Rightarrow \quad P(R+) = [var=r_plus_a0]\cdot [var=A] + [var=r_plus_b]\cdot [var=B] + [var=r_plus_ab]\cdot [var=AB] + [var=r_plus_a0]\cdot [var=O] = [var=sol1].$</skipMessage>
      <defaultTransition id="9">
        <conditionExpression id="10">
          <domain>MATH</domain>
        </conditionExpression>
        <stageExpression id="11">
          <domain>MATH</domain>
        </stageExpression>
        <isRepeat>true</isRepeat>
      </defaultTransition>
      <skipTransitions id="12">
        <StageTransition id="13">
          <conditionExpression id="14">
            <code></code>
            <domain>MATH</domain>
          </conditionExpression>
          <stageExpression id="15">
            <domain>MATH</domain>
          </stageExpression>
          <targetStage class="FillInStage" id="16">
            <internalName>2</internalName>
            <externalName>Stage 2</externalName>
            <taskDescription>&lt;strong&gt;Aufgabenstellung:&lt;/strong&gt;&lt;br /&gt;&#xd;
&lt;br /&gt;&#xd;
Wie gro&amp;szlig; ist die Wahrscheinlichkeit, das ein Mensch mit Rhesusfaktor $R+$ der Blutgruppe $AB$ angeh&amp;ouml;rt? &amp;nbsp;&lt;br /&gt;&#xd;
&lt;br /&gt;&#xd;
&lt;strong&gt;Einreichung: &lt;/strong&gt;&amp;nbsp;&lt;input name=&quot;field1&quot; size=&quot;6&quot; type=&quot;text&quot; value=&quot;field1&quot; /&gt;&lt;br /&gt;&#xd;
&lt;br /&gt;&#xd;
&lt;em&gt;(Runden Sie, falls n&amp;ouml;tig, auf die vierte Nachkommastelle und verwenden Sie einen Dezimalpunkt.)&lt;/em&gt;&#xd;
&lt;p&gt;&lt;a href=&quot;https://webrtaschenrechner.netlify.app/&quot; onclick=&quot;window.open(&apos;https://webrtaschenrechner.netlify.app/&apos;,&apos;R Console&apos;,&apos;top=320, left=1525, width=400,height=600,menubar=no,toolbar=no,&apos;); return false;&quot; target=&quot;_blank&quot;&gt;&lt;img alt=&quot;R_ Logo&quot; pull-right=&quot;&quot; src=&quot;/econometrics/resource?resource=157444&quot; style=&quot;width: 40px; height: 50px; float: right; margin: 5px&quot; /&gt;&lt;/a&gt;&lt;/p&gt;&#xd;
</taskDescription>
            <skipMessage>$P(AB|~R+) = \frac{P(AB~\cap~ R+)}{P(R+)} = \frac{P(R+|~AB)~ \cdot ~P(AB)}{P(R+)}$ $ = \frac{[var=r_plus_ab] ~\cdot~ [var=AB]}{[var=sol1]} = [var=sol2].$</skipMessage>
            <defaultTransition id="17">
              <conditionExpression id="18">
                <domain>MATH</domain>
              </conditionExpression>
              <stageExpression id="19">
                <domain>MATH</domain>
              </stageExpression>
              <isRepeat>true</isRepeat>
            </defaultTransition>
            <skipTransitions id="20">
              <StageTransition id="21">
                <conditionExpression id="22">
                  <code></code>
                  <domain>MATH</domain>
                </conditionExpression>
                <stageExpression id="23">
                  <domain>MATH</domain>
                </stageExpression>
                <isRepeat>false</isRepeat>
              </StageTransition>
            </skipTransitions>
            <stageTransitions id="24">
              <StageTransition id="25">
                <conditionExpression id="26">
                  <code></code>
                  <domain>MATH</domain>
                </conditionExpression>
                <stageExpression id="27">
                  <code>[meta=stageCurrentResult]&gt;=100</code>
                  <domain>MATH</domain>
                </stageExpression>
                <isRepeat>false</isRepeat>
              </StageTransition>
            </stageTransitions>
            <hints id="28">
              <StageHint id="29">
                <stagehint__order>0</stagehint__order>
                <text>Sie haben die einzelnen Ereignisse mit den zugeh&amp;ouml;rigen Wahrscheinlichkeiten bereits in Frage 1 bestimmt. Welche Wahrscheinlichkeit ist hier gesucht?&lt;br /&gt;
&lt;br /&gt;
(Es ist ein weiterer Hinweis vorhanden.)&lt;br /&gt;
&amp;nbsp;</text>
                <malus>0</malus>
                <stage class="FillInStage" reference="16"/>
              </StageHint>
              <StageHint id="30">
                <stagehint__order>1</stagehint__order>
                <text>Nun geht es um bedingte Wahrscheinlichkeiten! Probieren Sie es mit dem Satz von Bayes!&lt;br /&gt;
&lt;br /&gt;
(Es ist ein weiterer Hinweis vorhanden.)&lt;br /&gt;
&lt;br /&gt;
&amp;nbsp;</text>
                <malus>0</malus>
                <stage class="FillInStage" reference="16"/>
              </StageHint>
              <StageHint id="31">
                <stagehint__order>2</stagehint__order>
                <text>Gesucht ist die Wahrscheinlichkeit, dass jemand Blutgruppe $AB$ hat, wenn bekannt ist, dass er den Rhesusfaktor $R+$ hat. Also ist gesucht $P(AB|~R+).$&lt;br /&gt;
&lt;br /&gt;
(Es ist ein weiterer Hinweis vorhanden.)&lt;br /&gt;
&amp;nbsp;</text>
                <malus>0</malus>
                <stage class="FillInStage" reference="16"/>
              </StageHint>
              <StageHint id="32">
                <stagehint__order>3</stagehint__order>
                <text>Nach der Rechenregel f&amp;uuml;r bedingte Wahrscheinlichkeiten gilt:&lt;br /&gt;
$P(AB|~R+) = \frac{P(AB~\cap~ R+)}{P(R+)}.$ $P(R+)$ haben Sie in Frage 1 bereits berechnet, wie kommen Sie an $P(AB~\cap~ R+)$?&lt;br /&gt;
&lt;br /&gt;
(Es ist ein weiterer Hinweis vorhanden.)&lt;br /&gt;
&amp;nbsp;</text>
                <malus>0</malus>
                <stage class="FillInStage" reference="16"/>
              </StageHint>
              <StageHint id="33">
                <stagehint__order>4</stagehint__order>
                <text>$P(AB~\cap~ R+) = P(R+|~AB) ~\cdot ~P(AB).$&lt;br /&gt;
Diese Wahrscheinlichkeiten sind bekannt, Sie m&amp;uuml;ssen diese nur noch einsetzen.</text>
                <malus>0</malus>
                <stage class="FillInStage" reference="16"/>
              </StageHint>
            </hints>
            <variableUpdatesOnEnter id="34"/>
            <variableUpdatesBeforeCheck id="35"/>
            <variableUpdatesAfterCheck id="36"/>
            <variableUpdatesOnNormalExit id="37"/>
            <variableUpdatesOnRepeat id="38"/>
            <variableUpdatesOnSkip id="39"/>
            <weight>1</weight>
            <orderIndex>1</orderIndex>
            <allowSkip>true</allowSkip>
            <resources id="40"/>
            <rules id="41"/>
            <fillInFields id="42">
              <FillInField id="43">
                <name>field1</name>
                <orderIndex>0</orderIndex>
                <size>6</size>
                <formularEditorType>NUMBER</formularEditorType>
              </FillInField>
            </fillInFields>
            <dropDownFields id="44"/>
            <formularEditorPalette>MATHDOX_FORMULAR_EDITOR_BASIC</formularEditorPalette>
            <defaultFeedback>Leider falsch.&lt;br /&gt;
&lt;br /&gt;
$P(AB|~R+) = \frac{P(AB~\cap~ R+)}{P(R+)} = \frac{P(R+|~AB)~ \cdot ~P(AB)}{P(R+)}$ $ = \frac{[var=r_plus_ab] ~\cdot~ [var=AB]}{[var=sol1]} = [var=sol2].$</defaultFeedback>
            <correctAnswerRules id="45">
              <Rule id="46">
                <name>CorrectAnswer1</name>
                <orderIndex>1</orderIndex>
                <validationExpression id="47">
                  <code>!isEmpty([input=field1])&amp;&amp;isRealNumber([input=field1])&amp;&amp;[input=field1]&gt;[var=sol2]-0.0011&amp;&amp;[input=field1]&lt;[var=sol2]+0.0011</code>
                  <domain>MATH</domain>
                </validationExpression>
                <points>0</points>
                <terminal>false</terminal>
              </Rule>
            </correctAnswerRules>
            <correctAnswerFeedback> Richtig! </correctAnswerFeedback>
            <defaultResult>0</defaultResult>
          </targetStage>
          <isRepeat>false</isRepeat>
        </StageTransition>
      </skipTransitions>
      <stageTransitions id="48">
        <StageTransition id="49">
          <conditionExpression id="50">
            <code></code>
            <domain>MATH</domain>
          </conditionExpression>
          <stageExpression id="51">
            <code>[meta=stageCurrentResult]&gt;=100</code>
            <domain>MATH</domain>
          </stageExpression>
          <targetStage class="FillInStage" reference="16"/>
          <isRepeat>false</isRepeat>
        </StageTransition>
      </stageTransitions>
      <hints id="52">
        <StageHint id="53">
          <stagehint__order>0</stagehint__order>
          <text>Schreiben Sie zun&amp;auml;chst alle Ereignisse auf, die Sie aus dem Text rauslesen k&amp;ouml;nnen und ermitteln Sie die zugeh&amp;ouml;rigen Wahrscheinlichkeiten.&lt;br /&gt;
&lt;br /&gt;
(Es ist ein weiterer Hinweis vorhanden.)&lt;br /&gt;
&amp;nbsp;</text>
          <malus>0</malus>
          <stage class="FillInStage" reference="8"/>
        </StageHint>
        <StageHint id="54">
          <stagehint__order>1</stagehint__order>
          <text>Es ist:&lt;br /&gt;
Blutgruppe $A$: $P(A)=[var=A]$&lt;br /&gt;
Blutgruppe $B$: $P(B)=[var=B]$&lt;br /&gt;
Blutgruppe $AB$: $P(AB)=[var=AB]$&lt;br /&gt;
Blutgruppe $0$: $P(0)=[var=O]$.&lt;br /&gt;
&lt;br /&gt;
Sowie:&lt;br /&gt;
$R+$ bei Blutgruppe $A$: $P(R+|~A)=[var=r_plus_a0]$&lt;br /&gt;
$R+$ bei Blutgruppe $B$: $P(R+|~B)=[var=r_plus_b]$&lt;br /&gt;
$R+$ bei Blutgruppe $AB$: $P(R+|~AB)=[var=r_plus_ab]$&lt;br /&gt;
$R+$ bei Blutgruppe $0$: $P(R+|~0)=[var=r_plus_a0]$.&lt;br /&gt;
&lt;br /&gt;
(Es ist ein weiterer Hinweis vorhanden.)</text>
          <malus>0</malus>
          <stage class="FillInStage" reference="8"/>
        </StageHint>
        <StageHint id="55">
          <stagehint__order>2</stagehint__order>
          <text> Gesucht ist $P(R+)$. Nutzen Sie den Satz der totalen Wahrscheinlichkeit! 
             </text>
          <malus>0</malus>
          <stage class="FillInStage" reference="8"/>
        </StageHint>
      </hints>
      <variableUpdatesOnEnter id="56"/>
      <variableUpdatesBeforeCheck id="57"/>
      <variableUpdatesAfterCheck id="58"/>
      <variableUpdatesOnNormalExit id="59"/>
      <variableUpdatesOnRepeat id="60"/>
      <variableUpdatesOnSkip id="61"/>
      <weight>1</weight>
      <orderIndex>0</orderIndex>
      <allowSkip>true</allowSkip>
      <resources id="62"/>
      <rules id="63"/>
      <fillInFields id="64">
        <FillInField id="65">
          <name>field1</name>
          <orderIndex>0</orderIndex>
          <size>6</size>
          <formularEditorType>NUMBER</formularEditorType>
        </FillInField>
      </fillInFields>
      <dropDownFields id="66"/>
      <formularEditorPalette>MATHDOX_FORMULAR_EDITOR_BASIC</formularEditorPalette>
      <defaultFeedback>Leider nicht korrekt.&lt;br /&gt;
&lt;br /&gt;
Es gilt nach dem Satz der totalen Wahrscheinlichkeit:&lt;br /&gt;
$P(R+) = P(R+|~A)\cdot P(A) + P(R+|~B)\cdot P(B) + P(R+|~AB)\cdot P(AB) + P(R+|~0)\cdot P(0)$&lt;br /&gt;
$\Rightarrow \quad P(R+) = [var=r_plus_a0]\cdot [var=A] + [var=r_plus_b]\cdot [var=B] + [var=r_plus_ab]\cdot [var=AB] + [var=r_plus_a0]\cdot [var=O] = [var=sol1].$</defaultFeedback>
      <correctAnswerRules id="67">
        <Rule id="68">
          <name>CorrectAnswer1</name>
          <orderIndex>1</orderIndex>
          <validationExpression id="69">
            <code>!isEmpty([input=field1])&amp;&amp;isRealNumber([input=field1])&amp;&amp;[input=field1]&gt;[var=sol1]-0.0011&amp;&amp;[input=field1]&lt;[var=sol1]+0.0011</code>
            <domain>MATH</domain>
          </validationExpression>
          <points>0</points>
          <terminal>false</terminal>
        </Rule>
      </correctAnswerRules>
      <correctAnswerFeedback>Richtig.</correctAnswerFeedback>
      <defaultResult>0</defaultResult>
    </FillInStage>
    <FillInStage reference="16"/>
  </stages>
  <startStage class="FillInStage" reference="8"/>
  <variableDeclarations id="70">
    <VariableDeclaration id="71">
      <name>i1</name>
      <initializationCode id="72">
        <code>randomIntegerBetween(40,45)</code>
        <domain>MATH</domain>
      </initializationCode>
    </VariableDeclaration>
    <VariableDeclaration id="73">
      <name>j</name>
      <initializationCode id="74">
        <code>randomIntegerBetween(7,12)</code>
        <domain>MATH</domain>
      </initializationCode>
    </VariableDeclaration>
    <VariableDeclaration id="75">
      <name>k</name>
      <initializationCode id="76">
        <code>randomIntegerBetween(3,5)</code>
        <domain>MATH</domain>
      </initializationCode>
    </VariableDeclaration>
    <VariableDeclaration id="77">
      <name>l</name>
      <initializationCode id="78">
        <code>evaluateInR(&apos;100-[var=i1]-[var=j]-[var=k]&apos;)</code>
        <domain>MATH</domain>
      </initializationCode>
    </VariableDeclaration>
    <VariableDeclaration id="79">
      <name>m</name>
      <initializationCode id="80">
        <code>randomIntegerBetween(83,87)</code>
        <domain>MATH</domain>
      </initializationCode>
    </VariableDeclaration>
    <VariableDeclaration id="81">
      <name>n</name>
      <initializationCode id="82">
        <code>randomIntegerBetween(78,82)</code>
        <domain>MATH</domain>
      </initializationCode>
    </VariableDeclaration>
    <VariableDeclaration id="83">
      <name>o</name>
      <initializationCode id="84">
        <code>randomIntegerBetween(71,77)</code>
        <domain>MATH</domain>
      </initializationCode>
    </VariableDeclaration>
    <VariableDeclaration id="85">
      <name>A</name>
      <initializationCode id="86">
        <code>evaluateInR(&apos;[var=i1]/100&apos;)</code>
        <domain>MATH</domain>
      </initializationCode>
    </VariableDeclaration>
    <VariableDeclaration id="87">
      <name>B</name>
      <initializationCode id="88">
        <code>evaluateInR(&apos;[var=j]/100&apos;)</code>
        <domain>MATH</domain>
      </initializationCode>
    </VariableDeclaration>
    <VariableDeclaration id="89">
      <name>AB</name>
      <initializationCode id="90">
        <code>evaluateInR(&apos;[var=k]/100&apos;)</code>
        <domain>MATH</domain>
      </initializationCode>
    </VariableDeclaration>
    <VariableDeclaration id="91">
      <name>O</name>
      <initializationCode id="92">
        <code>evaluateInR(&apos;[var=l]/100&apos;)</code>
        <domain>MATH</domain>
      </initializationCode>
    </VariableDeclaration>
    <VariableDeclaration id="93">
      <name>r_plus_a0</name>
      <initializationCode id="94">
        <code>evaluateInR(&apos;[var=m]/100&apos;)</code>
        <domain>MATH</domain>
      </initializationCode>
    </VariableDeclaration>
    <VariableDeclaration id="95">
      <name>r_plus_b</name>
      <initializationCode id="96">
        <code>evaluateInR(&apos;[var=n]/100&apos;)</code>
        <domain>MATH</domain>
      </initializationCode>
    </VariableDeclaration>
    <VariableDeclaration id="97">
      <name>r_plus_ab</name>
      <initializationCode id="98">
        <code>evaluateInR(&apos;[var=o]/100&apos;)</code>
        <domain>MATH</domain>
      </initializationCode>
    </VariableDeclaration>
    <VariableDeclaration id="99">
      <name>sol1</name>
      <initializationCode id="100">
        <code>round([var=r_plus_a0]*[var=A]+[var=r_plus_a0]*[var=O]+[var=r_plus_b]*[var=B]+[var=r_plus_ab]*[var=AB], 4)</code>
        <domain>MATH</domain>
      </initializationCode>
    </VariableDeclaration>
    <VariableDeclaration id="101">
      <name>sol2</name>
      <initializationCode id="102">
        <code>round((([var=r_plus_ab]*[var=AB])/([var=sol1])), 4)</code>
        <domain>MATH</domain>
      </initializationCode>
    </VariableDeclaration>
  </variableDeclarations>
  <jSXGraphs id="103"/>
  <dynamicMolecules id="104"/>
  <resultFeedbackMappings id="105"/>
</Exercise>