<Exercise id="1">
  <name>IS03-12 Bedingte Wahrscheinlichkeiten 12</name>
  <publicDescription></publicDescription>
  <internalNotes>Prävalenz des Konsums von illegalen Drogen.

Die  Materialien sind lizenziert unter CC BY-NC-SA 4.0. Eine Kopie dieser Lizenz finden Sie unter http://creativecommons.org/licenses/by-nc-sa/4.0/

The materials are licensed under CC BY-NC-SA 4.0. You can find a copy of this license at http://creativecommons.org/licenses/by-nc-sa/4.0/</internalNotes>
  <language>de</language>
  <difficulty>0</difficulty>
  <tags id="2">
    <Tag id="3">
      <name>IndStat</name>
    </Tag>
    <Tag id="4">
      <name>TR_neu</name>
    </Tag>
    <Tag id="5">
      <name>TR</name>
    </Tag>
  </tags>
  <resources id="6"/>
  <stages id="7">
    <FillInStage id="8">
      <internalName>1</internalName>
      <externalName></externalName>
      <taskDescription>&lt;strong&gt;Aufgabenstellung:&lt;/strong&gt;&lt;br /&gt;&#xd;
&lt;br /&gt;&#xd;
Disclaimer: Der Inhalt dieser Aufgabe soll keineswegs den Konsum jeglicher Art von Droge verharmlosen.&lt;br /&gt;&#xd;
&lt;br /&gt;&#xd;
&lt;br /&gt;&#xd;
In der Epidemiologie beschreibt der Begriff &amp;quot;Pr&amp;auml;valenz&amp;quot; den Anteil der Erkrankten oder der von einem bestimmten Risikofaktor betroffenen Personen in (einem Teil) der Bev&amp;ouml;lkerung.&lt;br /&gt;&#xd;
&lt;br /&gt;&#xd;
Nehmen Sie an, die 12-Monats-Pr&amp;auml;valenz des Konsums von Cannabis unter Jugendlichen im Alter von 12-17 Jahren liege bei $[var=PCan,latex,decimals=3]$. Dies bedeutet, dass $[var=PCan_Perc,latex,decimals=2]$% der Jugendlichen dieser Altersgruppe innerhalb der letzten 12 Monate mindestens einmal Cannabis konsumiert haben.&lt;br /&gt;&#xd;
&lt;br /&gt;&#xd;
Im Fall der Droge Heroin liegt der Wert bei $[var=PHer,latex,decimals=4]$. Zudem haben Befragungen ergeben, dass fast alle Heroinkonsumenten Cannabis als Einstiegsdroge konsumiert haben, n&amp;auml;mlich $[var=PCanHer_Perc,latex,decimals=2]$%. Angenommen die Eltern eines Teenagers erwischen ihr Kind beim Kiffen.&lt;br /&gt;&#xd;
&lt;br /&gt;&#xd;
Sollten sie sich gro&amp;szlig;e Sorgen machen, dass ihr/e Sohn/Tochter Heroin konsumieren wird? Wie hoch ist die Wahrscheinlichkeit?&lt;br /&gt;&#xd;
&lt;br /&gt;&#xd;
&lt;strong&gt;Einreichung:&lt;/strong&gt; &lt;input name=&quot;field1&quot; size=&quot;8&quot; type=&quot;text&quot; value=&quot;field1&quot; /&gt;&amp;nbsp;&lt;br /&gt;&#xd;
&lt;br /&gt;&#xd;
&lt;em&gt;(Runden Sie, falls n&amp;ouml;tig, auf die vierte Nachkommastelle und verwenden Sie einen Dezimalpunkt.)&lt;/em&gt;&#xd;
&lt;p&gt;&lt;a href=&quot;https://webrtaschenrechner.netlify.app/&quot; onclick=&quot;window.open(&apos;https://webrtaschenrechner.netlify.app/&apos;,&apos;R Console&apos;,&apos;top=320, left=1525, width=400,height=600,menubar=no,toolbar=no,&apos;); return false;&quot; target=&quot;_blank&quot;&gt;&lt;img alt=&quot;R_ Logo&quot; pull-right=&quot;&quot; src=&quot;/econometrics/resource?resource=157444&quot; style=&quot;width: 40px; height: 50px; float: right; margin: 5px&quot; /&gt;&lt;/a&gt;&lt;/p&gt;&#xd;
</taskDescription>
      <skipMessage>Die richtige L&amp;ouml;sung lautet $[var=sol1]$.</skipMessage>
      <defaultTransition id="9">
        <conditionExpression id="10">
          <domain>MATH</domain>
        </conditionExpression>
        <stageExpression id="11">
          <domain>MATH</domain>
        </stageExpression>
        <isRepeat>true</isRepeat>
      </defaultTransition>
      <skipTransitions id="12">
        <StageTransition id="13">
          <conditionExpression id="14">
            <code></code>
            <domain>MATH</domain>
          </conditionExpression>
          <stageExpression id="15">
            <domain>MATH</domain>
          </stageExpression>
          <isRepeat>false</isRepeat>
        </StageTransition>
      </skipTransitions>
      <stageTransitions id="16">
        <StageTransition id="17">
          <conditionExpression id="18">
            <code></code>
            <domain>MATH</domain>
          </conditionExpression>
          <stageExpression id="19">
            <code>[meta=stageCurrentResult]&gt;=100</code>
            <domain>MATH</domain>
          </stageExpression>
          <isRepeat>false</isRepeat>
        </StageTransition>
      </stageTransitions>
      <hints id="20">
        <StageHint id="21">
          <stagehint__order>0</stagehint__order>
          <text>Anders gefragt: mit welcher Wahrscheinlichkeit f&amp;uuml;hrt das Rauchen von Cannabis zum Konsum von Heroin?&lt;br /&gt;
&lt;br /&gt;
(Es ist ein weiterer Hinweis vorhanden.)</text>
          <malus>0</malus>
          <stage class="FillInStage" reference="8"/>
        </StageHint>
        <StageHint id="22">
          <stagehint__order>1</stagehint__order>
          <text>Es seien&lt;br /&gt;
$P(C)=\text{Wsk Cannabis konsumiert zu haben}$,&lt;br /&gt;
$P(H)=\text{Wsk Heroin konsumiert zu haben}$.&lt;br /&gt;
Wie k&amp;ouml;nnen Sie den dritten, gegebenen Wert formulieren?&lt;br /&gt;
&lt;br /&gt;
(Es ist ein weiterer Hinweis vorhanden.)</text>
          <malus>0</malus>
          <stage class="FillInStage" reference="8"/>
        </StageHint>
        <StageHint id="23">
          <stagehint__order>2</stagehint__order>
          <text>$P(C \;|\; H)=\text{Wsk Cannabis konsumiert zu haben, gegeben man hat Heroin konsumiert}$. Versuchen Sie die gefragte Wahrscheinlichkeit ebenfalls in dieser Notation zu formulieren.&lt;br /&gt;
&lt;br /&gt;
(Es ist ein weiterer Hinweis vorhanden.)</text>
          <malus>0</malus>
          <stage class="FillInStage" reference="8"/>
        </StageHint>
        <StageHint id="24">
          <stagehint__order>3</stagehint__order>
          <text>Gesucht ist $P(H \;|\; C)$. Beachten Sie, dass nicht nach einer Prozentzahl gefragt wird.&lt;br /&gt;
Welcher Satz kann Ihnen helfen?&lt;br /&gt;
&lt;br /&gt;
(Es ist ein weiterer Hinweis vorhanden.)</text>
          <malus>0</malus>
          <stage class="FillInStage" reference="8"/>
        </StageHint>
        <StageHint id="25">
          <stagehint__order>4</stagehint__order>
          <text>      Nutzen Sie den Satz von Bayes.
    </text>
          <malus>0</malus>
          <stage class="FillInStage" reference="8"/>
        </StageHint>
      </hints>
      <variableUpdatesOnEnter id="26"/>
      <variableUpdatesBeforeCheck id="27"/>
      <variableUpdatesAfterCheck id="28"/>
      <variableUpdatesOnNormalExit id="29"/>
      <variableUpdatesOnRepeat id="30"/>
      <variableUpdatesOnSkip id="31"/>
      <weight>1</weight>
      <orderIndex>0</orderIndex>
      <allowSkip>true</allowSkip>
      <resources id="32"/>
      <rules id="33"/>
      <fillInFields id="34">
        <FillInField id="35">
          <name>field1</name>
          <orderIndex>0</orderIndex>
          <size>8</size>
          <formularEditorType>NUMBER</formularEditorType>
        </FillInField>
      </fillInFields>
      <dropDownFields id="36"/>
      <formularEditorPalette>MATHDOX_FORMULAR_EDITOR_BASIC</formularEditorPalette>
      <defaultFeedback>Leider nicht korrekt.&lt;br /&gt;
&lt;br /&gt;
Die richtige L&amp;ouml;sung lautet $[var=sol1]$.</defaultFeedback>
      <correctAnswerRules id="37">
        <Rule id="38">
          <name>CorrectAnswer1</name>
          <orderIndex>1</orderIndex>
          <validationExpression id="39">
            <code>!isEmpty([input=field1])&amp;&amp;isRealNumber([input=field1])&amp;&amp;[input=field1]&gt;[var=sol1]-0.0011&amp;&amp;[input=field1]&lt;[var=sol1]+0.0011</code>
            <domain>MATH</domain>
          </validationExpression>
          <points>0</points>
          <terminal>false</terminal>
        </Rule>
      </correctAnswerRules>
      <correctAnswerFeedback>Richtig.</correctAnswerFeedback>
      <defaultResult>0</defaultResult>
    </FillInStage>
  </stages>
  <startStage class="FillInStage" reference="8"/>
  <variableDeclarations id="40">
    <VariableDeclaration id="41">
      <name>PCan</name>
      <initializationCode id="42">
        <code>evaluateInR(&apos;round(runif(1, min = 0.05, max = 0.07), 3)&apos;)</code>
        <domain>MATH</domain>
      </initializationCode>
    </VariableDeclaration>
    <VariableDeclaration id="43">
      <name>PCan_Perc</name>
      <initializationCode id="44">
        <code>evaluateInR(&apos;[var=PCan]*100&apos;)</code>
        <domain>MATH</domain>
      </initializationCode>
    </VariableDeclaration>
    <VariableDeclaration id="45">
      <name>PHer</name>
      <initializationCode id="46">
        <code>evaluateInR(&apos;round(runif(1, min = 0.001, max = 0.002), 4)&apos;)</code>
        <domain>MATH</domain>
      </initializationCode>
    </VariableDeclaration>
    <VariableDeclaration id="47">
      <name>PHer_Perc</name>
      <initializationCode id="48">
        <code>evaluateInR(&apos;[var=PHer]*100&apos;)</code>
        <domain>MATH</domain>
      </initializationCode>
    </VariableDeclaration>
    <VariableDeclaration id="49">
      <name>PCanHer</name>
      <initializationCode id="50">
        <code>evaluateInR(&apos;round(runif(1, min = 0.950, max = 0.999), 4)&apos;)</code>
        <domain>MATH</domain>
      </initializationCode>
    </VariableDeclaration>
    <VariableDeclaration id="51">
      <name>PCanHer_Perc</name>
      <initializationCode id="52">
        <code>evaluateInR(&apos;[var=PCanHer]*100&apos;)</code>
        <domain>MATH</domain>
      </initializationCode>
    </VariableDeclaration>
    <VariableDeclaration id="53">
      <name>sol1</name>
      <initializationCode id="54">
        <code>evaluateInR(&apos;([var=PCanHer]*[var=PHer])/[var=PCan]&apos;)</code>
        <domain>MATH</domain>
      </initializationCode>
    </VariableDeclaration>
  </variableDeclarations>
  <jSXGraphs id="55"/>
  <dynamicMolecules id="56"/>
  <resultFeedbackMappings id="57"/>
</Exercise>