<Exercise id="1">
  <name>DS3-09 Lageparameter 9</name>
  <publicDescription></publicDescription>
  <internalNotes>Berechnung des alpha-getrimmten Mittels, alpha bestimmen

Die  Materialien sind lizenziert unter CC BY-NC-SA 4.0. Eine Kopie dieser Lizenz finden Sie unter http://creativecommons.org/licenses/by-nc-sa/4.0/

The materials are licensed under CC BY-NC-SA 4.0. You can find a copy of this license at http://creativecommons.org/licenses/by-nc-sa/4.0/</internalNotes>
  <language>de</language>
  <difficulty>3</difficulty>
  <tags id="2">
    <Tag id="3">
      <name>Desk_22</name>
    </Tag>
  </tags>
  <resources id="4"/>
  <stages id="5">
    <FillInStage id="6">
      <internalName>1</internalName>
      <externalName>Stage 1</externalName>
      <taskDescription>&lt;strong&gt;Aufgabenstellung:&lt;/strong&gt;&lt;br /&gt;&#xd;
&lt;br /&gt;&#xd;
Sie untersuchen die Einkommen von 10 Mitarbeitenden eines Unternehmens:&lt;br /&gt;&#xd;
&amp;nbsp;&#xd;
&lt;table border=&quot;0&quot; cellpadding=&quot;1&quot; cellspacing=&quot;1&quot; style=&quot;width:300px;&quot;&gt;&#xd;
	&lt;tbody&gt;&#xd;
		&lt;tr&gt;&#xd;
			&lt;td style=&quot;text-align: right;&quot;&gt;1. Arbeitskraft:&lt;br /&gt;&#xd;
			&amp;nbsp;&lt;/td&gt;&#xd;
			&lt;td&gt;$\; [var=$x1]\, \textrm{Euro}$&lt;br /&gt;&#xd;
			&amp;nbsp;&lt;/td&gt;&#xd;
		&lt;/tr&gt;&#xd;
		&lt;tr&gt;&#xd;
			&lt;td style=&quot;text-align: right;&quot;&gt;2. Arbeitskraft:&lt;br /&gt;&#xd;
			&amp;nbsp;&lt;/td&gt;&#xd;
			&lt;td&gt;$\; [var=$x2]\, \textrm{Euro}$&lt;br /&gt;&#xd;
			&amp;nbsp;&lt;/td&gt;&#xd;
		&lt;/tr&gt;&#xd;
		&lt;tr&gt;&#xd;
			&lt;td style=&quot;text-align: right;&quot;&gt;3. Arbeitskraft:&lt;br /&gt;&#xd;
			&amp;nbsp;&lt;/td&gt;&#xd;
			&lt;td&gt;$\; [var=$x3]\, \textrm{Euro}$&lt;br /&gt;&#xd;
			&amp;nbsp;&lt;/td&gt;&#xd;
		&lt;/tr&gt;&#xd;
		&lt;tr&gt;&#xd;
			&lt;td style=&quot;text-align: right;&quot;&gt;4. Arbeitskraft:&lt;br /&gt;&#xd;
			&amp;nbsp;&lt;/td&gt;&#xd;
			&lt;td&gt;$\; [var=$x4]\, \textrm{Euro}$&lt;br /&gt;&#xd;
			&amp;nbsp;&lt;/td&gt;&#xd;
		&lt;/tr&gt;&#xd;
		&lt;tr&gt;&#xd;
			&lt;td style=&quot;text-align: right;&quot;&gt;5. Arbeitskraft:&lt;br /&gt;&#xd;
			&amp;nbsp;&lt;/td&gt;&#xd;
			&lt;td&gt;$\; [var=$x5]\, \textrm{Euro}$&lt;br /&gt;&#xd;
			&amp;nbsp;&lt;/td&gt;&#xd;
		&lt;/tr&gt;&#xd;
		&lt;tr&gt;&#xd;
			&lt;td style=&quot;text-align: right;&quot;&gt;6. Arbeitskraft:&lt;br /&gt;&#xd;
			&amp;nbsp;&lt;/td&gt;&#xd;
			&lt;td&gt;$\; [var=$x6]\, \textrm{Euro}$&lt;br /&gt;&#xd;
			&amp;nbsp;&lt;/td&gt;&#xd;
		&lt;/tr&gt;&#xd;
		&lt;tr&gt;&#xd;
			&lt;td style=&quot;text-align: right;&quot;&gt;7. Arbeitskraft:&lt;br /&gt;&#xd;
			&amp;nbsp;&lt;/td&gt;&#xd;
			&lt;td&gt;$\; [var=$x7]\, \textrm{Euro}$&lt;br /&gt;&#xd;
			&amp;nbsp;&lt;/td&gt;&#xd;
		&lt;/tr&gt;&#xd;
		&lt;tr&gt;&#xd;
			&lt;td style=&quot;text-align: right;&quot;&gt;8. Arbeitskraft:&lt;br /&gt;&#xd;
			&amp;nbsp;&lt;/td&gt;&#xd;
			&lt;td&gt;$\; [var=$x8]\, \textrm{Euro}$&lt;br /&gt;&#xd;
			&amp;nbsp;&lt;/td&gt;&#xd;
		&lt;/tr&gt;&#xd;
		&lt;tr&gt;&#xd;
			&lt;td style=&quot;text-align: right;&quot;&gt;9. Arbeitskraft:&lt;br /&gt;&#xd;
			&amp;nbsp;&lt;/td&gt;&#xd;
			&lt;td&gt;$\; [var=$x9]\, \textrm{Euro}$&lt;br /&gt;&#xd;
			&amp;nbsp;&lt;/td&gt;&#xd;
		&lt;/tr&gt;&#xd;
		&lt;tr&gt;&#xd;
			&lt;td style=&quot;text-align: right;&quot;&gt;10. Arbeitskraft:&lt;br /&gt;&#xd;
			&amp;nbsp;&lt;/td&gt;&#xd;
			&lt;td&gt;$\; [var=$x10]\, \textrm{Euro}$&lt;br /&gt;&#xd;
			&amp;nbsp;&lt;/td&gt;&#xd;
		&lt;/tr&gt;&#xd;
	&lt;/tbody&gt;&#xd;
&lt;/table&gt;&#xd;
&lt;br /&gt;&#xd;
&lt;br /&gt;&#xd;
Sie berechnen das arithmetische Mittel von $[var=xbar] \ \textrm{Euro}$ und kommen auf die Idee, dass das $\alpha$-getrimmte arithmetische Mittel wom&amp;ouml;glich eine bessere Aussage liefert.&lt;br /&gt;&#xd;
&lt;br /&gt;&#xd;
&lt;strong&gt;Einreichung:&lt;/strong&gt;&lt;br /&gt;&#xd;
&amp;nbsp;&#xd;
&lt;table border=&quot;0&quot; cellpadding=&quot;1&quot; cellspacing=&quot;1&quot; style=&quot;width:300px;&quot;&gt;&#xd;
	&lt;tbody&gt;&#xd;
		&lt;tr&gt;&#xd;
			&lt;td&gt;Welches $\alpha$ bietet sich an?&lt;/td&gt;&#xd;
			&lt;td&gt;&amp;nbsp;&lt;input name=&quot;field1&quot; size=&quot;6&quot; type=&quot;text&quot; value=&quot;field1&quot; /&gt;&amp;nbsp;&lt;/td&gt;&#xd;
		&lt;/tr&gt;&#xd;
		&lt;tr&gt;&#xd;
			&lt;td&gt;Berechnen Sie dieses.&lt;/td&gt;&#xd;
			&lt;td&gt;&amp;nbsp;&lt;input name=&quot;field2&quot; size=&quot;6&quot; type=&quot;text&quot; value=&quot;field2&quot; /&gt;&amp;nbsp;&lt;/td&gt;&#xd;
		&lt;/tr&gt;&#xd;
	&lt;/tbody&gt;&#xd;
&lt;/table&gt;&#xd;
&lt;br /&gt;&#xd;
&lt;em&gt;(Bitte runden Sie, falls n&amp;ouml;tig, auf die 2. Nachkommastelle und verwenden Sie einen Dezimalpunkt.)&lt;/em&gt; &lt;!--&#xd;
&lt;p&gt;&lt;a href=&quot;https://rdrr.io/snippets/embed/&quot; onclick=&quot;window.open(&apos;https://rdrr.io/snippets/embed/?code=&apos;,&apos;R Console&apos;,&apos; margin-top: 20px; top=200,left=100,width=480,height=640,menubar=no,toolbar=no,&apos;); return false;&quot; target=&quot;_blank&quot;&gt;&lt;img alt=&quot;R_ Logo&quot; pull-right=&quot;&quot; src=&quot;/econometrics/resource?resource=157444&quot; style=&quot;width: 40px; height: 50px; float: right; margin: 5px&quot; /&gt;&lt;/a&gt;&lt;/p&gt;&#xd;
--&gt;</taskDescription>
      <skipMessage>Da der 10. Mitarbeiter einen Ausrei&amp;szlig;er darstellt gilt: $\frac{1}{10}=0.1=\alpha$ und $\bar{x}_{\alpha}=[var=xbargg]$.</skipMessage>
      <defaultTransition id="7">
        <conditionExpression id="8">
          <domain>MATH</domain>
        </conditionExpression>
        <stageExpression id="9">
          <domain>MATH</domain>
        </stageExpression>
        <isRepeat>true</isRepeat>
      </defaultTransition>
      <skipTransitions id="10">
        <StageTransition id="11">
          <conditionExpression id="12">
            <code></code>
            <domain>MATH</domain>
          </conditionExpression>
          <stageExpression id="13">
            <domain>MATH</domain>
          </stageExpression>
          <isRepeat>false</isRepeat>
        </StageTransition>
      </skipTransitions>
      <stageTransitions id="14">
        <StageTransition id="15">
          <conditionExpression id="16">
            <code></code>
            <domain>MATH</domain>
          </conditionExpression>
          <stageExpression id="17">
            <code>[meta=stageCurrentResult]&gt;=100</code>
            <domain>MATH</domain>
          </stageExpression>
          <isRepeat>false</isRepeat>
        </StageTransition>
      </stageTransitions>
      <hints id="18">
        <StageHint id="19">
          <stagehint__order>0</stagehint__order>
          <text>Betrachten Sie zun&amp;auml;chst die Anzahl der kleinsten oder gr&amp;ouml;&amp;szlig;ten Einkommen, die sie aus der Mittelwertberechnung ausschlie&amp;szlig;en wollen. Diese Anzahl geteilt durch den Stichprobenumfang ist das gesuchte $\alpha$.&lt;br /&gt;
&lt;br /&gt;
&lt;em&gt;(Es ist ein weiterer Hinweis vorhanden)&lt;/em&gt;</text>
          <malus>0</malus>
          <stage class="FillInStage" reference="6"/>
        </StageHint>
        <StageHint id="20">
          <stagehint__order>1</stagehint__order>
          <text>Haben Sie die $\alpha \cdot 100\%$ kleinsten und $\alpha \cdot 100\%$ größten Beobachtungen entfernt, berechnen
		Sie das &quot;normale&quot; arithmetische Mittel der verbliebenen Daten: 

		$\bar{x}_{\alpha}=\frac{1}{n-2g}\sum_{j=g+1}^{n-g}x_{(j)}$, wobei
		
		$g=\text{int}(\alpha n)$.</text>
          <malus>0</malus>
          <stage class="FillInStage" reference="6"/>
        </StageHint>
      </hints>
      <variableUpdatesOnEnter id="21"/>
      <variableUpdatesBeforeCheck id="22"/>
      <variableUpdatesAfterCheck id="23"/>
      <variableUpdatesOnNormalExit id="24"/>
      <variableUpdatesOnRepeat id="25"/>
      <variableUpdatesOnSkip id="26"/>
      <weight>1</weight>
      <orderIndex>0</orderIndex>
      <allowSkip>true</allowSkip>
      <resources id="27"/>
      <rules id="28"/>
      <fillInFields id="29">
        <FillInField id="30">
          <name>field2</name>
          <orderIndex>1</orderIndex>
          <size>6</size>
          <formularEditorType>NUMBER</formularEditorType>
        </FillInField>
        <FillInField id="31">
          <name>field1</name>
          <orderIndex>0</orderIndex>
          <size>6</size>
          <formularEditorType>NUMBER</formularEditorType>
        </FillInField>
      </fillInFields>
      <dropDownFields id="32"/>
      <formularEditorPalette>MATHDOX_FORMULAR_EDITOR_BASIC</formularEditorPalette>
      <defaultFeedback>Leider nicht korrekt!</defaultFeedback>
      <correctAnswerRules id="33">
        <Rule id="34">
          <name>CorrectAnswer1</name>
          <orderIndex>1</orderIndex>
          <validationExpression id="35">
            <code>!isEmpty([input=field1])&amp;&amp;isRealNumber([input=field1])&amp;&amp;!isEmpty([input=field2])&amp;&amp;isRealNumber([input=field2])&amp;&amp;0.1==[input=field1]&amp;&amp;[input=field2]&gt;[var=xbargg]*0.999&amp;&amp;[input=field2]&lt;[var=xbargg]*1.001</code>
            <domain>MATH</domain>
          </validationExpression>
          <points>0</points>
          <terminal>false</terminal>
        </Rule>
      </correctAnswerRules>
      <correctAnswerFeedback>Richtig.</correctAnswerFeedback>
      <defaultResult>0</defaultResult>
    </FillInStage>
  </stages>
  <startStage class="FillInStage" reference="6"/>
  <variableDeclarations id="36">
    <VariableDeclaration id="37">
      <name>x1</name>
      <initializationCode id="38">
        <code>randomIntegerBetween(15000,60000)</code>
        <domain>MATH</domain>
      </initializationCode>
    </VariableDeclaration>
    <VariableDeclaration id="39">
      <name>x2</name>
      <initializationCode id="40">
        <code>randomIntegerBetween(15000,60000)</code>
        <domain>MATH</domain>
      </initializationCode>
    </VariableDeclaration>
    <VariableDeclaration id="41">
      <name>x3</name>
      <initializationCode id="42">
        <code>randomIntegerBetween(15000,60000)</code>
        <domain>MATH</domain>
      </initializationCode>
    </VariableDeclaration>
    <VariableDeclaration id="43">
      <name>x4</name>
      <initializationCode id="44">
        <code>randomIntegerBetween(10000,14999)</code>
        <domain>MATH</domain>
      </initializationCode>
    </VariableDeclaration>
    <VariableDeclaration id="45">
      <name>x5</name>
      <initializationCode id="46">
        <code>randomIntegerBetween(15000,60000)</code>
        <domain>MATH</domain>
      </initializationCode>
    </VariableDeclaration>
    <VariableDeclaration id="47">
      <name>x6</name>
      <initializationCode id="48">
        <code>randomIntegerBetween(15000,60000)</code>
        <domain>MATH</domain>
      </initializationCode>
    </VariableDeclaration>
    <VariableDeclaration id="49">
      <name>x7</name>
      <initializationCode id="50">
        <code>randomIntegerBetween(15000,60000)</code>
        <domain>MATH</domain>
      </initializationCode>
    </VariableDeclaration>
    <VariableDeclaration id="51">
      <name>x8</name>
      <initializationCode id="52">
        <code>randomIntegerBetween(15000,60000)</code>
        <domain>MATH</domain>
      </initializationCode>
    </VariableDeclaration>
    <VariableDeclaration id="53">
      <name>x9</name>
      <initializationCode id="54">
        <code>randomIntegerBetween(15000,60000)</code>
        <domain>MATH</domain>
      </initializationCode>
    </VariableDeclaration>
    <VariableDeclaration id="55">
      <name>x10</name>
      <initializationCode id="56">
        <code>randomIntegerBetween(150000,300000)</code>
        <domain>MATH</domain>
      </initializationCode>
    </VariableDeclaration>
    <VariableDeclaration id="57">
      <name>xbar</name>
      <initializationCode id="58">
        <code>evaluateInR(&apos;([var=x1]+[var=x2]+[var=x3]+[var=x4]+[var=x5]+[var=x6]+[var=x7]+[var=x8]+[var=x9]+[var=x10])/10&apos;)</code>
        <domain>MATH</domain>
      </initializationCode>
    </VariableDeclaration>
    <VariableDeclaration id="59">
      <name>xbarg</name>
      <initializationCode id="60">
        <code>evaluateInR(&apos;([var=x1]+[var=x2]+[var=x3]+[var=x5]+[var=x6]+[var=x7]+[var=x8]+[var=x9])/8&apos;)</code>
        <domain>MATH</domain>
      </initializationCode>
    </VariableDeclaration>
    <VariableDeclaration id="61">
      <name>xbargg</name>
      <initializationCode id="62">
        <code>evaluateInR(&apos;round([var=xbarg], 2)&apos;)</code>
        <domain>MATH</domain>
      </initializationCode>
    </VariableDeclaration>
  </variableDeclarations>
  <jSXGraphs id="63"/>
  <dynamicMolecules id="64"/>
  <resultFeedbackMappings id="65"/>
</Exercise>