<Exercise id="1">
  <name>DS3-03 Lageparameter 3</name>
  <publicDescription></publicDescription>
  <internalNotes>Arithmetisches Mittel, Median, Modus gegeben
4 neue Beobachtungen -&gt; neue Lageparameter berechnen

Die  Materialien sind lizenziert unter CC BY-NC-SA 4.0. Eine Kopie dieser Lizenz finden Sie unter http://creativecommons.org/licenses/by-nc-sa/4.0/

The materials are licensed under CC BY-NC-SA 4.0. You can find a copy of this license at http://creativecommons.org/licenses/by-nc-sa/4.0/</internalNotes>
  <language>de</language>
  <difficulty>3</difficulty>
  <tags id="2">
    <Tag id="3">
      <name>Desk_22</name>
    </Tag>
  </tags>
  <resources id="4"/>
  <stages id="5">
    <FillInStage id="6">
      <internalName>1</internalName>
      <externalName>Stage 1</externalName>
      <taskDescription>&lt;strong&gt;Aufgabenstellung:&lt;/strong&gt;&lt;br /&gt;&#xd;
&lt;br /&gt;&#xd;
$135$ Bereitschaften des Malteser Hilfsdienstes werden &amp;uuml;ber die Anzahl ihrer j&amp;auml;hrlichen Eins&amp;auml;tze befragt.&lt;br /&gt;&#xd;
Nachdem $131$ Bereitschaften ihre Angaben gemacht haben, ergibt sich:&lt;br /&gt;&#xd;
&lt;br /&gt;&#xd;
$\mathsf{x_{M}} \&amp;gt;=\&amp;gt; $ [var=modus] $\quad \mathsf{x_{Med}} \&amp;gt;=\&amp;gt; $ [var=median] $\quad \mathsf{\bar{x}} \&amp;gt;=\&amp;gt; $ [var=mittel].&lt;br /&gt;&#xd;
&lt;br /&gt;&#xd;
Schlie&amp;szlig;lich machen auch die letzten vier Bereitschaften ihre Angaben. Sie fuhren $[var=z1], [var=z2], [var=z3]$ und $[var=z4]$ Eins&amp;auml;tze.&lt;br /&gt;&#xd;
Dabei k&amp;ouml;nnen Sie davon ausgehen, dass diese 4 Auspr&amp;auml;gungen zuvor noch nicht beobachtet wurden.&lt;br /&gt;&#xd;
&lt;br /&gt;&#xd;
Bestimmen Sie Modus, Median und das arithmetische Mittel &lt;strong&gt;unter Ber&amp;uuml;cksichtigung aller eingegangenen Daten!&lt;/strong&gt;&lt;br /&gt;&#xd;
&lt;br /&gt;&#xd;
&lt;strong&gt;Einreichung:&amp;nbsp;&lt;/strong&gt;&lt;br /&gt;&#xd;
&amp;nbsp;&#xd;
&lt;table border=&quot;0&quot; cellpadding=&quot;1&quot; cellspacing=&quot;1&quot; style=&quot;width:300px;&quot;&gt;&#xd;
	&lt;tbody&gt;&#xd;
		&lt;tr&gt;&#xd;
			&lt;td&gt;Modus =&lt;/td&gt;&#xd;
			&lt;td&gt;&amp;nbsp;&lt;input name=&quot;field1&quot; size=&quot;6&quot; type=&quot;text&quot; value=&quot;field1&quot; /&gt;&amp;nbsp;&lt;/td&gt;&#xd;
		&lt;/tr&gt;&#xd;
		&lt;tr&gt;&#xd;
			&lt;td&gt;Median =&lt;/td&gt;&#xd;
			&lt;td&gt;&amp;nbsp;&lt;input name=&quot;field2&quot; size=&quot;6&quot; type=&quot;text&quot; value=&quot;field2&quot; /&gt;&amp;nbsp;&lt;/td&gt;&#xd;
		&lt;/tr&gt;&#xd;
		&lt;tr&gt;&#xd;
			&lt;td&gt;arithm. Mittel =&lt;/td&gt;&#xd;
			&lt;td&gt;&amp;nbsp;&lt;input name=&quot;field3&quot; size=&quot;6&quot; type=&quot;text&quot; value=&quot;field3&quot; /&gt;&amp;nbsp;&lt;/td&gt;&#xd;
		&lt;/tr&gt;&#xd;
	&lt;/tbody&gt;&#xd;
&lt;/table&gt;&#xd;
&lt;br /&gt;&#xd;
&lt;span style=&quot;font-size:14px;&quot;&gt;&lt;em&gt;(Runden Sie ihre Ergebnisse auf 0 Nachkommastellen!)&lt;/em&gt;&lt;/span&gt; &lt;!--&#xd;
&lt;p&gt;&lt;a href=&quot;https://rdrr.io/snippets/embed/&quot; onclick=&quot;window.open(&apos;https://rdrr.io/snippets/embed/?code=&apos;,&apos;R Console&apos;,&apos; margin-top: 20px; top=200,left=100,width=480,height=640,menubar=no,toolbar=no,&apos;); return false;&quot; target=&quot;_blank&quot;&gt;&lt;img alt=&quot;R_ Logo&quot; pull-right=&quot;&quot; src=&quot;/econometrics/resource?resource=157444&quot; style=&quot;width: 40px; height: 50px; float: right; margin: 5px&quot; /&gt;&lt;/a&gt;&lt;/p&gt;&#xd;
--&gt;</taskDescription>
      <skipMessage>Modus: $x_{Mod} =[var=modus]$&lt;br /&gt;
Median: $x_{Med} = [var=median]$&lt;br /&gt;
Arithmetisches Mittel: $\bar x = [var=mittel_neu]$</skipMessage>
      <defaultTransition id="7">
        <conditionExpression id="8">
          <domain>MATH</domain>
        </conditionExpression>
        <stageExpression id="9">
          <domain>MATH</domain>
        </stageExpression>
        <isRepeat>true</isRepeat>
      </defaultTransition>
      <skipTransitions id="10">
        <StageTransition id="11">
          <conditionExpression id="12">
            <code></code>
            <domain>MATH</domain>
          </conditionExpression>
          <stageExpression id="13">
            <domain>MATH</domain>
          </stageExpression>
          <isRepeat>false</isRepeat>
        </StageTransition>
      </skipTransitions>
      <stageTransitions id="14">
        <StageTransition id="15">
          <conditionExpression id="16">
            <code></code>
            <domain>MATH</domain>
          </conditionExpression>
          <stageExpression id="17">
            <code>[meta=stageCurrentResult]&gt;=100</code>
            <domain>MATH</domain>
          </stageExpression>
          <isRepeat>false</isRepeat>
        </StageTransition>
      </stageTransitions>
      <hints id="18">
        <StageHint id="19">
          <stagehint__order>0</stagehint__order>
          <text>Ausgehend von einer eingipfligen Verteilung &amp;auml;ndert sich der Modus nicht.&lt;br /&gt;
&lt;br /&gt;
&lt;em&gt;(Es ist ein weiterer Hinweis vorhanden)&lt;/em&gt;</text>
          <malus>0</malus>
          <stage class="FillInStage" reference="6"/>
        </StageHint>
        <StageHint id="20">
          <stagehint__order>1</stagehint__order>
          <text>Der Median ist das 0.5-Quantil. Hier sind zwei Werte kleiner und zwei Werte gr&amp;ouml;&amp;szlig;er als der Median.&lt;br /&gt;
&lt;br /&gt;
&lt;em&gt;(Es ist ein weiterer Hinweis vorhanden)&lt;/em&gt;</text>
          <malus>0</malus>
          <stage class="FillInStage" reference="6"/>
        </StageHint>
        <StageHint id="21">
          <stagehint__order>2</stagehint__order>
          <text>Es gilt: $\sum_{j=1}^{n}x_{j}+[var=z1]+[var=z2]+[var=z3]+[var=z4]$ = $n\bar{x}+[var=z1]+[var=z2]+[var=z3]+[var=z4]$</text>
          <malus>0</malus>
          <stage class="FillInStage" reference="6"/>
        </StageHint>
      </hints>
      <variableUpdatesOnEnter id="22"/>
      <variableUpdatesBeforeCheck id="23"/>
      <variableUpdatesAfterCheck id="24"/>
      <variableUpdatesOnNormalExit id="25"/>
      <variableUpdatesOnRepeat id="26"/>
      <variableUpdatesOnSkip id="27"/>
      <weight>1</weight>
      <orderIndex>0</orderIndex>
      <allowSkip>true</allowSkip>
      <resources id="28"/>
      <rules id="29">
        <Rule id="30">
          <name>Feedback_2</name>
          <orderIndex>2</orderIndex>
          <validationExpression id="31">
            <code>!isEmpty([input=field1])&amp;&amp;isRealNumber([input=field1])&amp;&amp;!isEmpty([input=field2])&amp;&amp;isRealNumber([input=field2])&amp;&amp;!isEmpty([input=field3])&amp;&amp;isRealNumber([input=field3])&amp;&amp;[input=field1]==[var=modus]&amp;&amp;[input=field2]!=[var=median]&amp;&amp;[input=field3]==[var=mittel_neu]</code>
            <domain>MATH</domain>
          </validationExpression>
          <feedbackText>Der Median ist so nicht korrekt!</feedbackText>
          <points>0</points>
          <terminal>false</terminal>
        </Rule>
        <Rule id="32">
          <name>Feedback_1</name>
          <orderIndex>1</orderIndex>
          <validationExpression id="33">
            <code>!isEmpty([input=field1])&amp;&amp;isRealNumber([input=field1])&amp;&amp;!isEmpty([input=field2])&amp;&amp;isRealNumber([input=field2])&amp;&amp;!isEmpty([input=field3])&amp;&amp;isRealNumber([input=field3])&amp;&amp;[input=field1]!=[var=modus]&amp;&amp;[input=field2]==[var=median]&amp;&amp;[input=field3]==[var=mittel_neu]</code>
            <domain>MATH</domain>
          </validationExpression>
          <feedbackText>Der Modus ist so nicht korrekt!</feedbackText>
          <points>0</points>
          <terminal>false</terminal>
        </Rule>
        <Rule id="34">
          <name>Feedback_6</name>
          <orderIndex>6</orderIndex>
          <validationExpression id="35">
            <code>!isEmpty([input=field1])&amp;&amp;isRealNumber([input=field1])&amp;&amp;!isEmpty([input=field2])&amp;&amp;isRealNumber([input=field2])&amp;&amp;!isEmpty([input=field3])&amp;&amp;isRealNumber([input=field3])&amp;&amp;[input=field1]==[var=modus]&amp;&amp;[input=field2]!=[var=median]&amp;&amp;[input=field3]!=[var=mittel_neu]</code>
            <domain>MATH</domain>
          </validationExpression>
          <feedbackText>Zwei Ihrer Angaben sind so nicht korrekt!</feedbackText>
          <points>0</points>
          <terminal>false</terminal>
        </Rule>
        <Rule id="36">
          <name>Feedback_5</name>
          <orderIndex>5</orderIndex>
          <validationExpression id="37">
            <code>!isEmpty([input=field1])&amp;&amp;isRealNumber([input=field1])&amp;&amp;!isEmpty([input=field2])&amp;&amp;isRealNumber([input=field2])&amp;&amp;!isEmpty([input=field3])&amp;&amp;isRealNumber([input=field3])&amp;&amp;[input=field1]!=[var=modus]&amp;&amp;[input=field2]==[var=median]&amp;&amp;[input=field3]!=[var=mittel_neu]</code>
            <domain>MATH</domain>
          </validationExpression>
          <feedbackText>Zwei Ihrer Angaben sind so nicht korrekt!</feedbackText>
          <points>0</points>
          <terminal>false</terminal>
        </Rule>
        <Rule id="38">
          <name>Feedback_4</name>
          <orderIndex>4</orderIndex>
          <validationExpression id="39">
            <code>!isEmpty([input=field1])&amp;&amp;isRealNumber([input=field1])&amp;&amp;!isEmpty([input=field2])&amp;&amp;isRealNumber([input=field2])&amp;&amp;!isEmpty([input=field3])&amp;&amp;isRealNumber([input=field3])&amp;&amp;[input=field1]!=[var=modus]&amp;&amp;[input=field2]!=[var=median]&amp;&amp;[input=field3]==[var=mittel_neu]</code>
            <domain>MATH</domain>
          </validationExpression>
          <feedbackText>Zwei Ihrer Angaben sind so nicht korrekt!</feedbackText>
          <points>0</points>
          <terminal>false</terminal>
        </Rule>
        <Rule id="40">
          <name>Feedback_3</name>
          <orderIndex>3</orderIndex>
          <validationExpression id="41">
            <code>!isEmpty([input=field1])&amp;&amp;isRealNumber([input=field1])&amp;&amp;!isEmpty([input=field2])&amp;&amp;isRealNumber([input=field2])&amp;&amp;!isEmpty([input=field3])&amp;&amp;isRealNumber([input=field3])&amp;&amp;[input=field1]==[var=modus]&amp;&amp;[input=field2]==[var=median]&amp;&amp;[input=field3]!=[var=mittel_neu]</code>
            <domain>MATH</domain>
          </validationExpression>
          <feedbackText>Das arithmetische Mittel ist so nicht korrekt! Rundungsfehler?</feedbackText>
          <points>0</points>
          <terminal>false</terminal>
        </Rule>
      </rules>
      <fillInFields id="42">
        <FillInField id="43">
          <name>field3</name>
          <orderIndex>2</orderIndex>
          <size>6</size>
          <formularEditorType>NUMBER</formularEditorType>
        </FillInField>
        <FillInField id="44">
          <name>field2</name>
          <orderIndex>1</orderIndex>
          <size>6</size>
          <formularEditorType>NUMBER</formularEditorType>
        </FillInField>
        <FillInField id="45">
          <name>field1</name>
          <orderIndex>0</orderIndex>
          <size>6</size>
          <formularEditorType>NUMBER</formularEditorType>
        </FillInField>
      </fillInFields>
      <dropDownFields id="46"/>
      <formularEditorPalette>MATHDOX_FORMULAR_EDITOR_BASIC</formularEditorPalette>
      <defaultFeedback>Leider nicht korrekt!</defaultFeedback>
      <correctAnswerRules id="47">
        <Rule id="48">
          <name>CorrectAnswer1</name>
          <orderIndex>1</orderIndex>
          <validationExpression id="49">
            <code>!isEmpty([input=field1])&amp;&amp;isRealNumber([input=field1])&amp;&amp;!isEmpty([input=field2])&amp;&amp;isRealNumber([input=field2])&amp;&amp;!isEmpty([input=field3])&amp;&amp;isRealNumber([input=field3])&amp;&amp;[input=field1]&gt;[var=modus]*0.999&amp;&amp;[input=field1]&lt;[var=modus]*1.001&amp;&amp;[input=field2]&gt;[var=median]*0.999&amp;&amp;[input=field2]&lt;[var=median]*1.001&amp;&amp;[input=field3]&gt;[var=mittel_neu]*0.999&amp;&amp;[input=field3]&lt;[var=mittel_neu]*1.001</code>
            <domain>MATH</domain>
          </validationExpression>
          <points>0</points>
          <terminal>false</terminal>
        </Rule>
      </correctAnswerRules>
      <correctAnswerFeedback>Richtig!</correctAnswerFeedback>
      <defaultResult>0</defaultResult>
    </FillInStage>
  </stages>
  <startStage class="FillInStage" reference="6"/>
  <variableDeclarations id="50">
    <VariableDeclaration id="51">
      <name>a</name>
      <initializationCode id="52">
        <code>randomIntegerBetween(20,30)</code>
        <domain>MATH</domain>
      </initializationCode>
    </VariableDeclaration>
    <VariableDeclaration id="53">
      <name>b</name>
      <initializationCode id="54">
        <code>randomIntegerBetween(3,5)</code>
        <domain>MATH</domain>
      </initializationCode>
    </VariableDeclaration>
    <VariableDeclaration id="55">
      <name>c</name>
      <initializationCode id="56">
        <code>randomIntegerBetween(2,5)</code>
        <domain>MATH</domain>
      </initializationCode>
    </VariableDeclaration>
    <VariableDeclaration id="57">
      <name>modus</name>
      <initializationCode id="58">
        <code>[var=a]*100</code>
        <domain>MATH</domain>
      </initializationCode>
    </VariableDeclaration>
    <VariableDeclaration id="59">
      <name>median</name>
      <initializationCode id="60">
        <code>([var=a]+[var=b])*100</code>
        <domain>MATH</domain>
      </initializationCode>
    </VariableDeclaration>
    <VariableDeclaration id="61">
      <name>mittel</name>
      <initializationCode id="62">
        <code>([var=a]+[var=b]+[var=c])*100</code>
        <domain>MATH</domain>
      </initializationCode>
    </VariableDeclaration>
    <VariableDeclaration id="63">
      <name>d</name>
      <initializationCode id="64">
        <code>randomIntegerBetween(20,100)</code>
        <domain>MATH</domain>
      </initializationCode>
    </VariableDeclaration>
    <VariableDeclaration id="65">
      <name>z1</name>
      <initializationCode id="66">
        <code>[var=median]+([var=d]*10)</code>
        <domain>MATH</domain>
      </initializationCode>
    </VariableDeclaration>
    <VariableDeclaration id="67">
      <name>e</name>
      <initializationCode id="68">
        <code>randomIntegerBetween(100,130)</code>
        <domain>MATH</domain>
      </initializationCode>
    </VariableDeclaration>
    <VariableDeclaration id="69">
      <name>z2</name>
      <initializationCode id="70">
        <code>[var=median]+([var=e]*10)</code>
        <domain>MATH</domain>
      </initializationCode>
    </VariableDeclaration>
    <VariableDeclaration id="71">
      <name>f</name>
      <initializationCode id="72">
        <code>randomIntegerBetween(20,100)</code>
        <domain>MATH</domain>
      </initializationCode>
    </VariableDeclaration>
    <VariableDeclaration id="73">
      <name>z3</name>
      <initializationCode id="74">
        <code>[var=median]-([var=f]*10)</code>
        <domain>MATH</domain>
      </initializationCode>
    </VariableDeclaration>
    <VariableDeclaration id="75">
      <name>g</name>
      <initializationCode id="76">
        <code>randomIntegerBetween(100,130)</code>
        <domain>MATH</domain>
      </initializationCode>
    </VariableDeclaration>
    <VariableDeclaration id="77">
      <name>z4</name>
      <initializationCode id="78">
        <code>[var=median]-([var=g]*10)</code>
        <domain>MATH</domain>
      </initializationCode>
    </VariableDeclaration>
    <VariableDeclaration id="79">
      <name>mittel_neu</name>
      <initializationCode id="80">
        <code>round((([var=mittel]*130)+[var=z1]+[var=z2]+[var=z3]+[var=z4])/134)</code>
        <domain>MATH</domain>
      </initializationCode>
    </VariableDeclaration>
  </variableDeclarations>
  <jSXGraphs id="81"/>
  <dynamicMolecules id="82"/>
  <resultFeedbackMappings id="83"/>
</Exercise>