<Exercise id="1">
  <name>DS3-04 Lageparameter 4</name>
  <publicDescription></publicDescription>
  <internalNotes>arithemtisches Mittel bei klassierten Daten

Die  Materialien sind lizenziert unter CC BY-NC-SA 4.0. Eine Kopie dieser Lizenz finden Sie unter http://creativecommons.org/licenses/by-nc-sa/4.0/

The materials are licensed under CC BY-NC-SA 4.0. You can find a copy of this license at http://creativecommons.org/licenses/by-nc-sa/4.0/</internalNotes>
  <language>de</language>
  <difficulty>2</difficulty>
  <tags id="2">
    <Tag id="3">
      <name>Desk_22</name>
    </Tag>
  </tags>
  <resources id="4"/>
  <stages id="5">
    <FillInStage id="6">
      <internalName>1</internalName>
      <externalName>Stage 1</externalName>
      <taskDescription>&lt;strong&gt;Aufgabenstellung:&lt;/strong&gt;&lt;br /&gt;&#xd;
&lt;br /&gt;&#xd;
Ihnen liegt folgende H&amp;auml;ufigkeitstabelle vor:&lt;br /&gt;&#xd;
&lt;br /&gt;&#xd;
$$\begin{matrix}&lt;br /&gt;&#xd;
k &amp;amp; (x^{\prime}_{k-1}, \, x^{\prime}_k] &amp;amp; n_{k} &amp;amp; h_{k} &amp;amp; \Delta_{k} &amp;amp; m_{k} &amp;amp; \bar{x}_{k} \\&lt;br /&gt;&#xd;
\hline&lt;br /&gt;&#xd;
1 &amp;amp; (0, 30] &amp;amp; [var=n1] &amp;amp; [var=h1] &amp;amp; 30 &amp;amp; 15 &amp;amp; [var=a] \\&lt;br /&gt;&#xd;
2 &amp;amp; (30, 50] &amp;amp; [var=n2] &amp;amp; [var=h2] &amp;amp; 20 &amp;amp; 40 &amp;amp; [var=b] \\&lt;br /&gt;&#xd;
3 &amp;amp; (50, 70] &amp;amp; [var=n3] &amp;amp; [var=h3] &amp;amp; 20 &amp;amp; 60 &amp;amp; [var=c] \\&lt;br /&gt;&#xd;
4 &amp;amp; (70, 200] &amp;amp; [var=n4] &amp;amp; [var=h4] &amp;amp; 130 &amp;amp; 135 &amp;amp; [var=d] \\&lt;br /&gt;&#xd;
\hline&lt;br /&gt;&#xd;
&amp;amp; &amp;amp; 20 &amp;amp; 1 &amp;amp; &amp;amp; &amp;amp; \\&lt;br /&gt;&#xd;
\end{matrix}$$&lt;br /&gt;&#xd;
Berechnen Sie das arithmetische Mittel.&lt;br /&gt;&#xd;
&lt;br /&gt;&#xd;
&lt;strong&gt;Einreichung:&lt;/strong&gt;&lt;br /&gt;&#xd;
&lt;br /&gt;&#xd;
$\bar{x} = \,$&amp;nbsp;&lt;input name=&quot;field1&quot; size=&quot;8&quot; type=&quot;text&quot; value=&quot;field1&quot; /&gt;&amp;nbsp;&lt;br /&gt;&#xd;
&lt;br /&gt;&#xd;
&lt;span style=&quot;font-size:14px;&quot;&gt;&lt;em&gt;(Runden Sie Ihre Ergebnisse, falls n&amp;ouml;tig, auf 2 Stellen nach dem Komma und benutzen Sie einen Dezimalpunkt.)&lt;/em&gt;&lt;/span&gt; &lt;!--&#xd;
&lt;p&gt;&lt;a href=&quot;https://rdrr.io/snippets/embed/&quot; onclick=&quot;window.open(&apos;https://rdrr.io/snippets/embed/?code=&apos;,&apos;R Console&apos;,&apos; margin-top: 20px; top=200,left=100,width=480,height=640,menubar=no,toolbar=no,&apos;); return false;&quot; target=&quot;_blank&quot;&gt;&lt;img alt=&quot;R_ Logo&quot; pull-right=&quot;&quot; src=&quot;/econometrics/resource?resource=157444&quot; style=&quot;width: 40px; height: 50px; float: right; margin: 5px&quot; /&gt;&lt;/a&gt;&lt;/p&gt;&#xd;
--&gt;</taskDescription>
      <skipMessage>$\bar x = [var=mean1]$</skipMessage>
      <defaultTransition id="7">
        <conditionExpression id="8">
          <domain>MATH</domain>
        </conditionExpression>
        <stageExpression id="9">
          <domain>MATH</domain>
        </stageExpression>
        <isRepeat>true</isRepeat>
      </defaultTransition>
      <skipTransitions id="10">
        <StageTransition id="11">
          <conditionExpression id="12">
            <code></code>
            <domain>MATH</domain>
          </conditionExpression>
          <stageExpression id="13">
            <domain>MATH</domain>
          </stageExpression>
          <isRepeat>false</isRepeat>
        </StageTransition>
      </skipTransitions>
      <stageTransitions id="14">
        <StageTransition id="15">
          <conditionExpression id="16">
            <code></code>
            <domain>MATH</domain>
          </conditionExpression>
          <stageExpression id="17">
            <code>[meta=stageCurrentResult]&gt;=100</code>
            <domain>MATH</domain>
          </stageExpression>
          <isRepeat>false</isRepeat>
        </StageTransition>
      </stageTransitions>
      <hints id="18">
        <StageHint id="19">
          <stagehint__order>0</stagehint__order>
          <text>Sind die arithmetischen Klassenmittel $\bar{x}_k$ bekannt, l&amp;auml;sst sich $\bar{x}$ exakt ermitteln, indem man $\bar{x}_k$ mit der jeweiligen H&amp;auml;ufigkeit $n_k$ multipliziert und anschlie&amp;szlig;end durch die kumulierte H&amp;auml;ufigkeit aller Klassenelemte dividiert:&lt;br /&gt;
&lt;br /&gt;
$\bar{x} \ = \ \frac{1}{n}\sum_{k=1}^{K} \bar{x}_kn_{k}$</text>
          <malus>0</malus>
          <stage class="FillInStage" reference="6"/>
        </StageHint>
      </hints>
      <variableUpdatesOnEnter id="20"/>
      <variableUpdatesBeforeCheck id="21"/>
      <variableUpdatesAfterCheck id="22"/>
      <variableUpdatesOnNormalExit id="23"/>
      <variableUpdatesOnRepeat id="24"/>
      <variableUpdatesOnSkip id="25"/>
      <weight>1</weight>
      <orderIndex>0</orderIndex>
      <allowSkip>true</allowSkip>
      <resources id="26"/>
      <rules id="27"/>
      <fillInFields id="28">
        <FillInField id="29">
          <name>field1</name>
          <orderIndex>0</orderIndex>
          <size>8</size>
          <formularEditorType>NUMBER</formularEditorType>
        </FillInField>
      </fillInFields>
      <dropDownFields id="30"/>
      <formularEditorPalette>MATHDOX_FORMULAR_EDITOR_BASIC</formularEditorPalette>
      <defaultFeedback>Leider nicht korrekt.</defaultFeedback>
      <correctAnswerRules id="31">
        <Rule id="32">
          <name>CorrectAnswer1</name>
          <orderIndex>1</orderIndex>
          <validationExpression id="33">
            <code>!isEmpty([input=field1])&amp;&amp;isRealNumber([input=field1])&amp;&amp;[input=field1]&gt;[var=mean1]*0.95&amp;&amp;[input=field1]&lt;[var=mean1]*1.05</code>
            <domain>MATH</domain>
          </validationExpression>
          <points>0</points>
          <terminal>false</terminal>
        </Rule>
      </correctAnswerRules>
      <correctAnswerFeedback>Richtig.</correctAnswerFeedback>
      <defaultResult>0</defaultResult>
    </FillInStage>
  </stages>
  <startStage class="FillInStage" reference="6"/>
  <variableDeclarations id="34">
    <VariableDeclaration id="35">
      <name>n1</name>
      <initializationCode id="36">
        <code>randomIntegerBetween(3,4)</code>
        <domain>MATH</domain>
      </initializationCode>
    </VariableDeclaration>
    <VariableDeclaration id="37">
      <name>n2</name>
      <initializationCode id="38">
        <code>randomIntegerBetween(3,4)</code>
        <domain>MATH</domain>
      </initializationCode>
    </VariableDeclaration>
    <VariableDeclaration id="39">
      <name>n3</name>
      <initializationCode id="40">
        <code>randomIntegerBetween(3,4)</code>
        <domain>MATH</domain>
      </initializationCode>
    </VariableDeclaration>
    <VariableDeclaration id="41">
      <name>n4</name>
      <initializationCode id="42">
        <code>evaluateInR(&apos;20-[var=n1]-[var=n2]-[var=n3]&apos;)</code>
        <domain>MATH</domain>
      </initializationCode>
    </VariableDeclaration>
    <VariableDeclaration id="43">
      <name>h1</name>
      <initializationCode id="44">
        <code>evaluateInR(&apos;[var=n1]/20&apos;)</code>
        <domain>MATH</domain>
      </initializationCode>
    </VariableDeclaration>
    <VariableDeclaration id="45">
      <name>h2</name>
      <initializationCode id="46">
        <code>evaluateInR(&apos;[var=n2]/20&apos;)</code>
        <domain>MATH</domain>
      </initializationCode>
    </VariableDeclaration>
    <VariableDeclaration id="47">
      <name>h3</name>
      <initializationCode id="48">
        <code>evaluateInR(&apos;[var=n3]/20&apos;)</code>
        <domain>MATH</domain>
      </initializationCode>
    </VariableDeclaration>
    <VariableDeclaration id="49">
      <name>h4</name>
      <initializationCode id="50">
        <code>evaluateInR(&apos;[var=n4]/20&apos;)</code>
        <domain>MATH</domain>
      </initializationCode>
    </VariableDeclaration>
    <VariableDeclaration id="51">
      <name>a</name>
      <initializationCode id="52">
        <code>randomIntegerBetween(20,26)</code>
        <domain>MATH</domain>
      </initializationCode>
    </VariableDeclaration>
    <VariableDeclaration id="53">
      <name>b</name>
      <initializationCode id="54">
        <code>randomIntegerBetween(37,48)</code>
        <domain>MATH</domain>
      </initializationCode>
    </VariableDeclaration>
    <VariableDeclaration id="55">
      <name>c</name>
      <initializationCode id="56">
        <code>randomIntegerBetween(55,66)</code>
        <domain>MATH</domain>
      </initializationCode>
    </VariableDeclaration>
    <VariableDeclaration id="57">
      <name>d</name>
      <initializationCode id="58">
        <code>randomIntegerBetween(113,154)</code>
        <domain>MATH</domain>
      </initializationCode>
    </VariableDeclaration>
    <VariableDeclaration id="59">
      <name>s1</name>
      <initializationCode id="60">
        <code>randomIntegerBetween(100,300)</code>
        <domain>MATH</domain>
      </initializationCode>
    </VariableDeclaration>
    <VariableDeclaration id="61">
      <name>s2</name>
      <initializationCode id="62">
        <code>randomIntegerBetween(100,300)</code>
        <domain>MATH</domain>
      </initializationCode>
    </VariableDeclaration>
    <VariableDeclaration id="63">
      <name>s3</name>
      <initializationCode id="64">
        <code>randomIntegerBetween(100,300)</code>
        <domain>MATH</domain>
      </initializationCode>
    </VariableDeclaration>
    <VariableDeclaration id="65">
      <name>s4</name>
      <initializationCode id="66">
        <code>randomIntegerBetween(1000,1500)</code>
        <domain>MATH</domain>
      </initializationCode>
    </VariableDeclaration>
    <VariableDeclaration id="67">
      <name>mean1</name>
      <initializationCode id="68">
        <code>evaluateInR(&apos;round((([var=a]*[var=n1]+[var=b]*[var=n2]+[var=c]*[var=n3]+[var=d]*[var=n4])/20), 2)&apos;)</code>
        <domain>MATH</domain>
      </initializationCode>
    </VariableDeclaration>
  </variableDeclarations>
  <jSXGraphs id="69"/>
  <dynamicMolecules id="70"/>
  <resultFeedbackMappings id="71"/>
</Exercise>