<Exercise id="1">
  <name>DS3-02 Lageparameter 2</name>
  <publicDescription></publicDescription>
  <internalNotes>Beobachtungen gegeben, arithmetisches Mittel gegeben, Varianz und Standardabweichung gegeben, Berechnen der Summe der Beobachtungen

Die  Materialien sind lizenziert unter CC BY-NC-SA 4.0. Eine Kopie dieser Lizenz finden Sie unter http://creativecommons.org/licenses/by-nc-sa/4.0/

The materials are licensed under CC BY-NC-SA 4.0. You can find a copy of this license at http://creativecommons.org/licenses/by-nc-sa/4.0/</internalNotes>
  <language>de</language>
  <difficulty>2</difficulty>
  <tags id="2"/>
  <resources id="3"/>
  <stages id="4">
    <FillInStage id="5">
      <internalName>1</internalName>
      <externalName>Stage 1</externalName>
      <taskDescription>&lt;strong&gt;Aufgabenstellung:&lt;/strong&gt;&lt;br /&gt;&#xd;
&lt;br /&gt;&#xd;
Gegeben sei eine Stichprobe $X$ mit $n=25$.&lt;br /&gt;&#xd;
&lt;br /&gt;&#xd;
$$\begin{matrix}&lt;br /&gt;&#xd;
x_1 &amp;amp; x_2 &amp;amp; x_3 &amp;amp; x_4 &amp;amp; x_5 &amp;amp;&amp;nbsp;x_6 &amp;amp; x_7 &amp;amp; x_8 &amp;amp; x_9 &amp;amp; x_{10} &amp;amp;&amp;nbsp;x_{11} &amp;amp; x_{12} &amp;amp; x_{13} &amp;amp; x_{14} &amp;amp; x_{15} \\&lt;br /&gt;&#xd;
\hline&lt;br /&gt;&#xd;
[var=x1] &amp;amp; [var=x2] &amp;amp; [var=x3] &amp;amp; [var=x4] &amp;amp; [var=x5] &amp;amp;&amp;nbsp;[var=x6] &amp;amp; [var=x7] &amp;amp; [var=x8] &amp;amp; [var=x9] &amp;amp; [var=x10] &amp;amp; [var=x11] &amp;amp; [var=x12] &amp;amp; [var=x13] &amp;amp; [var=x14] &amp;amp; [var=x15]\\&lt;br /&gt;&#xd;
\end{matrix}$$&lt;br /&gt;&#xd;
$$\begin{matrix}&lt;br /&gt;&#xd;
x_{16} &amp;amp; x_{17} &amp;amp; x_{18} &amp;amp; x_{19} &amp;amp; x_{20} &amp;amp; x_{21} &amp;amp; x_{22} &amp;amp; x_{23} &amp;amp; x_{24} &amp;amp; x_{25}\\&lt;br /&gt;&#xd;
\hline&lt;br /&gt;&#xd;
[var=x16] &amp;amp; [var=x17] &amp;amp; [var=x18] &amp;amp; [var=x19] &amp;amp; [var=x20] &amp;amp; [var=x21] &amp;amp; [var=x22] &amp;amp; [var=x23] &amp;amp; [var=x24] &amp;amp; [var=x25] \\&lt;br /&gt;&#xd;
\end{matrix}$$&lt;br /&gt;&#xd;
&lt;br /&gt;&#xd;
Von dieser Stichprobe ist $\bar x=[var=xbar]$ bekannt.&amp;nbsp;Weiterhin wissen Sie: $s^2=[var=s2g]$.&lt;br /&gt;&#xd;
&lt;br /&gt;&#xd;
Woraus Sie schlie&amp;szlig;en, dass die Standardabweichung $[var=sg]$ betr&amp;auml;gt.&lt;br /&gt;&#xd;
&lt;br /&gt;&#xd;
&lt;strong&gt;Einreichung:&lt;/strong&gt;&lt;br /&gt;&#xd;
&lt;br /&gt;&#xd;
Berechnen Sie:&lt;br /&gt;&#xd;
&lt;br /&gt;&#xd;
$\sum_{j=1}^n x_j=$ &amp;nbsp;&lt;input name=&quot;field1&quot; size=&quot;6&quot; type=&quot;text&quot; value=&quot;field1&quot; /&gt;&amp;nbsp; &lt;!--&#xd;
&lt;p&gt;&lt;a href=&quot;https://rdrr.io/snippets/embed/&quot; onclick=&quot;window.open(&apos;https://rdrr.io/snippets/embed/?code=&apos;,&apos;R Console&apos;,&apos; margin-top: 20px; top=200,left=100,width=480,height=640,menubar=no,toolbar=no,&apos;); return false;&quot; target=&quot;_blank&quot;&gt;&lt;img alt=&quot;R_ Logo&quot; pull-right=&quot;&quot; src=&quot;/econometrics/resource?resource=157444&quot; style=&quot;width: 40px; height: 50px; float: right; margin: 5px&quot; /&gt;&lt;/a&gt;&lt;/p&gt;&#xd;
--&gt;</taskDescription>
      <skipMessage>$\sum_{j=1}^{25} x_j=[var=sum]$</skipMessage>
      <defaultTransition id="6">
        <conditionExpression id="7">
          <domain>MATH</domain>
        </conditionExpression>
        <stageExpression id="8">
          <domain>MATH</domain>
        </stageExpression>
        <isRepeat>true</isRepeat>
      </defaultTransition>
      <skipTransitions id="9">
        <StageTransition id="10">
          <conditionExpression id="11">
            <code></code>
            <domain>MATH</domain>
          </conditionExpression>
          <stageExpression id="12">
            <domain>MATH</domain>
          </stageExpression>
          <isRepeat>false</isRepeat>
        </StageTransition>
      </skipTransitions>
      <stageTransitions id="13">
        <StageTransition id="14">
          <conditionExpression id="15">
            <code></code>
            <domain>MATH</domain>
          </conditionExpression>
          <stageExpression id="16">
            <code>[meta=stageCurrentResult]&gt;=100</code>
            <domain>MATH</domain>
          </stageExpression>
          <isRepeat>false</isRepeat>
        </StageTransition>
      </stageTransitions>
      <hints id="17">
        <StageHint id="18">
          <stagehint__order>0</stagehint__order>
          <text>Einer der angegebenen Parameter der Stichprobe hilft, die Aufgabe effizient zu l&amp;ouml;sen.&lt;br /&gt;
&lt;br /&gt;
&lt;em&gt;(Es ist ein weiterer Hinweis vorhanden)&lt;/em&gt;</text>
          <malus>0</malus>
          <stage class="FillInStage" reference="5"/>
        </StageHint>
        <StageHint id="19">
          <stagehint__order>1</stagehint__order>
          <text>Es gilt: $\sum_{j=1}^n x_j$=$n\bar{x}$ </text>
          <malus>0</malus>
          <stage class="FillInStage" reference="5"/>
        </StageHint>
      </hints>
      <variableUpdatesOnEnter id="20"/>
      <variableUpdatesBeforeCheck id="21"/>
      <variableUpdatesAfterCheck id="22"/>
      <variableUpdatesOnNormalExit id="23"/>
      <variableUpdatesOnRepeat id="24"/>
      <variableUpdatesOnSkip id="25"/>
      <weight>1</weight>
      <orderIndex>0</orderIndex>
      <allowSkip>true</allowSkip>
      <resources id="26"/>
      <rules id="27"/>
      <fillInFields id="28">
        <FillInField id="29">
          <name>field1</name>
          <orderIndex>0</orderIndex>
          <size>6</size>
          <formularEditorType>NUMBER</formularEditorType>
        </FillInField>
      </fillInFields>
      <dropDownFields id="30"/>
      <formularEditorPalette>MATHDOX_FORMULAR_EDITOR_BASIC</formularEditorPalette>
      <defaultFeedback>Leider nicht korrekt!</defaultFeedback>
      <correctAnswerRules id="31">
        <Rule id="32">
          <name>CorrectAnswer1</name>
          <orderIndex>1</orderIndex>
          <validationExpression id="33">
            <code>!isEmpty([input=field1])&amp;&amp;isRealNumber([input=field1])&amp;&amp;[input=field1]&gt;[var=sum]*0.99&amp;&amp;[input=field1]&lt;[var=sum]*1.01</code>
            <domain>MATH</domain>
          </validationExpression>
          <points>0</points>
          <terminal>false</terminal>
        </Rule>
      </correctAnswerRules>
      <correctAnswerFeedback>Richtig.</correctAnswerFeedback>
      <defaultResult>0</defaultResult>
    </FillInStage>
  </stages>
  <startStage class="FillInStage" reference="5"/>
  <variableDeclarations id="34">
    <VariableDeclaration id="35">
      <name>x1</name>
      <initializationCode id="36">
        <code>randomIntegerBetween(1,20)</code>
        <domain>MATH</domain>
      </initializationCode>
    </VariableDeclaration>
    <VariableDeclaration id="37">
      <name>x2</name>
      <initializationCode id="38">
        <code>randomIntegerBetween(1,20)</code>
        <domain>MATH</domain>
      </initializationCode>
    </VariableDeclaration>
    <VariableDeclaration id="39">
      <name>x3</name>
      <initializationCode id="40">
        <code>randomIntegerBetween(1,20)</code>
        <domain>MATH</domain>
      </initializationCode>
    </VariableDeclaration>
    <VariableDeclaration id="41">
      <name>x4</name>
      <initializationCode id="42">
        <code>randomIntegerBetween(1,20)</code>
        <domain>MATH</domain>
      </initializationCode>
    </VariableDeclaration>
    <VariableDeclaration id="43">
      <name>x5</name>
      <initializationCode id="44">
        <code>randomIntegerBetween(1,20)</code>
        <domain>MATH</domain>
      </initializationCode>
    </VariableDeclaration>
    <VariableDeclaration id="45">
      <name>x6</name>
      <initializationCode id="46">
        <code>randomIntegerBetween(1,20)</code>
        <domain>MATH</domain>
      </initializationCode>
    </VariableDeclaration>
    <VariableDeclaration id="47">
      <name>x7</name>
      <initializationCode id="48">
        <code>randomIntegerBetween(1,20)</code>
        <domain>MATH</domain>
      </initializationCode>
    </VariableDeclaration>
    <VariableDeclaration id="49">
      <name>x8</name>
      <initializationCode id="50">
        <code>randomIntegerBetween(1,20)</code>
        <domain>MATH</domain>
      </initializationCode>
    </VariableDeclaration>
    <VariableDeclaration id="51">
      <name>x9</name>
      <initializationCode id="52">
        <code>randomIntegerBetween(1,20)</code>
        <domain>MATH</domain>
      </initializationCode>
    </VariableDeclaration>
    <VariableDeclaration id="53">
      <name>x10</name>
      <initializationCode id="54">
        <code>randomIntegerBetween(1,20)</code>
        <domain>MATH</domain>
      </initializationCode>
    </VariableDeclaration>
    <VariableDeclaration id="55">
      <name>x11</name>
      <initializationCode id="56">
        <code>randomIntegerBetween(1,20)</code>
        <domain>MATH</domain>
      </initializationCode>
    </VariableDeclaration>
    <VariableDeclaration id="57">
      <name>x12</name>
      <initializationCode id="58">
        <code>randomIntegerBetween(1,20)</code>
        <domain>MATH</domain>
      </initializationCode>
    </VariableDeclaration>
    <VariableDeclaration id="59">
      <name>x13</name>
      <initializationCode id="60">
        <code>randomIntegerBetween(1,20)</code>
        <domain>MATH</domain>
      </initializationCode>
    </VariableDeclaration>
    <VariableDeclaration id="61">
      <name>x14</name>
      <initializationCode id="62">
        <code>randomIntegerBetween(1,20)</code>
        <domain>MATH</domain>
      </initializationCode>
    </VariableDeclaration>
    <VariableDeclaration id="63">
      <name>x15</name>
      <initializationCode id="64">
        <code>randomIntegerBetween(1,20)</code>
        <domain>MATH</domain>
      </initializationCode>
    </VariableDeclaration>
    <VariableDeclaration id="65">
      <name>x16</name>
      <initializationCode id="66">
        <code>randomIntegerBetween(1,20)</code>
        <domain>MATH</domain>
      </initializationCode>
    </VariableDeclaration>
    <VariableDeclaration id="67">
      <name>x17</name>
      <initializationCode id="68">
        <code>randomIntegerBetween(1,20)</code>
        <domain>MATH</domain>
      </initializationCode>
    </VariableDeclaration>
    <VariableDeclaration id="69">
      <name>x18</name>
      <initializationCode id="70">
        <code>randomIntegerBetween(1,20)</code>
        <domain>MATH</domain>
      </initializationCode>
    </VariableDeclaration>
    <VariableDeclaration id="71">
      <name>x19</name>
      <initializationCode id="72">
        <code>randomIntegerBetween(1,20)</code>
        <domain>MATH</domain>
      </initializationCode>
    </VariableDeclaration>
    <VariableDeclaration id="73">
      <name>x20</name>
      <initializationCode id="74">
        <code>randomIntegerBetween(1,20)</code>
        <domain>MATH</domain>
      </initializationCode>
    </VariableDeclaration>
    <VariableDeclaration id="75">
      <name>x21</name>
      <initializationCode id="76">
        <code>randomIntegerBetween(1,20)</code>
        <domain>MATH</domain>
      </initializationCode>
    </VariableDeclaration>
    <VariableDeclaration id="77">
      <name>x22</name>
      <initializationCode id="78">
        <code>randomIntegerBetween(1,20)</code>
        <domain>MATH</domain>
      </initializationCode>
    </VariableDeclaration>
    <VariableDeclaration id="79">
      <name>x23</name>
      <initializationCode id="80">
        <code>randomIntegerBetween(1,20)</code>
        <domain>MATH</domain>
      </initializationCode>
    </VariableDeclaration>
    <VariableDeclaration id="81">
      <name>x24</name>
      <initializationCode id="82">
        <code>randomIntegerBetween(1,20)</code>
        <domain>MATH</domain>
      </initializationCode>
    </VariableDeclaration>
    <VariableDeclaration id="83">
      <name>x25</name>
      <initializationCode id="84">
        <code>randomIntegerBetween(1,20)</code>
        <domain>MATH</domain>
      </initializationCode>
    </VariableDeclaration>
    <VariableDeclaration id="85">
      <name>xbar</name>
      <initializationCode id="86">
        <code>evaluateInR(&apos;([var=x1]+[var=x2]+[var=x3]+[var=x4]+[var=x5]+[var=x6]+[var=x7]+[var=x8]+[var=x9]+[var=x10]+[var=x11]+[var=x12]+[var=x13]+[var=x14]+[var=x15]+[var=x16]+[var=x17]+[var=x18]+[var=x19]+[var=x20]+[var=x21]+[var=x22]+[var=x23]+[var=x24]+[var=x25])/25&apos;)</code>
        <domain>MATH</domain>
      </initializationCode>
    </VariableDeclaration>
    <VariableDeclaration id="87">
      <name>s2</name>
      <initializationCode id="88">
        <code>evaluateInR(&apos;(([var=x1]-[var=xbar])^2+([var=x2]-[var=xbar])^2+([var=x3]-[var=xbar])^2+([var=x4]-[var=xbar])^2+([var=x5]-[var=xbar])^2+([var=x6]-[var=xbar])^2+([var=x7]-[var=xbar])^2+([var=x8]-[var=xbar])^2+([var=x9]-[var=xbar])^2+([var=x10]-[var=xbar])^2+([var=x11]-[var=xbar])^2+([var=x12]-[var=xbar])^2+([var=x13]-[var=xbar])^2+([var=x14]-[var=xbar])^2+([var=x15]-[var=xbar])^2+([var=x16]-[var=xbar])^2+([var=x17]-[var=xbar])^2+([var=x18]-[var=xbar])^2+([var=x19]-[var=xbar])^2+([var=x20]-[var=xbar])^2+([var=x21]-[var=xbar])^2+([var=x22]-[var=xbar])^2+([var=x23]-[var=xbar])^2+([var=x24]-[var=xbar])^2+([var=x25]-[var=xbar])^2)/24&apos;)</code>
        <domain>MATH</domain>
      </initializationCode>
    </VariableDeclaration>
    <VariableDeclaration id="89">
      <name>s2g</name>
      <initializationCode id="90">
        <code>evaluateInR(&apos;round([var=s2], 2)&apos;)</code>
        <domain>MATH</domain>
      </initializationCode>
    </VariableDeclaration>
    <VariableDeclaration id="91">
      <name>sg</name>
      <initializationCode id="92">
        <code>evaluateInR(&apos;round(sqrt([var=s2]), 2)&apos;)</code>
        <domain>MATH</domain>
      </initializationCode>
    </VariableDeclaration>
    <VariableDeclaration id="93">
      <name>sum</name>
      <initializationCode id="94">
        <code>evaluateInR(&apos;([var=x1]+[var=x2]+[var=x3]+[var=x4]+[var=x5]+[var=x6]+[var=x7]+[var=x8]+[var=x9]+[var=x10]+[var=x11]+[var=x12]+[var=x13]+[var=x14]+[var=x15]+[var=x16]+[var=x17]+[var=x18]+[var=x19]+[var=x20]+[var=x21]+[var=x22]+[var=x23]+[var=x24]+[var=x25])&apos;)</code>
        <domain>MATH</domain>
      </initializationCode>
    </VariableDeclaration>
  </variableDeclarations>
  <jSXGraphs id="95"/>
  <dynamicMolecules id="96"/>
  <resultFeedbackMappings id="97"/>
</Exercise>