<Exercise id="1">
  <name>DS7-05 Zweidimensionale Datensätze 5</name>
  <publicDescription></publicDescription>
  <internalNotes>Stage1: Kontingenztabelle erstellen
Stage2: Bedingte rel. häufigkeiten bestimmen und auf st. Unabhängigkeit prüfen
Stage3: Kovarianz
Stage4: Bravais-Pearson

Die  Materialien sind lizenziert unter CC BY-NC-SA 4.0. Eine Kopie dieser Lizenz finden Sie unter http://creativecommons.org/licenses/by-nc-sa/4.0/

The materials are licensed under CC BY-NC-SA 4.0. You can find a copy of this license at http://creativecommons.org/licenses/by-nc-sa/4.0/</internalNotes>
  <language>de</language>
  <difficulty>3</difficulty>
  <tags id="2">
    <Tag id="3">
      <name>Desk_22</name>
    </Tag>
  </tags>
  <resources id="4"/>
  <stages id="5">
    <FillInStage id="6">
      <internalName>1</internalName>
      <externalName>Stage 1</externalName>
      <taskDescription>&lt;strong&gt;Aufgabenstellung:&lt;/strong&gt;&lt;br /&gt;&#xd;
&lt;br /&gt;&#xd;
Ermitteln Sie f&amp;uuml;r folgende Wertepaare:&lt;br /&gt;&#xd;
$$\begin{matrix}&lt;br /&gt;&#xd;
\textrm{i,j} &amp;amp; 1 &amp;amp; 2 &amp;amp; 3 &amp;amp; 4 &amp;amp; 5 &amp;amp; 6 &amp;amp; 7 &amp;amp; 8 &amp;amp; 9 &amp;amp; 10 \\&lt;br /&gt;&#xd;
\hline&lt;br /&gt;&#xd;
x_i &amp;amp; [var=x1] &amp;amp; [var=x2] &amp;amp; [var=x3] &amp;amp; [var=x4] &amp;amp; [var=x5] &amp;amp; [var=x6] &amp;amp; [var=x7] &amp;amp; [var=x8] &amp;amp; [var=x9] &amp;amp; [var=x10] \\&lt;br /&gt;&#xd;
y_j &amp;amp; [var=y1] &amp;amp; [var=y2] &amp;amp; [var=y3] &amp;amp; [var=y4] &amp;amp; [var=y5] &amp;amp; [var=y6] &amp;amp; [var=y7] &amp;amp; [var=y8] &amp;amp; [var=y9] &amp;amp; [var=y10] \\&lt;br /&gt;&#xd;
\end{matrix}$$&lt;br /&gt;&#xd;
die entsprechende Kontingenztabelle:&lt;br /&gt;&#xd;
&lt;br /&gt;&#xd;
&lt;strong&gt;Einreichung:&lt;/strong&gt;&lt;br /&gt;&#xd;
&amp;nbsp;&#xd;
&lt;table border=&quot;0&quot; cellpadding=&quot;1&quot; cellspacing=&quot;1&quot; style=&quot;width:500px;&quot;&gt;&#xd;
	&lt;tbody&gt;&#xd;
		&lt;tr&gt;&#xd;
			&lt;td&gt;X/Y&lt;br /&gt;&#xd;
			&amp;nbsp;&lt;/td&gt;&#xd;
			&lt;td style=&quot;text-align: center;&quot;&gt;&lt;input name=&quot;field1&quot; size=&quot;6&quot; type=&quot;text&quot; value=&quot;field1&quot; /&gt;&lt;br /&gt;&#xd;
			&amp;nbsp;&lt;/td&gt;&#xd;
			&lt;td style=&quot;text-align: center;&quot;&gt;&amp;nbsp;&lt;input name=&quot;field2&quot; size=&quot;6&quot; type=&quot;text&quot; value=&quot;field2&quot; /&gt;&lt;br /&gt;&#xd;
			&amp;nbsp;&lt;/td&gt;&#xd;
			&lt;td style=&quot;text-align: right;&quot;&gt;$n_{i \cdot}$&lt;br /&gt;&#xd;
			&amp;nbsp;&lt;/td&gt;&#xd;
		&lt;/tr&gt;&#xd;
		&lt;tr&gt;&#xd;
			&lt;td&gt;&lt;input name=&quot;field3&quot; size=&quot;6&quot; type=&quot;text&quot; value=&quot;field3&quot; /&gt;&lt;/td&gt;&#xd;
			&lt;td style=&quot;text-align: center;&quot;&gt;&lt;input name=&quot;field4&quot; size=&quot;6&quot; type=&quot;text&quot; value=&quot;field4&quot; /&gt;&lt;/td&gt;&#xd;
			&lt;td style=&quot;text-align: center;&quot;&gt;&amp;nbsp;&lt;input name=&quot;field5&quot; size=&quot;6&quot; type=&quot;text&quot; value=&quot;field5&quot; /&gt;&lt;/td&gt;&#xd;
			&lt;td style=&quot;text-align: right;&quot;&gt;&amp;nbsp;&lt;input name=&quot;field6&quot; size=&quot;6&quot; type=&quot;text&quot; value=&quot;field6&quot; /&gt;&lt;/td&gt;&#xd;
		&lt;/tr&gt;&#xd;
		&lt;tr&gt;&#xd;
			&lt;td&gt;&lt;input name=&quot;field7&quot; size=&quot;6&quot; type=&quot;text&quot; value=&quot;field7&quot; /&gt;&lt;/td&gt;&#xd;
			&lt;td style=&quot;text-align: center;&quot;&gt;&lt;input name=&quot;field8&quot; size=&quot;6&quot; type=&quot;text&quot; value=&quot;field8&quot; /&gt;&lt;/td&gt;&#xd;
			&lt;td style=&quot;text-align: center;&quot;&gt;&amp;nbsp;&lt;input name=&quot;field9&quot; size=&quot;6&quot; type=&quot;text&quot; value=&quot;field9&quot; /&gt;&lt;/td&gt;&#xd;
			&lt;td style=&quot;text-align: right;&quot;&gt;&lt;input name=&quot;field10&quot; size=&quot;6&quot; type=&quot;text&quot; value=&quot;field10&quot; /&gt;&lt;/td&gt;&#xd;
		&lt;/tr&gt;&#xd;
		&lt;tr&gt;&#xd;
			&lt;td&gt;&lt;input name=&quot;field11&quot; size=&quot;6&quot; type=&quot;text&quot; value=&quot;field11&quot; /&gt;&lt;/td&gt;&#xd;
			&lt;td style=&quot;text-align: center;&quot;&gt;&lt;input name=&quot;field12&quot; size=&quot;6&quot; type=&quot;text&quot; value=&quot;field12&quot; /&gt;&lt;/td&gt;&#xd;
			&lt;td style=&quot;text-align: center;&quot;&gt;&amp;nbsp;&lt;input name=&quot;field13&quot; size=&quot;6&quot; type=&quot;text&quot; value=&quot;field13&quot; /&gt;&lt;/td&gt;&#xd;
			&lt;td style=&quot;text-align: right;&quot;&gt;&amp;nbsp;&lt;input name=&quot;field14&quot; size=&quot;6&quot; type=&quot;text&quot; value=&quot;field14&quot; /&gt;&lt;/td&gt;&#xd;
		&lt;/tr&gt;&#xd;
		&lt;tr&gt;&#xd;
			&lt;td&gt;&lt;br /&gt;&#xd;
			$n_{\cdot j}$&lt;/td&gt;&#xd;
			&lt;td style=&quot;text-align: center;&quot;&gt;&lt;br /&gt;&#xd;
			&lt;input name=&quot;field15&quot; size=&quot;6&quot; type=&quot;text&quot; value=&quot;field15&quot; /&gt;&lt;/td&gt;&#xd;
			&lt;td style=&quot;text-align: center;&quot;&gt;&lt;br /&gt;&#xd;
			&lt;input name=&quot;field16&quot; size=&quot;6&quot; type=&quot;text&quot; value=&quot;field16&quot; /&gt;&lt;/td&gt;&#xd;
			&lt;td style=&quot;text-align: right;&quot;&gt;&lt;br /&gt;&#xd;
			&amp;nbsp;&lt;input name=&quot;field17&quot; size=&quot;6&quot; type=&quot;text&quot; value=&quot;field17&quot; /&gt;&amp;nbsp;&lt;/td&gt;&#xd;
		&lt;/tr&gt;&#xd;
	&lt;/tbody&gt;&#xd;
&lt;/table&gt;&#xd;
&amp;nbsp; &lt;!--&#xd;
&lt;p&gt;&lt;a href=&quot;https://rdrr.io/snippets/embed/&quot; onclick=&quot;window.open(&apos;https://rdrr.io/snippets/embed/?code=&apos;,&apos;R Console&apos;,&apos; margin-top: 20px; top=200,left=100,width=480,height=640,menubar=no,toolbar=no,&apos;); return false;&quot; target=&quot;_blank&quot;&gt;&lt;img alt=&quot;R_ Logo&quot; pull-right=&quot;&quot; src=&quot;/econometrics/resource?resource=157444&quot; style=&quot;width: 40px; height: 50px; float: right; margin: 5px&quot; /&gt;&lt;/a&gt;&lt;/p&gt;&#xd;
--&gt;</taskDescription>
      <skipMessage>$$\begin{matrix}&lt;br /&gt;
X/Y &amp;amp; 5 &amp;amp; 10 &amp;amp; n_{i \cdot} \\&lt;br /&gt;
\hline&lt;br /&gt;
10 &amp;amp; [var=a11] &amp;amp; [var=a12] &amp;amp; [var=nip1] \\&lt;br /&gt;
20 &amp;amp; [var=a21] &amp;amp; [var=a22] &amp;amp; [var=nip2] \\&lt;br /&gt;
30 &amp;amp; [var=a31] &amp;amp; [var=a32] &amp;amp; [var=nip3] \\&lt;br /&gt;
n_{\cdot j} &amp;amp; [var=npj1] &amp;amp; [var=npj2] &amp;amp; 10 \\&lt;br /&gt;

\end{matrix}$$</skipMessage>
      <defaultTransition id="7">
        <conditionExpression id="8">
          <domain>MATH</domain>
        </conditionExpression>
        <stageExpression id="9">
          <domain>MATH</domain>
        </stageExpression>
        <isRepeat>true</isRepeat>
      </defaultTransition>
      <skipTransitions id="10">
        <StageTransition id="11">
          <conditionExpression id="12">
            <code></code>
            <domain>MATH</domain>
          </conditionExpression>
          <stageExpression id="13">
            <domain>MATH</domain>
          </stageExpression>
          <targetStage class="FillInStage" id="14">
            <internalName>2</internalName>
            <externalName>Stage 2</externalName>
            <taskDescription>&lt;strong&gt;Aufgabenstellung:&lt;/strong&gt;&lt;br /&gt;&#xd;
&lt;br /&gt;&#xd;
Ermitteln Sie alle bedingten, relativen Verteilungen von $X$, und &amp;uuml;berpr&amp;uuml;fen Sie $X$ und $Y$ auf statistische Unabh&amp;auml;ngigkeit:&lt;br /&gt;&#xd;
&lt;br /&gt;&#xd;
&lt;strong&gt;Einreichung:&lt;/strong&gt;&lt;br /&gt;&#xd;
&amp;nbsp;&#xd;
&lt;table border=&quot;0&quot; cellpadding=&quot;1&quot; cellspacing=&quot;1&quot; style=&quot;width:250px;&quot;&gt;&#xd;
	&lt;tbody&gt;&#xd;
		&lt;tr&gt;&#xd;
			&lt;td&gt;$h_{1 \mid 1}=$&lt;/td&gt;&#xd;
			&lt;td style=&quot;text-align: center;&quot;&gt;&amp;nbsp;&lt;input name=&quot;field1&quot; size=&quot;6&quot; type=&quot;text&quot; value=&quot;field1&quot; /&gt;&amp;nbsp;&lt;/td&gt;&#xd;
		&lt;/tr&gt;&#xd;
		&lt;tr&gt;&#xd;
			&lt;td&gt;$h_{2 \mid 1}=$&amp;nbsp;&lt;/td&gt;&#xd;
			&lt;td style=&quot;text-align: center;&quot;&gt;&amp;nbsp;&lt;input name=&quot;field2&quot; size=&quot;6&quot; type=&quot;text&quot; value=&quot;field2&quot; /&gt;&amp;nbsp;&lt;/td&gt;&#xd;
		&lt;/tr&gt;&#xd;
		&lt;tr&gt;&#xd;
			&lt;td&gt;$h_{3 \mid 1}=$&amp;nbsp;&lt;/td&gt;&#xd;
			&lt;td style=&quot;text-align: center;&quot;&gt;&amp;nbsp;&lt;input name=&quot;field3&quot; size=&quot;6&quot; type=&quot;text&quot; value=&quot;field3&quot; /&gt;&amp;nbsp;&lt;/td&gt;&#xd;
		&lt;/tr&gt;&#xd;
		&lt;tr&gt;&#xd;
			&lt;td&gt;$h_{1 \mid 2}=$&amp;nbsp;&lt;/td&gt;&#xd;
			&lt;td style=&quot;text-align: center;&quot;&gt;&amp;nbsp;&lt;input name=&quot;field4&quot; size=&quot;6&quot; type=&quot;text&quot; value=&quot;field4&quot; /&gt;&amp;nbsp;&lt;/td&gt;&#xd;
		&lt;/tr&gt;&#xd;
		&lt;tr&gt;&#xd;
			&lt;td&gt;$h_{2 \mid 2}=$&amp;nbsp;&lt;/td&gt;&#xd;
			&lt;td style=&quot;text-align: center;&quot;&gt;&amp;nbsp;&lt;input name=&quot;field5&quot; size=&quot;6&quot; type=&quot;text&quot; value=&quot;field5&quot; /&gt;&amp;nbsp;&lt;/td&gt;&#xd;
		&lt;/tr&gt;&#xd;
		&lt;tr&gt;&#xd;
			&lt;td&gt;$h_{3 \mid 2}=$&amp;nbsp;&lt;/td&gt;&#xd;
			&lt;td style=&quot;text-align: center;&quot;&gt;&amp;nbsp;&lt;input name=&quot;field6&quot; size=&quot;6&quot; type=&quot;text&quot; value=&quot;field6&quot; /&gt;&amp;nbsp;&lt;/td&gt;&#xd;
		&lt;/tr&gt;&#xd;
	&lt;/tbody&gt;&#xd;
&lt;/table&gt;&#xd;
&lt;br /&gt;&#xd;
&lt;em&gt;(Runden Sie, falls n&amp;ouml;tig, auf die zweite Nachkommastelle und verwenden Sie einen Dezimalpunkt.)&lt;/em&gt;&lt;br /&gt;&#xd;
&lt;br /&gt;&#xd;
Die beiden Merkmale sind statistisch &amp;nbsp;&lt;select name=&quot;field7&quot;&gt;&lt;option value=&quot;0&quot;&gt;field7&lt;/option&gt;&lt;/select&gt;&amp;nbsp; &lt;!--&#xd;
&lt;p&gt;&lt;a href=&quot;https://rdrr.io/snippets/embed/&quot; onclick=&quot;window.open(&apos;https://rdrr.io/snippets/embed/?code=&apos;,&apos;R Console&apos;,&apos; margin-top: 20px; top=200,left=100,width=480,height=640,menubar=no,toolbar=no,&apos;); return false;&quot; target=&quot;_blank&quot;&gt;&lt;img alt=&quot;R_ Logo&quot; pull-right=&quot;&quot; src=&quot;/econometrics/resource?resource=157444&quot; style=&quot;width: 40px; height: 50px; float: right; margin: 5px&quot; /&gt;&lt;/a&gt;&lt;/p&gt;&#xd;
--&gt;</taskDescription>
            <skipMessage>$h_{1 \mid 1} = [var=h11g]$&lt;br /&gt;
$h_{2 \mid 1} = [var=h21g]$&lt;br /&gt;
$h_{3 \mid 1} = [var=h31g]$&lt;br /&gt;
$h_{1 \mid 2} = [var=h12g]$&lt;br /&gt;
$h_{2 \mid 2} = [var=h22g]$&lt;br /&gt;
$h_{3 \mid 2} = [var=h32g]$&lt;br /&gt;
&lt;br /&gt;
Die beiden Merkmale sind statistisch [var=unabant]</skipMessage>
            <defaultTransition id="15">
              <conditionExpression id="16">
                <domain>MATH</domain>
              </conditionExpression>
              <stageExpression id="17">
                <domain>MATH</domain>
              </stageExpression>
              <isRepeat>true</isRepeat>
            </defaultTransition>
            <skipTransitions id="18">
              <StageTransition id="19">
                <conditionExpression id="20">
                  <code></code>
                  <domain>MATH</domain>
                </conditionExpression>
                <stageExpression id="21">
                  <domain>MATH</domain>
                </stageExpression>
                <targetStage class="FillInStage" id="22">
                  <internalName>3</internalName>
                  <externalName>Stage 3</externalName>
                  <taskDescription>&lt;strong&gt;Aufgabenstellung:&lt;/strong&gt;&lt;br /&gt;&#xd;
&lt;br /&gt;&#xd;
Ermitteln Sie $\bar x$, $\bar y$, sowie die Kovarianz von $X$ und $Y$:&lt;br /&gt;&#xd;
&lt;br /&gt;&#xd;
&lt;strong&gt;Einreichung:&lt;/strong&gt;&lt;br /&gt;&#xd;
&amp;nbsp;&#xd;
&lt;table border=&quot;0&quot; cellpadding=&quot;1&quot; cellspacing=&quot;1&quot; style=&quot;width:250px;&quot;&gt;&#xd;
	&lt;tbody&gt;&#xd;
		&lt;tr&gt;&#xd;
			&lt;td&gt;$\bar x=$&amp;nbsp;&lt;/td&gt;&#xd;
			&lt;td style=&quot;text-align: center;&quot;&gt;&amp;nbsp;&lt;input name=&quot;field1&quot; size=&quot;6&quot; type=&quot;text&quot; value=&quot;field1&quot; /&gt;&amp;nbsp;&lt;/td&gt;&#xd;
		&lt;/tr&gt;&#xd;
		&lt;tr&gt;&#xd;
			&lt;td&gt;$\bar y=$&amp;nbsp;&lt;/td&gt;&#xd;
			&lt;td style=&quot;text-align: center;&quot;&gt;&amp;nbsp;&lt;input name=&quot;field2&quot; size=&quot;6&quot; type=&quot;text&quot; value=&quot;field2&quot; /&gt;&amp;nbsp;&lt;/td&gt;&#xd;
		&lt;/tr&gt;&#xd;
		&lt;tr&gt;&#xd;
			&lt;td&gt;$s_{xy}=$&amp;nbsp;&lt;/td&gt;&#xd;
			&lt;td style=&quot;text-align: center;&quot;&gt;&amp;nbsp;&lt;input name=&quot;field3&quot; size=&quot;6&quot; type=&quot;text&quot; value=&quot;field3&quot; /&gt;&amp;nbsp;&lt;/td&gt;&#xd;
		&lt;/tr&gt;&#xd;
	&lt;/tbody&gt;&#xd;
&lt;/table&gt;&#xd;
&lt;br /&gt;&#xd;
&lt;em&gt;(Runden Sie, falls n&amp;ouml;tig, auf die zweite Nachkommastelle und verwenden Sie einen Dezimalpunkt.)&lt;/em&gt; &lt;!--&#xd;
&lt;p&gt;&lt;a href=&quot;https://rdrr.io/snippets/embed/&quot; onclick=&quot;window.open(&apos;https://rdrr.io/snippets/embed/?code=&apos;,&apos;R Console&apos;,&apos; margin-top: 20px; top=200,left=100,width=480,height=640,menubar=no,toolbar=no,&apos;); return false;&quot; target=&quot;_blank&quot;&gt;&lt;img alt=&quot;R_ Logo&quot; pull-right=&quot;&quot; src=&quot;/econometrics/resource?resource=157444&quot; style=&quot;width: 40px; height: 50px; float: right; margin: 5px&quot; /&gt;&lt;/a&gt;&lt;/p&gt;&#xd;
--&gt;</taskDescription>
                  <skipMessage>$\bar x=[var=xbarg]$&lt;br /&gt;
$\bar y=[var=ybarg]$&lt;br /&gt;
$s_{xy}=[var=sxyg]$</skipMessage>
                  <defaultTransition id="23">
                    <conditionExpression id="24">
                      <domain>MATH</domain>
                    </conditionExpression>
                    <stageExpression id="25">
                      <domain>MATH</domain>
                    </stageExpression>
                    <isRepeat>true</isRepeat>
                  </defaultTransition>
                  <skipTransitions id="26">
                    <StageTransition id="27">
                      <conditionExpression id="28">
                        <code></code>
                        <domain>MATH</domain>
                      </conditionExpression>
                      <stageExpression id="29">
                        <domain>MATH</domain>
                      </stageExpression>
                      <targetStage class="FillInStage" id="30">
                        <internalName>4</internalName>
                        <externalName>Stage 4</externalName>
                        <taskDescription>&lt;strong&gt;Aufgabenstellung:&lt;/strong&gt;&lt;br /&gt;&#xd;
&lt;br /&gt;&#xd;
Ermitteln Sie den Korrelationskoeffizienten von $\textrm{Bravais-Pearson}$:&lt;br /&gt;&#xd;
&lt;br /&gt;&#xd;
&lt;strong&gt;Einreichung:&lt;/strong&gt;&lt;br /&gt;&#xd;
&lt;br /&gt;&#xd;
$r_{xy}=$&amp;nbsp;&lt;input name=&quot;field1&quot; size=&quot;6&quot; type=&quot;text&quot; value=&quot;field1&quot; /&gt;&amp;nbsp;&lt;br /&gt;&#xd;
&lt;br /&gt;&#xd;
&lt;em&gt;(Runden Sie, falls n&amp;ouml;tig, auf die zweite Nachkommastelle und verwenden Sie einen Dezimalpunkt.)&lt;/em&gt; &lt;!--&#xd;
&lt;p&gt;&lt;a href=&quot;https://rdrr.io/snippets/embed/&quot; onclick=&quot;window.open(&apos;https://rdrr.io/snippets/embed/?code=&apos;,&apos;R Console&apos;,&apos; margin-top: 20px; top=200,left=100,width=480,height=640,menubar=no,toolbar=no,&apos;); return false;&quot; target=&quot;_blank&quot;&gt;&lt;img alt=&quot;R_ Logo&quot; pull-right=&quot;&quot; src=&quot;/econometrics/resource?resource=157444&quot; style=&quot;width: 40px; height: 50px; float: right; margin: 5px&quot; /&gt;&lt;/a&gt;&lt;/p&gt;&#xd;
--&gt;</taskDescription>
                        <skipMessage>$r_{xy}=[var=rxyg]$</skipMessage>
                        <defaultTransition id="31">
                          <conditionExpression id="32">
                            <domain>MATH</domain>
                          </conditionExpression>
                          <stageExpression id="33">
                            <domain>MATH</domain>
                          </stageExpression>
                          <isRepeat>true</isRepeat>
                        </defaultTransition>
                        <skipTransitions id="34">
                          <StageTransition id="35">
                            <conditionExpression id="36">
                              <code></code>
                              <domain>MATH</domain>
                            </conditionExpression>
                            <stageExpression id="37">
                              <domain>MATH</domain>
                            </stageExpression>
                            <isRepeat>false</isRepeat>
                          </StageTransition>
                        </skipTransitions>
                        <stageTransitions id="38">
                          <StageTransition id="39">
                            <conditionExpression id="40">
                              <code></code>
                              <domain>MATH</domain>
                            </conditionExpression>
                            <stageExpression id="41">
                              <code>[meta=stageCurrentResult]&gt;=100</code>
                              <domain>MATH</domain>
                            </stageExpression>
                            <isRepeat>false</isRepeat>
                          </StageTransition>
                        </stageTransitions>
                        <hints id="42">
                          <StageHint id="43">
                            <stagehint__order>0</stagehint__order>
                            <text>      $r_{xy}=\frac{s_{xy}}{s_xs_y}$
    </text>
                            <malus>0</malus>
                            <stage class="FillInStage" reference="30"/>
                          </StageHint>
                        </hints>
                        <variableUpdatesOnEnter id="44"/>
                        <variableUpdatesBeforeCheck id="45"/>
                        <variableUpdatesAfterCheck id="46"/>
                        <variableUpdatesOnNormalExit id="47"/>
                        <variableUpdatesOnRepeat id="48"/>
                        <variableUpdatesOnSkip id="49"/>
                        <weight>1</weight>
                        <orderIndex>3</orderIndex>
                        <allowSkip>true</allowSkip>
                        <resources id="50"/>
                        <rules id="51"/>
                        <fillInFields id="52">
                          <FillInField id="53">
                            <name>field1</name>
                            <orderIndex>0</orderIndex>
                            <size>6</size>
                            <formularEditorType>NUMBER</formularEditorType>
                          </FillInField>
                        </fillInFields>
                        <dropDownFields id="54"/>
                        <formularEditorPalette>MATHDOX_FORMULAR_EDITOR_BASIC</formularEditorPalette>
                        <defaultFeedback>Leider nicht korrekt.
&lt;br /&gt;&lt;br /&gt;
$r_{xy}=[var=rxyg]$</defaultFeedback>
                        <correctAnswerRules id="55">
                          <Rule id="56">
                            <name>CorrectAnswer1</name>
                            <orderIndex>1</orderIndex>
                            <validationExpression id="57">
                              <code>!isEmpty([input=field1])&amp;&amp;isRealNumber([input=field1])&amp;&amp;[input=field1]&gt;[var=rxyg]-0.11&amp;&amp;[input=field1]&lt;[var=rxyg]+0.11</code>
                              <domain>MATH</domain>
                            </validationExpression>
                            <points>0</points>
                            <terminal>false</terminal>
                          </Rule>
                        </correctAnswerRules>
                        <correctAnswerFeedback>Richtig.</correctAnswerFeedback>
                        <defaultResult>0</defaultResult>
                      </targetStage>
                      <isRepeat>false</isRepeat>
                    </StageTransition>
                  </skipTransitions>
                  <stageTransitions id="58">
                    <StageTransition id="59">
                      <conditionExpression id="60">
                        <code></code>
                        <domain>MATH</domain>
                      </conditionExpression>
                      <stageExpression id="61">
                        <code>[meta=stageCurrentResult]&gt;=100</code>
                        <domain>MATH</domain>
                      </stageExpression>
                      <targetStage class="FillInStage" reference="30"/>
                      <isRepeat>false</isRepeat>
                    </StageTransition>
                  </stageTransitions>
                  <hints id="62">
                    <StageHint id="63">
                      <stagehint__order>0</stagehint__order>
                      <text>$s_{xy}=\frac{1}{n}\sum_{i=1}^m\sum_{j=1}^l x_iy_jn_{ij}-\bar{x}\bar{y}$&lt;br /&gt;
&lt;em&gt;(Es ist ein weiterer Hinweis vorhanden)&lt;/em&gt;</text>
                      <malus>0</malus>
                      <stage class="FillInStage" reference="22"/>
                    </StageHint>
                    <StageHint id="64">
                      <stagehint__order>1</stagehint__order>
                      <text>Mittelwerte:&lt;br /&gt;
$\bar{x}=\frac{1}{n}\sum x_in_{i\cdot}$&lt;br /&gt;
$\bar{y}=\frac{1}{n}\sum y_jn_{\cdot j}$&lt;br /&gt;
Varianzen:&lt;br /&gt;
$s_x^2=\frac{1}{n}\sum x_i^2n_{i\cdot} - \bar{x}^2$&lt;br /&gt;
$s_y^2=\frac{1}{n}\sum y_j^2n_{\cdot j} - \bar{y}^2$</text>
                      <malus>0</malus>
                      <stage class="FillInStage" reference="22"/>
                    </StageHint>
                  </hints>
                  <variableUpdatesOnEnter id="65"/>
                  <variableUpdatesBeforeCheck id="66"/>
                  <variableUpdatesAfterCheck id="67"/>
                  <variableUpdatesOnNormalExit id="68"/>
                  <variableUpdatesOnRepeat id="69"/>
                  <variableUpdatesOnSkip id="70"/>
                  <weight>1</weight>
                  <orderIndex>2</orderIndex>
                  <allowSkip>true</allowSkip>
                  <resources id="71"/>
                  <rules id="72">
                    <Rule id="73">
                      <name>Feedback_3</name>
                      <orderIndex>3</orderIndex>
                      <validationExpression id="74">
                        <code>!isEmpty([input=field3])&amp;&amp;isRealNumber([input=field3])&amp;&amp;[input=field3]&lt;[var=sxyg]+0.11&amp;&amp;[input=field3]&gt;[var=sxyg]-0.11</code>
                        <domain>MATH</domain>
                      </validationExpression>
                      <feedbackText>$s_{xy}=$ ist korrekt</feedbackText>
                      <points>50</points>
                      <terminal>false</terminal>
                    </Rule>
                    <Rule id="75">
                      <name>Feedback_2</name>
                      <orderIndex>2</orderIndex>
                      <validationExpression id="76">
                        <code>!isEmpty([input=field2])&amp;&amp;isRealNumber([input=field2])&amp;&amp;[input=field2]&lt;[var=ybarg]+0.11&amp;&amp;[input=field2]&gt;[var=ybarg]-0.11</code>
                        <domain>MATH</domain>
                      </validationExpression>
                      <feedbackText>$\bar y=$ ist korrekt</feedbackText>
                      <points>25</points>
                      <terminal>false</terminal>
                    </Rule>
                    <Rule id="77">
                      <name>Feedback_1</name>
                      <orderIndex>1</orderIndex>
                      <validationExpression id="78">
                        <code>!isEmpty([input=field1])&amp;&amp;isRealNumber([input=field1])&amp;&amp;[input=field1]&lt;[var=xbarg]+0.11&amp;&amp;[input=field1]&gt;[var=xbarg]-0.11</code>
                        <domain>MATH</domain>
                      </validationExpression>
                      <feedbackText>$\bar x=$ ist korrekt</feedbackText>
                      <points>25</points>
                      <terminal>false</terminal>
                    </Rule>
                  </rules>
                  <fillInFields id="79">
                    <FillInField id="80">
                      <name>field1</name>
                      <orderIndex>0</orderIndex>
                      <size>6</size>
                      <formularEditorType>NUMBER</formularEditorType>
                    </FillInField>
                    <FillInField id="81">
                      <name>field3</name>
                      <orderIndex>2</orderIndex>
                      <size>6</size>
                      <formularEditorType>NUMBER</formularEditorType>
                    </FillInField>
                    <FillInField id="82">
                      <name>field2</name>
                      <orderIndex>1</orderIndex>
                      <size>6</size>
                      <formularEditorType>NUMBER</formularEditorType>
                    </FillInField>
                  </fillInFields>
                  <dropDownFields id="83"/>
                  <formularEditorPalette>MATHDOX_FORMULAR_EDITOR_BASIC</formularEditorPalette>
                  <defaultFeedback>Leider nicht korrekt.&lt;br /&gt;
&lt;br /&gt;
$\bar x=[var=xbarg]$&lt;br /&gt;
$\bar y=[var=ybarg]$&lt;br /&gt;
$s_{xy}=[var=sxyg]$</defaultFeedback>
                  <correctAnswerRules id="84">
                    <Rule id="85">
                      <name>CorrectAnswer1</name>
                      <orderIndex>1</orderIndex>
                      <validationExpression id="86">
                        <code>!isEmpty([input=field1])&amp;&amp;isRealNumber([input=field1])&amp;&amp;!isEmpty([input=field2])&amp;&amp;isRealNumber([input=field2])&amp;&amp;!isEmpty([input=field3])&amp;&amp;isRealNumber([input=field3])&amp;&amp;[input=field1]&lt;[var=xbarg]+0.11&amp;&amp;[input=field1]&gt;[var=xbarg]-0.11&amp;&amp;[input=field2]&lt;[var=ybarg]+0.11&amp;&amp;[input=field2]&gt;[var=ybarg]-0.11&amp;&amp;[input=field3]&lt;[var=sxyg]+0.11&amp;&amp;[input=field3]&gt;[var=sxyg]-0.11</code>
                        <domain>MATH</domain>
                      </validationExpression>
                      <points>0</points>
                      <terminal>false</terminal>
                    </Rule>
                  </correctAnswerRules>
                  <correctAnswerFeedback>Richtig.</correctAnswerFeedback>
                  <defaultResult>0</defaultResult>
                </targetStage>
                <isRepeat>false</isRepeat>
              </StageTransition>
            </skipTransitions>
            <stageTransitions id="87">
              <StageTransition id="88">
                <conditionExpression id="89">
                  <code></code>
                  <domain>MATH</domain>
                </conditionExpression>
                <stageExpression id="90">
                  <code>[meta=stageCurrentResult]&gt;=100</code>
                  <domain>MATH</domain>
                </stageExpression>
                <targetStage class="FillInStage" reference="22"/>
                <isRepeat>false</isRepeat>
              </StageTransition>
            </stageTransitions>
            <hints id="91">
              <StageHint id="92">
                <stagehint__order>0</stagehint__order>
                <text>      Eine bedingte Verteilung ist die Verteilung, die sich durch die Kenntnis einer Ausprägung eines anderen Merkmalsträgers ergibt. 
	  Hat diese Kenntnis keinen Einfluss auf die bedingte Verteilung, sind sie unabhänig.
    </text>
                <malus>0</malus>
                <stage class="FillInStage" reference="14"/>
              </StageHint>
            </hints>
            <variableUpdatesOnEnter id="93"/>
            <variableUpdatesBeforeCheck id="94"/>
            <variableUpdatesAfterCheck id="95"/>
            <variableUpdatesOnNormalExit id="96"/>
            <variableUpdatesOnRepeat id="97"/>
            <variableUpdatesOnSkip id="98"/>
            <weight>1</weight>
            <orderIndex>1</orderIndex>
            <allowSkip>true</allowSkip>
            <resources id="99"/>
            <rules id="100">
              <Rule id="101">
                <name>Feedback_3</name>
                <orderIndex>3</orderIndex>
                <validationExpression id="102">
                  <code>!isEmpty([input=field3])&amp;&amp;isRealNumber([input=field3])&amp;&amp;[input=field3]&lt;[var=h31g]+0.11&amp;&amp;[input=field3]&gt;[var=h31g]-0.11</code>
                  <domain>MATH</domain>
                </validationExpression>
                <feedbackText>$h_{3 \mid 1}$ ist korrekt</feedbackText>
                <points>15</points>
                <terminal>false</terminal>
              </Rule>
              <Rule id="103">
                <name>Feedback_2</name>
                <orderIndex>2</orderIndex>
                <validationExpression id="104">
                  <code>!isEmpty([input=field2])&amp;&amp;isRealNumber([input=field2])&amp;&amp;[input=field2]&lt;[var=h21g]+0.11&amp;&amp;[input=field2]&gt;[var=h21g]-0.11</code>
                  <domain>MATH</domain>
                </validationExpression>
                <feedbackText>$h_{2 \mid 1}$ ist korrekt</feedbackText>
                <points>15</points>
                <terminal>false</terminal>
              </Rule>
              <Rule id="105">
                <name>Feedback_1</name>
                <orderIndex>1</orderIndex>
                <validationExpression id="106">
                  <code>!isEmpty([input=field1])&amp;&amp;isRealNumber([input=field1])&amp;&amp;[input=field1]&lt;[var=h11g]+0.11&amp;&amp;[input=field1]&gt;[var=h11g]-0.11</code>
                  <domain>MATH</domain>
                </validationExpression>
                <feedbackText>$h_{1 \mid 1}$ ist korrekt</feedbackText>
                <points>15</points>
                <terminal>false</terminal>
              </Rule>
              <Rule id="107">
                <name>Feedback_7</name>
                <orderIndex>7</orderIndex>
                <validationExpression id="108">
                  <code>!isEmpty([input=field7])&amp;&amp;isRealNumber([input=field7])&amp;&amp;[input=field7]==[var=unab]</code>
                  <domain>MATH</domain>
                </validationExpression>
                <feedbackText>Sie haben die Abhängigkeitsbeziehung richtig klassifiziert</feedbackText>
                <points>10</points>
                <terminal>false</terminal>
              </Rule>
              <Rule id="109">
                <name>Feedback_6</name>
                <orderIndex>6</orderIndex>
                <validationExpression id="110">
                  <code>!isEmpty([input=field6])&amp;&amp;isRealNumber([input=field6])&amp;&amp;[input=field6]&lt;[var=h32g]+0.11&amp;&amp;[input=field6]&gt;[var=h32g]-0.11</code>
                  <domain>MATH</domain>
                </validationExpression>
                <feedbackText>$h_{3 \mid21}$ ist korrekt</feedbackText>
                <points>15</points>
                <terminal>false</terminal>
              </Rule>
              <Rule id="111">
                <name>Feedback_5</name>
                <orderIndex>5</orderIndex>
                <validationExpression id="112">
                  <code>!isEmpty([input=field5])&amp;&amp;isRealNumber([input=field5])&amp;&amp;[input=field5]&lt;[var=h22g]+0.11&amp;&amp;[input=field5]&gt;[var=h22g]-0.11</code>
                  <domain>MATH</domain>
                </validationExpression>
                <feedbackText>$h_{2 \mid 2}$ ist korrekt</feedbackText>
                <points>15</points>
                <terminal>false</terminal>
              </Rule>
              <Rule id="113">
                <name>Feedback_4</name>
                <orderIndex>4</orderIndex>
                <validationExpression id="114">
                  <code>!isEmpty([input=field4])&amp;&amp;isRealNumber([input=field4])&amp;&amp;[input=field4]&lt;[var=h12g]+0.11&amp;&amp;[input=field4]&gt;[var=h12g]-0.11</code>
                  <domain>MATH</domain>
                </validationExpression>
                <feedbackText>$h_{1 \mid 2}$ ist korrekt</feedbackText>
                <points>15</points>
                <terminal>false</terminal>
              </Rule>
            </rules>
            <fillInFields id="115">
              <FillInField id="116">
                <name>field6</name>
                <orderIndex>5</orderIndex>
                <size>6</size>
                <formularEditorType>NUMBER</formularEditorType>
              </FillInField>
              <FillInField id="117">
                <name>field5</name>
                <orderIndex>4</orderIndex>
                <size>6</size>
                <formularEditorType>NUMBER</formularEditorType>
              </FillInField>
              <FillInField id="118">
                <name>field4</name>
                <orderIndex>3</orderIndex>
                <size>6</size>
                <formularEditorType>NUMBER</formularEditorType>
              </FillInField>
              <FillInField id="119">
                <name>field3</name>
                <orderIndex>2</orderIndex>
                <size>6</size>
                <formularEditorType>NUMBER</formularEditorType>
              </FillInField>
              <FillInField id="120">
                <name>field2</name>
                <orderIndex>1</orderIndex>
                <size>6</size>
                <formularEditorType>NUMBER</formularEditorType>
              </FillInField>
              <FillInField id="121">
                <name>field1</name>
                <orderIndex>0</orderIndex>
                <size>6</size>
                <formularEditorType>NUMBER</formularEditorType>
              </FillInField>
            </fillInFields>
            <dropDownFields id="122">
              <de.uni__due.s3.jack3.entities.stagetypes.fillin.DropDownField id="123">
                <name>field7</name>
                <orderIndex>6</orderIndex>
                <randomize>false</randomize>
                <items id="124">
                  <string>unabhängig</string>
                  <string>abhängig</string>
                </items>
              </de.uni__due.s3.jack3.entities.stagetypes.fillin.DropDownField>
            </dropDownFields>
            <formularEditorPalette>MATHDOX_FORMULAR_EDITOR_BASIC</formularEditorPalette>
            <defaultFeedback>Leider nicht korrekt.&lt;br /&gt;
&lt;br /&gt;
$h_{1 \mid 1} = [var=h11g]$&lt;br /&gt;
$h_{2 \mid 1} = [var=h21g]$&lt;br /&gt;
$h_{3 \mid 1} = [var=h31g]$&lt;br /&gt;
$h_{1 \mid 2} = [var=h12g]$&lt;br /&gt;
$h_{2 \mid 2} = [var=h22g]$&lt;br /&gt;
$h_{3 \mid 2} = [var=h32g]$&lt;br /&gt;
&lt;br /&gt;
Die beiden Merkmale sind statistisch [var=unabant]</defaultFeedback>
            <correctAnswerRules id="125">
              <Rule id="126">
                <name>CorrectAnswer1</name>
                <orderIndex>1</orderIndex>
                <validationExpression id="127">
                  <code>!isEmpty([input=field1])&amp;&amp;isRealNumber([input=field1])&amp;&amp;!isEmpty([input=field2])&amp;&amp;isRealNumber([input=field2])&amp;&amp;!isEmpty([input=field3])&amp;&amp;isRealNumber([input=field3])&amp;&amp;!isEmpty([input=field4])&amp;&amp;isRealNumber([input=field4])&amp;&amp;!isEmpty([input=field5])&amp;&amp;isRealNumber([input=field5])&amp;&amp;!isEmpty([input=field6])&amp;&amp;isRealNumber([input=field6])&amp;&amp;!isEmpty([input=field7])&amp;&amp;isRealNumber([input=field7])&amp;&amp;[input=field1]&lt;[var=h11g]+0.11&amp;&amp;[input=field1]&gt;[var=h11g]-0.11&amp;&amp;[input=field2]&lt;[var=h21g]+0.11&amp;&amp;[input=field2]&gt;[var=h21g]-0.11&amp;&amp;[input=field3]&lt;[var=h31g]+0.11&amp;&amp;[input=field3]&gt;[var=h31g]-0.11&amp;&amp;[input=field4]&lt;[var=h12g]+0.11&amp;&amp;[input=field4]&gt;[var=h12g]-0.11&amp;&amp;[input=field5]&lt;[var=h22g]+0.11&amp;&amp;[input=field5]&gt;[var=h22g]-0.11&amp;&amp;[input=field6]&lt;[var=h32g]+0.11&amp;&amp;[input=field6]&gt;[var=h32g]-0.11&amp;&amp;[input=field7]==[var=unab]</code>
                  <domain>MATH</domain>
                </validationExpression>
                <points>0</points>
                <terminal>false</terminal>
              </Rule>
            </correctAnswerRules>
            <correctAnswerFeedback>Richtig.</correctAnswerFeedback>
            <defaultResult>0</defaultResult>
          </targetStage>
          <isRepeat>false</isRepeat>
        </StageTransition>
      </skipTransitions>
      <stageTransitions id="128">
        <StageTransition id="129">
          <conditionExpression id="130">
            <code></code>
            <domain>MATH</domain>
          </conditionExpression>
          <stageExpression id="131">
            <code>[meta=stageCurrentResult]&gt;=100</code>
            <domain>MATH</domain>
          </stageExpression>
          <targetStage class="FillInStage" reference="14"/>
          <isRepeat>false</isRepeat>
        </StageTransition>
      </stageTransitions>
      <hints id="132">
        <StageHint id="133">
          <stagehint__order>0</stagehint__order>
          <text>&amp;Uuml;berlegen Sie zun&amp;auml;chst, welche Merkmalsauspr&amp;auml;gungen f&amp;uuml;r $x_i$ und $y_j$ m&amp;ouml;glich sind und tragen Sie diese an geeigneter Position in der Kontingenztabelle ab. Erg&amp;auml;nzen Sie die Tabelle mithilfe der entsprechenden Wertepaare.&lt;br /&gt;
&lt;em&gt;(Es ist ein weiterer Hinweis vorhanden)&lt;/em&gt;</text>
          <malus>0</malus>
          <stage class="FillInStage" reference="6"/>
        </StageHint>
        <StageHint id="134">
          <stagehint__order>1</stagehint__order>
          <text>Zuletzt ergeben sich die Randhäufigkeiten $n_{i\cdot}$ bzw. $n_{\cdot j}$ aus $n_{i\cdot}=\sum_{j=1}^{l}n_{ij}$ bzw. $n_{\cdot j}=\sum_{i=1}^{m}n_{ij}$</text>
          <malus>0</malus>
          <stage class="FillInStage" reference="6"/>
        </StageHint>
      </hints>
      <variableUpdatesOnEnter id="135"/>
      <variableUpdatesBeforeCheck id="136"/>
      <variableUpdatesAfterCheck id="137"/>
      <variableUpdatesOnNormalExit id="138"/>
      <variableUpdatesOnRepeat id="139"/>
      <variableUpdatesOnSkip id="140"/>
      <weight>1</weight>
      <orderIndex>0</orderIndex>
      <allowSkip>true</allowSkip>
      <resources id="141"/>
      <rules id="142"/>
      <fillInFields id="143">
        <FillInField id="144">
          <name>field13</name>
          <orderIndex>12</orderIndex>
          <size>6</size>
          <formularEditorType>NUMBER</formularEditorType>
        </FillInField>
        <FillInField id="145">
          <name>field12</name>
          <orderIndex>11</orderIndex>
          <size>6</size>
          <formularEditorType>NUMBER</formularEditorType>
        </FillInField>
        <FillInField id="146">
          <name>field11</name>
          <orderIndex>10</orderIndex>
          <size>6</size>
          <formularEditorType>NUMBER</formularEditorType>
        </FillInField>
        <FillInField id="147">
          <name>field10</name>
          <orderIndex>9</orderIndex>
          <size>6</size>
          <formularEditorType>NUMBER</formularEditorType>
        </FillInField>
        <FillInField id="148">
          <name>field9</name>
          <orderIndex>8</orderIndex>
          <size>6</size>
          <formularEditorType>NUMBER</formularEditorType>
        </FillInField>
        <FillInField id="149">
          <name>field8</name>
          <orderIndex>7</orderIndex>
          <size>6</size>
          <formularEditorType>NUMBER</formularEditorType>
        </FillInField>
        <FillInField id="150">
          <name>field7</name>
          <orderIndex>6</orderIndex>
          <size>6</size>
          <formularEditorType>NUMBER</formularEditorType>
        </FillInField>
        <FillInField id="151">
          <name>field6</name>
          <orderIndex>5</orderIndex>
          <size>6</size>
          <formularEditorType>NUMBER</formularEditorType>
        </FillInField>
        <FillInField id="152">
          <name>field5</name>
          <orderIndex>4</orderIndex>
          <size>6</size>
          <formularEditorType>NUMBER</formularEditorType>
        </FillInField>
        <FillInField id="153">
          <name>field4</name>
          <orderIndex>3</orderIndex>
          <size>6</size>
          <formularEditorType>NUMBER</formularEditorType>
        </FillInField>
        <FillInField id="154">
          <name>field3</name>
          <orderIndex>2</orderIndex>
          <size>6</size>
          <formularEditorType>NUMBER</formularEditorType>
        </FillInField>
        <FillInField id="155">
          <name>field2</name>
          <orderIndex>1</orderIndex>
          <size>6</size>
          <formularEditorType>NUMBER</formularEditorType>
        </FillInField>
        <FillInField id="156">
          <name>field1</name>
          <orderIndex>0</orderIndex>
          <size>6</size>
          <formularEditorType>NUMBER</formularEditorType>
        </FillInField>
        <FillInField id="157">
          <name>field17</name>
          <orderIndex>16</orderIndex>
          <size>6</size>
          <formularEditorType>NUMBER</formularEditorType>
        </FillInField>
        <FillInField id="158">
          <name>field16</name>
          <orderIndex>15</orderIndex>
          <size>6</size>
          <formularEditorType>NUMBER</formularEditorType>
        </FillInField>
        <FillInField id="159">
          <name>field15</name>
          <orderIndex>14</orderIndex>
          <size>6</size>
          <formularEditorType>NUMBER</formularEditorType>
        </FillInField>
        <FillInField id="160">
          <name>field14</name>
          <orderIndex>13</orderIndex>
          <size>6</size>
          <formularEditorType>NUMBER</formularEditorType>
        </FillInField>
      </fillInFields>
      <dropDownFields id="161"/>
      <formularEditorPalette>MATHDOX_FORMULAR_EDITOR_BASIC</formularEditorPalette>
      <defaultFeedback>Leider falsch.&lt;br /&gt;
&lt;br /&gt;
$$\begin{matrix}&lt;br /&gt;
X/Y &amp;amp; 5 &amp;amp; 10 &amp;amp; n_{i \cdot} \\&lt;br /&gt;
\hline&lt;br /&gt;
10 &amp;amp; [var=a11] &amp;amp; [var=a12] &amp;amp; [var=nip1] \\&lt;br /&gt;
20 &amp;amp; [var=a21] &amp;amp; [var=a22] &amp;amp; [var=nip2] \\&lt;br /&gt;
30 &amp;amp; [var=a31] &amp;amp; [var=a32] &amp;amp; [var=nip3] \\&lt;br /&gt;
n_{\cdot j} &amp;amp; [var=npj1] &amp;amp; [var=npj2] &amp;amp; 10 \\&lt;br /&gt;

\end{matrix}$$</defaultFeedback>
      <correctAnswerRules id="162">
        <Rule id="163">
          <name>CorrectAnswer1</name>
          <orderIndex>1</orderIndex>
          <validationExpression id="164">
            <code>!isEmpty([input=field1])&amp;&amp;isRealNumber([input=field1])&amp;&amp;!isEmpty([input=field2])&amp;&amp;isRealNumber([input=field2])&amp;&amp;!isEmpty([input=field3])&amp;&amp;isRealNumber([input=field3])&amp;&amp;!isEmpty([input=field4])&amp;&amp;isRealNumber([input=field4])&amp;&amp;!isEmpty([input=field5])&amp;&amp;isRealNumber([input=field5])&amp;&amp;!isEmpty([input=field6])&amp;&amp;isRealNumber([input=field6])&amp;&amp;!isEmpty([input=field7])&amp;&amp;isRealNumber([input=field7])&amp;&amp;!isEmpty([input=field8])&amp;&amp;isRealNumber([input=field8])&amp;&amp;!isEmpty([input=field9])&amp;&amp;isRealNumber([input=field9])&amp;&amp;!isEmpty([input=field10])&amp;&amp;isRealNumber([input=field10])&amp;&amp;!isEmpty([input=field11])&amp;&amp;isRealNumber([input=field11])&amp;&amp;!isEmpty([input=field12])&amp;&amp;isRealNumber([input=field12])&amp;&amp;!isEmpty([input=field13])&amp;&amp;isRealNumber([input=field13])&amp;&amp;!isEmpty([input=field14])&amp;&amp;isRealNumber([input=field14])&amp;&amp;!isEmpty([input=field15])&amp;&amp;isRealNumber([input=field15])&amp;&amp;!isEmpty([input=field16])&amp;&amp;isRealNumber([input=field16])&amp;&amp;!isEmpty([input=field17])&amp;&amp;isRealNumber([input=field17])&amp;&amp;[input=field1]==5&amp;&amp;[input=field2]==10&amp;&amp;[input=field3]==10&amp;&amp;[input=field4]&lt;[var=a11]+0.11&amp;&amp;[input=field4]&gt;[var=a11]-0.11&amp;&amp;[input=field5]&lt;[var=a12]+0.11&amp;&amp;[input=field5]&gt;[var=a12]-0.11&amp;&amp;[input=field6]&lt;[var=nip1]+0.11&amp;&amp;[input=field6]&gt;[var=nip1]-0.11&amp;&amp;[input=field7]==20&amp;&amp;[input=field8]&lt;[var=a21]+0.11&amp;&amp;[input=field8]&gt;[var=a21]-0.11&amp;&amp;[input=field9]&lt;[var=a22]+0.11&amp;&amp;[input=field9]&gt;[var=a22]-0.11&amp;&amp;[input=field10]&lt;[var=nip2]+0.11&amp;&amp;[input=field10]&gt;[var=nip2]-0.11&amp;&amp;[input=field11]==30&amp;&amp;[input=field12]&lt;[var=a31]+0.11&amp;&amp;[input=field12]&gt;[var=a31]-0.11&amp;&amp;[input=field13]&lt;[var=a32]+0.11&amp;&amp;[input=field13]&gt;[var=a32]-0.11&amp;&amp;[input=field14]&lt;[var=nip3]+0.11&amp;&amp;[input=field14]&gt;[var=nip3]-0.11&amp;&amp;[input=field15]&lt;[var=npj1]+0.11&amp;&amp;[input=field15]&gt;[var=npj1]-0.11&amp;&amp;[input=field16]&lt;[var=npj2]+0.11&amp;&amp;[input=field16]&gt;[var=npj2]-0.11&amp;&amp;[input=field17]==10</code>
            <domain>MATH</domain>
          </validationExpression>
          <points>0</points>
          <terminal>false</terminal>
        </Rule>
      </correctAnswerRules>
      <correctAnswerFeedback>Richtig.</correctAnswerFeedback>
      <defaultResult>0</defaultResult>
    </FillInStage>
    <FillInStage reference="14"/>
    <FillInStage reference="22"/>
    <FillInStage reference="30"/>
  </stages>
  <startStage class="FillInStage" reference="6"/>
  <variableDeclarations id="165">
    <VariableDeclaration id="166">
      <name>yy1</name>
      <initializationCode id="167">
        <code>randomIntegerBetween(1,2)</code>
        <domain>MATH</domain>
      </initializationCode>
    </VariableDeclaration>
    <VariableDeclaration id="168">
      <name>yy2</name>
      <initializationCode id="169">
        <code>randomIntegerBetween(1,2)</code>
        <domain>MATH</domain>
      </initializationCode>
    </VariableDeclaration>
    <VariableDeclaration id="170">
      <name>yy3</name>
      <initializationCode id="171">
        <code>1</code>
        <domain>MATH</domain>
      </initializationCode>
    </VariableDeclaration>
    <VariableDeclaration id="172">
      <name>yy4</name>
      <initializationCode id="173">
        <code>randomIntegerBetween(1,2)</code>
        <domain>MATH</domain>
      </initializationCode>
    </VariableDeclaration>
    <VariableDeclaration id="174">
      <name>yy5</name>
      <initializationCode id="175">
        <code>randomIntegerBetween(1,2)</code>
        <domain>MATH</domain>
      </initializationCode>
    </VariableDeclaration>
    <VariableDeclaration id="176">
      <name>yy6</name>
      <initializationCode id="177">
        <code>randomIntegerBetween(1,2)</code>
        <domain>MATH</domain>
      </initializationCode>
    </VariableDeclaration>
    <VariableDeclaration id="178">
      <name>yy7</name>
      <initializationCode id="179">
        <code>randomIntegerBetween(1,2)</code>
        <domain>MATH</domain>
      </initializationCode>
    </VariableDeclaration>
    <VariableDeclaration id="180">
      <name>yy8</name>
      <initializationCode id="181">
        <code>2</code>
        <domain>MATH</domain>
      </initializationCode>
    </VariableDeclaration>
    <VariableDeclaration id="182">
      <name>yy9</name>
      <initializationCode id="183">
        <code>randomIntegerBetween(1,2)</code>
        <domain>MATH</domain>
      </initializationCode>
    </VariableDeclaration>
    <VariableDeclaration id="184">
      <name>yy10</name>
      <initializationCode id="185">
        <code>randomIntegerBetween(1,2)</code>
        <domain>MATH</domain>
      </initializationCode>
    </VariableDeclaration>
    <VariableDeclaration id="186">
      <name>y1</name>
      <initializationCode id="187">
        <code>evaluateInR(&apos;[var=yy1]*5&apos;)</code>
        <domain>MATH</domain>
      </initializationCode>
    </VariableDeclaration>
    <VariableDeclaration id="188">
      <name>y2</name>
      <initializationCode id="189">
        <code>evaluateInR(&apos;[var=yy2]*5&apos;)</code>
        <domain>MATH</domain>
      </initializationCode>
    </VariableDeclaration>
    <VariableDeclaration id="190">
      <name>y3</name>
      <initializationCode id="191">
        <code>evaluateInR(&apos;[var=yy3]*5&apos;)</code>
        <domain>MATH</domain>
      </initializationCode>
    </VariableDeclaration>
    <VariableDeclaration id="192">
      <name>y4</name>
      <initializationCode id="193">
        <code>evaluateInR(&apos;[var=yy4]*5&apos;)</code>
        <domain>MATH</domain>
      </initializationCode>
    </VariableDeclaration>
    <VariableDeclaration id="194">
      <name>y5</name>
      <initializationCode id="195">
        <code>evaluateInR(&apos;[var=yy5]*5&apos;)</code>
        <domain>MATH</domain>
      </initializationCode>
    </VariableDeclaration>
    <VariableDeclaration id="196">
      <name>y6</name>
      <initializationCode id="197">
        <code>evaluateInR(&apos;[var=yy6]*5&apos;)</code>
        <domain>MATH</domain>
      </initializationCode>
    </VariableDeclaration>
    <VariableDeclaration id="198">
      <name>y7</name>
      <initializationCode id="199">
        <code>evaluateInR(&apos;[var=yy7]*5&apos;)</code>
        <domain>MATH</domain>
      </initializationCode>
    </VariableDeclaration>
    <VariableDeclaration id="200">
      <name>y8</name>
      <initializationCode id="201">
        <code>evaluateInR(&apos;[var=yy8]*5&apos;)</code>
        <domain>MATH</domain>
      </initializationCode>
    </VariableDeclaration>
    <VariableDeclaration id="202">
      <name>y9</name>
      <initializationCode id="203">
        <code>evaluateInR(&apos;[var=yy9]*5&apos;)</code>
        <domain>MATH</domain>
      </initializationCode>
    </VariableDeclaration>
    <VariableDeclaration id="204">
      <name>y10</name>
      <initializationCode id="205">
        <code>evaluateInR(&apos;[var=yy10]*5&apos;)</code>
        <domain>MATH</domain>
      </initializationCode>
    </VariableDeclaration>
    <VariableDeclaration id="206">
      <name>xx1</name>
      <initializationCode id="207">
        <code>randomIntegerBetween(1,3)</code>
        <domain>MATH</domain>
      </initializationCode>
    </VariableDeclaration>
    <VariableDeclaration id="208">
      <name>xx2</name>
      <initializationCode id="209">
        <code>1</code>
        <domain>MATH</domain>
      </initializationCode>
    </VariableDeclaration>
    <VariableDeclaration id="210">
      <name>xx3</name>
      <initializationCode id="211">
        <code>randomIntegerBetween(1,3)</code>
        <domain>MATH</domain>
      </initializationCode>
    </VariableDeclaration>
    <VariableDeclaration id="212">
      <name>xx4</name>
      <initializationCode id="213">
        <code>randomIntegerBetween(1,3)</code>
        <domain>MATH</domain>
      </initializationCode>
    </VariableDeclaration>
    <VariableDeclaration id="214">
      <name>xx5</name>
      <initializationCode id="215">
        <code>2</code>
        <domain>MATH</domain>
      </initializationCode>
    </VariableDeclaration>
    <VariableDeclaration id="216">
      <name>xx6</name>
      <initializationCode id="217">
        <code>randomIntegerBetween(1,3)</code>
        <domain>MATH</domain>
      </initializationCode>
    </VariableDeclaration>
    <VariableDeclaration id="218">
      <name>xx7</name>
      <initializationCode id="219">
        <code>randomIntegerBetween(1,3)</code>
        <domain>MATH</domain>
      </initializationCode>
    </VariableDeclaration>
    <VariableDeclaration id="220">
      <name>xx8</name>
      <initializationCode id="221">
        <code>randomIntegerBetween(1,3)</code>
        <domain>MATH</domain>
      </initializationCode>
    </VariableDeclaration>
    <VariableDeclaration id="222">
      <name>xx9</name>
      <initializationCode id="223">
        <code>3</code>
        <domain>MATH</domain>
      </initializationCode>
    </VariableDeclaration>
    <VariableDeclaration id="224">
      <name>xx10</name>
      <initializationCode id="225">
        <code>randomIntegerBetween(1,3)</code>
        <domain>MATH</domain>
      </initializationCode>
    </VariableDeclaration>
    <VariableDeclaration id="226">
      <name>x1</name>
      <initializationCode id="227">
        <code>evaluateInR(&apos;[var=xx1]*10&apos;)</code>
        <domain>MATH</domain>
      </initializationCode>
    </VariableDeclaration>
    <VariableDeclaration id="228">
      <name>x2</name>
      <initializationCode id="229">
        <code>evaluateInR(&apos;[var=xx2]*10&apos;)</code>
        <domain>MATH</domain>
      </initializationCode>
    </VariableDeclaration>
    <VariableDeclaration id="230">
      <name>x3</name>
      <initializationCode id="231">
        <code>evaluateInR(&apos;[var=xx3]*10&apos;)</code>
        <domain>MATH</domain>
      </initializationCode>
    </VariableDeclaration>
    <VariableDeclaration id="232">
      <name>x4</name>
      <initializationCode id="233">
        <code>evaluateInR(&apos;[var=xx4]*10&apos;)</code>
        <domain>MATH</domain>
      </initializationCode>
    </VariableDeclaration>
    <VariableDeclaration id="234">
      <name>x5</name>
      <initializationCode id="235">
        <code>evaluateInR(&apos;[var=xx5]*10&apos;)</code>
        <domain>MATH</domain>
      </initializationCode>
    </VariableDeclaration>
    <VariableDeclaration id="236">
      <name>x6</name>
      <initializationCode id="237">
        <code>evaluateInR(&apos;[var=xx6]*10&apos;)</code>
        <domain>MATH</domain>
      </initializationCode>
    </VariableDeclaration>
    <VariableDeclaration id="238">
      <name>x7</name>
      <initializationCode id="239">
        <code>evaluateInR(&apos;[var=xx7]*10&apos;)</code>
        <domain>MATH</domain>
      </initializationCode>
    </VariableDeclaration>
    <VariableDeclaration id="240">
      <name>x8</name>
      <initializationCode id="241">
        <code>evaluateInR(&apos;[var=xx8]*10&apos;)</code>
        <domain>MATH</domain>
      </initializationCode>
    </VariableDeclaration>
    <VariableDeclaration id="242">
      <name>x9</name>
      <initializationCode id="243">
        <code>evaluateInR(&apos;[var=xx9]*10&apos;)</code>
        <domain>MATH</domain>
      </initializationCode>
    </VariableDeclaration>
    <VariableDeclaration id="244">
      <name>x10</name>
      <initializationCode id="245">
        <code>evaluateInR(&apos;[var=xx10]*10&apos;)</code>
        <domain>MATH</domain>
      </initializationCode>
    </VariableDeclaration>
    <VariableDeclaration id="246">
      <name>a11a1</name>
      <initializationCode id="247">
        <code>ifthenelse(equalsExpr([var=x1], 10)&amp;&amp;equalsExpr([var=y1], 5), 1, 0)</code>
        <domain>MATH</domain>
      </initializationCode>
    </VariableDeclaration>
    <VariableDeclaration id="248">
      <name>a11a2</name>
      <initializationCode id="249">
        <code>ifthenelse(equalsExpr([var=x2], 10)&amp;&amp;equalsExpr([var=y2], 5), 1, 0)</code>
        <domain>MATH</domain>
      </initializationCode>
    </VariableDeclaration>
    <VariableDeclaration id="250">
      <name>a11a3</name>
      <initializationCode id="251">
        <code>ifthenelse(equalsExpr([var=x3], 10)&amp;&amp;equalsExpr([var=y3], 5), 1, 0)</code>
        <domain>MATH</domain>
      </initializationCode>
    </VariableDeclaration>
    <VariableDeclaration id="252">
      <name>a11a4</name>
      <initializationCode id="253">
        <code>ifthenelse(equalsExpr([var=x4], 10)&amp;&amp;equalsExpr([var=y4], 5), 1, 0)</code>
        <domain>MATH</domain>
      </initializationCode>
    </VariableDeclaration>
    <VariableDeclaration id="254">
      <name>a11a5</name>
      <initializationCode id="255">
        <code>ifthenelse(equalsExpr([var=x5], 10)&amp;&amp;equalsExpr([var=y5], 5), 1, 0)</code>
        <domain>MATH</domain>
      </initializationCode>
    </VariableDeclaration>
    <VariableDeclaration id="256">
      <name>a11a6</name>
      <initializationCode id="257">
        <code>ifthenelse(equalsExpr([var=x6], 10)&amp;&amp;equalsExpr([var=y6], 5), 1, 0)</code>
        <domain>MATH</domain>
      </initializationCode>
    </VariableDeclaration>
    <VariableDeclaration id="258">
      <name>a11a7</name>
      <initializationCode id="259">
        <code>ifthenelse(equalsExpr([var=x7], 10)&amp;&amp;equalsExpr([var=y7], 5), 1, 0)</code>
        <domain>MATH</domain>
      </initializationCode>
    </VariableDeclaration>
    <VariableDeclaration id="260">
      <name>a11a8</name>
      <initializationCode id="261">
        <code>ifthenelse(equalsExpr([var=x8], 10)&amp;&amp;equalsExpr([var=y8], 5), 1, 0)</code>
        <domain>MATH</domain>
      </initializationCode>
    </VariableDeclaration>
    <VariableDeclaration id="262">
      <name>a11a9</name>
      <initializationCode id="263">
        <code>ifthenelse(equalsExpr([var=x9], 10)&amp;&amp;equalsExpr([var=y9], 5), 1, 0)</code>
        <domain>MATH</domain>
      </initializationCode>
    </VariableDeclaration>
    <VariableDeclaration id="264">
      <name>a11a10</name>
      <initializationCode id="265">
        <code>ifthenelse(equalsExpr([var=x10], 10)&amp;&amp;equalsExpr([var=y10], 5), 1, 0)</code>
        <domain>MATH</domain>
      </initializationCode>
    </VariableDeclaration>
    <VariableDeclaration id="266">
      <name>a12a1</name>
      <initializationCode id="267">
        <code>ifthenelse(equalsExpr([var=x1], 10)&amp;&amp;equalsExpr([var=y1], 10), 1, 0)</code>
        <domain>MATH</domain>
      </initializationCode>
    </VariableDeclaration>
    <VariableDeclaration id="268">
      <name>a12a2</name>
      <initializationCode id="269">
        <code>ifthenelse(equalsExpr([var=x2], 10)&amp;&amp;equalsExpr([var=y2], 10), 1, 0)</code>
        <domain>MATH</domain>
      </initializationCode>
    </VariableDeclaration>
    <VariableDeclaration id="270">
      <name>a12a3</name>
      <initializationCode id="271">
        <code>ifthenelse(equalsExpr([var=x3], 10)&amp;&amp;equalsExpr([var=y3], 10), 1, 0)</code>
        <domain>MATH</domain>
      </initializationCode>
    </VariableDeclaration>
    <VariableDeclaration id="272">
      <name>a12a4</name>
      <initializationCode id="273">
        <code>ifthenelse(equalsExpr([var=x4], 10)&amp;&amp;equalsExpr([var=y4], 10), 1, 0)</code>
        <domain>MATH</domain>
      </initializationCode>
    </VariableDeclaration>
    <VariableDeclaration id="274">
      <name>a12a5</name>
      <initializationCode id="275">
        <code>ifthenelse(equalsExpr([var=x5], 10)&amp;&amp;equalsExpr([var=y5], 10), 1, 0)</code>
        <domain>MATH</domain>
      </initializationCode>
    </VariableDeclaration>
    <VariableDeclaration id="276">
      <name>a12a6</name>
      <initializationCode id="277">
        <code>ifthenelse(equalsExpr([var=x6], 10)&amp;&amp;equalsExpr([var=y6], 10), 1, 0)</code>
        <domain>MATH</domain>
      </initializationCode>
    </VariableDeclaration>
    <VariableDeclaration id="278">
      <name>a12a7</name>
      <initializationCode id="279">
        <code>ifthenelse(equalsExpr([var=x7], 10)&amp;&amp;equalsExpr([var=y7], 10), 1, 0)</code>
        <domain>MATH</domain>
      </initializationCode>
    </VariableDeclaration>
    <VariableDeclaration id="280">
      <name>a12a8</name>
      <initializationCode id="281">
        <code>ifthenelse(equalsExpr([var=x8], 10)&amp;&amp;equalsExpr([var=y8], 10), 1, 0)</code>
        <domain>MATH</domain>
      </initializationCode>
    </VariableDeclaration>
    <VariableDeclaration id="282">
      <name>a12a9</name>
      <initializationCode id="283">
        <code>ifthenelse(equalsExpr([var=x9], 10)&amp;&amp;equalsExpr([var=y9], 10), 1, 0)</code>
        <domain>MATH</domain>
      </initializationCode>
    </VariableDeclaration>
    <VariableDeclaration id="284">
      <name>a12a10</name>
      <initializationCode id="285">
        <code>ifthenelse(equalsExpr([var=x10], 10)&amp;&amp;equalsExpr([var=y10], 10), 1, 0)</code>
        <domain>MATH</domain>
      </initializationCode>
    </VariableDeclaration>
    <VariableDeclaration id="286">
      <name>a21a1</name>
      <initializationCode id="287">
        <code>ifthenelse(equalsExpr([var=x1], 20)&amp;&amp;equalsExpr([var=y1], 5), 1, 0)</code>
        <domain>MATH</domain>
      </initializationCode>
    </VariableDeclaration>
    <VariableDeclaration id="288">
      <name>a21a2</name>
      <initializationCode id="289">
        <code>ifthenelse(equalsExpr([var=x2], 20)&amp;&amp;equalsExpr([var=y2], 5), 1, 0)</code>
        <domain>MATH</domain>
      </initializationCode>
    </VariableDeclaration>
    <VariableDeclaration id="290">
      <name>a21a3</name>
      <initializationCode id="291">
        <code>ifthenelse(equalsExpr([var=x3], 20)&amp;&amp;equalsExpr([var=y3], 5), 1, 0)</code>
        <domain>MATH</domain>
      </initializationCode>
    </VariableDeclaration>
    <VariableDeclaration id="292">
      <name>a21a4</name>
      <initializationCode id="293">
        <code>ifthenelse(equalsExpr([var=x4], 20)&amp;&amp;equalsExpr([var=y4], 5), 1, 0)</code>
        <domain>MATH</domain>
      </initializationCode>
    </VariableDeclaration>
    <VariableDeclaration id="294">
      <name>a21a5</name>
      <initializationCode id="295">
        <code>ifthenelse(equalsExpr([var=x5], 20)&amp;&amp;equalsExpr([var=y5], 5), 1, 0)</code>
        <domain>MATH</domain>
      </initializationCode>
    </VariableDeclaration>
    <VariableDeclaration id="296">
      <name>a21a6</name>
      <initializationCode id="297">
        <code>ifthenelse(equalsExpr([var=x6], 20)&amp;&amp;equalsExpr([var=y6], 5), 1, 0)</code>
        <domain>MATH</domain>
      </initializationCode>
    </VariableDeclaration>
    <VariableDeclaration id="298">
      <name>a21a7</name>
      <initializationCode id="299">
        <code>ifthenelse(equalsExpr([var=x7], 20)&amp;&amp;equalsExpr([var=y7], 5), 1, 0)</code>
        <domain>MATH</domain>
      </initializationCode>
    </VariableDeclaration>
    <VariableDeclaration id="300">
      <name>a21a8</name>
      <initializationCode id="301">
        <code>ifthenelse(equalsExpr([var=x8], 20)&amp;&amp;equalsExpr([var=y8], 5), 1, 0)</code>
        <domain>MATH</domain>
      </initializationCode>
    </VariableDeclaration>
    <VariableDeclaration id="302">
      <name>a21a9</name>
      <initializationCode id="303">
        <code>ifthenelse(equalsExpr([var=x9], 20)&amp;&amp;equalsExpr([var=y9], 5), 1, 0)</code>
        <domain>MATH</domain>
      </initializationCode>
    </VariableDeclaration>
    <VariableDeclaration id="304">
      <name>a21a10</name>
      <initializationCode id="305">
        <code>ifthenelse(equalsExpr([var=x10], 20)&amp;&amp;equalsExpr([var=y10], 5), 1, 0)</code>
        <domain>MATH</domain>
      </initializationCode>
    </VariableDeclaration>
    <VariableDeclaration id="306">
      <name>a22a1</name>
      <initializationCode id="307">
        <code>ifthenelse(equalsExpr([var=x1], 20)&amp;&amp;equalsExpr([var=y1], 10), 1, 0)</code>
        <domain>MATH</domain>
      </initializationCode>
    </VariableDeclaration>
    <VariableDeclaration id="308">
      <name>a22a2</name>
      <initializationCode id="309">
        <code>ifthenelse(equalsExpr([var=x2], 20)&amp;&amp;equalsExpr([var=y2], 10), 1, 0)</code>
        <domain>MATH</domain>
      </initializationCode>
    </VariableDeclaration>
    <VariableDeclaration id="310">
      <name>a22a3</name>
      <initializationCode id="311">
        <code>ifthenelse(equalsExpr([var=x3], 20)&amp;&amp;equalsExpr([var=y3], 10), 1, 0)</code>
        <domain>MATH</domain>
      </initializationCode>
    </VariableDeclaration>
    <VariableDeclaration id="312">
      <name>a22a4</name>
      <initializationCode id="313">
        <code>ifthenelse(equalsExpr([var=x4], 20)&amp;&amp;equalsExpr([var=y4], 10), 1, 0)</code>
        <domain>MATH</domain>
      </initializationCode>
    </VariableDeclaration>
    <VariableDeclaration id="314">
      <name>a22a5</name>
      <initializationCode id="315">
        <code>ifthenelse(equalsExpr([var=x5], 20)&amp;&amp;equalsExpr([var=y5], 10), 1, 0)</code>
        <domain>MATH</domain>
      </initializationCode>
    </VariableDeclaration>
    <VariableDeclaration id="316">
      <name>a22a6</name>
      <initializationCode id="317">
        <code>ifthenelse(equalsExpr([var=x6], 20)&amp;&amp;equalsExpr([var=y6], 10), 1, 0)</code>
        <domain>MATH</domain>
      </initializationCode>
    </VariableDeclaration>
    <VariableDeclaration id="318">
      <name>a22a7</name>
      <initializationCode id="319">
        <code>ifthenelse(equalsExpr([var=x7], 20)&amp;&amp;equalsExpr([var=y7], 10), 1, 0)</code>
        <domain>MATH</domain>
      </initializationCode>
    </VariableDeclaration>
    <VariableDeclaration id="320">
      <name>a22a8</name>
      <initializationCode id="321">
        <code>ifthenelse(equalsExpr([var=x8], 20)&amp;&amp;equalsExpr([var=y8], 10), 1, 0)</code>
        <domain>MATH</domain>
      </initializationCode>
    </VariableDeclaration>
    <VariableDeclaration id="322">
      <name>a22a9</name>
      <initializationCode id="323">
        <code>ifthenelse(equalsExpr([var=x9], 20)&amp;&amp;equalsExpr([var=y9], 10), 1, 0)</code>
        <domain>MATH</domain>
      </initializationCode>
    </VariableDeclaration>
    <VariableDeclaration id="324">
      <name>a22a10</name>
      <initializationCode id="325">
        <code>ifthenelse(equalsExpr([var=x10], 20)&amp;&amp;equalsExpr([var=y10], 10), 1, 0)</code>
        <domain>MATH</domain>
      </initializationCode>
    </VariableDeclaration>
    <VariableDeclaration id="326">
      <name>a31a1</name>
      <initializationCode id="327">
        <code>ifthenelse(equalsExpr([var=x1], 30)&amp;&amp;equalsExpr([var=y1], 5), 1, 0)</code>
        <domain>MATH</domain>
      </initializationCode>
    </VariableDeclaration>
    <VariableDeclaration id="328">
      <name>a31a2</name>
      <initializationCode id="329">
        <code>ifthenelse(equalsExpr([var=x2], 30)&amp;&amp;equalsExpr([var=y2], 5), 1, 0)</code>
        <domain>MATH</domain>
      </initializationCode>
    </VariableDeclaration>
    <VariableDeclaration id="330">
      <name>a31a3</name>
      <initializationCode id="331">
        <code>ifthenelse(equalsExpr([var=x3], 30)&amp;&amp;equalsExpr([var=y3], 5), 1, 0)</code>
        <domain>MATH</domain>
      </initializationCode>
    </VariableDeclaration>
    <VariableDeclaration id="332">
      <name>a31a4</name>
      <initializationCode id="333">
        <code>ifthenelse(equalsExpr([var=x4], 30)&amp;&amp;equalsExpr([var=y4], 5), 1, 0)</code>
        <domain>MATH</domain>
      </initializationCode>
    </VariableDeclaration>
    <VariableDeclaration id="334">
      <name>a31a5</name>
      <initializationCode id="335">
        <code>ifthenelse(equalsExpr([var=x5], 30)&amp;&amp;equalsExpr([var=y5], 5), 1, 0)</code>
        <domain>MATH</domain>
      </initializationCode>
    </VariableDeclaration>
    <VariableDeclaration id="336">
      <name>a31a6</name>
      <initializationCode id="337">
        <code>ifthenelse(equalsExpr([var=x6], 30)&amp;&amp;equalsExpr([var=y6], 5), 1, 0)</code>
        <domain>MATH</domain>
      </initializationCode>
    </VariableDeclaration>
    <VariableDeclaration id="338">
      <name>a31a7</name>
      <initializationCode id="339">
        <code>ifthenelse(equalsExpr([var=x7], 30)&amp;&amp;equalsExpr([var=y7], 5), 1, 0)</code>
        <domain>MATH</domain>
      </initializationCode>
    </VariableDeclaration>
    <VariableDeclaration id="340">
      <name>a31a8</name>
      <initializationCode id="341">
        <code>ifthenelse(equalsExpr([var=x8], 30)&amp;&amp;equalsExpr([var=y8], 5), 1, 0)</code>
        <domain>MATH</domain>
      </initializationCode>
    </VariableDeclaration>
    <VariableDeclaration id="342">
      <name>a31a9</name>
      <initializationCode id="343">
        <code>ifthenelse(equalsExpr([var=x9], 30)&amp;&amp;equalsExpr([var=y9], 5), 1, 0)</code>
        <domain>MATH</domain>
      </initializationCode>
    </VariableDeclaration>
    <VariableDeclaration id="344">
      <name>a31a10</name>
      <initializationCode id="345">
        <code>ifthenelse(equalsExpr([var=x10], 30)&amp;&amp;equalsExpr([var=y10], 5), 1, 0)</code>
        <domain>MATH</domain>
      </initializationCode>
    </VariableDeclaration>
    <VariableDeclaration id="346">
      <name>a32a1</name>
      <initializationCode id="347">
        <code>ifthenelse(equalsExpr([var=x1], 30)&amp;&amp;equalsExpr([var=y1], 10), 1, 0)</code>
        <domain>MATH</domain>
      </initializationCode>
    </VariableDeclaration>
    <VariableDeclaration id="348">
      <name>a32a2</name>
      <initializationCode id="349">
        <code>ifthenelse(equalsExpr([var=x2], 30)&amp;&amp;equalsExpr([var=y2], 10), 1, 0)</code>
        <domain>MATH</domain>
      </initializationCode>
    </VariableDeclaration>
    <VariableDeclaration id="350">
      <name>a32a3</name>
      <initializationCode id="351">
        <code>ifthenelse(equalsExpr([var=x3], 30)&amp;&amp;equalsExpr([var=y3], 10), 1, 0)</code>
        <domain>MATH</domain>
      </initializationCode>
    </VariableDeclaration>
    <VariableDeclaration id="352">
      <name>a32a4</name>
      <initializationCode id="353">
        <code>ifthenelse(equalsExpr([var=x4], 30)&amp;&amp;equalsExpr([var=y4], 10), 1, 0)</code>
        <domain>MATH</domain>
      </initializationCode>
    </VariableDeclaration>
    <VariableDeclaration id="354">
      <name>a32a5</name>
      <initializationCode id="355">
        <code>ifthenelse(equalsExpr([var=x5], 30)&amp;&amp;equalsExpr([var=y5], 10), 1, 0)</code>
        <domain>MATH</domain>
      </initializationCode>
    </VariableDeclaration>
    <VariableDeclaration id="356">
      <name>a32a6</name>
      <initializationCode id="357">
        <code>ifthenelse(equalsExpr([var=x6], 30)&amp;&amp;equalsExpr([var=y6], 10), 1, 0)</code>
        <domain>MATH</domain>
      </initializationCode>
    </VariableDeclaration>
    <VariableDeclaration id="358">
      <name>a32a7</name>
      <initializationCode id="359">
        <code>ifthenelse(equalsExpr([var=x7], 30)&amp;&amp;equalsExpr([var=y7], 10), 1, 0)</code>
        <domain>MATH</domain>
      </initializationCode>
    </VariableDeclaration>
    <VariableDeclaration id="360">
      <name>a32a8</name>
      <initializationCode id="361">
        <code>ifthenelse(equalsExpr([var=x8], 30)&amp;&amp;equalsExpr([var=y8], 10), 1, 0)</code>
        <domain>MATH</domain>
      </initializationCode>
    </VariableDeclaration>
    <VariableDeclaration id="362">
      <name>a32a9</name>
      <initializationCode id="363">
        <code>ifthenelse(equalsExpr([var=x9], 30)&amp;&amp;equalsExpr([var=y9], 10), 1, 0)</code>
        <domain>MATH</domain>
      </initializationCode>
    </VariableDeclaration>
    <VariableDeclaration id="364">
      <name>a32a10</name>
      <initializationCode id="365">
        <code>ifthenelse(equalsExpr([var=x10], 30)&amp;&amp;equalsExpr([var=y10], 10), 1, 0)</code>
        <domain>MATH</domain>
      </initializationCode>
    </VariableDeclaration>
    <VariableDeclaration id="366">
      <name>a11</name>
      <initializationCode id="367">
        <code>evaluateInR(&apos;[var=a11a1]+[var=a11a2]+[var=a11a3]+[var=a11a4]+[var=a11a5]+[var=a11a6]+[var=a11a7]+[var=a11a8]+[var=a11a9]+[var=a11a10]&apos;)</code>
        <domain>MATH</domain>
      </initializationCode>
    </VariableDeclaration>
    <VariableDeclaration id="368">
      <name>a12</name>
      <initializationCode id="369">
        <code>evaluateInR(&apos;[var=a12a1]+[var=a12a2]+[var=a12a3]+[var=a12a4]+[var=a12a5]+[var=a12a6]+[var=a12a7]+[var=a12a8]+[var=a12a9]+[var=a12a10]&apos;)</code>
        <domain>MATH</domain>
      </initializationCode>
    </VariableDeclaration>
    <VariableDeclaration id="370">
      <name>a21</name>
      <initializationCode id="371">
        <code>evaluateInR(&apos;[var=a21a1]+[var=a21a2]+[var=a21a3]+[var=a21a4]+[var=a21a5]+[var=a21a6]+[var=a21a7]+[var=a21a8]+[var=a21a9]+[var=a21a10]&apos;)</code>
        <domain>MATH</domain>
      </initializationCode>
    </VariableDeclaration>
    <VariableDeclaration id="372">
      <name>a22</name>
      <initializationCode id="373">
        <code>evaluateInR(&apos;[var=a22a1]+[var=a22a2]+[var=a22a3]+[var=a22a4]+[var=a22a5]+[var=a22a6]+[var=a22a7]+[var=a22a8]+[var=a22a9]+[var=a22a10]&apos;)</code>
        <domain>MATH</domain>
      </initializationCode>
    </VariableDeclaration>
    <VariableDeclaration id="374">
      <name>a31</name>
      <initializationCode id="375">
        <code>evaluateInR(&apos;[var=a31a1]+[var=a31a2]+[var=a31a3]+[var=a31a4]+[var=a31a5]+[var=a31a6]+[var=a31a7]+[var=a31a8]+[var=a31a9]+[var=a31a10]&apos;)</code>
        <domain>MATH</domain>
      </initializationCode>
    </VariableDeclaration>
    <VariableDeclaration id="376">
      <name>a32</name>
      <initializationCode id="377">
        <code>evaluateInR(&apos;[var=a32a1]+[var=a32a2]+[var=a32a3]+[var=a32a4]+[var=a32a5]+[var=a32a6]+[var=a32a7]+[var=a32a8]+[var=a32a9]+[var=a32a10]&apos;)</code>
        <domain>MATH</domain>
      </initializationCode>
    </VariableDeclaration>
    <VariableDeclaration id="378">
      <name>nip1</name>
      <initializationCode id="379">
        <code>evaluateInR(&apos;[var=a11]+[var=a12]&apos;)</code>
        <domain>MATH</domain>
      </initializationCode>
    </VariableDeclaration>
    <VariableDeclaration id="380">
      <name>nip2</name>
      <initializationCode id="381">
        <code>evaluateInR(&apos;[var=a21]+[var=a22]&apos;)</code>
        <domain>MATH</domain>
      </initializationCode>
    </VariableDeclaration>
    <VariableDeclaration id="382">
      <name>nip3</name>
      <initializationCode id="383">
        <code>evaluateInR(&apos;[var=a31]+[var=a32]&apos;)</code>
        <domain>MATH</domain>
      </initializationCode>
    </VariableDeclaration>
    <VariableDeclaration id="384">
      <name>npj1</name>
      <initializationCode id="385">
        <code>evaluateInR(&apos;[var=a11]+[var=a21]+[var=a31]&apos;)</code>
        <domain>MATH</domain>
      </initializationCode>
    </VariableDeclaration>
    <VariableDeclaration id="386">
      <name>npj2</name>
      <initializationCode id="387">
        <code>evaluateInR(&apos;[var=a12]+[var=a22]+[var=a32]&apos;)</code>
        <domain>MATH</domain>
      </initializationCode>
    </VariableDeclaration>
    <VariableDeclaration id="388">
      <name>h11</name>
      <initializationCode id="389">
        <code>evaluateInR(&apos;[var=a11]/[var=npj1]&apos;)</code>
        <domain>MATH</domain>
      </initializationCode>
    </VariableDeclaration>
    <VariableDeclaration id="390">
      <name>h21</name>
      <initializationCode id="391">
        <code>evaluateInR(&apos;[var=a21]/[var=npj1]&apos;)</code>
        <domain>MATH</domain>
      </initializationCode>
    </VariableDeclaration>
    <VariableDeclaration id="392">
      <name>h31</name>
      <initializationCode id="393">
        <code>evaluateInR(&apos;[var=a31]/[var=npj1]&apos;)</code>
        <domain>MATH</domain>
      </initializationCode>
    </VariableDeclaration>
    <VariableDeclaration id="394">
      <name>h12</name>
      <initializationCode id="395">
        <code>evaluateInR(&apos;[var=a12]/[var=npj2]&apos;)</code>
        <domain>MATH</domain>
      </initializationCode>
    </VariableDeclaration>
    <VariableDeclaration id="396">
      <name>h22</name>
      <initializationCode id="397">
        <code>evaluateInR(&apos;[var=a22]/[var=npj2]&apos;)</code>
        <domain>MATH</domain>
      </initializationCode>
    </VariableDeclaration>
    <VariableDeclaration id="398">
      <name>h32</name>
      <initializationCode id="399">
        <code>evaluateInR(&apos;[var=a32]/[var=npj2]&apos;)</code>
        <domain>MATH</domain>
      </initializationCode>
    </VariableDeclaration>
    <VariableDeclaration id="400">
      <name>h11g</name>
      <initializationCode id="401">
        <code>evaluateInR(&apos;round([var=h11], 2)&apos;)</code>
        <domain>MATH</domain>
      </initializationCode>
    </VariableDeclaration>
    <VariableDeclaration id="402">
      <name>h21g</name>
      <initializationCode id="403">
        <code>evaluateInR(&apos;round([var=h21], 2)&apos;)</code>
        <domain>MATH</domain>
      </initializationCode>
    </VariableDeclaration>
    <VariableDeclaration id="404">
      <name>h31g</name>
      <initializationCode id="405">
        <code>evaluateInR(&apos;round([var=h31], 2)&apos;)</code>
        <domain>MATH</domain>
      </initializationCode>
    </VariableDeclaration>
    <VariableDeclaration id="406">
      <name>h12g</name>
      <initializationCode id="407">
        <code>evaluateInR(&apos;round([var=h12], 2)&apos;)</code>
        <domain>MATH</domain>
      </initializationCode>
    </VariableDeclaration>
    <VariableDeclaration id="408">
      <name>h22g</name>
      <initializationCode id="409">
        <code>evaluateInR(&apos;round([var=h22], 2)&apos;)</code>
        <domain>MATH</domain>
      </initializationCode>
    </VariableDeclaration>
    <VariableDeclaration id="410">
      <name>h32g</name>
      <initializationCode id="411">
        <code>evaluateInR(&apos;round([var=h32], 2)&apos;)</code>
        <domain>MATH</domain>
      </initializationCode>
    </VariableDeclaration>
    <VariableDeclaration id="412">
      <name>unab1</name>
      <initializationCode id="413">
        <code>evaluateInR(&apos;([var=nip1]*[var=npj1])/10&apos;)</code>
        <domain>MATH</domain>
      </initializationCode>
    </VariableDeclaration>
    <VariableDeclaration id="414">
      <name>unab2</name>
      <initializationCode id="415">
        <code>evaluateInR(&apos;([var=nip1]*[var=npj2])/10&apos;)</code>
        <domain>MATH</domain>
      </initializationCode>
    </VariableDeclaration>
    <VariableDeclaration id="416">
      <name>unab3</name>
      <initializationCode id="417">
        <code>evaluateInR(&apos;([var=nip2]*[var=npj1])/10&apos;)</code>
        <domain>MATH</domain>
      </initializationCode>
    </VariableDeclaration>
    <VariableDeclaration id="418">
      <name>unab4</name>
      <initializationCode id="419">
        <code>evaluateInR(&apos;([var=nip2]*[var=npj2])/10&apos;)</code>
        <domain>MATH</domain>
      </initializationCode>
    </VariableDeclaration>
    <VariableDeclaration id="420">
      <name>unab5</name>
      <initializationCode id="421">
        <code>evaluateInR(&apos;([var=nip3]*[var=npj1])/10&apos;)</code>
        <domain>MATH</domain>
      </initializationCode>
    </VariableDeclaration>
    <VariableDeclaration id="422">
      <name>unab6</name>
      <initializationCode id="423">
        <code>evaluateInR(&apos;([var=nip3]*[var=npj2])/10&apos;)</code>
        <domain>MATH</domain>
      </initializationCode>
    </VariableDeclaration>
    <VariableDeclaration id="424">
      <name>unab</name>
      <initializationCode id="425">
        <code>ifthenelse(equals([var=unab1], [var=a11])&amp;&amp;equals([var=unab2], [var=a12])&amp;&amp;equals([var=unab3], [var=a21])&amp;&amp;equals([var=unab4], [var=a22])&amp;&amp;equals([var=unab5], [var=a31])&amp;&amp;equals([var=unab6], [var=a32]), 0, 1)</code>
        <domain>MATH</domain>
      </initializationCode>
    </VariableDeclaration>
    <VariableDeclaration id="426">
      <name>unabant</name>
      <initializationCode id="427">
        <code>ifthenelse(equals([var=unab], 0), &quot;unabhängig&quot;, &quot;abhängig&quot;)</code>
        <domain>MATH</domain>
      </initializationCode>
    </VariableDeclaration>
    <VariableDeclaration id="428">
      <name>xbar</name>
      <initializationCode id="429">
        <code>evaluateInR(&apos;(10*[var=nip1]+20*[var=nip2]+30*[var=nip3])/10&apos;)</code>
        <domain>MATH</domain>
      </initializationCode>
    </VariableDeclaration>
    <VariableDeclaration id="430">
      <name>ybar</name>
      <initializationCode id="431">
        <code>evaluateInR(&apos;(5*[var=npj1]+10*[var=npj2])/10&apos;)</code>
        <domain>MATH</domain>
      </initializationCode>
    </VariableDeclaration>
    <VariableDeclaration id="432">
      <name>xbarg</name>
      <initializationCode id="433">
        <code>evaluateInR(&apos;round([var=xbar], 2)&apos;)</code>
        <domain>MATH</domain>
      </initializationCode>
    </VariableDeclaration>
    <VariableDeclaration id="434">
      <name>ybarg</name>
      <initializationCode id="435">
        <code>evaluateInR(&apos;round([var=ybar], 2)&apos;)</code>
        <domain>MATH</domain>
      </initializationCode>
    </VariableDeclaration>
    <VariableDeclaration id="436">
      <name>sxy</name>
      <initializationCode id="437">
        <code>evaluateInR(&apos;(10*5*[var=a11]+10*10*[var=a12]+20*5*[var=a21]+20*10*[var=a22]+30*5*[var=a31]+30*10*[var=a32])/10-[var=xbar]*[var=ybar]&apos;)</code>
        <domain>MATH</domain>
      </initializationCode>
    </VariableDeclaration>
    <VariableDeclaration id="438">
      <name>sxyg</name>
      <initializationCode id="439">
        <code>evaluateInR(&apos;round([var=sxy], 2)&apos;)</code>
        <domain>MATH</domain>
      </initializationCode>
    </VariableDeclaration>
    <VariableDeclaration id="440">
      <name>sy</name>
      <initializationCode id="441">
        <code>([var=npj1]*25+[var=npj2]*100)/10-pow([var=ybar], 2)</code>
        <domain>MATH</domain>
      </initializationCode>
    </VariableDeclaration>
    <VariableDeclaration id="442">
      <name>sx</name>
      <initializationCode id="443">
        <code>([var=nip1]*100+[var=nip2]*400+[var=nip3]*900)/10-pow([var=xbar], 2)</code>
        <domain>MATH</domain>
      </initializationCode>
    </VariableDeclaration>
    <VariableDeclaration id="444">
      <name>rxy</name>
      <initializationCode id="445">
        <code>evaluateInR(&apos;[var=sxy]/sqrt([var=sy]*[var=sx])&apos;)</code>
        <domain>MATH</domain>
      </initializationCode>
    </VariableDeclaration>
    <VariableDeclaration id="446">
      <name>rxyg</name>
      <initializationCode id="447">
        <code>evaluateInR(&apos;round([var=rxy], 2)&apos;)</code>
        <domain>MATH</domain>
      </initializationCode>
    </VariableDeclaration>
  </variableDeclarations>
  <jSXGraphs id="448"/>
  <dynamicMolecules id="449"/>
  <resultFeedbackMappings id="450"/>
</Exercise>