<Exercise id="1">
  <name>DS7-09 Zweidimensionale Datensätze 9</name>
  <publicDescription></publicDescription>
  <internalNotes>1. Stage: Bravais-Pearson berechnen
2. Stage: Interpretation
3. Stage: ScList zu Bravais-Pearson (unvollständig)! gelöscht, kann akuell nicht umgesetzt werden?!

Die  Materialien sind lizenziert unter CC BY-NC-SA 4.0. Eine Kopie dieser Lizenz finden Sie unter http://creativecommons.org/licenses/by-nc-sa/4.0/

The materials are licensed under CC BY-NC-SA 4.0. You can find a copy of this license at http://creativecommons.org/licenses/by-nc-sa/4.0/</internalNotes>
  <language>de</language>
  <difficulty>4</difficulty>
  <tags id="2">
    <Tag id="3">
      <name>Desk_22</name>
    </Tag>
  </tags>
  <resources id="4"/>
  <stages id="5">
    <MCStage id="6">
      <internalName>1</internalName>
      <externalName>Stage 1</externalName>
      <taskDescription>&lt;strong&gt;Aufgabenstellung:&lt;/strong&gt;&lt;br /&gt;&#xd;
&lt;br /&gt;&#xd;
In den Jahren 1976 bis 1981 liegen f&amp;uuml;r Erwerbslose und Arbeitslose folgende Zahlen (in 1000) vor:&lt;br /&gt;&#xd;
&lt;br /&gt;&#xd;
$$\begin{matrix}&lt;br /&gt;&#xd;
\textrm{Jahr} &amp;amp; 1976 &amp;amp; 1977 &amp;amp; 1978 &amp;amp; 1979 &amp;amp; 1980 &amp;amp; 1981 \\&lt;br /&gt;&#xd;
\hline&lt;br /&gt;&#xd;
\textrm{Erwerbslose} &amp;amp; 944 &amp;amp; 972 &amp;amp; 931 &amp;amp; 852 &amp;amp; 766 &amp;amp; 1045 \\&lt;br /&gt;&#xd;
\textrm{Arbeitslose} &amp;amp; 954 &amp;amp; 946 &amp;amp; 913 &amp;amp; 775 &amp;amp; 767 &amp;amp; 1110 \\&lt;br /&gt;&#xd;
\end{matrix}$$&lt;br /&gt;&#xd;
Wie hoch ist der Korrelationskoeffizient nach Bravais-Pearson? &amp;nbsp;&lt;br /&gt;&#xd;
&lt;br /&gt;&#xd;
&lt;strong&gt;Auswahl:&lt;/strong&gt;</taskDescription>
      <skipMessage> Der Korrelationskoeffizient hat einen Wert von $0.95$.</skipMessage>
      <defaultTransition id="7">
        <conditionExpression id="8">
          <domain>MATH</domain>
        </conditionExpression>
        <stageExpression id="9">
          <domain>MATH</domain>
        </stageExpression>
        <isRepeat>true</isRepeat>
      </defaultTransition>
      <skipTransitions id="10">
        <StageTransition id="11">
          <conditionExpression id="12">
            <code></code>
            <domain>MATH</domain>
          </conditionExpression>
          <stageExpression id="13">
            <domain>MATH</domain>
          </stageExpression>
          <targetStage class="MCStage" id="14">
            <internalName>2</internalName>
            <externalName>Stage 2</externalName>
            <taskDescription>&lt;strong&gt;Aufgabenstellung:&lt;/strong&gt;&lt;br /&gt;&#xd;
&lt;br /&gt;&#xd;
Interpretieren Sie das Ergebnis!&lt;br /&gt;&#xd;
&lt;br /&gt;&#xd;
&lt;strong&gt;Auswahl:&lt;/strong&gt;</taskDescription>
            <skipMessage> Erwerbs-und Arbeitslosenzahl hängen positiv und sehr stark linear voneinander ab. </skipMessage>
            <defaultTransition id="15">
              <conditionExpression id="16">
                <domain>MATH</domain>
              </conditionExpression>
              <stageExpression id="17">
                <domain>MATH</domain>
              </stageExpression>
              <isRepeat>true</isRepeat>
            </defaultTransition>
            <skipTransitions id="18">
              <StageTransition id="19">
                <conditionExpression id="20">
                  <code></code>
                  <domain>MATH</domain>
                </conditionExpression>
                <stageExpression id="21">
                  <domain>MATH</domain>
                </stageExpression>
                <isRepeat>false</isRepeat>
              </StageTransition>
            </skipTransitions>
            <stageTransitions id="22">
              <StageTransition id="23">
                <conditionExpression id="24">
                  <code></code>
                  <domain>MATH</domain>
                </conditionExpression>
                <stageExpression id="25">
                  <code>[meta=stageCurrentResult]&gt;=100</code>
                  <domain>MATH</domain>
                </stageExpression>
                <isRepeat>false</isRepeat>
              </StageTransition>
            </stageTransitions>
            <hints id="26">
              <StageHint id="27">
                <stagehint__order>0</stagehint__order>
                <text>Vergegenw&amp;auml;rtigen Sie sich die Aussage des Korrelationskoeffizienten.&lt;br /&gt;
&lt;br /&gt;
&lt;em&gt;(Es ist ein weiterer Hinweis vorhanden)&lt;/em&gt;</text>
                <malus>0</malus>
                <stage class="MCStage" reference="14"/>
              </StageHint>
              <StageHint id="28">
                <stagehint__order>1</stagehint__order>
                <text>Der Korrelationskoeffizient nach Bravais-Pearson gibt Richtung und Stärke eines linearen Zusammenhangs zwischen X und Y an.</text>
                <malus>0</malus>
                <stage class="MCStage" reference="14"/>
              </StageHint>
            </hints>
            <variableUpdatesOnEnter id="29"/>
            <variableUpdatesBeforeCheck id="30"/>
            <variableUpdatesAfterCheck id="31"/>
            <variableUpdatesOnNormalExit id="32"/>
            <variableUpdatesOnRepeat id="33"/>
            <variableUpdatesOnSkip id="34"/>
            <weight>1</weight>
            <orderIndex>1</orderIndex>
            <allowSkip>true</allowSkip>
            <resources id="35"/>
            <answerOptions id="36">
              <MCAnswer id="37">
                <order>0</order>
                <rule>CORRECT</rule>
                <text>Erwerbs-und Arbeitslosenzahl hängen positiv und sehr stark linear voneinander ab.</text>
                <variableName></variableName>
                <mcstage reference="14"/>
              </MCAnswer>
              <MCAnswer id="38">
                <order>1</order>
                <rule>WRONG</rule>
                <text>Erwerbs-und Arbeitslosenzahl hängen positiv und leicht linear voneinander ab.</text>
                <variableName></variableName>
                <mcstage reference="14"/>
              </MCAnswer>
              <MCAnswer id="39">
                <order>2</order>
                <rule>WRONG</rule>
                <text>Erwerbs-und Arbeitslosenzahl hängen negativ und sehr stark linear voneinander ab.</text>
                <variableName></variableName>
                <mcstage reference="14"/>
              </MCAnswer>
              <MCAnswer id="40">
                <order>3</order>
                <rule>WRONG</rule>
                <text>Erwerbs-und Arbeitslosenzahl hängen negativ und sehr leicht linear voneinander ab.</text>
                <variableName></variableName>
                <mcstage reference="14"/>
              </MCAnswer>
              <MCAnswer id="41">
                <order>4</order>
                <rule>WRONG</rule>
                <text>Erwerbs-und Arbeitslosenzahl hängen nicht voneinander ab.</text>
                <variableName></variableName>
                <mcstage reference="14"/>
              </MCAnswer>
              <MCAnswer id="42">
                <order>5</order>
                <rule>WRONG</rule>
                <text>Erwerbs-und Arbeitslosenzahl hängen perfekt voneinander ab.</text>
                <variableName></variableName>
                <mcstage reference="14"/>
              </MCAnswer>
            </answerOptions>
            <randomize>true</randomize>
            <singleChoice>false</singleChoice>
            <correctAnswerFeedback>Richtig!</correctAnswerFeedback>
            <defaultFeedback>Leider nicht richtig.&lt;/br&gt;
 &lt;/br&gt;
 Erwerbs-und Arbeitslosenzahl hängen positiv und sehr stark linear voneinander ab. </defaultFeedback>
            <defaultResult>0</defaultResult>
            <extraFeedbacks id="43"/>
          </targetStage>
          <isRepeat>false</isRepeat>
        </StageTransition>
      </skipTransitions>
      <stageTransitions id="44">
        <StageTransition id="45">
          <conditionExpression id="46">
            <code></code>
            <domain>MATH</domain>
          </conditionExpression>
          <stageExpression id="47">
            <code>[meta=stageCurrentResult]&gt;=100</code>
            <domain>MATH</domain>
          </stageExpression>
          <targetStage class="MCStage" reference="14"/>
          <isRepeat>false</isRepeat>
        </StageTransition>
      </stageTransitions>
      <hints id="48">
        <StageHint id="49">
          <stagehint__order>0</stagehint__order>
          <text>Die meisten Antworten m&amp;uuml;ssten Sie ausschlie&amp;szlig;en k&amp;ouml;nnen.&lt;br /&gt;
&lt;br /&gt;
&lt;em&gt;(Es ist ein weiterer Hinweis vorhanden)&lt;/em&gt;</text>
          <malus>0</malus>
          <stage class="MCStage" reference="6"/>
        </StageHint>
        <StageHint id="50">
          <stagehint__order>1</stagehint__order>
          <text>\[r_{xy}=\frac{s_{xy}}{s_{x}s_{y}}=\frac{\sum_{r=1}^{n}(x_{r}-\bar{x})(y_{r}-\bar{y})}{\sqrt{\sum_{r=1}^{n}(x_{r}-\bar{x})^{2}}\sqrt{\sum_{r=1}^{n}(y_{r}-\bar{y})^{2}}}\]</text>
          <malus>0</malus>
          <stage class="MCStage" reference="6"/>
        </StageHint>
      </hints>
      <variableUpdatesOnEnter id="51"/>
      <variableUpdatesBeforeCheck id="52"/>
      <variableUpdatesAfterCheck id="53"/>
      <variableUpdatesOnNormalExit id="54"/>
      <variableUpdatesOnRepeat id="55"/>
      <variableUpdatesOnSkip id="56"/>
      <weight>1</weight>
      <orderIndex>0</orderIndex>
      <allowSkip>true</allowSkip>
      <resources id="57"/>
      <answerOptions id="58">
        <MCAnswer id="59">
          <order>0</order>
          <rule>WRONG</rule>
          <text> 1.1</text>
          <variableName></variableName>
          <mcstage reference="6"/>
        </MCAnswer>
        <MCAnswer id="60">
          <order>1</order>
          <rule>WRONG</rule>
          <text> -0.89</text>
          <variableName></variableName>
          <mcstage reference="6"/>
        </MCAnswer>
        <MCAnswer id="61">
          <order>2</order>
          <rule>WRONG</rule>
          <text> 0.12</text>
          <variableName></variableName>
          <mcstage reference="6"/>
        </MCAnswer>
        <MCAnswer id="62">
          <order>3</order>
          <rule>WRONG</rule>
          <text> 0.54</text>
          <variableName></variableName>
          <mcstage reference="6"/>
        </MCAnswer>
        <MCAnswer id="63">
          <order>4</order>
          <rule>WRONG</rule>
          <text> 0.5</text>
          <variableName></variableName>
          <mcstage reference="6"/>
        </MCAnswer>
        <MCAnswer id="64">
          <order>5</order>
          <rule>WRONG</rule>
          <text> 0.91</text>
          <variableName></variableName>
          <mcstage reference="6"/>
        </MCAnswer>
        <MCAnswer id="65">
          <order>6</order>
          <rule>CORRECT</rule>
          <text> 0.95</text>
          <variableName></variableName>
          <mcstage reference="6"/>
        </MCAnswer>
      </answerOptions>
      <randomize>true</randomize>
      <singleChoice>false</singleChoice>
      <correctAnswerFeedback>Richtig!</correctAnswerFeedback>
      <defaultFeedback>Leider nicht richtig. &lt;/br&gt;
&lt;/br&gt;
 Der Korrelationskoeffizient hat einen Wert von $0.95$.</defaultFeedback>
      <defaultResult>0</defaultResult>
      <extraFeedbacks id="66">
        <de.uni__due.s3.jack3.entities.stagetypes.mc.MCFeedback id="67">
          <expression id="68">
            <code>[input=mcindex_0]&amp;&amp;![input=mcindex_1]&amp;&amp;![input=mcindex_2]&amp;&amp;![input=mcindex_3]&amp;&amp;![input=mcindex_4]&amp;&amp;![input=mcindex_5]&amp;&amp;![input=mcindex_6]</code>
            <domain>MATH</domain>
          </expression>
          <condition id="69">
            <code></code>
            <domain>MATH</domain>
          </condition>
          <result>0</result>
          <feedbackText>  Kann der Korrelationskoeffizient diesen Wert annehmen? </feedbackText>
        </de.uni__due.s3.jack3.entities.stagetypes.mc.MCFeedback>
        <de.uni__due.s3.jack3.entities.stagetypes.mc.MCFeedback id="70">
          <expression id="71">
            <code>![input=mcindex_0]&amp;&amp;[input=mcindex_1]&amp;&amp;![input=mcindex_2]&amp;&amp;![input=mcindex_3]&amp;&amp;![input=mcindex_4]&amp;&amp;![input=mcindex_5]&amp;&amp;![input=mcindex_6]</code>
            <domain>MATH</domain>
          </expression>
          <condition id="72">
            <code></code>
            <domain>MATH</domain>
          </condition>
          <result>0</result>
          <feedbackText>  Wirken die beiden Merkmalsausprägungen negativ korreliert? </feedbackText>
        </de.uni__due.s3.jack3.entities.stagetypes.mc.MCFeedback>
        <de.uni__due.s3.jack3.entities.stagetypes.mc.MCFeedback id="73">
          <expression id="74">
            <code>![input=mcindex_0]&amp;&amp;![input=mcindex_1]&amp;&amp;[input=mcindex_2]&amp;&amp;![input=mcindex_3]&amp;&amp;![input=mcindex_4]&amp;&amp;![input=mcindex_5]&amp;&amp;![input=mcindex_6]</code>
            <domain>MATH</domain>
          </expression>
          <condition id="75">
            <code></code>
            <domain>MATH</domain>
          </condition>
          <result>0</result>
          <feedbackText>  Zwei Merkmale mit einer Korrelation von 0.12 haben einen nur sehr schwachen Zusammenhang. Passt dies hier? </feedbackText>
        </de.uni__due.s3.jack3.entities.stagetypes.mc.MCFeedback>
      </extraFeedbacks>
    </MCStage>
    <MCStage reference="14"/>
  </stages>
  <startStage class="MCStage" reference="6"/>
  <variableDeclarations id="76"/>
  <jSXGraphs id="77"/>
  <dynamicMolecules id="78"/>
  <resultFeedbackMappings id="79"/>
</Exercise>