<Exercise id="1">
  <name>DS7-10 Zweidimensionale Datensätze 10</name>
  <publicDescription></publicDescription>
  <internalNotes>1. Stage Kovarianz berechnen
2. Stage MC (neu)
3. Stage MC 

Diese Aufgabe behandelt die Themen Kovarianz und Korrelation und besteht aus insgesamt 3 Fragen.

Die  Materialien sind lizenziert unter CC BY-NC-SA 4.0. Eine Kopie dieser Lizenz finden Sie unter http://creativecommons.org/licenses/by-nc-sa/4.0/

The materials are licensed under CC BY-NC-SA 4.0. You can find a copy of this license at http://creativecommons.org/licenses/by-nc-sa/4.0/</internalNotes>
  <language>de</language>
  <difficulty>3</difficulty>
  <tags id="2">
    <Tag id="3">
      <name>Desk_22</name>
    </Tag>
  </tags>
  <resources id="4"/>
  <stages id="5">
    <FillInStage id="6">
      <internalName>1</internalName>
      <externalName>Stage 1 </externalName>
      <taskDescription>&lt;strong&gt;Aufgabenstellung:&lt;/strong&gt;&lt;br /&gt;&#xd;
&lt;br /&gt;&#xd;
Die folgende Tabelle enth&amp;auml;lt die Jahresschlusskurse zweier Wertpapiere A und B:&lt;br /&gt;&#xd;
&lt;br /&gt;&#xd;
$$\begin{matrix}&lt;br /&gt;&#xd;
\textrm{Jahr} &amp;amp; 1 &amp;amp; 2 &amp;amp; 3 &amp;amp; 4 \\&lt;br /&gt;&#xd;
\hline&lt;br /&gt;&#xd;
\textrm{A} &amp;amp; [var=x1] &amp;amp; [var=x2] &amp;amp;[var=x3] &amp;amp;[var=x4] \\&lt;br /&gt;&#xd;
\textrm{B} &amp;amp; [var=y1] &amp;amp; [var=y2] &amp;amp;[var=y3] &amp;amp;[var=y4] \\&lt;br /&gt;&#xd;
\end{matrix}$$&lt;br /&gt;&#xd;
&lt;br /&gt;&#xd;
Berechnen Sie die Kovarianz der beiden Kurse!&lt;br /&gt;&#xd;
&lt;br /&gt;&#xd;
&lt;strong&gt;Einreichung:&lt;/strong&gt;&lt;br /&gt;&#xd;
&lt;br /&gt;&#xd;
$s_{\textrm{AB}}=$&amp;nbsp;&amp;nbsp;&lt;input name=&quot;field1&quot; size=&quot;6&quot; type=&quot;text&quot; value=&quot;field1&quot; /&gt;&amp;nbsp;&lt;br /&gt;&#xd;
&lt;br /&gt;&#xd;
&lt;em&gt;(Runden Sie, falls n&amp;ouml;tig, auf die zweite Nachkommastelle und verwenden Sie einen Dezimalpunkt.)&lt;/em&gt;&amp;nbsp; &lt;!--&#xd;
&lt;p&gt;&lt;a href=&quot;https://rdrr.io/snippets/embed/&quot; onclick=&quot;window.open(&apos;https://rdrr.io/snippets/embed/?code=&apos;,&apos;R Console&apos;,&apos; margin-top: 20px; top=200,left=100,width=480,height=640,menubar=no,toolbar=no,&apos;); return false;&quot; target=&quot;_blank&quot;&gt;&lt;img alt=&quot;R_ Logo&quot; pull-right=&quot;&quot; src=&quot;/econometrics/resource?resource=157444&quot; style=&quot;width: 40px; height: 50px; float: right; margin: 5px&quot; /&gt;&lt;/a&gt;&lt;/p&gt;&#xd;
--&gt;</taskDescription>
      <skipMessage>$s_{\textrm{AB}}=[var=covarg]$</skipMessage>
      <defaultTransition id="7">
        <conditionExpression id="8">
          <domain>MATH</domain>
        </conditionExpression>
        <stageExpression id="9">
          <domain>MATH</domain>
        </stageExpression>
        <targetStage class="MCStage" id="10">
          <internalName>2</internalName>
          <externalName>Stage 2 </externalName>
          <taskDescription>&lt;br /&gt;&#xd;
Beurteilen Sie welche der folgenden Aussagen wahr sind, wenn die Schlusskurse der Wertpapiere statt in EURO (&amp;euro;) in britischen Pfund (&amp;pound;)&lt;br /&gt;&#xd;
angegeben werden. Unterstellen Sie dabei einen Wechselkurs $\frac{&amp;euro;}{&amp;pound;}=[var=fore]$.&lt;br /&gt;&#xd;
Wir nennen die Papiere $A_{&amp;pound;}=C$ und $B_{&amp;pound;}=D$.</taskDescription>
          <skipMessage>Überlegen Sie, wie sich eine Skalierung der Kovarianz bzw. der Korrelation auf den Wert jeweils auswirkt.</skipMessage>
          <defaultTransition id="11">
            <conditionExpression id="12">
              <domain>MATH</domain>
            </conditionExpression>
            <stageExpression id="13">
              <domain>MATH</domain>
            </stageExpression>
            <targetStage class="MCStage" id="14">
              <internalName>3</internalName>
              <externalName>Stage 3</externalName>
              <taskDescription>&lt;strong&gt;Aufgabenstellung:&lt;/strong&gt;&lt;br /&gt;&#xd;
&lt;br /&gt;&#xd;
Wie &amp;auml;ndert sich die Kovarianz, wenn Papier A durch Papier E ersetzt wird, dessen Schlusskurse die von Papier A jeweils um 50 Euro &amp;uuml;bersteigen?&amp;nbsp;&lt;br /&gt;&#xd;
&lt;br /&gt;&#xd;
&lt;strong&gt;Auswahl:&lt;/strong&gt;</taskDescription>
              <skipMessage>    Die Kovarianz ändert sich nicht.
  </skipMessage>
              <defaultTransition id="15">
                <conditionExpression id="16">
                  <domain>MATH</domain>
                </conditionExpression>
                <stageExpression id="17">
                  <domain>MATH</domain>
                </stageExpression>
                <isRepeat>false</isRepeat>
              </defaultTransition>
              <skipTransitions id="18">
                <StageTransition id="19">
                  <conditionExpression id="20">
                    <code></code>
                    <domain>MATH</domain>
                  </conditionExpression>
                  <stageExpression id="21">
                    <domain>MATH</domain>
                  </stageExpression>
                  <isRepeat>false</isRepeat>
                </StageTransition>
              </skipTransitions>
              <stageTransitions id="22"/>
              <hints id="23">
                <StageHint id="24">
                  <stagehint__order>0</stagehint__order>
                  <text>      Die $\textbf{Transformationseigenschaft}$ der Kovarianz besagt:
      Sind Datenpaare $(z_{r},v_{r})$ Lineartransformationen $z_{r}=a+bx_{r}$ und $v_{r}=c+dy_{r}$ von Datenpaaren $(x_{r},y_{r})$, gilt für die Kovarianz von $Z$ und $V$: $s_{zv}=bds_{xy}$
    </text>
                  <malus>0</malus>
                  <stage class="MCStage" reference="14"/>
                </StageHint>
              </hints>
              <variableUpdatesOnEnter id="25"/>
              <variableUpdatesBeforeCheck id="26"/>
              <variableUpdatesAfterCheck id="27"/>
              <variableUpdatesOnNormalExit id="28"/>
              <variableUpdatesOnRepeat id="29"/>
              <variableUpdatesOnSkip id="30"/>
              <weight>1</weight>
              <orderIndex>2</orderIndex>
              <allowSkip>true</allowSkip>
              <resources id="31"/>
              <answerOptions id="32">
                <MCAnswer id="33">
                  <order>0</order>
                  <rule>CORRECT</rule>
                  <text>Die Kovarianz ändert sich nicht.</text>
                  <variableName></variableName>
                  <mcstage reference="14"/>
                </MCAnswer>
                <MCAnswer id="34">
                  <order>1</order>
                  <rule>WRONG</rule>
                  <text>Die Kovarianz vergrößert sich um den Faktor [var=forex].</text>
                  <variableName></variableName>
                  <mcstage reference="14"/>
                </MCAnswer>
                <MCAnswer id="35">
                  <order>2</order>
                  <rule>WRONG</rule>
                  <text>Die Kovarianz vergrößert sich um den Faktor $\frac{1}{50}$.</text>
                  <variableName></variableName>
                  <mcstage reference="14"/>
                </MCAnswer>
                <MCAnswer id="36">
                  <order>3</order>
                  <rule>WRONG</rule>
                  <text>Die Kovarianz vergrößert sich um 50.</text>
                  <variableName></variableName>
                  <mcstage reference="14"/>
                </MCAnswer>
                <MCAnswer id="37">
                  <order>4</order>
                  <rule>WRONG</rule>
                  <text>Die Kovarianz vergrößert sich um $50^2$.</text>
                  <variableName></variableName>
                  <mcstage reference="14"/>
                </MCAnswer>
                <MCAnswer id="38">
                  <order>5</order>
                  <rule>WRONG</rule>
                  <text>Die Kovarianz vergrößert sich um die mit dem Faktor 50 skalierte Varianz von A</text>
                  <variableName></variableName>
                  <mcstage reference="14"/>
                </MCAnswer>
              </answerOptions>
              <randomize>true</randomize>
              <singleChoice>false</singleChoice>
              <correctAnswerFeedback>Richtig!</correctAnswerFeedback>
              <defaultFeedback>Leider nicht richtig! &lt;/br&gt;
&lt;/br&gt;
Die Kovarianz ändert sich nicht.</defaultFeedback>
              <defaultResult>0</defaultResult>
              <extraFeedbacks id="39">
                <de.uni__due.s3.jack3.entities.stagetypes.mc.MCFeedback id="40">
                  <expression id="41">
                    <code>![input=mcindex_0]&amp;&amp;![input=mcindex_1]&amp;&amp;![input=mcindex_2]&amp;&amp;![input=mcindex_3]&amp;&amp;![input=mcindex_4]&amp;&amp;![input=mcindex_5]</code>
                    <domain>MATH</domain>
                  </expression>
                  <condition id="42">
                    <code></code>
                    <domain>MATH</domain>
                  </condition>
                  <result>0</result>
                  <feedbackText>Falsch, mindestens eine Antwort ist richtig.</feedbackText>
                </de.uni__due.s3.jack3.entities.stagetypes.mc.MCFeedback>
              </extraFeedbacks>
            </targetStage>
            <isRepeat>false</isRepeat>
          </defaultTransition>
          <skipTransitions id="43">
            <StageTransition id="44">
              <conditionExpression id="45">
                <code></code>
                <domain>MATH</domain>
              </conditionExpression>
              <stageExpression id="46">
                <domain>MATH</domain>
              </stageExpression>
              <targetStage class="MCStage" reference="14"/>
              <isRepeat>false</isRepeat>
            </StageTransition>
          </skipTransitions>
          <stageTransitions id="47"/>
          <hints id="48"/>
          <variableUpdatesOnEnter id="49"/>
          <variableUpdatesBeforeCheck id="50"/>
          <variableUpdatesAfterCheck id="51"/>
          <variableUpdatesOnNormalExit id="52"/>
          <variableUpdatesOnRepeat id="53"/>
          <variableUpdatesOnSkip id="54"/>
          <weight>1</weight>
          <orderIndex>1</orderIndex>
          <allowSkip>true</allowSkip>
          <resources id="55"/>
          <answerOptions id="56">
            <MCAnswer id="57">
              <order>0</order>
              <rule>WRONG</rule>
              <text>$s_{AB}=s_{CD}$</text>
              <variableName></variableName>
              <mcstage reference="10"/>
            </MCAnswer>
            <MCAnswer id="58">
              <order>1</order>
              <rule>CORRECT</rule>
              <text>$s_{AB}=s_{CD} \cdot (\frac{€}{£})^{-2}$</text>
              <variableName></variableName>
              <mcstage reference="10"/>
            </MCAnswer>
            <MCAnswer id="59">
              <order>2</order>
              <rule>WRONG</rule>
              <text>$[var=forex]\cdot s_{AB}=s_{CD}$</text>
              <variableName></variableName>
              <mcstage reference="10"/>
            </MCAnswer>
            <MCAnswer id="60">
              <order>3</order>
              <rule>CORRECT</rule>
              <text>[var=powforex]\cdot s_{AB}=s_{CD}$</text>
              <variableName></variableName>
              <mcstage reference="10"/>
            </MCAnswer>
            <MCAnswer id="61">
              <order>4</order>
              <rule>WRONG</rule>
              <text>$[var=forex]\cdot r_{AB}=r_{CD}$</text>
              <variableName></variableName>
              <mcstage reference="10"/>
            </MCAnswer>
            <MCAnswer id="62">
              <order>5</order>
              <rule>CORRECT</rule>
              <text>$r_{AB}=r_{CD}$</text>
              <variableName></variableName>
              <mcstage reference="10"/>
            </MCAnswer>
            <MCAnswer id="63">
              <order>6</order>
              <rule>CORRECT</rule>
              <text>$[var=forex]\cdot s_{A}=s_{C}$</text>
              <variableName></variableName>
              <mcstage reference="10"/>
            </MCAnswer>
            <MCAnswer id="64">
              <order>7</order>
              <rule>WRONG</rule>
              <text>$[var=forex]\cdot r_{CD}=r_{AB}$</text>
              <variableName></variableName>
              <mcstage reference="10"/>
            </MCAnswer>
          </answerOptions>
          <randomize>true</randomize>
          <singleChoice>false</singleChoice>
          <correctAnswerFeedback>Korrekt.</correctAnswerFeedback>
          <defaultFeedback>Überlegen Sie, wie sich eine Skalierung der Kovarianz bzw. der Korrelation auf den Wert jeweils auswirkt.</defaultFeedback>
          <defaultResult>0</defaultResult>
          <extraFeedbacks id="65"/>
        </targetStage>
        <isRepeat>false</isRepeat>
      </defaultTransition>
      <skipTransitions id="66">
        <StageTransition id="67">
          <conditionExpression id="68">
            <code></code>
            <domain>MATH</domain>
          </conditionExpression>
          <stageExpression id="69">
            <domain>MATH</domain>
          </stageExpression>
          <targetStage class="MCStage" reference="10"/>
          <isRepeat>false</isRepeat>
        </StageTransition>
      </skipTransitions>
      <stageTransitions id="70">
        <StageTransition id="71">
          <conditionExpression id="72">
            <code></code>
            <domain>MATH</domain>
          </conditionExpression>
          <stageExpression id="73">
            <code>[meta=stageCurrentResult]&gt;=100</code>
            <domain>MATH</domain>
          </stageExpression>
          <isRepeat>false</isRepeat>
        </StageTransition>
      </stageTransitions>
      <hints id="74">
        <StageHint id="75">
          <stagehint__order>0</stagehint__order>
          <text>      Es wird das arithmetische Mittel beiden Schlusskursen benötigt, um anschließend die periodischen Abweichungen von diesem miteinenader zu multipizieren.
      Damit vergleicht man, ob große Abweichungen von einer Variable, mit großen Abweichungen der anderen Variable einhergehen, also ob diese
      zusammen variieren.
      $s_{xy}=\frac{1}{n}\sum_{r=1}^{n}(x_{r}-\bar{x})(y_{r}-\bar{y})$
    </text>
          <malus>0</malus>
          <stage class="FillInStage" reference="6"/>
        </StageHint>
      </hints>
      <variableUpdatesOnEnter id="76"/>
      <variableUpdatesBeforeCheck id="77"/>
      <variableUpdatesAfterCheck id="78"/>
      <variableUpdatesOnNormalExit id="79"/>
      <variableUpdatesOnRepeat id="80"/>
      <variableUpdatesOnSkip id="81"/>
      <weight>1</weight>
      <orderIndex>0</orderIndex>
      <allowSkip>true</allowSkip>
      <resources id="82"/>
      <rules id="83"/>
      <fillInFields id="84">
        <FillInField id="85">
          <name>field1</name>
          <orderIndex>0</orderIndex>
          <size>6</size>
          <formularEditorType>NUMBER</formularEditorType>
        </FillInField>
      </fillInFields>
      <dropDownFields id="86"/>
      <formularEditorPalette>MATHDOX_FORMULAR_EDITOR_BASIC</formularEditorPalette>
      <defaultFeedback> Leider falsch. &lt;/br&gt;
&lt;/br&gt;
$s_{\textrm{AB}}=[var=covarg]$</defaultFeedback>
      <correctAnswerRules id="87">
        <Rule id="88">
          <name>CorrectAnswer1</name>
          <orderIndex>1</orderIndex>
          <validationExpression id="89">
            <code>!isEmpty([input=field1])&amp;&amp;isRealNumber([input=field1])&amp;&amp;[input=field1]&gt;[var=covar]-0.21&amp;&amp;[input=field1]&lt;[var=covar]+0.21</code>
            <domain>MATH</domain>
          </validationExpression>
          <points>0</points>
          <terminal>false</terminal>
        </Rule>
      </correctAnswerRules>
      <correctAnswerFeedback>Richtig!</correctAnswerFeedback>
      <defaultResult>0</defaultResult>
    </FillInStage>
    <MCStage reference="10"/>
    <MCStage reference="14"/>
  </stages>
  <startStage class="FillInStage" reference="6"/>
  <variableDeclarations id="90">
    <VariableDeclaration id="91">
      <name>x1</name>
      <initializationCode id="92">
        <code>randomIntegerBetween(10,40)</code>
        <domain>MATH</domain>
      </initializationCode>
    </VariableDeclaration>
    <VariableDeclaration id="93">
      <name>x2</name>
      <initializationCode id="94">
        <code>randomIntegerBetween(20,50)</code>
        <domain>MATH</domain>
      </initializationCode>
    </VariableDeclaration>
    <VariableDeclaration id="95">
      <name>x3</name>
      <initializationCode id="96">
        <code>randomIntegerBetween(100,150)</code>
        <domain>MATH</domain>
      </initializationCode>
    </VariableDeclaration>
    <VariableDeclaration id="97">
      <name>x4</name>
      <initializationCode id="98">
        <code>randomIntegerBetween(120,190)</code>
        <domain>MATH</domain>
      </initializationCode>
    </VariableDeclaration>
    <VariableDeclaration id="99">
      <name>y1</name>
      <initializationCode id="100">
        <code>randomIntegerBetween(80,100)</code>
        <domain>MATH</domain>
      </initializationCode>
    </VariableDeclaration>
    <VariableDeclaration id="101">
      <name>y2</name>
      <initializationCode id="102">
        <code>randomIntegerBetween(70,90)</code>
        <domain>MATH</domain>
      </initializationCode>
    </VariableDeclaration>
    <VariableDeclaration id="103">
      <name>y3</name>
      <initializationCode id="104">
        <code>randomIntegerBetween(60,80)</code>
        <domain>MATH</domain>
      </initializationCode>
    </VariableDeclaration>
    <VariableDeclaration id="105">
      <name>y4</name>
      <initializationCode id="106">
        <code>randomIntegerBetween(30,60)</code>
        <domain>MATH</domain>
      </initializationCode>
    </VariableDeclaration>
    <VariableDeclaration id="107">
      <name>xm</name>
      <initializationCode id="108">
        <code>evaluateInR(&apos;([var=x1]+[var=x2]+[var=x3]+[var=x4])/4&apos;)</code>
        <domain>MATH</domain>
      </initializationCode>
    </VariableDeclaration>
    <VariableDeclaration id="109">
      <name>ym</name>
      <initializationCode id="110">
        <code>evaluateInR(&apos;([var=y1]+[var=y2]+[var=y3]+[var=y4])/4&apos;)</code>
        <domain>MATH</domain>
      </initializationCode>
    </VariableDeclaration>
    <VariableDeclaration id="111">
      <name>covar</name>
      <initializationCode id="112">
        <code>evaluateInR(&apos;(([var=x1]-[var=xm])*([var=y1]-[var=ym])+([var=x2]-[var=xm])*([var=y2]-[var=ym])+([var=x3]-[var=xm])*([var=y3]-[var=ym])+([var=x4]-[var=xm])*([var=y4]-[var=ym]))/4&apos;)</code>
        <domain>MATH</domain>
      </initializationCode>
    </VariableDeclaration>
    <VariableDeclaration id="113">
      <name>covarg</name>
      <initializationCode id="114">
        <code>evaluateInR(&apos;round([var=covar], 2)&apos;)</code>
        <domain>MATH</domain>
      </initializationCode>
    </VariableDeclaration>
    <VariableDeclaration id="115">
      <name>for</name>
      <initializationCode id="116">
        <code>randomIntegerBetween(61,98)</code>
        <domain>MATH</domain>
      </initializationCode>
    </VariableDeclaration>
    <VariableDeclaration id="117">
      <name>fore</name>
      <initializationCode id="118">
        <code>evaluateInR(&apos;[var=for]/100&apos;)</code>
        <domain>MATH</domain>
      </initializationCode>
    </VariableDeclaration>
    <VariableDeclaration id="119">
      <name>forex</name>
      <initializationCode id="120">
        <code>evaluateInR(&apos;round([var=fore], 2)&apos;)</code>
        <domain>MATH</domain>
      </initializationCode>
    </VariableDeclaration>
    <VariableDeclaration id="121">
      <name>powfore</name>
      <initializationCode id="122">
        <code>pow([var=forex], 2)</code>
        <domain>MATH</domain>
      </initializationCode>
    </VariableDeclaration>
    <VariableDeclaration id="123">
      <name>powforex</name>
      <initializationCode id="124">
        <code>evaluateInR(&apos;round([var=powfore], 4)&apos;)</code>
        <domain>MATH</domain>
      </initializationCode>
    </VariableDeclaration>
  </variableDeclarations>
  <jSXGraphs id="125"/>
  <dynamicMolecules id="126"/>
  <resultFeedbackMappings id="127"/>
</Exercise>