<Exercise id="1">
  <name>DS7-08 Zweidimensionale Datensätze 8</name>
  <publicDescription>2. Stage: Assoziationskoeffizient nach Yule nicht klausurrelevant. Bei Interesse S.179ff. Assenmacher</publicDescription>
  <internalNotes>1. Stage: Aus Text Kontingenztabelle erstellen
2. Stage: Assoziationskoeffizient nach Yule

Die  Materialien sind lizenziert unter CC BY-NC-SA 4.0. Eine Kopie dieser Lizenz finden Sie unter http://creativecommons.org/licenses/by-nc-sa/4.0/

The materials are licensed under CC BY-NC-SA 4.0. You can find a copy of this license at http://creativecommons.org/licenses/by-nc-sa/4.0/</internalNotes>
  <language>de</language>
  <difficulty>2</difficulty>
  <tags id="2">
    <Tag id="3">
      <name>Desk_22</name>
    </Tag>
  </tags>
  <resources id="4"/>
  <stages id="5">
    <FillInStage id="6">
      <internalName>1</internalName>
      <externalName>Stage 1</externalName>
      <taskDescription>&lt;strong&gt;Aufgabenstellung:&lt;/strong&gt;&lt;br /&gt;&#xd;
&lt;br /&gt;&#xd;
Ein Zitronenh&amp;auml;ndler verf&amp;uuml;gt &amp;uuml;ber zwei Kisten mit Zitronen der Handelsklasse I und II. Zu seinem Bedauern muss er feststellen, dass sich von den $[var=$nip1]$ Zitronen der HK I nur $[var=$a11]$ zum Verkauf eignen; von den $[var=$nip2]$ Zitronen der HK II k&amp;ouml;nnen $[var=$a22]$ nicht mehr zum Verkauf angeboten werden.&lt;br /&gt;&#xd;
&lt;br /&gt;&#xd;
Erstellen Sie zu obigem Sachverhalt eine Kontingenztabelle.&lt;br /&gt;&#xd;
&lt;br /&gt;&#xd;
&lt;strong&gt;Einreichung:&lt;/strong&gt;&lt;br /&gt;&#xd;
&amp;nbsp;&#xd;
&lt;table border=&quot;0&quot; cellpadding=&quot;1&quot; cellspacing=&quot;1&quot; style=&quot;width:500px;&quot;&gt;&#xd;
	&lt;tbody&gt;&#xd;
		&lt;tr&gt;&#xd;
			&lt;td&gt;X/Y&lt;br /&gt;&#xd;
			&amp;nbsp;&lt;/td&gt;&#xd;
			&lt;td style=&quot;text-align: center;&quot;&gt;gut&lt;br /&gt;&#xd;
			&amp;nbsp;&lt;/td&gt;&#xd;
			&lt;td style=&quot;text-align: center;&quot;&gt;schlecht&lt;br /&gt;&#xd;
			&amp;nbsp;&lt;/td&gt;&#xd;
			&lt;td style=&quot;text-align: right;&quot;&gt;$n_{i \cdot}$&lt;br /&gt;&#xd;
			&amp;nbsp;&lt;/td&gt;&#xd;
		&lt;/tr&gt;&#xd;
		&lt;tr&gt;&#xd;
			&lt;td&gt;HK I&lt;/td&gt;&#xd;
			&lt;td style=&quot;text-align: center;&quot;&gt;&amp;nbsp;&lt;input name=&quot;field1&quot; size=&quot;6&quot; type=&quot;text&quot; value=&quot;field1&quot; /&gt;&amp;nbsp;&lt;/td&gt;&#xd;
			&lt;td style=&quot;text-align: center;&quot;&gt;&amp;nbsp;&lt;input name=&quot;field2&quot; size=&quot;6&quot; type=&quot;text&quot; value=&quot;field2&quot; /&gt;&amp;nbsp;&lt;/td&gt;&#xd;
			&lt;td style=&quot;text-align: right;&quot;&gt;&amp;nbsp;&lt;input name=&quot;field3&quot; size=&quot;6&quot; type=&quot;text&quot; value=&quot;field3&quot; /&gt;&amp;nbsp;&lt;/td&gt;&#xd;
		&lt;/tr&gt;&#xd;
		&lt;tr&gt;&#xd;
			&lt;td&gt;HK II&lt;/td&gt;&#xd;
			&lt;td style=&quot;text-align: center;&quot;&gt;&amp;nbsp;&lt;input name=&quot;field4&quot; size=&quot;6&quot; type=&quot;text&quot; value=&quot;field4&quot; /&gt;&amp;nbsp;&lt;/td&gt;&#xd;
			&lt;td style=&quot;text-align: center;&quot;&gt;&amp;nbsp;&lt;input name=&quot;field5&quot; size=&quot;6&quot; type=&quot;text&quot; value=&quot;field5&quot; /&gt;&amp;nbsp;&lt;/td&gt;&#xd;
			&lt;td style=&quot;text-align: right;&quot;&gt;&amp;nbsp;&lt;input name=&quot;field6&quot; size=&quot;6&quot; type=&quot;text&quot; value=&quot;field6&quot; /&gt;&amp;nbsp;&lt;/td&gt;&#xd;
		&lt;/tr&gt;&#xd;
		&lt;tr&gt;&#xd;
			&lt;td&gt;&lt;br /&gt;&#xd;
			$n_{\cdot j}$&lt;/td&gt;&#xd;
			&lt;td style=&quot;text-align: center;&quot;&gt;&lt;br /&gt;&#xd;
			&lt;input name=&quot;field7&quot; size=&quot;6&quot; type=&quot;text&quot; value=&quot;field7&quot; /&gt;&amp;nbsp;&lt;/td&gt;&#xd;
			&lt;td style=&quot;text-align: center;&quot;&gt;&lt;br /&gt;&#xd;
			&lt;input name=&quot;field8&quot; size=&quot;6&quot; type=&quot;text&quot; value=&quot;field8&quot; /&gt;&amp;nbsp;&lt;/td&gt;&#xd;
			&lt;td style=&quot;text-align: right;&quot;&gt;&lt;br /&gt;&#xd;
			&amp;nbsp;&lt;input name=&quot;field9&quot; size=&quot;6&quot; type=&quot;text&quot; value=&quot;field9&quot; /&gt;&amp;nbsp;&amp;nbsp;&lt;/td&gt;&#xd;
		&lt;/tr&gt;&#xd;
	&lt;/tbody&gt;&#xd;
&lt;/table&gt;&#xd;
&lt;!--&#xd;
&lt;p&gt;&lt;a href=&quot;https://rdrr.io/snippets/embed/&quot; onclick=&quot;window.open(&apos;https://rdrr.io/snippets/embed/?code=&apos;,&apos;R Console&apos;,&apos; margin-top: 20px; top=200,left=100,width=480,height=640,menubar=no,toolbar=no,&apos;); return false;&quot; target=&quot;_blank&quot;&gt;&lt;img alt=&quot;R_ Logo&quot; pull-right=&quot;&quot; src=&quot;/econometrics/resource?resource=157444&quot; style=&quot;width: 40px; height: 50px; float: right; margin: 5px&quot; /&gt;&lt;/a&gt;&lt;/p&gt;&#xd;
--&gt;</taskDescription>
      <skipMessage>$$\begin{matrix}&lt;br /&gt;
X/Y &amp;amp; \textrm{gut} &amp;amp; \textrm{schlecht} &amp;amp; n_{i \cdot} \\&lt;br /&gt;
\hline&lt;br /&gt;
\textrm{HK I} &amp;amp; [var=a11] &amp;amp; [var=a12] &amp;amp; [var=nip1] \\&lt;br /&gt;
\textrm{HK II} &amp;amp; [var=a21] &amp;amp; [var=a22] &amp;amp; [var=nip2] \\&lt;br /&gt;
n_{\cdot j} &amp;amp; [var=npj1] &amp;amp; [var=npj2] &amp;amp; [var=n] \\&lt;br /&gt;
\end{matrix}$$</skipMessage>
      <defaultTransition id="7">
        <conditionExpression id="8">
          <domain>MATH</domain>
        </conditionExpression>
        <stageExpression id="9">
          <domain>MATH</domain>
        </stageExpression>
        <isRepeat>true</isRepeat>
      </defaultTransition>
      <skipTransitions id="10">
        <StageTransition id="11">
          <conditionExpression id="12">
            <code></code>
            <domain>MATH</domain>
          </conditionExpression>
          <stageExpression id="13">
            <domain>MATH</domain>
          </stageExpression>
          <targetStage class="FillInStage" id="14">
            <internalName>2</internalName>
            <externalName>Stage 2</externalName>
            <taskDescription>&lt;strong&gt;Aufgabenstellung:&lt;/strong&gt;&lt;br /&gt;&#xd;
&lt;br /&gt;&#xd;
Berechnen Sie den Assoziationskoeffizienten von $\textrm{Yule}$.&lt;br /&gt;&#xd;
&lt;br /&gt;&#xd;
&lt;strong&gt;Einreichung:&lt;/strong&gt;&lt;br /&gt;&#xd;
&lt;br /&gt;&#xd;
$A_{xy}=$&amp;nbsp;&lt;input name=&quot;field1&quot; size=&quot;6&quot; type=&quot;text&quot; value=&quot;field1&quot; /&gt;&amp;nbsp;&lt;br /&gt;&#xd;
&lt;br /&gt;&#xd;
&lt;em&gt;(Runden Sie, falls n&amp;ouml;tig, auf die zweite Nachkommastelle und verwenden Sie einen Dezimalpunkt)&lt;/em&gt; &lt;!--&#xd;
&lt;p&gt;&lt;a href=&quot;https://rdrr.io/snippets/embed/&quot; onclick=&quot;window.open(&apos;https://rdrr.io/snippets/embed/?code=&apos;,&apos;R Console&apos;,&apos; margin-top: 20px; top=200,left=100,width=480,height=640,menubar=no,toolbar=no,&apos;); return false;&quot; target=&quot;_blank&quot;&gt;&lt;img alt=&quot;R_ Logo&quot; pull-right=&quot;&quot; src=&quot;/econometrics/resource?resource=157444&quot; style=&quot;width: 40px; height: 50px; float: right; margin: 5px&quot; /&gt;&lt;/a&gt;&lt;/p&gt;&#xd;
--&gt;</taskDescription>
            <skipMessage>$A_{xy}=[var=ayg]$</skipMessage>
            <defaultTransition id="15">
              <conditionExpression id="16">
                <domain>MATH</domain>
              </conditionExpression>
              <stageExpression id="17">
                <domain>MATH</domain>
              </stageExpression>
              <isRepeat>true</isRepeat>
            </defaultTransition>
            <skipTransitions id="18">
              <StageTransition id="19">
                <conditionExpression id="20">
                  <code></code>
                  <domain>MATH</domain>
                </conditionExpression>
                <stageExpression id="21">
                  <domain>MATH</domain>
                </stageExpression>
                <isRepeat>false</isRepeat>
              </StageTransition>
            </skipTransitions>
            <stageTransitions id="22">
              <StageTransition id="23">
                <conditionExpression id="24">
                  <code></code>
                  <domain>MATH</domain>
                </conditionExpression>
                <stageExpression id="25">
                  <code>[meta=stageCurrentResult]&gt;=100</code>
                  <domain>MATH</domain>
                </stageExpression>
                <isRepeat>false</isRepeat>
              </StageTransition>
            </stageTransitions>
            <hints id="26">
              <StageHint id="27">
                <stagehint__order>0</stagehint__order>
                <text>$A_{xy}=\dfrac{n_{11}n_{22} -n_{21}n_{12}}{n_{11}n_{22} + n_{21}n_{12}}$ </text>
                <malus>0</malus>
                <stage class="FillInStage" reference="14"/>
              </StageHint>
            </hints>
            <variableUpdatesOnEnter id="28"/>
            <variableUpdatesBeforeCheck id="29"/>
            <variableUpdatesAfterCheck id="30"/>
            <variableUpdatesOnNormalExit id="31"/>
            <variableUpdatesOnRepeat id="32"/>
            <variableUpdatesOnSkip id="33"/>
            <weight>1</weight>
            <orderIndex>1</orderIndex>
            <allowSkip>true</allowSkip>
            <resources id="34"/>
            <rules id="35"/>
            <fillInFields id="36">
              <FillInField id="37">
                <name>field1</name>
                <orderIndex>0</orderIndex>
                <size>6</size>
                <formularEditorType>NUMBER</formularEditorType>
              </FillInField>
            </fillInFields>
            <dropDownFields id="38"/>
            <formularEditorPalette>MATHDOX_FORMULAR_EDITOR_BASIC</formularEditorPalette>
            <defaultFeedback>Leider falsch. &lt;/br&gt;
&lt;/br&gt;
$A_{xy}=[var=ayg]$</defaultFeedback>
            <correctAnswerRules id="39">
              <Rule id="40">
                <name>CorrectAnswer1</name>
                <orderIndex>1</orderIndex>
                <validationExpression id="41">
                  <code>!isEmpty([input=field1])&amp;&amp;isRealNumber([input=field1])&amp;&amp;[input=field1]&lt;[var=ayg]+0.11&amp;&amp;[input=field1]&gt;[var=ayg]-0.11</code>
                  <domain>MATH</domain>
                </validationExpression>
                <points>0</points>
                <terminal>false</terminal>
              </Rule>
            </correctAnswerRules>
            <correctAnswerFeedback>Richtig.</correctAnswerFeedback>
            <defaultResult>0</defaultResult>
          </targetStage>
          <isRepeat>false</isRepeat>
        </StageTransition>
      </skipTransitions>
      <stageTransitions id="42">
        <StageTransition id="43">
          <conditionExpression id="44">
            <code></code>
            <domain>MATH</domain>
          </conditionExpression>
          <stageExpression id="45">
            <code>[meta=stageCurrentResult]&gt;=100</code>
            <domain>MATH</domain>
          </stageExpression>
          <targetStage class="FillInStage" reference="14"/>
          <isRepeat>false</isRepeat>
        </StageTransition>
      </stageTransitions>
      <hints id="46">
        <StageHint id="47">
          <stagehint__order>0</stagehint__order>
          <text>Tragen Sie zun&amp;auml;chst die Daten, die aus dem Text hervorgehen, in der Tabelle ab. Ihnen liegen die Randverteilungen beider Handelsklasse vor, sowie die Anzahl der guten Zitronen aus HK1 und der schlechten aus HK2.&lt;br /&gt;
&lt;em&gt;(Es ist ein weiterer Hinweis vorhanden)&lt;/em&gt;</text>
          <malus>0</malus>
          <stage class="FillInStage" reference="6"/>
        </StageHint>
        <StageHint id="48">
          <stagehint__order>1</stagehint__order>
          <text>Alle anderen Werte k&amp;ouml;nnen Sie mithilfe der Formeln f&amp;uuml;r die Randverteilungen ermitteln:&lt;br /&gt;
$n_{i\cdot}=\sum_{j=1}^{l}n_{ij}$ und&lt;br /&gt;
$n_{\cdot j}=\sum_{i=1}^{m}n_{ij}$</text>
          <malus>0</malus>
          <stage class="FillInStage" reference="6"/>
        </StageHint>
      </hints>
      <variableUpdatesOnEnter id="49"/>
      <variableUpdatesBeforeCheck id="50"/>
      <variableUpdatesAfterCheck id="51"/>
      <variableUpdatesOnNormalExit id="52"/>
      <variableUpdatesOnRepeat id="53"/>
      <variableUpdatesOnSkip id="54"/>
      <weight>1</weight>
      <orderIndex>0</orderIndex>
      <allowSkip>true</allowSkip>
      <resources id="55"/>
      <rules id="56"/>
      <fillInFields id="57">
        <FillInField id="58">
          <name>field1</name>
          <orderIndex>0</orderIndex>
          <size>6</size>
          <formularEditorType>NUMBER</formularEditorType>
        </FillInField>
        <FillInField id="59">
          <name>field9</name>
          <orderIndex>8</orderIndex>
          <size>6</size>
          <formularEditorType>NUMBER</formularEditorType>
        </FillInField>
        <FillInField id="60">
          <name>field8</name>
          <orderIndex>7</orderIndex>
          <size>6</size>
          <formularEditorType>NUMBER</formularEditorType>
        </FillInField>
        <FillInField id="61">
          <name>field7</name>
          <orderIndex>6</orderIndex>
          <size>6</size>
          <formularEditorType>NUMBER</formularEditorType>
        </FillInField>
        <FillInField id="62">
          <name>field6</name>
          <orderIndex>5</orderIndex>
          <size>6</size>
          <formularEditorType>NUMBER</formularEditorType>
        </FillInField>
        <FillInField id="63">
          <name>field5</name>
          <orderIndex>4</orderIndex>
          <size>6</size>
          <formularEditorType>NUMBER</formularEditorType>
        </FillInField>
        <FillInField id="64">
          <name>field4</name>
          <orderIndex>3</orderIndex>
          <size>6</size>
          <formularEditorType>NUMBER</formularEditorType>
        </FillInField>
        <FillInField id="65">
          <name>field3</name>
          <orderIndex>2</orderIndex>
          <size>6</size>
          <formularEditorType>NUMBER</formularEditorType>
        </FillInField>
        <FillInField id="66">
          <name>field2</name>
          <orderIndex>1</orderIndex>
          <size>6</size>
          <formularEditorType>NUMBER</formularEditorType>
        </FillInField>
      </fillInFields>
      <dropDownFields id="67"/>
      <formularEditorPalette>MATHDOX_FORMULAR_EDITOR_BASIC</formularEditorPalette>
      <defaultFeedback>Leider falsch.&lt;br /&gt;
&lt;br /&gt;
$$\begin{matrix}&lt;br /&gt;
X/Y &amp;amp; \textrm{gut} &amp;amp; \textrm{schlecht} &amp;amp; n_{i \cdot} \\&lt;br /&gt;
\hline&lt;br /&gt;
\textrm{HK I} &amp;amp; [var=a11] &amp;amp; [var=a12] &amp;amp; [var=nip1] \\&lt;br /&gt;
\textrm{HK II} &amp;amp; [var=a21] &amp;amp; [var=a22] &amp;amp; [var=nip2] \\&lt;br /&gt;
n_{\cdot j} &amp;amp; [var=npj1] &amp;amp; [var=npj2] &amp;amp; [var=n] \\&lt;br /&gt;
\end{matrix}$$</defaultFeedback>
      <correctAnswerRules id="68">
        <Rule id="69">
          <name>CorrectAnswer1</name>
          <orderIndex>1</orderIndex>
          <validationExpression id="70">
            <code>!isEmpty([input=field1])&amp;&amp;isRealNumber([input=field1])&amp;&amp;!isEmpty([input=field2])&amp;&amp;isRealNumber([input=field2])&amp;&amp;!isEmpty([input=field3])&amp;&amp;isRealNumber([input=field3])&amp;&amp;!isEmpty([input=field4])&amp;&amp;isRealNumber([input=field4])&amp;&amp;!isEmpty([input=field5])&amp;&amp;isRealNumber([input=field5])&amp;&amp;!isEmpty([input=field6])&amp;&amp;isRealNumber([input=field6])&amp;&amp;!isEmpty([input=field7])&amp;&amp;isRealNumber([input=field7])&amp;&amp;!isEmpty([input=field8])&amp;&amp;isRealNumber([input=field8])&amp;&amp;!isEmpty([input=field9])&amp;&amp;isRealNumber([input=field9])&amp;&amp;[input=field1]==[var=a11]&amp;&amp;[input=field2]==[var=a12]&amp;&amp;[input=field3]==[var=nip1]&amp;&amp;[input=field4]==[var=a21]&amp;&amp;[input=field5]==[var=a22]&amp;&amp;[input=field6]==[var=nip2]&amp;&amp;[input=field7]==[var=npj1]&amp;&amp;[input=field8]==[var=npj2]&amp;&amp;[input=field9]==[var=n]</code>
            <domain>MATH</domain>
          </validationExpression>
          <points>0</points>
          <terminal>false</terminal>
        </Rule>
      </correctAnswerRules>
      <correctAnswerFeedback>Richtig.</correctAnswerFeedback>
      <defaultResult>0</defaultResult>
    </FillInStage>
    <FillInStage reference="14"/>
  </stages>
  <startStage class="FillInStage" reference="6"/>
  <variableDeclarations id="71">
    <VariableDeclaration id="72">
      <name>a11</name>
      <initializationCode id="73">
        <code>randomIntegerBetween(40,70)</code>
        <domain>MATH</domain>
      </initializationCode>
    </VariableDeclaration>
    <VariableDeclaration id="74">
      <name>a12</name>
      <initializationCode id="75">
        <code>randomIntegerBetween(3,18)</code>
        <domain>MATH</domain>
      </initializationCode>
    </VariableDeclaration>
    <VariableDeclaration id="76">
      <name>nip1</name>
      <initializationCode id="77">
        <code>evaluateInR(&apos;[var=a11]+[var=a12]&apos;)</code>
        <domain>MATH</domain>
      </initializationCode>
    </VariableDeclaration>
    <VariableDeclaration id="78">
      <name>a21</name>
      <initializationCode id="79">
        <code>randomIntegerBetween(40,70)</code>
        <domain>MATH</domain>
      </initializationCode>
    </VariableDeclaration>
    <VariableDeclaration id="80">
      <name>a22</name>
      <initializationCode id="81">
        <code>randomIntegerBetween(20,45)</code>
        <domain>MATH</domain>
      </initializationCode>
    </VariableDeclaration>
    <VariableDeclaration id="82">
      <name>nip2</name>
      <initializationCode id="83">
        <code>evaluateInR(&apos;[var=a21]+[var=a22]&apos;)</code>
        <domain>MATH</domain>
      </initializationCode>
    </VariableDeclaration>
    <VariableDeclaration id="84">
      <name>npj1</name>
      <initializationCode id="85">
        <code>evaluateInR(&apos;[var=a11]+[var=a21]&apos;)</code>
        <domain>MATH</domain>
      </initializationCode>
    </VariableDeclaration>
    <VariableDeclaration id="86">
      <name>npj2</name>
      <initializationCode id="87">
        <code>evaluateInR(&apos;[var=a12]+[var=a22]&apos;)</code>
        <domain>MATH</domain>
      </initializationCode>
    </VariableDeclaration>
    <VariableDeclaration id="88">
      <name>n</name>
      <initializationCode id="89">
        <code>evaluateInR(&apos;[var=npj1]+[var=npj2]&apos;)</code>
        <domain>MATH</domain>
      </initializationCode>
    </VariableDeclaration>
    <VariableDeclaration id="90">
      <name>ay</name>
      <initializationCode id="91">
        <code>evaluateInR(&apos;([var=a11]*[var=a22]-[var=a21]*[var=a12])/([var=a11]*[var=a22]+[var=a21]*[var=a12])&apos;)</code>
        <domain>MATH</domain>
      </initializationCode>
    </VariableDeclaration>
    <VariableDeclaration id="92">
      <name>ayg</name>
      <initializationCode id="93">
        <code>evaluateInR(&apos;round([var=ay], 2)&apos;)</code>
        <domain>MATH</domain>
      </initializationCode>
    </VariableDeclaration>
  </variableDeclarations>
  <jSXGraphs id="94"/>
  <dynamicMolecules id="95"/>
  <resultFeedbackMappings id="96"/>
</Exercise>