<Exercise id="1">
  <name>DS8-06 Regressionsrechnung 6</name>
  <publicDescription></publicDescription>
  <internalNotes>1. Stage: rxy aus Text bestimmen
2. Stage: Regressionsgerade bestimmen
3. Stage: auf einzelne Beobachtungen schließen
4. Stage: Rangkorrelationskoeffizient von Spearman

Die  Materialien sind lizenziert unter CC BY-NC-SA 4.0. Eine Kopie dieser Lizenz finden Sie unter http://creativecommons.org/licenses/by-nc-sa/4.0/

The materials are licensed under CC BY-NC-SA 4.0. You can find a copy of this license at http://creativecommons.org/licenses/by-nc-sa/4.0/</internalNotes>
  <language>de</language>
  <difficulty>4</difficulty>
  <tags id="2">
    <Tag id="3">
      <name>Desk_22</name>
    </Tag>
  </tags>
  <resources id="4"/>
  <stages id="5">
    <FillInStage id="6">
      <internalName>1</internalName>
      <externalName>Stage 1</externalName>
      <taskDescription>&lt;strong&gt;Aufgabenstellung:&lt;/strong&gt;&lt;br /&gt;&#xd;
&lt;br /&gt;&#xd;
Der Zusammenhang von zwei metrischen Merkmalen $X$ und $Y$ lasse sich durch ein Modell der linearen Einfachregression beschreiben:&lt;br /&gt;&#xd;
$$\hat{y_i}=a+bx_i.$$&lt;br /&gt;&#xd;
Von den Wertepaaren ($x_i,y_i$) seien folgende Angaben bekannt:&lt;br /&gt;&#xd;
$$\begin{matrix}&lt;br /&gt;&#xd;
i &amp;amp; x_i &amp;amp; y_i \\&lt;br /&gt;&#xd;
\hline&lt;br /&gt;&#xd;
1 &amp;amp; [var=$x1] &amp;amp; \\&lt;br /&gt;&#xd;
2 &amp;amp; [var=$x2] &amp;amp; \\&lt;br /&gt;&#xd;
3 &amp;amp; [var=$x3] &amp;amp; \\&lt;br /&gt;&#xd;
4 &amp;amp; [var=$x4] &amp;amp; \\&lt;br /&gt;&#xd;
5 &amp;amp; [var=$x5] &amp;amp; \\&lt;br /&gt;&#xd;
6 &amp;amp; [var=$x6] &amp;amp; [var=$y6] \\&lt;br /&gt;&#xd;
\end{matrix}$$&lt;br /&gt;&#xd;
Weiter sei $\bar{y}=[var=$yquerg]$, $R^2=1$ und $s_{XY}&amp;lt;0$ bekannt. Bestimmen Sie $r_{XY}$!&lt;br /&gt;&#xd;
&lt;br /&gt;&#xd;
&lt;strong&gt;Einreichung:&lt;/strong&gt;&lt;br /&gt;&#xd;
&lt;br /&gt;&#xd;
$r_{XY}=$&amp;nbsp;&lt;input name=&quot;field1&quot; size=&quot;6&quot; type=&quot;text&quot; value=&quot;field1&quot; /&gt;&amp;nbsp; &lt;!--&#xd;
&lt;p&gt;&lt;a href=&quot;https://rdrr.io/snippets/embed/&quot; onclick=&quot;window.open(&apos;https://rdrr.io/snippets/embed/?code=&apos;,&apos;R Console&apos;,&apos; margin-top: 20px; top=200,left=100,width=480,height=640,menubar=no,toolbar=no,&apos;); return false;&quot; target=&quot;_blank&quot;&gt;&lt;img alt=&quot;R_ Logo&quot; pull-right=&quot;&quot; src=&quot;/econometrics/resource?resource=157444&quot; style=&quot;width: 40px; height: 50px; float: right; margin: 5px&quot; /&gt;&lt;/a&gt;&lt;/p&gt;&#xd;
--&gt;</taskDescription>
      <skipMessage>     $r_{XY}=-1$
   </skipMessage>
      <defaultTransition id="7">
        <conditionExpression id="8">
          <domain>MATH</domain>
        </conditionExpression>
        <stageExpression id="9">
          <domain>MATH</domain>
        </stageExpression>
        <isRepeat>true</isRepeat>
      </defaultTransition>
      <skipTransitions id="10">
        <StageTransition id="11">
          <conditionExpression id="12">
            <code></code>
            <domain>MATH</domain>
          </conditionExpression>
          <stageExpression id="13">
            <domain>MATH</domain>
          </stageExpression>
          <targetStage class="FillInStage" id="14">
            <internalName>2</internalName>
            <externalName>Stage 2</externalName>
            <taskDescription>&lt;strong&gt;Aufgabenstellung:&lt;/strong&gt;&lt;br /&gt;&#xd;
&lt;br /&gt;&#xd;
Bestimmen Sie $a$ und $b$!&lt;br /&gt;&#xd;
&lt;br /&gt;&#xd;
&lt;strong&gt;Einreichung:&lt;/strong&gt;&lt;br /&gt;&#xd;
&amp;nbsp;&#xd;
&lt;table border=&quot;0&quot; cellpadding=&quot;0&quot; cellspacing=&quot;0&quot; style=&quot;width:150px;&quot;&gt;&#xd;
	&lt;tbody&gt;&#xd;
		&lt;tr&gt;&#xd;
			&lt;td&gt;a =&lt;/td&gt;&#xd;
			&lt;td&gt;&amp;nbsp;&lt;input name=&quot;field1&quot; size=&quot;6&quot; type=&quot;text&quot; value=&quot;field1&quot; /&gt;&amp;nbsp;&lt;/td&gt;&#xd;
		&lt;/tr&gt;&#xd;
		&lt;tr&gt;&#xd;
			&lt;td&gt;b =&lt;/td&gt;&#xd;
			&lt;td&gt;&amp;nbsp;&lt;input name=&quot;field2&quot; size=&quot;6&quot; type=&quot;text&quot; value=&quot;field2&quot; /&gt;&amp;nbsp;&lt;/td&gt;&#xd;
		&lt;/tr&gt;&#xd;
	&lt;/tbody&gt;&#xd;
&lt;/table&gt;&#xd;
&lt;br /&gt;&#xd;
&lt;span style=&quot;font-size:11px;&quot;&gt;&lt;em&gt;(Runden Sie, falls n&amp;ouml;tig, auf ganze Zahlen und verwenden Sie einen Dezimalpunkt.)&lt;/em&gt;&lt;/span&gt; &lt;!--&#xd;
&lt;p&gt;&lt;a href=&quot;https://rdrr.io/snippets/embed/&quot; onclick=&quot;window.open(&apos;https://rdrr.io/snippets/embed/?code=&apos;,&apos;R Console&apos;,&apos; margin-top: 20px; top=200,left=100,width=480,height=640,menubar=no,toolbar=no,&apos;); return false;&quot; target=&quot;_blank&quot;&gt;&lt;img alt=&quot;R_ Logo&quot; pull-right=&quot;&quot; src=&quot;/econometrics/resource?resource=157444&quot; style=&quot;width: 40px; height: 50px; float: right; margin: 5px&quot; /&gt;&lt;/a&gt;&lt;/p&gt;&#xd;
--&gt;</taskDescription>
            <skipMessage>$a=[var=a]$&lt;br /&gt;
$b=[var=b]$</skipMessage>
            <defaultTransition id="15">
              <conditionExpression id="16">
                <domain>MATH</domain>
              </conditionExpression>
              <stageExpression id="17">
                <domain>MATH</domain>
              </stageExpression>
              <isRepeat>true</isRepeat>
            </defaultTransition>
            <skipTransitions id="18">
              <StageTransition id="19">
                <conditionExpression id="20">
                  <code></code>
                  <domain>MATH</domain>
                </conditionExpression>
                <stageExpression id="21">
                  <domain>MATH</domain>
                </stageExpression>
                <targetStage class="FillInStage" id="22">
                  <internalName>3</internalName>
                  <externalName>Stage 3</externalName>
                  <taskDescription>&lt;strong&gt;Aufgabenstellung:&lt;/strong&gt;&lt;br /&gt;&#xd;
&lt;br /&gt;&#xd;
Bestimmen Sie $y_1$ bis $y_5$!&amp;nbsp;&lt;br /&gt;&#xd;
&amp;nbsp;&lt;br /&gt;&#xd;
&lt;strong&gt;Einreichung:&lt;/strong&gt;&lt;br /&gt;&#xd;
&amp;nbsp;&#xd;
&lt;table border=&quot;0&quot; cellpadding=&quot;0&quot; cellspacing=&quot;0&quot; style=&quot;width:150px;&quot;&gt;&#xd;
	&lt;tbody&gt;&#xd;
		&lt;tr&gt;&#xd;
			&lt;td&gt;$y_1=$&amp;nbsp;&lt;/td&gt;&#xd;
			&lt;td&gt;&amp;nbsp;&lt;input name=&quot;field1&quot; size=&quot;8&quot; type=&quot;text&quot; value=&quot;field1&quot; /&gt;&amp;nbsp;&lt;/td&gt;&#xd;
		&lt;/tr&gt;&#xd;
		&lt;tr&gt;&#xd;
			&lt;td&gt;$y_2=$&lt;/td&gt;&#xd;
			&lt;td&gt;&amp;nbsp;&lt;input name=&quot;field2&quot; size=&quot;8&quot; type=&quot;text&quot; value=&quot;field2&quot; /&gt;&amp;nbsp;&lt;/td&gt;&#xd;
		&lt;/tr&gt;&#xd;
		&lt;tr&gt;&#xd;
			&lt;td&gt;$y_3=$&amp;nbsp;&lt;/td&gt;&#xd;
			&lt;td&gt;&amp;nbsp;&lt;input name=&quot;field3&quot; size=&quot;8&quot; type=&quot;text&quot; value=&quot;field3&quot; /&gt;&amp;nbsp;&lt;/td&gt;&#xd;
		&lt;/tr&gt;&#xd;
		&lt;tr&gt;&#xd;
			&lt;td&gt;$y_4=$&lt;/td&gt;&#xd;
			&lt;td&gt;&amp;nbsp;&lt;input name=&quot;field4&quot; size=&quot;8&quot; type=&quot;text&quot; value=&quot;field4&quot; /&gt;&amp;nbsp;&lt;/td&gt;&#xd;
		&lt;/tr&gt;&#xd;
		&lt;tr&gt;&#xd;
			&lt;td&gt;$y_5=$&lt;/td&gt;&#xd;
			&lt;td&gt;&amp;nbsp;&lt;input name=&quot;field5&quot; size=&quot;8&quot; type=&quot;text&quot; value=&quot;field5&quot; /&gt;&amp;nbsp;&lt;/td&gt;&#xd;
		&lt;/tr&gt;&#xd;
	&lt;/tbody&gt;&#xd;
&lt;/table&gt;&#xd;
&lt;br /&gt;&#xd;
&lt;span style=&quot;font-size:11px;&quot;&gt;&lt;em&gt;(Runden Sie, falls n&amp;ouml;tig, auf ganze Zahlen und verwenden Sie einen Dezimalpunkt.)&lt;/em&gt;&lt;/span&gt; &lt;!--&#xd;
&lt;p&gt;&lt;a href=&quot;https://rdrr.io/snippets/embed/&quot; onclick=&quot;window.open(&apos;https://rdrr.io/snippets/embed/?code=&apos;,&apos;R Console&apos;,&apos; margin-top: 20px; top=200,left=100,width=480,height=640,menubar=no,toolbar=no,&apos;); return false;&quot; target=&quot;_blank&quot;&gt;&lt;img alt=&quot;R_ Logo&quot; pull-right=&quot;&quot; src=&quot;/econometrics/resource?resource=157444&quot; style=&quot;width: 40px; height: 50px; float: right; margin: 5px&quot; /&gt;&lt;/a&gt;&lt;/p&gt;&#xd;
--&gt;</taskDescription>
                  <skipMessage>$y_1=[var=y1]$&lt;br /&gt;
$y_2=[var=y2]$&lt;br /&gt;
$y_3=[var=y3]$&lt;br /&gt;
$y_4=[var=y4]$&lt;br /&gt;
$y_5=[var=y5]$</skipMessage>
                  <defaultTransition id="23">
                    <conditionExpression id="24">
                      <domain>MATH</domain>
                    </conditionExpression>
                    <stageExpression id="25">
                      <domain>MATH</domain>
                    </stageExpression>
                    <isRepeat>true</isRepeat>
                  </defaultTransition>
                  <skipTransitions id="26">
                    <StageTransition id="27">
                      <conditionExpression id="28">
                        <code></code>
                        <domain>MATH</domain>
                      </conditionExpression>
                      <stageExpression id="29">
                        <domain>MATH</domain>
                      </stageExpression>
                      <targetStage class="FillInStage" id="30">
                        <internalName>4</internalName>
                        <externalName>Stage 4</externalName>
                        <taskDescription>&lt;strong&gt;Aufgabenstellung:&lt;/strong&gt;&lt;br /&gt;&#xd;
&lt;br /&gt;&#xd;
Welchen Wert hat bei den gegebenen Daten der Rangkorrelationskoeffizient von Spearmann? &amp;nbsp;&lt;br /&gt;&#xd;
&lt;br /&gt;&#xd;
&lt;strong&gt;Einreichung:&lt;/strong&gt;&lt;br /&gt;&#xd;
&lt;br /&gt;&#xd;
&lt;input name=&quot;field1&quot; size=&quot;8&quot; type=&quot;text&quot; value=&quot;field1&quot; /&gt;&amp;nbsp; &lt;!--&#xd;
&lt;p&gt;&lt;a href=&quot;https://rdrr.io/snippets/embed/&quot; onclick=&quot;window.open(&apos;https://rdrr.io/snippets/embed/?code=&apos;,&apos;R Console&apos;,&apos; margin-top: 20px; top=200,left=100,width=480,height=640,menubar=no,toolbar=no,&apos;); return false;&quot; target=&quot;_blank&quot;&gt;&lt;img alt=&quot;R_ Logo&quot; pull-right=&quot;&quot; src=&quot;/econometrics/resource?resource=157444&quot; style=&quot;width: 40px; height: 50px; float: right; margin: 5px&quot; /&gt;&lt;/a&gt;&lt;/p&gt;&#xd;
--&gt;</taskDescription>
                        <skipMessage>     Ein vollständiger negativer Zusammenhang von $X$ und $Y$ impliziert einen vollständig gegenläufigen Zusammenhang der Ränge von $X$ und $Y$.
	 Also beträgt der Rangkorrelationskoeffizient -1.
   </skipMessage>
                        <defaultTransition id="31">
                          <conditionExpression id="32">
                            <domain>MATH</domain>
                          </conditionExpression>
                          <stageExpression id="33">
                            <domain>MATH</domain>
                          </stageExpression>
                          <isRepeat>true</isRepeat>
                        </defaultTransition>
                        <skipTransitions id="34">
                          <StageTransition id="35">
                            <conditionExpression id="36">
                              <code></code>
                              <domain>MATH</domain>
                            </conditionExpression>
                            <stageExpression id="37">
                              <domain>MATH</domain>
                            </stageExpression>
                            <isRepeat>false</isRepeat>
                          </StageTransition>
                        </skipTransitions>
                        <stageTransitions id="38">
                          <StageTransition id="39">
                            <conditionExpression id="40">
                              <code></code>
                              <domain>MATH</domain>
                            </conditionExpression>
                            <stageExpression id="41">
                              <code>[meta=stageCurrentResult]&gt;=100</code>
                              <domain>MATH</domain>
                            </stageExpression>
                            <isRepeat>false</isRepeat>
                          </StageTransition>
                        </stageTransitions>
                        <hints id="42">
                          <StageHint id="43">
                            <stagehint__order>0</stagehint__order>
                            <text>Bilden Sie R&amp;auml;nge von $x$ und $y$.&lt;br /&gt;
Was f&amp;auml;llt Ihnen auf?</text>
                            <malus>0</malus>
                            <stage class="FillInStage" reference="30"/>
                          </StageHint>
                        </hints>
                        <variableUpdatesOnEnter id="44"/>
                        <variableUpdatesBeforeCheck id="45"/>
                        <variableUpdatesAfterCheck id="46"/>
                        <variableUpdatesOnNormalExit id="47"/>
                        <variableUpdatesOnRepeat id="48"/>
                        <variableUpdatesOnSkip id="49"/>
                        <weight>1</weight>
                        <orderIndex>3</orderIndex>
                        <allowSkip>true</allowSkip>
                        <resources id="50"/>
                        <rules id="51"/>
                        <fillInFields id="52">
                          <FillInField id="53">
                            <name>field1</name>
                            <orderIndex>0</orderIndex>
                            <size>8</size>
                            <formularEditorType>NUMBER</formularEditorType>
                          </FillInField>
                        </fillInFields>
                        <dropDownFields id="54"/>
                        <formularEditorPalette>MATHDOX_FORMULAR_EDITOR_BASIC</formularEditorPalette>
                        <defaultFeedback>Leider nicht korrekt.</defaultFeedback>
                        <correctAnswerRules id="55">
                          <Rule id="56">
                            <name>CorrectAnswer1</name>
                            <orderIndex>1</orderIndex>
                            <validationExpression id="57">
                              <code>!isEmpty([input=field1])&amp;&amp;isRealNumber([input=field1])&amp;&amp;[input=field1]==-1</code>
                              <domain>MATH</domain>
                            </validationExpression>
                            <points>0</points>
                            <terminal>false</terminal>
                          </Rule>
                        </correctAnswerRules>
                        <correctAnswerFeedback>Richtig.</correctAnswerFeedback>
                        <defaultResult>0</defaultResult>
                      </targetStage>
                      <isRepeat>false</isRepeat>
                    </StageTransition>
                  </skipTransitions>
                  <stageTransitions id="58">
                    <StageTransition id="59">
                      <conditionExpression id="60">
                        <code></code>
                        <domain>MATH</domain>
                      </conditionExpression>
                      <stageExpression id="61">
                        <code>[meta=stageCurrentResult]&gt;=100</code>
                        <domain>MATH</domain>
                      </stageExpression>
                      <targetStage class="FillInStage" reference="30"/>
                      <isRepeat>false</isRepeat>
                    </StageTransition>
                  </stageTransitions>
                  <hints id="62">
                    <StageHint id="63">
                      <stagehint__order>0</stagehint__order>
                      <text>      $y_i=\hat{y_i}$

    </text>
                      <malus>0</malus>
                      <stage class="FillInStage" reference="22"/>
                    </StageHint>
                  </hints>
                  <variableUpdatesOnEnter id="64"/>
                  <variableUpdatesBeforeCheck id="65"/>
                  <variableUpdatesAfterCheck id="66"/>
                  <variableUpdatesOnNormalExit id="67"/>
                  <variableUpdatesOnRepeat id="68"/>
                  <variableUpdatesOnSkip id="69"/>
                  <weight>1</weight>
                  <orderIndex>2</orderIndex>
                  <allowSkip>true</allowSkip>
                  <resources id="70"/>
                  <rules id="71">
                    <Rule id="72">
                      <name>Feedback_1</name>
                      <orderIndex>1</orderIndex>
                      <validationExpression id="73">
                        <code>!isEmpty([input=field1])&amp;&amp;isRealNumber([input=field1])&amp;&amp;!isEmpty([input=field2])&amp;&amp;isRealNumber([input=field2])&amp;&amp;!isEmpty([input=field3])&amp;&amp;isRealNumber([input=field3])&amp;&amp;!isEmpty([input=field4])&amp;&amp;isRealNumber([input=field4])&amp;&amp;!isEmpty([input=field5])&amp;&amp;isRealNumber([input=field5])&amp;&amp;[input=field1]==[var=y1]</code>
                        <domain>MATH</domain>
                      </validationExpression>
                      <feedbackText> $y_1$ korrekt.</feedbackText>
                      <points>20</points>
                      <terminal>false</terminal>
                    </Rule>
                    <Rule id="74">
                      <name>Feedback_5</name>
                      <orderIndex>5</orderIndex>
                      <validationExpression id="75">
                        <code>!isEmpty([input=field1])&amp;&amp;isRealNumber([input=field1])&amp;&amp;!isEmpty([input=field2])&amp;&amp;isRealNumber([input=field2])&amp;&amp;!isEmpty([input=field3])&amp;&amp;isRealNumber([input=field3])&amp;&amp;!isEmpty([input=field4])&amp;&amp;isRealNumber([input=field4])&amp;&amp;!isEmpty([input=field5])&amp;&amp;isRealNumber([input=field5])&amp;&amp;[input=field5]==[var=y5]</code>
                        <domain>MATH</domain>
                      </validationExpression>
                      <feedbackText> $y_5$ korrekt.</feedbackText>
                      <points>20</points>
                      <terminal>false</terminal>
                    </Rule>
                    <Rule id="76">
                      <name>Feedback_4</name>
                      <orderIndex>4</orderIndex>
                      <validationExpression id="77">
                        <code>!isEmpty([input=field1])&amp;&amp;isRealNumber([input=field1])&amp;&amp;!isEmpty([input=field2])&amp;&amp;isRealNumber([input=field2])&amp;&amp;!isEmpty([input=field3])&amp;&amp;isRealNumber([input=field3])&amp;&amp;!isEmpty([input=field4])&amp;&amp;isRealNumber([input=field4])&amp;&amp;!isEmpty([input=field5])&amp;&amp;isRealNumber([input=field5])&amp;&amp;[input=field4]==[var=y4]</code>
                        <domain>MATH</domain>
                      </validationExpression>
                      <feedbackText> $y_4$ korrekt.</feedbackText>
                      <points>20</points>
                      <terminal>false</terminal>
                    </Rule>
                    <Rule id="78">
                      <name>Feedback_3</name>
                      <orderIndex>3</orderIndex>
                      <validationExpression id="79">
                        <code>!isEmpty([input=field1])&amp;&amp;isRealNumber([input=field1])&amp;&amp;!isEmpty([input=field2])&amp;&amp;isRealNumber([input=field2])&amp;&amp;!isEmpty([input=field3])&amp;&amp;isRealNumber([input=field3])&amp;&amp;!isEmpty([input=field4])&amp;&amp;isRealNumber([input=field4])&amp;&amp;!isEmpty([input=field5])&amp;&amp;isRealNumber([input=field5])&amp;&amp;[input=field3]==[var=y3]</code>
                        <domain>MATH</domain>
                      </validationExpression>
                      <feedbackText> $y_3$ korrekt.</feedbackText>
                      <points>20</points>
                      <terminal>false</terminal>
                    </Rule>
                    <Rule id="80">
                      <name>Feedback_2</name>
                      <orderIndex>2</orderIndex>
                      <validationExpression id="81">
                        <code>!isEmpty([input=field1])&amp;&amp;isRealNumber([input=field1])&amp;&amp;!isEmpty([input=field2])&amp;&amp;isRealNumber([input=field2])&amp;&amp;!isEmpty([input=field3])&amp;&amp;isRealNumber([input=field3])&amp;&amp;!isEmpty([input=field4])&amp;&amp;isRealNumber([input=field4])&amp;&amp;!isEmpty([input=field5])&amp;&amp;isRealNumber([input=field5])&amp;&amp;[input=field2]==[var=y2]</code>
                        <domain>MATH</domain>
                      </validationExpression>
                      <feedbackText> $y_2$ korrekt.</feedbackText>
                      <points>20</points>
                      <terminal>false</terminal>
                    </Rule>
                  </rules>
                  <fillInFields id="82">
                    <FillInField id="83">
                      <name>field5</name>
                      <orderIndex>4</orderIndex>
                      <size>8</size>
                      <formularEditorType>NUMBER</formularEditorType>
                    </FillInField>
                    <FillInField id="84">
                      <name>field4</name>
                      <orderIndex>3</orderIndex>
                      <size>8</size>
                      <formularEditorType>NUMBER</formularEditorType>
                    </FillInField>
                    <FillInField id="85">
                      <name>field3</name>
                      <orderIndex>2</orderIndex>
                      <size>8</size>
                      <formularEditorType>NUMBER</formularEditorType>
                    </FillInField>
                    <FillInField id="86">
                      <name>field2</name>
                      <orderIndex>1</orderIndex>
                      <size>8</size>
                      <formularEditorType>NUMBER</formularEditorType>
                    </FillInField>
                    <FillInField id="87">
                      <name>field1</name>
                      <orderIndex>0</orderIndex>
                      <size>8</size>
                      <formularEditorType>NUMBER</formularEditorType>
                    </FillInField>
                  </fillInFields>
                  <dropDownFields id="88"/>
                  <formularEditorPalette>MATHDOX_FORMULAR_EDITOR_BASIC</formularEditorPalette>
                  <defaultFeedback>Leider nicht korrekt.</defaultFeedback>
                  <correctAnswerRules id="89">
                    <Rule id="90">
                      <name>CorrectAnswer1</name>
                      <orderIndex>1</orderIndex>
                      <validationExpression id="91">
                        <code>!isEmpty([input=field1])&amp;&amp;isRealNumber([input=field1])&amp;&amp;!isEmpty([input=field2])&amp;&amp;isRealNumber([input=field2])&amp;&amp;!isEmpty([input=field3])&amp;&amp;isRealNumber([input=field3])&amp;&amp;!isEmpty([input=field4])&amp;&amp;isRealNumber([input=field4])&amp;&amp;!isEmpty([input=field5])&amp;&amp;isRealNumber([input=field5])&amp;&amp;[input=field1]==[var=y1]&amp;&amp;[input=field2]==[var=y2]&amp;&amp;[input=field3]==[var=y3]&amp;&amp;[input=field4]==[var=y4]&amp;&amp;[input=field5]==[var=y5]</code>
                        <domain>MATH</domain>
                      </validationExpression>
                      <points>0</points>
                      <terminal>false</terminal>
                    </Rule>
                  </correctAnswerRules>
                  <correctAnswerFeedback>Richtig.</correctAnswerFeedback>
                  <defaultResult>0</defaultResult>
                </targetStage>
                <isRepeat>false</isRepeat>
              </StageTransition>
            </skipTransitions>
            <stageTransitions id="92">
              <StageTransition id="93">
                <conditionExpression id="94">
                  <code></code>
                  <domain>MATH</domain>
                </conditionExpression>
                <stageExpression id="95">
                  <code>[meta=stageCurrentResult]&gt;=100</code>
                  <domain>MATH</domain>
                </stageExpression>
                <targetStage class="FillInStage" reference="22"/>
                <isRepeat>false</isRepeat>
              </StageTransition>
            </stageTransitions>
            <hints id="96">
              <StageHint id="97">
                <stagehint__order>0</stagehint__order>
                <text>Hier ist $R^2=1$ wichtig, was hei&amp;szlig;t dies?&lt;br /&gt;
&lt;br /&gt;
&lt;em&gt;(F&amp;uuml;r die Anwort, bet&amp;auml;tigen sie erneut den Hinweis-Button)&lt;/em&gt;</text>
                <malus>0</malus>
                <stage class="FillInStage" reference="14"/>
              </StageHint>
              <StageHint id="98">
                <stagehint__order>1</stagehint__order>
                <text>$R^2=1$ bedeutet $y_i=\hat{y_i}$&lt;br /&gt;
&lt;br /&gt;
&lt;em&gt;(Ein weiterer Hinweis ist verf&amp;uuml;gbar)&lt;/em&gt;</text>
                <malus>0</malus>
                <stage class="FillInStage" reference="14"/>
              </StageHint>
              <StageHint id="99">
                <stagehint__order>2</stagehint__order>
                <text>Aus $y_i=\hat{y_i}$ folgt $y_i=a+bx_i$.&lt;br /&gt;
Zusammen mit der Formel zur Berechnung von $a$ k&amp;ouml;nne Sie nun ein Gleichungssystem aufstellen.</text>
                <malus>0</malus>
                <stage class="FillInStage" reference="14"/>
              </StageHint>
            </hints>
            <variableUpdatesOnEnter id="100"/>
            <variableUpdatesBeforeCheck id="101"/>
            <variableUpdatesAfterCheck id="102"/>
            <variableUpdatesOnNormalExit id="103"/>
            <variableUpdatesOnRepeat id="104"/>
            <variableUpdatesOnSkip id="105"/>
            <weight>1</weight>
            <orderIndex>1</orderIndex>
            <allowSkip>true</allowSkip>
            <resources id="106"/>
            <rules id="107">
              <Rule id="108">
                <name>Feedback_2</name>
                <orderIndex>2</orderIndex>
                <validationExpression id="109">
                  <code>!isEmpty([input=field1])&amp;&amp;isRealNumber([input=field1])&amp;&amp;!isEmpty([input=field2])&amp;&amp;isRealNumber([input=field2])&amp;&amp;[input=field2]&gt;[var=b]-0.11&amp;&amp;[input=field2]&lt;[var=b]+0.11</code>
                  <domain>MATH</domain>
                </validationExpression>
                <feedbackText> $b$ korrekt.</feedbackText>
                <points>50</points>
                <terminal>false</terminal>
              </Rule>
              <Rule id="110">
                <name>Feedback_1</name>
                <orderIndex>1</orderIndex>
                <validationExpression id="111">
                  <code>!isEmpty([input=field1])&amp;&amp;isRealNumber([input=field1])&amp;&amp;!isEmpty([input=field2])&amp;&amp;isRealNumber([input=field2])&amp;&amp;[input=field1]&gt;[var=a]-0.11&amp;&amp;[input=field1]&lt;[var=a]+0.11</code>
                  <domain>MATH</domain>
                </validationExpression>
                <feedbackText> $a$ korrekt.</feedbackText>
                <points>50</points>
                <terminal>false</terminal>
              </Rule>
            </rules>
            <fillInFields id="112">
              <FillInField id="113">
                <name>field1</name>
                <orderIndex>0</orderIndex>
                <size>6</size>
                <formularEditorType>NUMBER</formularEditorType>
              </FillInField>
              <FillInField id="114">
                <name>field2</name>
                <orderIndex>1</orderIndex>
                <size>6</size>
                <formularEditorType>NUMBER</formularEditorType>
              </FillInField>
            </fillInFields>
            <dropDownFields id="115"/>
            <formularEditorPalette>MATHDOX_FORMULAR_EDITOR_BASIC</formularEditorPalette>
            <defaultFeedback>Leider nicht korrekt.</defaultFeedback>
            <correctAnswerRules id="116">
              <Rule id="117">
                <name>CorrectAnswer1</name>
                <orderIndex>1</orderIndex>
                <validationExpression id="118">
                  <code>!isEmpty([input=field1])&amp;&amp;isRealNumber([input=field1])&amp;&amp;!isEmpty([input=field2])&amp;&amp;isRealNumber([input=field2])&amp;&amp;[input=field1]&gt;[var=a]-0.11&amp;&amp;[input=field1]&lt;[var=a]+0.11&amp;&amp;[input=field2]&gt;[var=b]-0.11&amp;&amp;[input=field2]&lt;[var=b]+0.11</code>
                  <domain>MATH</domain>
                </validationExpression>
                <points>0</points>
                <terminal>false</terminal>
              </Rule>
            </correctAnswerRules>
            <correctAnswerFeedback>Richtig.</correctAnswerFeedback>
            <defaultResult>0</defaultResult>
          </targetStage>
          <isRepeat>false</isRepeat>
        </StageTransition>
      </skipTransitions>
      <stageTransitions id="119">
        <StageTransition id="120">
          <conditionExpression id="121">
            <code></code>
            <domain>MATH</domain>
          </conditionExpression>
          <stageExpression id="122">
            <code>[meta=stageCurrentResult]&gt;=100</code>
            <domain>MATH</domain>
          </stageExpression>
          <targetStage class="FillInStage" reference="14"/>
          <isRepeat>false</isRepeat>
        </StageTransition>
      </stageTransitions>
      <hints id="123">
        <StageHint id="124">
          <stagehint__order>0</stagehint__order>
          <text>$R^2=r^2_{XY}$&lt;br /&gt;
&lt;br /&gt;
&lt;em&gt;(Es ist ein weiterer Hinweis vorhanden)&lt;/em&gt;</text>
          <malus>0</malus>
          <stage class="FillInStage" reference="6"/>
        </StageHint>
        <StageHint id="125">
          <stagehint__order>1</stagehint__order>
          <text>      $r_{XY}=\frac{s_{XY}}{\sqrt{s^2_X}\sqrt{s^2_Y}}$

    </text>
          <malus>0</malus>
          <stage class="FillInStage" reference="6"/>
        </StageHint>
      </hints>
      <variableUpdatesOnEnter id="126"/>
      <variableUpdatesBeforeCheck id="127"/>
      <variableUpdatesAfterCheck id="128"/>
      <variableUpdatesOnNormalExit id="129"/>
      <variableUpdatesOnRepeat id="130"/>
      <variableUpdatesOnSkip id="131"/>
      <weight>1</weight>
      <orderIndex>0</orderIndex>
      <allowSkip>true</allowSkip>
      <resources id="132"/>
      <rules id="133"/>
      <fillInFields id="134">
        <FillInField id="135">
          <name>field1</name>
          <orderIndex>0</orderIndex>
          <size>6</size>
          <formularEditorType>NUMBER</formularEditorType>
        </FillInField>
      </fillInFields>
      <dropDownFields id="136"/>
      <formularEditorPalette>MATHDOX_FORMULAR_EDITOR_BASIC</formularEditorPalette>
      <defaultFeedback>Leider nicht korrekt.</defaultFeedback>
      <correctAnswerRules id="137">
        <Rule id="138">
          <name>CorrectAnswer1</name>
          <orderIndex>1</orderIndex>
          <validationExpression id="139">
            <code>!isEmpty([input=field1])&amp;&amp;isRealNumber([input=field1])&amp;&amp;[input=field1]==-1</code>
            <domain>MATH</domain>
          </validationExpression>
          <points>0</points>
          <terminal>false</terminal>
        </Rule>
      </correctAnswerRules>
      <correctAnswerFeedback>Richtig.</correctAnswerFeedback>
      <defaultResult>0</defaultResult>
    </FillInStage>
    <FillInStage reference="14"/>
    <FillInStage reference="22"/>
    <FillInStage reference="30"/>
  </stages>
  <startStage class="FillInStage" reference="6"/>
  <variableDeclarations id="140">
    <VariableDeclaration id="141">
      <name>a</name>
      <initializationCode id="142">
        <code>randomIntegerBetween(100,300)</code>
        <domain>MATH</domain>
      </initializationCode>
    </VariableDeclaration>
    <VariableDeclaration id="143">
      <name>b</name>
      <initializationCode id="144">
        <code>randomIntegerBetween(-5,-1)</code>
        <domain>MATH</domain>
      </initializationCode>
    </VariableDeclaration>
    <VariableDeclaration id="145">
      <name>x1</name>
      <initializationCode id="146">
        <code>randomIntegerBetween(10,50)</code>
        <domain>MATH</domain>
      </initializationCode>
    </VariableDeclaration>
    <VariableDeclaration id="147">
      <name>x2</name>
      <initializationCode id="148">
        <code>randomIntegerBetween(10,50)</code>
        <domain>MATH</domain>
      </initializationCode>
    </VariableDeclaration>
    <VariableDeclaration id="149">
      <name>x3</name>
      <initializationCode id="150">
        <code>randomIntegerBetween(10,50)</code>
        <domain>MATH</domain>
      </initializationCode>
    </VariableDeclaration>
    <VariableDeclaration id="151">
      <name>x4</name>
      <initializationCode id="152">
        <code>randomIntegerBetween(10,50)</code>
        <domain>MATH</domain>
      </initializationCode>
    </VariableDeclaration>
    <VariableDeclaration id="153">
      <name>x5</name>
      <initializationCode id="154">
        <code>randomIntegerBetween(10,50)</code>
        <domain>MATH</domain>
      </initializationCode>
    </VariableDeclaration>
    <VariableDeclaration id="155">
      <name>x6</name>
      <initializationCode id="156">
        <code>randomIntegerBetween(10,50)</code>
        <domain>MATH</domain>
      </initializationCode>
    </VariableDeclaration>
    <VariableDeclaration id="157">
      <name>y1</name>
      <initializationCode id="158">
        <code>evaluateInR(&apos;[var=a]+[var=b]*[var=x1]&apos;)</code>
        <domain>MATH</domain>
      </initializationCode>
    </VariableDeclaration>
    <VariableDeclaration id="159">
      <name>y2</name>
      <initializationCode id="160">
        <code>evaluateInR(&apos;[var=a]+[var=b]*[var=x2]&apos;)</code>
        <domain>MATH</domain>
      </initializationCode>
    </VariableDeclaration>
    <VariableDeclaration id="161">
      <name>y3</name>
      <initializationCode id="162">
        <code>evaluateInR(&apos;[var=a]+[var=b]*[var=x3]&apos;)</code>
        <domain>MATH</domain>
      </initializationCode>
    </VariableDeclaration>
    <VariableDeclaration id="163">
      <name>y4</name>
      <initializationCode id="164">
        <code>evaluateInR(&apos;[var=a]+[var=b]*[var=x4]&apos;)</code>
        <domain>MATH</domain>
      </initializationCode>
    </VariableDeclaration>
    <VariableDeclaration id="165">
      <name>y5</name>
      <initializationCode id="166">
        <code>evaluateInR(&apos;[var=a]+[var=b]*[var=x5]&apos;)</code>
        <domain>MATH</domain>
      </initializationCode>
    </VariableDeclaration>
    <VariableDeclaration id="167">
      <name>y6</name>
      <initializationCode id="168">
        <code>evaluateInR(&apos;[var=a]+[var=b]*[var=x6]&apos;)</code>
        <domain>MATH</domain>
      </initializationCode>
    </VariableDeclaration>
    <VariableDeclaration id="169">
      <name>yquer</name>
      <initializationCode id="170">
        <code>evaluateInR(&apos;([var=y1]+[var=y2]+[var=y3]+[var=y4]+[var=y5]+[var=y6])/6&apos;)</code>
        <domain>MATH</domain>
      </initializationCode>
    </VariableDeclaration>
    <VariableDeclaration id="171">
      <name>yquerg</name>
      <initializationCode id="172">
        <code>evaluateInR(&apos;round([var=yquer], 4)&apos;)</code>
        <domain>MATH</domain>
      </initializationCode>
    </VariableDeclaration>
  </variableDeclarations>
  <jSXGraphs id="173"/>
  <dynamicMolecules id="174"/>
  <resultFeedbackMappings id="175"/>
</Exercise>