<Exercise id="1">
  <name>IS04-03 Kombinatorik 3</name>
  <publicDescription></publicDescription>
  <internalNotes>1.Stage: Elfmeterschießen Schützen und Reihenfolge
spätere Stages deaktiviert

Die  Materialien sind lizenziert unter CC BY-NC-SA 4.0. Eine Kopie dieser Lizenz finden Sie unter http://creativecommons.org/licenses/by-nc-sa/4.0/

The materials are licensed under CC BY-NC-SA 4.0. You can find a copy of this license at http://creativecommons.org/licenses/by-nc-sa/4.0/</internalNotes>
  <language>de</language>
  <difficulty>4</difficulty>
  <tags id="2">
    <Tag id="3">
      <name>IndStat</name>
    </Tag>
    <Tag id="4">
      <name>TR_neu</name>
    </Tag>
    <Tag id="5">
      <name>TR</name>
    </Tag>
  </tags>
  <resources id="6"/>
  <stages id="7">
    <FillInStage id="8">
      <internalName>1</internalName>
      <externalName>Stage 1</externalName>
      <taskDescription>&lt;strong&gt;Aufgabenstellung:&lt;/strong&gt;&lt;br /&gt;&#xd;
&lt;br /&gt;&#xd;
F&amp;uuml;r das Elfmeterschie&amp;szlig;en muss ein Trainer $5$ der $11$ Spieler auf dem Platz benennen. Wie viele M&amp;ouml;glichkeiten hat er bei (i) der Bestimmung der Kandidaten? (ii) der Bestimmung der Reihenfolge der Sch&amp;uuml;tzen, nachdem die Kandidaten gew&amp;auml;hlt wurden?&lt;br /&gt;&#xd;
&lt;br /&gt;&#xd;
&lt;strong&gt;Einreichungen:&lt;/strong&gt;&lt;br /&gt;&#xd;
&lt;br /&gt;&#xd;
(i)&amp;nbsp; &amp;nbsp;&lt;input name=&quot;field1&quot; size=&quot;6&quot; type=&quot;text&quot; value=&quot;field1&quot; /&gt;&amp;nbsp;&lt;br /&gt;&#xd;
&lt;br /&gt;&#xd;
(ii) &amp;nbsp;&lt;input name=&quot;field2&quot; size=&quot;6&quot; type=&quot;text&quot; value=&quot;field2&quot; /&gt;&amp;nbsp;&#xd;
&lt;p&gt;&lt;a href=&quot;https://webrtaschenrechner.netlify.app/&quot;onclick=&quot;window.open(&apos;https://webrtaschenrechner.netlify.app/&apos;,&apos;R Console&apos;,&apos;top=320, left=1525, width=400,height=600,menubar=no,toolbar=no,&apos;); return false;&quot; target=&quot;_blank&quot;&gt;&lt;img alt=&quot;R_ Logo&quot; pull-right=&quot;&quot; src=&quot;/econometrics/resource?resource=157444&quot; style=&quot;width: 40px; height: 50px; float: right; margin: 5px&quot; /&gt;&lt;/a&gt;&lt;/p&gt;</taskDescription>
      <skipMessage>(i) Es muss der Binomialkoeffizient (Kombinationen ohne Wiederholung) berechnet werden: $\binom{N}{n}=\binom{11}{5}=[var=sol1]$.&lt;br /&gt;
&lt;br /&gt;
(ii) Gesucht sind Permutationen ohne Wiederholung:&lt;br /&gt;
$P(N) = P(5) = N! = 5! = 120$.</skipMessage>
      <defaultTransition id="9">
        <conditionExpression id="10">
          <domain>MATH</domain>
        </conditionExpression>
        <stageExpression id="11">
          <domain>MATH</domain>
        </stageExpression>
        <isRepeat>true</isRepeat>
      </defaultTransition>
      <skipTransitions id="12">
        <StageTransition id="13">
          <conditionExpression id="14">
            <code></code>
            <domain>MATH</domain>
          </conditionExpression>
          <stageExpression id="15">
            <domain>MATH</domain>
          </stageExpression>
          <isRepeat>false</isRepeat>
        </StageTransition>
      </skipTransitions>
      <stageTransitions id="16">
        <StageTransition id="17">
          <conditionExpression id="18">
            <code></code>
            <domain>MATH</domain>
          </conditionExpression>
          <stageExpression id="19">
            <code>[meta=stageCurrentResult]&gt;=100</code>
            <domain>MATH</domain>
          </stageExpression>
          <isRepeat>false</isRepeat>
        </StageTransition>
      </stageTransitions>
      <hints id="20">
        <StageHint id="21">
          <stagehint__order>0</stagehint__order>
          <text>Versuchen Sie zuerst f&amp;uuml;r beide Teilaufgaben zu entscheiden, ob die Gesamtheit gezogen wird oder nur ein Teil daraus. &amp;Uuml;berlegen Sie zudem jeweils, ob die Reihenfolge relevant ist.&lt;br /&gt;
&lt;br /&gt;
(Es liegt ein weiterer Hinweis vor.)</text>
          <malus>0</malus>
          <stage class="FillInStage" reference="8"/>
        </StageHint>
        <StageHint id="22">
          <stagehint__order>1</stagehint__order>
          <text>Achten Sie bei (ii) insbesondere darauf, dass sich durch die vorherige, bereits feststehende Auswahl der Sch&amp;uuml;tzen, die Gesamtheit &amp;auml;ndert.&lt;br /&gt;
&lt;br /&gt;
(Es liegt ein weiterer Hinweis vor.)</text>
          <malus>0</malus>
          <stage class="FillInStage" reference="8"/>
        </StageHint>
        <StageHint id="23">
          <stagehint__order>2</stagehint__order>
          <text>(i) Es sollen $5$ aus insgesamt $11$ Spielern als Sch&amp;uuml;tze ausgew&amp;auml;hlt werden, folglich nur ein Teil der Gesamtheit. Die Reihenfolge der ausgew&amp;auml;hlten Sch&amp;uuml;tzen ist dabei unerheblich.&lt;br /&gt;
&lt;br /&gt;
(ii) Die Gesamtheit besteht nun aus den $5$ ausgew&amp;auml;hlten Sch&amp;uuml;tzen, diese sollen angeordnet werden. Die Reihenfolge der Sch&amp;uuml;tzen spielt jetzt also eine Rolle.</text>
          <malus>0</malus>
          <stage class="FillInStage" reference="8"/>
        </StageHint>
      </hints>
      <variableUpdatesOnEnter id="24"/>
      <variableUpdatesBeforeCheck id="25"/>
      <variableUpdatesAfterCheck id="26"/>
      <variableUpdatesOnNormalExit id="27"/>
      <variableUpdatesOnRepeat id="28"/>
      <variableUpdatesOnSkip id="29"/>
      <weight>1</weight>
      <orderIndex>0</orderIndex>
      <allowSkip>true</allowSkip>
      <resources id="30"/>
      <rules id="31">
        <Rule id="32">
          <name>Feedback_2</name>
          <orderIndex>2</orderIndex>
          <validationExpression id="33">
            <code>!isEmpty([input=field1])&amp;&amp;isRealNumber([input=field1])&amp;&amp;!isEmpty([input=field2])&amp;&amp;isRealNumber([input=field2])&amp;&amp;[input=field1]!=[var=sol1]&amp;&amp;[input=field2]==[var=sol2]</code>
            <domain>MATH</domain>
          </validationExpression>
          <feedbackText>Die erste Lösung ist nicht richtig!</feedbackText>
          <points>50</points>
          <terminal>false</terminal>
        </Rule>
        <Rule id="34">
          <name>Feedback_1</name>
          <orderIndex>1</orderIndex>
          <validationExpression id="35">
            <code>!isEmpty([input=field1])&amp;&amp;isRealNumber([input=field1])&amp;&amp;!isEmpty([input=field2])&amp;&amp;isRealNumber([input=field2])&amp;&amp;[input=field1]==[var=sol1]&amp;&amp;[input=field2]!=[var=sol2]</code>
            <domain>MATH</domain>
          </validationExpression>
          <feedbackText>Lösung 2 ist falsch!</feedbackText>
          <points>50</points>
          <terminal>false</terminal>
        </Rule>
      </rules>
      <fillInFields id="36">
        <FillInField id="37">
          <name>field2</name>
          <orderIndex>1</orderIndex>
          <size>6</size>
          <formularEditorType>NUMBER</formularEditorType>
        </FillInField>
        <FillInField id="38">
          <name>field1</name>
          <orderIndex>0</orderIndex>
          <size>6</size>
          <formularEditorType>NUMBER</formularEditorType>
        </FillInField>
      </fillInFields>
      <dropDownFields id="39"/>
      <formularEditorPalette>MATHDOX_FORMULAR_EDITOR_BASIC</formularEditorPalette>
      <defaultFeedback>Leider falsch.&lt;br /&gt;
&lt;br /&gt;
(i) Es muss der Binomialkoeffizient (Kombinationen ohne Wiederholung) berechnet werden: $\binom{N}{n}=\binom{11}{5}=[var=sol1]$.&lt;br /&gt;
&lt;br /&gt;
(ii) Gesucht sind Permutationen ohne Wiederholung:&lt;br /&gt;
$P(N) = P(5) = N! = 5! = 120$.</defaultFeedback>
      <correctAnswerRules id="40">
        <Rule id="41">
          <name>CorrectAnswer1</name>
          <orderIndex>1</orderIndex>
          <validationExpression id="42">
            <code>!isEmpty([input=field1])&amp;&amp;isRealNumber([input=field1])&amp;&amp;!isEmpty([input=field2])&amp;&amp;isRealNumber([input=field2])&amp;&amp;[input=field1]==[var=sol1]&amp;&amp;[input=field2]==[var=sol2]</code>
            <domain>MATH</domain>
          </validationExpression>
          <points>0</points>
          <terminal>false</terminal>
        </Rule>
      </correctAnswerRules>
      <correctAnswerFeedback>Richtig!</correctAnswerFeedback>
      <defaultResult>0</defaultResult>
    </FillInStage>
  </stages>
  <startStage class="FillInStage" reference="8"/>
  <variableDeclarations id="43">
    <VariableDeclaration id="44">
      <name>sol1</name>
      <initializationCode id="45">
        <code>462</code>
        <domain>MATH</domain>
      </initializationCode>
    </VariableDeclaration>
    <VariableDeclaration id="46">
      <name>sol2</name>
      <initializationCode id="47">
        <code>120</code>
        <domain>MATH</domain>
      </initializationCode>
    </VariableDeclaration>
    <VariableDeclaration id="48">
      <name>lights</name>
      <initializationCode id="49">
        <code>randomIntegerBetween(4,6)</code>
        <domain>MATH</domain>
      </initializationCode>
    </VariableDeclaration>
    <VariableDeclaration id="50">
      <name>sol3</name>
      <initializationCode id="51">
        <code>pow(2, [var=lights])</code>
        <domain>MATH</domain>
      </initializationCode>
    </VariableDeclaration>
    <VariableDeclaration id="52">
      <name>set</name>
      <initializationCode id="53">
        <code>randomIntegerBetween(1,3)</code>
        <domain>MATH</domain>
      </initializationCode>
    </VariableDeclaration>
    <VariableDeclaration id="54">
      <name>buecher</name>
      <initializationCode id="55">
        <code>ifthenelse([var=set]==1, 10, ifthenelse([var=set]==2, 9, 11))</code>
        <domain>MATH</domain>
      </initializationCode>
    </VariableDeclaration>
    <VariableDeclaration id="56">
      <name>b1</name>
      <initializationCode id="57">
        <code>ifthenelse([var=set]==1, 4, ifthenelse([var=set]==2, 2, 2))</code>
        <domain>MATH</domain>
      </initializationCode>
    </VariableDeclaration>
    <VariableDeclaration id="58">
      <name>b2</name>
      <initializationCode id="59">
        <code>ifthenelse([var=set]==1, 2, ifthenelse([var=set]==2, 4, 4))</code>
        <domain>MATH</domain>
      </initializationCode>
    </VariableDeclaration>
    <VariableDeclaration id="60">
      <name>b3</name>
      <initializationCode id="61">
        <code>ifthenelse([var=set]==1, 4, ifthenelse([var=set]==2, 3, 5))</code>
        <domain>MATH</domain>
      </initializationCode>
    </VariableDeclaration>
    <VariableDeclaration id="62">
      <name>sol4</name>
      <initializationCode id="63">
        <code>ifthenelse([var=set]==1, 3150, ifthenelse([var=set]==2, 1260, 6930))</code>
        <domain>MATH</domain>
      </initializationCode>
    </VariableDeclaration>
    <VariableDeclaration id="64">
      <name>set2</name>
      <initializationCode id="65">
        <code>randomIntegerBetween(1,4)</code>
        <domain>MATH</domain>
      </initializationCode>
    </VariableDeclaration>
    <VariableDeclaration id="66">
      <name>damen</name>
      <initializationCode id="67">
        <code>ifthenelse([var=set2]==1, 6, ifthenelse([var=set2]==2, 6, 7))</code>
        <domain>MATH</domain>
      </initializationCode>
    </VariableDeclaration>
    <VariableDeclaration id="68">
      <name>herren</name>
      <initializationCode id="69">
        <code>ifthenelse([var=set2]==1, 3, ifthenelse([var=set2]==2, 4, ifthenelse([var=set2]==3, 3, 4)))</code>
        <domain>MATH</domain>
      </initializationCode>
    </VariableDeclaration>
    <VariableDeclaration id="70">
      <name>sol5</name>
      <initializationCode id="71">
        <code>ifthenelse([var=set2]==1, 120, ifthenelse([var=set2]==2, 360, ifthenelse([var=set2]==3, 210, 840)))</code>
        <domain>MATH</domain>
      </initializationCode>
    </VariableDeclaration>
    <VariableDeclaration id="72">
      <name>sol6</name>
      <initializationCode id="73">
        <code>pow([var=damen], [var=herren])</code>
        <domain>MATH</domain>
      </initializationCode>
    </VariableDeclaration>
    <VariableDeclaration id="74">
      <name>sol7</name>
      <initializationCode id="75">
        <code>ifthenelse([var=set2]==1, 336, ifthenelse([var=set2]==2, 3024, ifthenelse([var=set2]==3, 504, 5040)))</code>
        <domain>MATH</domain>
      </initializationCode>
    </VariableDeclaration>
  </variableDeclarations>
  <jSXGraphs id="76"/>
  <dynamicMolecules id="77"/>
  <resultFeedbackMappings id="78"/>
</Exercise>