<Exercise id="1">
  <name>IS04-05 Kombinatorik 5</name>
  <publicDescription></publicDescription>
  <internalNotes>1.Stage: Wie viele Leute stoßen an bei x mal Gläser klirren?

Die  Materialien sind lizenziert unter CC BY-NC-SA 4.0. Eine Kopie dieser Lizenz finden Sie unter http://creativecommons.org/licenses/by-nc-sa/4.0/

The materials are licensed under CC BY-NC-SA 4.0. You can find a copy of this license at http://creativecommons.org/licenses/by-nc-sa/4.0/
</internalNotes>
  <language>de</language>
  <difficulty>4</difficulty>
  <tags id="2">
    <Tag id="3">
      <name>IndStat</name>
    </Tag>
    <Tag id="4">
      <name>TR_neu</name>
    </Tag>
    <Tag id="5">
      <name>TR</name>
    </Tag>
  </tags>
  <resources id="6"/>
  <stages id="7">
    <FillInStage id="8">
      <internalName>1</internalName>
      <externalName>Stage 1</externalName>
      <taskDescription>&lt;strong&gt;Aufgabenstellung:&lt;/strong&gt;&lt;br /&gt;&#xd;
&lt;br /&gt;&#xd;
Wie viele Personen befinden sich in einer Gesellschaft, wenn beim Ansto&amp;szlig;en $[var=sol2]$ Mal die Gl&amp;auml;ser klirren (kombinatorischer L&amp;ouml;sungsweg)?&lt;br /&gt;&#xd;
&lt;br /&gt;&#xd;
&lt;strong&gt;Einreichung:&lt;/strong&gt; &lt;input name=&quot;field1&quot; size=&quot;6&quot; type=&quot;text&quot; value=&quot;field1&quot; /&gt;&amp;nbsp;&#xd;
&lt;p&gt;&lt;a href=&quot;https://webrtaschenrechner.netlify.app/&quot;onclick=&quot;window.open(&apos;https://webrtaschenrechner.netlify.app/&apos;,&apos;R Console&apos;,&apos;top=320, left=1525, width=400,height=600,menubar=no,toolbar=no,&apos;); return false;&quot; target=&quot;_blank&quot;&gt;&lt;img alt=&quot;R_ Logo&quot; pull-right=&quot;&quot; src=&quot;/econometrics/resource?resource=157444&quot; style=&quot;width: 40px; height: 50px; float: right; margin: 5px&quot; /&gt;&lt;/a&gt;&lt;/p&gt;</taskDescription>
      <skipMessage>$\binom{N}{2}=[var=sol2] \Leftrightarrow \frac{N!}{2!(N-2)!}=[var=sol2] \Leftrightarrow \frac{N(N-1)(N-2)!}{2 \cdot 1 \cdot (N-2)!} = [var=sol2] \Leftrightarrow \frac{N(N-1)}{2} = [var=sol2]$.&lt;br /&gt;
&lt;br /&gt;
L&amp;ouml;sen der quadratischen Gleichung liefert $N=[var=persons]$ Personen.</skipMessage>
      <defaultTransition id="9">
        <conditionExpression id="10">
          <domain>MATH</domain>
        </conditionExpression>
        <stageExpression id="11">
          <domain>MATH</domain>
        </stageExpression>
        <isRepeat>true</isRepeat>
      </defaultTransition>
      <skipTransitions id="12">
        <StageTransition id="13">
          <conditionExpression id="14">
            <code></code>
            <domain>MATH</domain>
          </conditionExpression>
          <stageExpression id="15">
            <domain>MATH</domain>
          </stageExpression>
          <isRepeat>false</isRepeat>
        </StageTransition>
      </skipTransitions>
      <stageTransitions id="16">
        <StageTransition id="17">
          <conditionExpression id="18">
            <code></code>
            <domain>MATH</domain>
          </conditionExpression>
          <stageExpression id="19">
            <code>[meta=stageCurrentResult]&gt;=100</code>
            <domain>MATH</domain>
          </stageExpression>
          <isRepeat>false</isRepeat>
        </StageTransition>
      </stageTransitions>
      <hints id="20">
        <StageHint id="21">
          <stagehint__order>0</stagehint__order>
          <text>Beim jedem Ansto&amp;szlig;en klirren immer 2 Gl&amp;auml;ser. Was Sie nicht kennen ist die Anzahl der Personen in der Gesellschaft ($N$).&lt;br /&gt;
&lt;br /&gt;
(Es ist ein weiterer Hinweis vorhanden.)</text>
          <malus>0</malus>
          <stage class="FillInStage" reference="8"/>
        </StageHint>
        <StageHint id="22">
          <stagehint__order>1</stagehint__order>
          <text>Sie wissen, dass $\binom{N}{2}=[var=sol2]$. L&amp;ouml;sen Sie diese Gleichung nach $N$ auf.&lt;br /&gt;
&lt;br /&gt;
(Es ist ein weiterer Hinweis vorhanden.)</text>
          <malus>0</malus>
          <stage class="FillInStage" reference="8"/>
        </StageHint>
        <StageHint id="23">
          <stagehint__order>2</stagehint__order>
          <text>Nutzen Sie, dass $N!=N(N-1)(N-2)!$.</text>
          <malus>0</malus>
          <stage class="FillInStage" reference="8"/>
        </StageHint>
      </hints>
      <variableUpdatesOnEnter id="24"/>
      <variableUpdatesBeforeCheck id="25"/>
      <variableUpdatesAfterCheck id="26"/>
      <variableUpdatesOnNormalExit id="27"/>
      <variableUpdatesOnRepeat id="28"/>
      <variableUpdatesOnSkip id="29"/>
      <weight>1</weight>
      <orderIndex>0</orderIndex>
      <allowSkip>true</allowSkip>
      <resources id="30"/>
      <rules id="31"/>
      <fillInFields id="32">
        <FillInField id="33">
          <name>field1</name>
          <orderIndex>0</orderIndex>
          <size>6</size>
          <formularEditorType>NUMBER</formularEditorType>
        </FillInField>
      </fillInFields>
      <dropDownFields id="34"/>
      <formularEditorPalette>MATHDOX_FORMULAR_EDITOR_BASIC</formularEditorPalette>
      <defaultFeedback>Leider falsch.&lt;br /&gt;
&lt;br /&gt;
$\binom{N}{2}=[var=sol2] \Leftrightarrow \frac{N!}{2!(N-2)!}=[var=sol2] \Leftrightarrow \frac{N(N-1)(N-2)!}{2 \cdot 1 \cdot (N-2)!} = [var=sol2] \Leftrightarrow \frac{N(N-1)}{2} = [var=sol2]$.&lt;br /&gt;
&lt;br /&gt;
L&amp;ouml;sen der quadratischen Gleichung liefert $N=[var=persons]$ Per</defaultFeedback>
      <correctAnswerRules id="35">
        <Rule id="36">
          <name>CorrectAnswer1</name>
          <orderIndex>1</orderIndex>
          <validationExpression id="37">
            <code>!isEmpty([input=field1])&amp;&amp;isRealNumber([input=field1])&amp;&amp;[input=field1]==[var=persons]</code>
            <domain>MATH</domain>
          </validationExpression>
          <points>0</points>
          <terminal>false</terminal>
        </Rule>
      </correctAnswerRules>
      <correctAnswerFeedback>Richtig!</correctAnswerFeedback>
      <defaultResult>0</defaultResult>
    </FillInStage>
  </stages>
  <startStage class="FillInStage" reference="8"/>
  <variableDeclarations id="38">
    <VariableDeclaration id="39">
      <name>sol1</name>
      <initializationCode id="40">
        <code>160</code>
        <domain>MATH</domain>
      </initializationCode>
    </VariableDeclaration>
    <VariableDeclaration id="41">
      <name>persons</name>
      <initializationCode id="42">
        <code>randomIntegerBetween(21,26)</code>
        <domain>MATH</domain>
      </initializationCode>
    </VariableDeclaration>
    <VariableDeclaration id="43">
      <name>sol2</name>
      <initializationCode id="44">
        <code>ifthenelse([var=persons]==21, 210, ifthenelse([var=persons]==22, 231, ifthenelse([var=persons]==23, 253, ifthenelse([var=persons]==24, 276, ifthenelse([var=persons]==25, 300, 325)))))</code>
        <domain>MATH</domain>
      </initializationCode>
    </VariableDeclaration>
    <VariableDeclaration id="45">
      <name>set1</name>
      <initializationCode id="46">
        <code>randomIntegerBetween(1,3)</code>
        <domain>MATH</domain>
      </initializationCode>
    </VariableDeclaration>
    <VariableDeclaration id="47">
      <name>white</name>
      <initializationCode id="48">
        <code>3</code>
        <domain>MATH</domain>
      </initializationCode>
    </VariableDeclaration>
    <VariableDeclaration id="49">
      <name>black</name>
      <initializationCode id="50">
        <code>ifthenelse([var=set1]==1, 4, ifthenelse([var=set1]==2, 5, 6))</code>
        <domain>MATH</domain>
      </initializationCode>
    </VariableDeclaration>
    <VariableDeclaration id="51">
      <name>red</name>
      <initializationCode id="52">
        <code>ifthenelse([var=set1]==1, 3, ifthenelse([var=set1]==2, 4, 5))</code>
        <domain>MATH</domain>
      </initializationCode>
    </VariableDeclaration>
    <VariableDeclaration id="53">
      <name>all</name>
      <initializationCode id="54">
        <code>[var=white]+[var=black]+[var=red]</code>
        <domain>MATH</domain>
      </initializationCode>
    </VariableDeclaration>
    <VariableDeclaration id="55">
      <name>total</name>
      <initializationCode id="56">
        <code>ifthenelse([var=set1]==1, 210, ifthenelse([var=set1]==2, 495, 1001))</code>
        <domain>MATH</domain>
      </initializationCode>
    </VariableDeclaration>
    <VariableDeclaration id="57">
      <name>sol31</name>
      <initializationCode id="58">
        <code>ifthenelse([var=set1]==1, 36, ifthenelse([var=set1]==2, 60, 90))</code>
        <domain>MATH</domain>
      </initializationCode>
    </VariableDeclaration>
    <VariableDeclaration id="59">
      <name>sol32</name>
      <initializationCode id="60">
        <code>ifthenelse([var=set1]==1, 54, ifthenelse([var=set1]==2, 120, 225))</code>
        <domain>MATH</domain>
      </initializationCode>
    </VariableDeclaration>
    <VariableDeclaration id="61">
      <name>sol33</name>
      <initializationCode id="62">
        <code>ifthenelse([var=set1]==1, 36, ifthenelse([var=set1]==2, 90, 180))</code>
        <domain>MATH</domain>
      </initializationCode>
    </VariableDeclaration>
    <VariableDeclaration id="63">
      <name>sol3</name>
      <initializationCode id="64">
        <code>round((([var=sol31]+[var=sol32]+[var=sol33])/[var=total])*100.0)/100.0</code>
        <domain>MATH</domain>
      </initializationCode>
    </VariableDeclaration>
  </variableDeclarations>
  <jSXGraphs id="65"/>
  <dynamicMolecules id="66"/>
  <resultFeedbackMappings id="67"/>
</Exercise>