<Exercise id="1">
  <name>IS04-06 Kombinatorik 6</name>
  <publicDescription></publicDescription>
  <internalNotes>W&apos;keit, dass bei n verschiedenen Büchern genau m Bücher nebeneinander stehen.

Permutation

Die  Materialien sind lizenziert unter CC BY-NC-SA 4.0. Eine Kopie dieser Lizenz finden Sie unter http://creativecommons.org/licenses/by-nc-sa/4.0/

The materials are licensed under CC BY-NC-SA 4.0. You can find a copy of this license at http://creativecommons.org/licenses/by-nc-sa/4.0/</internalNotes>
  <language>de</language>
  <difficulty>3</difficulty>
  <tags id="2">
    <Tag id="3">
      <name>IndStat</name>
    </Tag>
    <Tag id="4">
      <name>TR_neu</name>
    </Tag>
    <Tag id="5">
      <name>TR</name>
    </Tag>
  </tags>
  <resources id="6"/>
  <stages id="7">
    <FillInStage id="8">
      <internalName>1</internalName>
      <externalName>Stage 1</externalName>
      <taskDescription>&lt;strong&gt;Aufgabenstellung:&lt;/strong&gt;&lt;br /&gt;&#xd;
&lt;br /&gt;&#xd;
$[var=x]$ verschiedene B&amp;uuml;cher werden zuf&amp;auml;llig auf einem Regal angeordnet. Bestimmen Sie die Wahrscheinlichkeit daf&amp;uuml;r, dass $[var=y]$ bestimmte B&amp;uuml;cher nebeneinander stehen. &amp;nbsp;&lt;br /&gt;&#xd;
&lt;br /&gt;&#xd;
&lt;strong&gt;Einreichung:&lt;/strong&gt; &amp;nbsp;&lt;input name=&quot;field1&quot; size=&quot;6&quot; type=&quot;text&quot; value=&quot;field1&quot; /&gt;&amp;nbsp;&lt;br /&gt;&#xd;
&lt;br /&gt;&#xd;
&lt;em&gt;(Runden Sie, falls n&amp;ouml;tig, auf die vierte Nachkommastelle und verwenden Sie einen Dezimalpunkt.)&lt;/em&gt;&#xd;
&lt;p&gt;&lt;a href=&quot;https://webrtaschenrechner.netlify.app/&quot;onclick=&quot;window.open(&apos;https://webrtaschenrechner.netlify.app/&apos;,&apos;R Console&apos;,&apos;top=320, left=1525, width=400,height=600,menubar=no,toolbar=no,&apos;); return false;&quot; target=&quot;_blank&quot;&gt;&lt;img alt=&quot;R_ Logo&quot; pull-right=&quot;&quot; src=&quot;/econometrics/resource?resource=157444&quot; style=&quot;width: 40px; height: 50px; float: right; margin: 5px&quot; /&gt;&lt;/a&gt;&lt;/p&gt;</taskDescription>
      <skipMessage>Es gibt insgesamt $[var=y]!$ verschiedene M&amp;ouml;glichkeiten die $[var=y]$ zusammenstehenden B&amp;uuml;cher anzuordnen und insgesamt $([var=x] -[var=y])!$ M&amp;ouml;glichkeiten die restlichen B&amp;uuml;cher anzuordnen.&lt;br /&gt;
Au&amp;szlig;erdem gibt es insgesamt $[var=x]-[var=y] + 1$ M&amp;ouml;glichkeiten die zusammenh&amp;auml;ngenden B&amp;uuml;cher zwischen den Restlichen zu platzieren. Macht insgesamt $[var=y]! \times ([var=x] -[var=y])! \times ([var=x]-[var=y] + 1)$ M&amp;ouml;glichkeiten, bei denen die $[var=y]$ B&amp;uuml;cher zusammen stehen. Insgesamt gibt es $[var=x]!$ verschiedene Anordnungsm&amp;ouml;glichkeiten. Die gesuchte Wahrscheinlichkeit betr&amp;auml;gt demnach $[var=rsol1]$.</skipMessage>
      <defaultTransition id="9">
        <conditionExpression id="10">
          <domain>MATH</domain>
        </conditionExpression>
        <stageExpression id="11">
          <domain>MATH</domain>
        </stageExpression>
        <isRepeat>true</isRepeat>
      </defaultTransition>
      <skipTransitions id="12">
        <StageTransition id="13">
          <conditionExpression id="14">
            <code></code>
            <domain>MATH</domain>
          </conditionExpression>
          <stageExpression id="15">
            <domain>MATH</domain>
          </stageExpression>
          <isRepeat>false</isRepeat>
        </StageTransition>
      </skipTransitions>
      <stageTransitions id="16">
        <StageTransition id="17">
          <conditionExpression id="18">
            <code></code>
            <domain>MATH</domain>
          </conditionExpression>
          <stageExpression id="19">
            <code>[meta=stageCurrentResult]&gt;=100</code>
            <domain>MATH</domain>
          </stageExpression>
          <isRepeat>false</isRepeat>
        </StageTransition>
      </stageTransitions>
      <hints id="20">
        <StageHint id="21">
          <stagehint__order>0</stagehint__order>
          <text>Bestimmen Sie die g&amp;uuml;nstigen und m&amp;ouml;glichen Ausg&amp;auml;nge und setze Sie diese ins Verh&amp;auml;ltnis, um an die gesuchte Wahrscheinlichkeit zu kommen.&lt;br /&gt;
&lt;br /&gt;
(Es ist ein weiterer Hinweis vorhanden.)</text>
          <malus>0</malus>
          <stage class="FillInStage" reference="8"/>
        </StageHint>
        <StageHint id="22">
          <stagehint__order>1</stagehint__order>
          <text>G&amp;uuml;nstige Ausg&amp;auml;nge:&lt;br /&gt;
$\text{M&amp;ouml;glichkeiten die ausgew&amp;auml;hlten B&amp;uuml;cher anzuordnen} \times \text{M&amp;ouml;glichkeiten die restlichen B&amp;uuml;cher anzuordnen} \times$ $\text{M&amp;ouml;glichkeiten die ausgew&amp;auml;hlten zusammenh&amp;auml;ngenden B&amp;uuml;cher zwischen den Restlichen zu platzieren}$.&lt;br /&gt;
&lt;br /&gt;
M&amp;ouml;gliche Ausg&amp;auml;nge: $\text{M&amp;ouml;glichkeiten alle B&amp;uuml;cher anzuordnen}$.</text>
          <malus>0</malus>
          <stage class="FillInStage" reference="8"/>
        </StageHint>
      </hints>
      <variableUpdatesOnEnter id="23"/>
      <variableUpdatesBeforeCheck id="24"/>
      <variableUpdatesAfterCheck id="25"/>
      <variableUpdatesOnNormalExit id="26"/>
      <variableUpdatesOnRepeat id="27"/>
      <variableUpdatesOnSkip id="28"/>
      <weight>1</weight>
      <orderIndex>0</orderIndex>
      <allowSkip>true</allowSkip>
      <resources id="29"/>
      <rules id="30"/>
      <fillInFields id="31">
        <FillInField id="32">
          <name>field1</name>
          <orderIndex>0</orderIndex>
          <size>6</size>
          <formularEditorType>NUMBER</formularEditorType>
        </FillInField>
      </fillInFields>
      <dropDownFields id="33"/>
      <formularEditorPalette>MATHDOX_FORMULAR_EDITOR_BASIC</formularEditorPalette>
      <defaultFeedback>Leider nicht korrekt.&lt;br /&gt;
&lt;br /&gt;
&lt;br /&gt;
Es gibt insgesamt $[var=y]!$ verschiedene M&amp;ouml;glichkeiten die $[var=y]$ zusammenstehenden B&amp;uuml;cher anzuordnen und insgesamt $([var=x] -[var=y])!$ M&amp;ouml;glichkeiten die restlichen B&amp;uuml;cher anzuordnen.&lt;br /&gt;
&lt;br /&gt;
Au&amp;szlig;erdem gibt es insgesamt $[var=x]-[var=y] + 1$ M&amp;ouml;glichkeiten die zusammenh&amp;auml;ngenden B&amp;uuml;cher zwischen den Restlichen zu platzieren. Macht insgesamt $[var=y]! \times ([var=x] -[var=y])! \times ([var=x]-[var=y] + 1)$ M&amp;ouml;glichkeiten, bei denen die $[var=y]$ B&amp;uuml;cher zusammen stehen. Insgesamt gibt es $[var=x]!$ verschiedene Anordnungsm&amp;ouml;glichkeiten. Die gesuchte Wahrscheinlichkeit betr&amp;auml;gt demnach $[var=rsol1]$.</defaultFeedback>
      <correctAnswerRules id="34">
        <Rule id="35">
          <name>CorrectAnswer1</name>
          <orderIndex>1</orderIndex>
          <validationExpression id="36">
            <code>!isEmpty([input=field1])&amp;&amp;isRealNumber([input=field1])&amp;&amp;[input=field1]&gt;[var=rsol1]-0.0011&amp;&amp;[input=field1]&lt;[var=rsol1]+0.0011</code>
            <domain>MATH</domain>
          </validationExpression>
          <points>0</points>
          <terminal>false</terminal>
        </Rule>
      </correctAnswerRules>
      <correctAnswerFeedback>Richtig.</correctAnswerFeedback>
      <defaultResult>0</defaultResult>
    </FillInStage>
  </stages>
  <startStage class="FillInStage" reference="8"/>
  <variableDeclarations id="37">
    <VariableDeclaration id="38">
      <name>x</name>
      <initializationCode id="39">
        <code>randomIntegerBetween(10,20)</code>
        <domain>MATH</domain>
      </initializationCode>
    </VariableDeclaration>
    <VariableDeclaration id="40">
      <name>y</name>
      <initializationCode id="41">
        <code>randomIntegerBetween(3,6)</code>
        <domain>MATH</domain>
      </initializationCode>
    </VariableDeclaration>
    <VariableDeclaration id="42">
      <name>sol1</name>
      <initializationCode id="43">
        <code>evaluateInR(&apos;(factorial([var=y])*factorial([var=x]-[var=y])*([var=x]-[var=y]+1))/(factorial([var=x]))&apos;)</code>
        <domain>MATH</domain>
      </initializationCode>
    </VariableDeclaration>
    <VariableDeclaration id="44">
      <name>rsol1</name>
      <initializationCode id="45">
        <code>round([var=sol1], 4)</code>
        <domain>MATH</domain>
      </initializationCode>
    </VariableDeclaration>
  </variableDeclarations>
  <jSXGraphs id="46"/>
  <dynamicMolecules id="47"/>
  <resultFeedbackMappings id="48"/>
</Exercise>