<Exercise id="1">
  <name>DS3-07 Lageparameter 7</name>
  <publicDescription></publicDescription>
  <internalNotes>geometrisches Mittel, Wachstumsraten müssen zunächst bestimmt werden

Die  Materialien sind lizenziert unter CC BY-NC-SA 4.0. Eine Kopie dieser Lizenz finden Sie unter http://creativecommons.org/licenses/by-nc-sa/4.0/

The materials are licensed under CC BY-NC-SA 4.0. You can find a copy of this license at http://creativecommons.org/licenses/by-nc-sa/4.0/</internalNotes>
  <language>de</language>
  <difficulty>3</difficulty>
  <tags id="2">
    <Tag id="3">
      <name>Desk_22</name>
    </Tag>
  </tags>
  <resources id="4"/>
  <stages id="5">
    <FillInStage id="6">
      <internalName>1</internalName>
      <externalName>Stage 1</externalName>
      <taskDescription>&lt;strong&gt;Aufgabenstellung:&lt;/strong&gt;&lt;br /&gt;&#xd;
&lt;br /&gt;&#xd;
Ihre Firma hatte in den Jahren 2006 bis 2012 folgende Ums&amp;auml;tze (in Euro):&lt;br /&gt;&#xd;
&lt;br /&gt;&#xd;
$\begin{matrix}&lt;br /&gt;&#xd;
Jahr &amp;amp; Umsatz \\&lt;br /&gt;&#xd;
\hline&lt;br /&gt;&#xd;
2006 &amp;amp; 4000000 \\&lt;br /&gt;&#xd;
2007 &amp;amp; [var=wa1] \\&lt;br /&gt;&#xd;
2008 &amp;amp; [var=wa2] \\&lt;br /&gt;&#xd;
2009 &amp;amp; [var=wa3] \\&lt;br /&gt;&#xd;
2010 &amp;amp; [var=wa4] \\&lt;br /&gt;&#xd;
2011 &amp;amp; [var=wa5] \\&lt;br /&gt;&#xd;
2012 &amp;amp; [var=wa6] \\&lt;br /&gt;&#xd;
\end{matrix}$&lt;br /&gt;&#xd;
&lt;br /&gt;&#xd;
&lt;strong&gt;Einreichung:&lt;/strong&gt;&lt;br /&gt;&#xd;
&lt;br /&gt;&#xd;
Errechnen Sie die durchschnittliche j&amp;auml;hrliche Wachstumsrate des Umsatzes von 2006 bis 2012:&lt;br /&gt;&#xd;
&lt;br /&gt;&#xd;
&amp;nbsp;&lt;input name=&quot;field1&quot; size=&quot;6&quot; type=&quot;text&quot; value=&quot;field1&quot; /&gt;&amp;nbsp; %&lt;br /&gt;&#xd;
&lt;br /&gt;&#xd;
&lt;em&gt;(Runden Sie, falls n&amp;ouml;tig, auf die zweite Nachkommastelle und verwenden Sie einen Dezimalpunkt)&lt;/em&gt;&#xd;
&lt;p&gt;&lt;a href=&quot;https://rdrr.io/snippets/embed/&quot; onclick=&quot;window.open(&apos;https://rdrr.io/snippets/embed/?code=&apos;,&apos;R Console&apos;,&apos; margin-top: 20px; top=200,left=100,width=480,height=640,menubar=no,toolbar=no,&apos;); return false;&quot; target=&quot;_blank&quot;&gt;&lt;img alt=&quot;R_ Logo&quot; pull-right=&quot;&quot; src=&quot;/econometrics/resource?resource=157444&quot; style=&quot;width: 40px; height: 50px; float: right; margin: 5px&quot; /&gt;&lt;/a&gt;&lt;/p&gt;&#xd;
</taskDescription>
      <skipMessage>Zunächst müssen Sie den gesamten Wachstumsfaktor für die Jahre 2006 bis 2012 berechnen. 
	             Dann können Sie mittels des geometrischen Mittels den durchschnittlichen jährlichen Wachstumsfaktor berechnen. Diesen müssen Sie noch in die durchschnittliche Wachstumsrate umrechnen!
	             Die durchschnittliche jährliche Wachstumsrate des Umsatzes von 2006 bis 2012 beträgt $[var=e1]$ %.</skipMessage>
      <defaultTransition id="7">
        <conditionExpression id="8">
          <domain>MATH</domain>
        </conditionExpression>
        <stageExpression id="9">
          <domain>MATH</domain>
        </stageExpression>
        <isRepeat>true</isRepeat>
      </defaultTransition>
      <skipTransitions id="10">
        <StageTransition id="11">
          <conditionExpression id="12">
            <code></code>
            <domain>MATH</domain>
          </conditionExpression>
          <stageExpression id="13">
            <domain>MATH</domain>
          </stageExpression>
          <isRepeat>false</isRepeat>
        </StageTransition>
      </skipTransitions>
      <stageTransitions id="14">
        <StageTransition id="15">
          <conditionExpression id="16">
            <code></code>
            <domain>MATH</domain>
          </conditionExpression>
          <stageExpression id="17">
            <code>[meta=stageCurrentResult]&gt;=100</code>
            <domain>MATH</domain>
          </stageExpression>
          <isRepeat>false</isRepeat>
        </StageTransition>
      </stageTransitions>
      <hints id="18">
        <StageHint id="19">
          <stagehint__order>0</stagehint__order>
          <text>Gefragt ist hier nach einem durchschnittlichen Wachstumsfaktor. Welcher Parameter beschreibt diesen?&lt;br /&gt;
&lt;br /&gt;
&lt;em&gt;(Es ist ein weiterer Hinweis vorhanden)&lt;/em&gt;</text>
          <malus>0</malus>
          <stage class="FillInStage" reference="6"/>
        </StageHint>
        <StageHint id="20">
          <stagehint__order>1</stagehint__order>
          <text>Ben&amp;ouml;tigen Sie alle angegebenen Werte, wenn Sie die durchschnittliche j&amp;auml;hrliche Wachstumsrate des Umsatzes von 2006 bis 2012 berechnen wollen?&lt;br /&gt;
&lt;br /&gt;
&lt;em&gt;(Es ist ein weiterer Hinweis vorhanden)&lt;/em&gt;</text>
          <malus>0</malus>
          <stage class="FillInStage" reference="6"/>
        </StageHint>
        <StageHint id="21">
          <stagehint__order>2</stagehint__order>
          <text>Bestimmen Sie zun&amp;auml;chst den gesamten Wachstumsfaktor des Umsatzes von 2006 bis 2012, es ist nicht n&amp;ouml;tig, jeden einzelnen Wachstumsfaktor zu bestimmen!&lt;br /&gt;
&lt;br /&gt;
&lt;em&gt;(Es ist ein weiterer Hinweis vorhanden)&lt;/em&gt;</text>
          <malus>0</malus>
          <stage class="FillInStage" reference="6"/>
        </StageHint>
        <StageHint id="22">
          <stagehint__order>3</stagehint__order>
          <text>Nutzen Sie dann die Formel:&lt;br /&gt;
&lt;br /&gt;
$\overline{x}_{G} = \left(\prod_{j=1}^n x_j\right)^{\frac{1}{n}}$.&lt;br /&gt;
&lt;br /&gt;
Beachten Sie, den durchschnittlichen Wachstumsfaktor noch in die durchschnittliche Wachstumsrate umzurechnen!</text>
          <malus>0</malus>
          <stage class="FillInStage" reference="6"/>
        </StageHint>
      </hints>
      <variableUpdatesOnEnter id="23"/>
      <variableUpdatesBeforeCheck id="24"/>
      <variableUpdatesAfterCheck id="25"/>
      <variableUpdatesOnNormalExit id="26"/>
      <variableUpdatesOnRepeat id="27"/>
      <variableUpdatesOnSkip id="28"/>
      <weight>1</weight>
      <orderIndex>0</orderIndex>
      <allowSkip>true</allowSkip>
      <resources id="29"/>
      <rules id="30"/>
      <fillInFields id="31">
        <FillInField id="32">
          <name>field1</name>
          <orderIndex>0</orderIndex>
          <size>6</size>
          <formularEditorType>NUMBER</formularEditorType>
        </FillInField>
      </fillInFields>
      <dropDownFields id="33"/>
      <formularEditorPalette>MATHDOX_FORMULAR_EDITOR_BASIC</formularEditorPalette>
      <defaultFeedback>Leider nicht korrekt!</defaultFeedback>
      <correctAnswerRules id="34">
        <Rule id="35">
          <name>CorrectAnswer1</name>
          <orderIndex>1</orderIndex>
          <validationExpression id="36">
            <code>!isEmpty([input=field1])&amp;&amp;isRealNumber([input=field1])&amp;&amp;[input=field1]&gt;[var=e1]*0.98&amp;&amp;[input=field1]&lt;[var=e1]*1.02</code>
            <domain>MATH</domain>
          </validationExpression>
          <points>0</points>
          <terminal>false</terminal>
        </Rule>
      </correctAnswerRules>
      <correctAnswerFeedback>Richtig.</correctAnswerFeedback>
      <defaultResult>0</defaultResult>
    </FillInStage>
  </stages>
  <startStage class="FillInStage" reference="6"/>
  <variableDeclarations id="37">
    <VariableDeclaration id="38">
      <name>a</name>
      <initializationCode id="39">
        <code>randomIntegerBetween(1,8)</code>
        <domain>MATH</domain>
      </initializationCode>
    </VariableDeclaration>
    <VariableDeclaration id="40">
      <name>b</name>
      <initializationCode id="41">
        <code>randomIntegerBetween(1,8)</code>
        <domain>MATH</domain>
      </initializationCode>
    </VariableDeclaration>
    <VariableDeclaration id="42">
      <name>c</name>
      <initializationCode id="43">
        <code>randomIntegerBetween(1,8)</code>
        <domain>MATH</domain>
      </initializationCode>
    </VariableDeclaration>
    <VariableDeclaration id="44">
      <name>d</name>
      <initializationCode id="45">
        <code>randomIntegerBetween(1,8)</code>
        <domain>MATH</domain>
      </initializationCode>
    </VariableDeclaration>
    <VariableDeclaration id="46">
      <name>ee</name>
      <initializationCode id="47">
        <code>randomIntegerBetween(1,8)</code>
        <domain>MATH</domain>
      </initializationCode>
    </VariableDeclaration>
    <VariableDeclaration id="48">
      <name>f</name>
      <initializationCode id="49">
        <code>randomIntegerBetween(1,8)</code>
        <domain>MATH</domain>
      </initializationCode>
    </VariableDeclaration>
    <VariableDeclaration id="50">
      <name>w1</name>
      <initializationCode id="51">
        <code>getFromList([var=a], list(1.1,1.2,1.3,1.4,1.5,1.6,1.7,1.8,1.9))</code>
        <domain>MATH</domain>
      </initializationCode>
    </VariableDeclaration>
    <VariableDeclaration id="52">
      <name>w2</name>
      <initializationCode id="53">
        <code>getFromList([var=b], list(1.1,1.2,1.3,1.4,1.5,1.6,1.7,1.8,1.9))</code>
        <domain>MATH</domain>
      </initializationCode>
    </VariableDeclaration>
    <VariableDeclaration id="54">
      <name>w3</name>
      <initializationCode id="55">
        <code>getFromList([var=c], list(1.1,1.2,1.3,1.4,1.5,1.6,1.7,1.8,1.9))</code>
        <domain>MATH</domain>
      </initializationCode>
    </VariableDeclaration>
    <VariableDeclaration id="56">
      <name>w4</name>
      <initializationCode id="57">
        <code>getFromList([var=d], list(1.1,1.2,1.3,1.4,1.5,1.6,1.7,1.8,1.9))</code>
        <domain>MATH</domain>
      </initializationCode>
    </VariableDeclaration>
    <VariableDeclaration id="58">
      <name>w5</name>
      <initializationCode id="59">
        <code>getFromList([var=ee], list(1.1,1.2,1.3,1.4,1.5,1.6,1.7,1.8,1.9))</code>
        <domain>MATH</domain>
      </initializationCode>
    </VariableDeclaration>
    <VariableDeclaration id="60">
      <name>w6</name>
      <initializationCode id="61">
        <code>getFromList([var=f], list(1.1,1.2,1.3,1.4,1.5,1.6,1.7,1.8,1.9))</code>
        <domain>MATH</domain>
      </initializationCode>
    </VariableDeclaration>
    <VariableDeclaration id="62">
      <name>wa1</name>
      <initializationCode id="63">
        <code>4000000*[var=w1]</code>
        <domain>MATH</domain>
      </initializationCode>
    </VariableDeclaration>
    <VariableDeclaration id="64">
      <name>wa2</name>
      <initializationCode id="65">
        <code>[var=wa1]*[var=w2]</code>
        <domain>MATH</domain>
      </initializationCode>
    </VariableDeclaration>
    <VariableDeclaration id="66">
      <name>wa3</name>
      <initializationCode id="67">
        <code>[var=wa2]*[var=w3]</code>
        <domain>MATH</domain>
      </initializationCode>
    </VariableDeclaration>
    <VariableDeclaration id="68">
      <name>wa4</name>
      <initializationCode id="69">
        <code>[var=wa3]*[var=w4]</code>
        <domain>MATH</domain>
      </initializationCode>
    </VariableDeclaration>
    <VariableDeclaration id="70">
      <name>wa5</name>
      <initializationCode id="71">
        <code>[var=wa4]*[var=w5]</code>
        <domain>MATH</domain>
      </initializationCode>
    </VariableDeclaration>
    <VariableDeclaration id="72">
      <name>wa6</name>
      <initializationCode id="73">
        <code>[var=wa5]*[var=w6]</code>
        <domain>MATH</domain>
      </initializationCode>
    </VariableDeclaration>
    <VariableDeclaration id="74">
      <name>e4</name>
      <initializationCode id="75">
        <code>[var=w1]*[var=w2]*[var=w3]*[var=w4]*[var=w5]*[var=w6]</code>
        <domain>MATH</domain>
      </initializationCode>
    </VariableDeclaration>
    <VariableDeclaration id="76">
      <name>e3</name>
      <initializationCode id="77">
        <code>pow([var=e4], (1/6))</code>
        <domain>MATH</domain>
      </initializationCode>
    </VariableDeclaration>
    <VariableDeclaration id="78">
      <name>e2</name>
      <initializationCode id="79">
        <code>([var=e3]-1)*100</code>
        <domain>MATH</domain>
      </initializationCode>
    </VariableDeclaration>
    <VariableDeclaration id="80">
      <name>e1</name>
      <initializationCode id="81">
        <code>evaluateInR(&apos;round([var=e2], 2)&apos;)</code>
        <domain>MATH</domain>
      </initializationCode>
    </VariableDeclaration>
  </variableDeclarations>
  <jSXGraphs id="82"/>
  <dynamicMolecules id="83"/>
  <resultFeedbackMappings id="84"/>
</Exercise>