<Exercise id="1">
  <name>DS3-06 Lageparameter 6</name>
  <publicDescription></publicDescription>
  <internalNotes>Arithmetisches Mittel, Harmonisches Mittel, Geometrisches Mittel

Die  Materialien sind lizenziert unter CC BY-NC-SA 4.0. Eine Kopie dieser Lizenz finden Sie unter http://creativecommons.org/licenses/by-nc-sa/4.0/

The materials are licensed under CC BY-NC-SA 4.0. You can find a copy of this license at http://creativecommons.org/licenses/by-nc-sa/4.0/</internalNotes>
  <language>de</language>
  <difficulty>4</difficulty>
  <tags id="2">
    <Tag id="3">
      <name>Desk_22</name>
    </Tag>
  </tags>
  <resources id="4"/>
  <stages id="5">
    <FillInStage id="6">
      <internalName>1</internalName>
      <externalName>Stage 1</externalName>
      <taskDescription>&lt;strong&gt;Aufgabenstellung:&lt;/strong&gt;&lt;br /&gt;&#xd;
&lt;br /&gt;&#xd;
Ihr gr&amp;ouml;&amp;szlig;ter Wunsch ist es in ein paar Jahren an einem Triathlon teilzunehmen. Dazu analysieren Sie genau ihr Training:&lt;br /&gt;&#xd;
Beim Laufen untersch&amp;auml;tzen Sie oftmals anfangs ihre Kondition. Nach $100$ Minuten mit einer Geschwindigkeit von $[var=$x1]$ km/Stunde haben Sie schon einen Gro&amp;szlig;teil der Strecke hinter sich aber Sie f&amp;uuml;hlen sich noch so gut, dass Sie die letzte Stunde Ihr Tempo auf $[var=x2]$ km/Stunde erh&amp;ouml;hen.&lt;br /&gt;&#xd;
&lt;br /&gt;&#xd;
Wie schnell sind Sie im Durchschnitt gelaufen?&lt;br /&gt;&#xd;
&lt;br /&gt;&#xd;
&lt;strong&gt;Einreichung:&lt;/strong&gt;&amp;nbsp; &lt;input name=&quot;field1&quot; size=&quot;6&quot; type=&quot;text&quot; value=&quot;field1&quot; /&gt;&amp;nbsp; km/Stunde&lt;br /&gt;&#xd;
&lt;br /&gt;&#xd;
&lt;em&gt;(Runden Sie, falls n&amp;ouml;tig, auf die zweite Nachkommastelle und verwenden Sie einen Dezimalpunkt)&lt;/em&gt;&#xd;
&lt;p&gt;&lt;a href=&quot;https://rdrr.io/snippets/embed/&quot; onclick=&quot;window.open(&apos;https://rdrr.io/snippets/embed/?code=&apos;,&apos;R Console&apos;,&apos; margin-top: 20px; top=200,left=100,width=480,height=640,menubar=no,toolbar=no,&apos;); return false;&quot; target=&quot;_blank&quot;&gt;&lt;img alt=&quot;R_ Logo&quot; pull-right=&quot;&quot; src=&quot;/econometrics/resource?resource=157444&quot; style=&quot;width: 40px; height: 50px; float: right; margin: 5px&quot; /&gt;&lt;/a&gt;&lt;/p&gt;&#xd;
</taskDescription>
      <skipMessage>Die H&amp;auml;ufigkeiten liegen in der Dimension des Nenners vor, sie m&amp;uuml;ssen also das arithemtische Mittel verwenden. Insgesamt sind Sie $160$ Minuten gelaufen, davon $100$ Minuten mit einer Geschwindigkeit von $[var=$x1]$ km/Stunde und $60$ Minuten mit einer Geschwindigkeit von $[var=$x2]$ km/Stunde.&lt;br /&gt;
&lt;br /&gt;
Im Durchschnitt sind Sie daher $\frac{100*[var=$x1]+60*[var=$x2]}{160}= [var=$xa]$ km/Stunde gelaufen.</skipMessage>
      <defaultTransition id="7">
        <conditionExpression id="8">
          <domain>MATH</domain>
        </conditionExpression>
        <stageExpression id="9">
          <domain>MATH</domain>
        </stageExpression>
        <isRepeat>true</isRepeat>
      </defaultTransition>
      <skipTransitions id="10">
        <StageTransition id="11">
          <conditionExpression id="12">
            <code></code>
            <domain>MATH</domain>
          </conditionExpression>
          <stageExpression id="13">
            <domain>MATH</domain>
          </stageExpression>
          <targetStage class="FillInStage" id="14">
            <internalName>2</internalName>
            <externalName>Stage 2</externalName>
            <taskDescription>&lt;strong&gt;Aufgabenstellung:&lt;/strong&gt;&lt;br /&gt;&#xd;
&lt;br /&gt;&#xd;
Ihre Fahrradstrecke umfasst im mittleren Abschnitt recht h&amp;uuml;geliges Gel&amp;auml;nde. Daher sind Sie die ersten $50$ Kilometer und die letzten $30$ Kilometer mit einer Geschwindigkeit von $[var=$x3]$ km/Stunde gefahren, die mittleren $40$ Kilometer jedoch mit $[var=$x4]$ km/Stunde.&lt;br /&gt;&#xd;
&lt;br /&gt;&#xd;
Wie schnell sind Sie im Mittel gefahren?&lt;br /&gt;&#xd;
&lt;br /&gt;&#xd;
&lt;strong&gt;Einreichung:&lt;/strong&gt; &lt;input name=&quot;field1&quot; size=&quot;6&quot; type=&quot;text&quot; value=&quot;field1&quot; /&gt;&amp;nbsp; km/Stunde&lt;br /&gt;&#xd;
&lt;br /&gt;&#xd;
&lt;em&gt;(Runden Sie, falls n&amp;ouml;tig, auf die zweite Nachkommastelle und verwenden Sie einen Dezimalpunkt) &amp;nbsp;&lt;/em&gt;&#xd;
&lt;p&gt;&lt;a href=&quot;https://rdrr.io/snippets/embed/&quot; onclick=&quot;window.open(&apos;https://rdrr.io/snippets/embed/?code=&apos;,&apos;R Console&apos;,&apos; margin-top: 20px; top=200,left=100,width=480,height=640,menubar=no,toolbar=no,&apos;); return false;&quot; target=&quot;_blank&quot;&gt;&lt;img alt=&quot;R_ Logo&quot; pull-right=&quot;&quot; src=&quot;/econometrics/resource?resource=157444&quot; style=&quot;width: 40px; height: 50px; float: right; margin: 5px&quot; /&gt;&lt;/a&gt;&lt;/p&gt;&#xd;
</taskDescription>
            <skipMessage>Die Häufigkeiten liegen in der Dimension des Zählers vor, daher müssen Sie das harmonische Mittel verwenden.
	             Sie sind also durchschnittlich $[var=xb]$ km/Stunde gefahren.
				 
				 </skipMessage>
            <defaultTransition id="15">
              <conditionExpression id="16">
                <domain>MATH</domain>
              </conditionExpression>
              <stageExpression id="17">
                <domain>MATH</domain>
              </stageExpression>
              <isRepeat>true</isRepeat>
            </defaultTransition>
            <skipTransitions id="18">
              <StageTransition id="19">
                <conditionExpression id="20">
                  <code></code>
                  <domain>MATH</domain>
                </conditionExpression>
                <stageExpression id="21">
                  <domain>MATH</domain>
                </stageExpression>
                <targetStage class="FillInStage" id="22">
                  <internalName>3</internalName>
                  <externalName>Stage 3</externalName>
                  <taskDescription>&lt;strong&gt;Aufgabenstellung:&lt;/strong&gt;&lt;br /&gt;&#xd;
&lt;br /&gt;&#xd;
Dank des kontinuierlichen Trainings k&amp;ouml;nnten Sie die ben&amp;ouml;tigte Zeit zur Absolvierung der Schwimmstrecke in den letzten drei Jahren um $[var=y1]$ %, $[var=y2]$ % und $[var=y3]$ % senken.&lt;br /&gt;&#xd;
&lt;br /&gt;&#xd;
Wie hoch war ihre mittlere j&amp;auml;hrliche prozentuale Verbesserung?&lt;br /&gt;&#xd;
&lt;br /&gt;&#xd;
&lt;strong&gt;Einreichung:&lt;/strong&gt;&amp;nbsp; &lt;input name=&quot;field1&quot; size=&quot;6&quot; type=&quot;text&quot; value=&quot;field1&quot; /&gt;&amp;nbsp; %&lt;br /&gt;&#xd;
&lt;br /&gt;&#xd;
&lt;em&gt;(Verwenden Sie einen Dezimalpunkt und runden Sie auf die zweite Nachkommastelle.)&lt;/em&gt;&#xd;
&lt;p&gt;&lt;a href=&quot;https://rdrr.io/snippets/embed/&quot; onclick=&quot;window.open(&apos;https://rdrr.io/snippets/embed/?code=&apos;,&apos;R Console&apos;,&apos; margin-top: 20px; top=200,left=100,width=480,height=640,menubar=no,toolbar=no,&apos;); return false;&quot; target=&quot;_blank&quot;&gt;&lt;img alt=&quot;R_ Logo&quot; pull-right=&quot;&quot; src=&quot;/econometrics/resource?resource=157444&quot; style=&quot;width: 40px; height: 50px; float: right; margin: 5px&quot; /&gt;&lt;/a&gt;&lt;/p&gt;&#xd;
</taskDescription>
                  <skipMessage>Da es sich hier um Wachstumsraten handelt, ist das geometrische Mittel anzuwenden.
	             Ihre mittlere jährliche prozentuale Verbesserung betrug daher $[var=xc]$%.</skipMessage>
                  <defaultTransition id="23">
                    <conditionExpression id="24">
                      <domain>MATH</domain>
                    </conditionExpression>
                    <stageExpression id="25">
                      <domain>MATH</domain>
                    </stageExpression>
                    <isRepeat>true</isRepeat>
                  </defaultTransition>
                  <skipTransitions id="26">
                    <StageTransition id="27">
                      <conditionExpression id="28">
                        <code></code>
                        <domain>MATH</domain>
                      </conditionExpression>
                      <stageExpression id="29">
                        <domain>MATH</domain>
                      </stageExpression>
                      <isRepeat>false</isRepeat>
                    </StageTransition>
                  </skipTransitions>
                  <stageTransitions id="30">
                    <StageTransition id="31">
                      <conditionExpression id="32">
                        <code></code>
                        <domain>MATH</domain>
                      </conditionExpression>
                      <stageExpression id="33">
                        <code>[meta=stageCurrentResult]&gt;=100</code>
                        <domain>MATH</domain>
                      </stageExpression>
                      <isRepeat>false</isRepeat>
                    </StageTransition>
                  </stageTransitions>
                  <hints id="34">
                    <StageHint id="35">
                      <stagehint__order>0</stagehint__order>
                      <text>Gefragt ist hier nach einem durchschnittlichen Wachstumsfaktor. Das geometrische Mittel beschreibt diesen:&lt;br /&gt;
&lt;br /&gt;
$\bar{x}_G=\left(\prod_{j=1}^{n} x_{j}\right)^\frac{1}{n}$</text>
                      <malus>0</malus>
                      <stage class="FillInStage" reference="22"/>
                    </StageHint>
                  </hints>
                  <variableUpdatesOnEnter id="36"/>
                  <variableUpdatesBeforeCheck id="37"/>
                  <variableUpdatesAfterCheck id="38"/>
                  <variableUpdatesOnNormalExit id="39"/>
                  <variableUpdatesOnRepeat id="40"/>
                  <variableUpdatesOnSkip id="41"/>
                  <weight>1</weight>
                  <orderIndex>2</orderIndex>
                  <allowSkip>true</allowSkip>
                  <resources id="42"/>
                  <rules id="43"/>
                  <fillInFields id="44">
                    <FillInField id="45">
                      <name>field1</name>
                      <orderIndex>0</orderIndex>
                      <size>6</size>
                      <formularEditorType>NUMBER</formularEditorType>
                    </FillInField>
                  </fillInFields>
                  <dropDownFields id="46"/>
                  <formularEditorPalette>MATHDOX_FORMULAR_EDITOR_BASIC</formularEditorPalette>
                  <defaultFeedback>Leider nicht korrekt!</defaultFeedback>
                  <correctAnswerRules id="47">
                    <Rule id="48">
                      <name>CorrectAnswer1</name>
                      <orderIndex>1</orderIndex>
                      <validationExpression id="49">
                        <code>!isEmpty([input=field1])&amp;&amp;isRealNumber([input=field1])&amp;&amp;[input=field1]&gt;[var=xc]*0.999&amp;&amp;[input=field1]&lt;[var=xc]*1.001</code>
                        <domain>MATH</domain>
                      </validationExpression>
                      <points>0</points>
                      <terminal>false</terminal>
                    </Rule>
                  </correctAnswerRules>
                  <correctAnswerFeedback>Richtig.</correctAnswerFeedback>
                  <defaultResult>0</defaultResult>
                </targetStage>
                <isRepeat>false</isRepeat>
              </StageTransition>
            </skipTransitions>
            <stageTransitions id="50">
              <StageTransition id="51">
                <conditionExpression id="52">
                  <code></code>
                  <domain>MATH</domain>
                </conditionExpression>
                <stageExpression id="53">
                  <code>[meta=stageCurrentResult]&gt;=100</code>
                  <domain>MATH</domain>
                </stageExpression>
                <targetStage class="FillInStage" reference="22"/>
                <isRepeat>false</isRepeat>
              </StageTransition>
            </stageTransitions>
            <hints id="54">
              <StageHint id="55">
                <stagehint__order>0</stagehint__order>
                <text>Zun&amp;auml;chst ist es wichtig zu wissen nach welchem Mittelwert hier gefragt ist. Gegeben sind Merkmale als Quotient. Liegen die H&amp;auml;ufigkeiten in der Dimension des Z&amp;auml;hlers oder des Nenners vor?&lt;br /&gt;
&lt;br /&gt;
&lt;em&gt;(Es ist ein weiterer Hinweis vorhanden)&lt;/em&gt;</text>
                <malus>0</malus>
                <stage class="FillInStage" reference="14"/>
              </StageHint>
              <StageHint id="56">
                <stagehint__order>1</stagehint__order>
                <text>Die H&amp;auml;ufigkeiten liegen in der Dimension des Z&amp;auml;hlers vor, daher m&amp;uuml;ssen sie das harmonische Mittel verwenden:&lt;br /&gt;
&lt;br /&gt;
$\bar{x}_H= \frac{n}{\sum_{i=1}^m \frac{n_i}{x_i}}$</text>
                <malus>0</malus>
                <stage class="FillInStage" reference="14"/>
              </StageHint>
            </hints>
            <variableUpdatesOnEnter id="57"/>
            <variableUpdatesBeforeCheck id="58"/>
            <variableUpdatesAfterCheck id="59"/>
            <variableUpdatesOnNormalExit id="60"/>
            <variableUpdatesOnRepeat id="61"/>
            <variableUpdatesOnSkip id="62"/>
            <weight>1</weight>
            <orderIndex>1</orderIndex>
            <allowSkip>true</allowSkip>
            <resources id="63"/>
            <rules id="64"/>
            <fillInFields id="65">
              <FillInField id="66">
                <name>field1</name>
                <orderIndex>0</orderIndex>
                <size>6</size>
                <formularEditorType>NUMBER</formularEditorType>
              </FillInField>
            </fillInFields>
            <dropDownFields id="67"/>
            <formularEditorPalette>MATHDOX_FORMULAR_EDITOR_BASIC</formularEditorPalette>
            <defaultFeedback>Leider nicht korrekt!</defaultFeedback>
            <correctAnswerRules id="68">
              <Rule id="69">
                <name>CorrectAnswer1</name>
                <orderIndex>1</orderIndex>
                <validationExpression id="70">
                  <code>!isEmpty([input=field1])&amp;&amp;isRealNumber([input=field1])&amp;&amp;[input=field1]&gt;[var=xb]*0.99&amp;&amp;[input=field1]&lt;[var=xb]*1.01</code>
                  <domain>MATH</domain>
                </validationExpression>
                <points>0</points>
                <terminal>false</terminal>
              </Rule>
            </correctAnswerRules>
            <correctAnswerFeedback>Richtig.</correctAnswerFeedback>
            <defaultResult>0</defaultResult>
          </targetStage>
          <isRepeat>false</isRepeat>
        </StageTransition>
      </skipTransitions>
      <stageTransitions id="71">
        <StageTransition id="72">
          <conditionExpression id="73">
            <code></code>
            <domain>MATH</domain>
          </conditionExpression>
          <stageExpression id="74">
            <domain>MATH</domain>
          </stageExpression>
          <targetStage class="FillInStage" reference="14"/>
          <isRepeat>false</isRepeat>
        </StageTransition>
      </stageTransitions>
      <hints id="75">
        <StageHint id="76">
          <stagehint__order>0</stagehint__order>
          <text>Zun&amp;auml;chst ist es wichtig zu wissen nach welchem Mittelwert hier gefragt ist. Gegeben sind Merkmale als Quotient. Liegen die H&amp;auml;ufigkeiten in der Dimension des Z&amp;auml;hlers oder des Nenners vor?&lt;br /&gt;
&lt;br /&gt;
&lt;em&gt;(Es ist ein weiterer Hinweis vorhanden)&lt;/em&gt;</text>
          <malus>0</malus>
          <stage class="FillInStage" reference="6"/>
        </StageHint>
        <StageHint id="77">
          <stagehint__order>1</stagehint__order>
          <text>Die H&amp;auml;ufigkeiten liegen in der Dimension des Nenners vor. Sie m&amp;uuml;ssen also das arithmetische Mittel verwenden:&lt;br /&gt;
&lt;br /&gt;
$\bar{x}=\frac{1}{n}\sum_{i=1}^{n} x_{i}n_{i}$</text>
          <malus>0</malus>
          <stage class="FillInStage" reference="6"/>
        </StageHint>
      </hints>
      <variableUpdatesOnEnter id="78"/>
      <variableUpdatesBeforeCheck id="79"/>
      <variableUpdatesAfterCheck id="80"/>
      <variableUpdatesOnNormalExit id="81"/>
      <variableUpdatesOnRepeat id="82"/>
      <variableUpdatesOnSkip id="83"/>
      <weight>1</weight>
      <orderIndex>0</orderIndex>
      <allowSkip>true</allowSkip>
      <resources id="84"/>
      <rules id="85"/>
      <fillInFields id="86">
        <FillInField id="87">
          <name>field1</name>
          <orderIndex>0</orderIndex>
          <size>6</size>
          <formularEditorType>NUMBER</formularEditorType>
        </FillInField>
      </fillInFields>
      <dropDownFields id="88"/>
      <formularEditorPalette>MATHDOX_FORMULAR_EDITOR_BASIC</formularEditorPalette>
      <defaultFeedback>Leider nicht korrekt!</defaultFeedback>
      <correctAnswerRules id="89">
        <Rule id="90">
          <name>CorrectAnswer1</name>
          <orderIndex>1</orderIndex>
          <validationExpression id="91">
            <code>!isEmpty([input=field1])&amp;&amp;isRealNumber([input=field1])&amp;&amp;[input=field1]&gt;[var=xa]*0.99&amp;&amp;[input=field1]&lt;[var=xa]*1.01</code>
            <domain>MATH</domain>
          </validationExpression>
          <points>0</points>
          <terminal>false</terminal>
        </Rule>
      </correctAnswerRules>
      <correctAnswerFeedback>Richtig.</correctAnswerFeedback>
      <defaultResult>0</defaultResult>
    </FillInStage>
    <FillInStage reference="14"/>
    <FillInStage reference="22"/>
  </stages>
  <startStage class="FillInStage" reference="6"/>
  <variableDeclarations id="92">
    <VariableDeclaration id="93">
      <name>x1</name>
      <initializationCode id="94">
        <code>randomIntegerBetween(8,12)</code>
        <domain>MATH</domain>
      </initializationCode>
    </VariableDeclaration>
    <VariableDeclaration id="95">
      <name>x2</name>
      <initializationCode id="96">
        <code>randomIntegerBetween(13,16)</code>
        <domain>MATH</domain>
      </initializationCode>
    </VariableDeclaration>
    <VariableDeclaration id="97">
      <name>xaa</name>
      <initializationCode id="98">
        <code>[var=x1]*0.625+[var=x2]*0.375</code>
        <domain>MATH</domain>
      </initializationCode>
    </VariableDeclaration>
    <VariableDeclaration id="99">
      <name>xa</name>
      <initializationCode id="100">
        <code>round([var=xaa], 2)</code>
        <domain>MATH</domain>
      </initializationCode>
    </VariableDeclaration>
    <VariableDeclaration id="101">
      <name>x3</name>
      <initializationCode id="102">
        <code>randomIntegerBetween(30,45)</code>
        <domain>MATH</domain>
      </initializationCode>
    </VariableDeclaration>
    <VariableDeclaration id="103">
      <name>x4</name>
      <initializationCode id="104">
        <code>randomIntegerBetween(20,29)</code>
        <domain>MATH</domain>
      </initializationCode>
    </VariableDeclaration>
    <VariableDeclaration id="105">
      <name>xbb</name>
      <initializationCode id="106">
        <code>120/((80/[var=x3])+(40/[var=x4]))</code>
        <domain>MATH</domain>
      </initializationCode>
    </VariableDeclaration>
    <VariableDeclaration id="107">
      <name>xb</name>
      <initializationCode id="108">
        <code>round([var=xbb], 2)</code>
        <domain>MATH</domain>
      </initializationCode>
    </VariableDeclaration>
    <VariableDeclaration id="109">
      <name>y1</name>
      <initializationCode id="110">
        <code>randomIntegerBetween(11,15)</code>
        <domain>MATH</domain>
      </initializationCode>
    </VariableDeclaration>
    <VariableDeclaration id="111">
      <name>y2</name>
      <initializationCode id="112">
        <code>randomIntegerBetween(8,10)</code>
        <domain>MATH</domain>
      </initializationCode>
    </VariableDeclaration>
    <VariableDeclaration id="113">
      <name>y3</name>
      <initializationCode id="114">
        <code>randomIntegerBetween(4,7)</code>
        <domain>MATH</domain>
      </initializationCode>
    </VariableDeclaration>
    <VariableDeclaration id="115">
      <name>xcccc</name>
      <initializationCode id="116">
        <code>evaluateInR(&apos;(1-([var=y1]/100))*(1-([var=y2]/100))*(1-([var=y3]/100))&apos;)</code>
        <domain>MATH</domain>
      </initializationCode>
    </VariableDeclaration>
    <VariableDeclaration id="117">
      <name>xccc</name>
      <initializationCode id="118">
        <code>evaluateInR(&apos;[var=xcccc]^(1/3)&apos;)</code>
        <domain>MATH</domain>
      </initializationCode>
    </VariableDeclaration>
    <VariableDeclaration id="119">
      <name>xcc</name>
      <initializationCode id="120">
        <code>evaluateInR(&apos;(1-[var=xccc])*100&apos;)</code>
        <domain>MATH</domain>
      </initializationCode>
    </VariableDeclaration>
    <VariableDeclaration id="121">
      <name>xc</name>
      <initializationCode id="122">
        <code>evaluateInR(&apos;round([var=xcc], 2)&apos;)</code>
        <domain>MATH</domain>
      </initializationCode>
    </VariableDeclaration>
  </variableDeclarations>
  <jSXGraphs id="123"/>
  <dynamicMolecules id="124"/>
  <resultFeedbackMappings id="125"/>
</Exercise>