<Exercise id="1">
  <name>DS3-01 Lageparameter 1</name>
  <publicDescription></publicDescription>
  <internalNotes>Modus und arithmetisches Mittel berechnen bei gegebenen Daten.

Die  Materialien sind lizenziert unter CC BY-NC-SA 4.0. Eine Kopie dieser Lizenz finden Sie unter http://creativecommons.org/licenses/by-nc-sa/4.0/

The materials are licensed under CC BY-NC-SA 4.0. You can find a copy of this license at http://creativecommons.org/licenses/by-nc-sa/4.0/</internalNotes>
  <language>de</language>
  <difficulty>1</difficulty>
  <tags id="2">
    <Tag id="3">
      <name>Desk_22</name>
    </Tag>
  </tags>
  <resources id="4"/>
  <stages id="5">
    <FillInStage id="6">
      <internalName>1</internalName>
      <externalName>Stage 1</externalName>
      <taskDescription>&lt;strong&gt;Aufgabenstellung:&lt;/strong&gt;&lt;br /&gt;&#xd;
&lt;br /&gt;&#xd;
Gegeben sind:&lt;br /&gt;&#xd;
&lt;br /&gt;&#xd;
$\begin{matrix}&lt;br /&gt;&#xd;
&amp;amp; x_1 &amp;amp; x_2 &amp;amp; x_3 &amp;amp; x_4 &amp;amp; x_5 &amp;amp; x_6 &amp;amp; x_7 &amp;amp; x_8&amp;nbsp; &amp;amp; \\&lt;br /&gt;&#xd;
\hline&lt;br /&gt;&#xd;
&amp;amp;[var=x1] &amp;amp; [var=x2] &amp;amp; [var=x3] &amp;amp; [var=x4] &amp;amp; [var=x5] &amp;amp; [var=x6] &amp;amp; [var=x7] &amp;amp; [var=x8] &amp;amp;\\&lt;br /&gt;&#xd;
\end{matrix}$&lt;br /&gt;&#xd;
&lt;br /&gt;&#xd;
&lt;strong&gt;Einreichung:&lt;/strong&gt;&lt;br /&gt;&#xd;
&lt;br /&gt;&#xd;
Geben sie den Modus an:&amp;nbsp;&amp;nbsp;&lt;br /&gt;&#xd;
&lt;br /&gt;&#xd;
&lt;input name=&quot;field1&quot; size=&quot;6&quot; type=&quot;text&quot; value=&quot;field1&quot; /&gt;&#xd;
&lt;p&gt;&lt;a href=&quot;https://rdrr.io/snippets/embed/&quot; onclick=&quot;window.open(&apos;https://rdrr.io/snippets/embed/?code=&apos;,&apos;R Console&apos;,&apos; margin-top: 20px; top=200,left=100,width=480,height=640,menubar=no,toolbar=no,&apos;); return false;&quot; target=&quot;_blank&quot;&gt;&lt;img alt=&quot;R_ Logo&quot; pull-right=&quot;&quot; src=&quot;/econometrics/resource?resource=157444&quot; style=&quot;width: 40px; height: 50px; float: right; margin: 5px&quot; /&gt;&lt;/a&gt;&lt;/p&gt;&#xd;
</taskDescription>
      <skipMessage>Der Modus lautet: [var=Modus]</skipMessage>
      <defaultTransition id="7">
        <conditionExpression id="8">
          <domain>MATH</domain>
        </conditionExpression>
        <stageExpression id="9">
          <domain>MATH</domain>
        </stageExpression>
        <isRepeat>true</isRepeat>
      </defaultTransition>
      <skipTransitions id="10">
        <StageTransition id="11">
          <conditionExpression id="12">
            <code></code>
            <domain>MATH</domain>
          </conditionExpression>
          <stageExpression id="13">
            <domain>MATH</domain>
          </stageExpression>
          <targetStage class="FillInStage" id="14">
            <internalName>2</internalName>
            <externalName>Stage 2</externalName>
            <taskDescription>&lt;strong&gt;Aufgabenstellung:&lt;/strong&gt;&lt;br /&gt;&#xd;
&lt;br /&gt;&#xd;
Gegeben sind:&lt;br /&gt;&#xd;
&lt;br /&gt;&#xd;
$\begin{matrix}&lt;br /&gt;&#xd;
&amp;amp; x_1 &amp;amp; x_2 &amp;amp; x_3 &amp;amp; x_4 &amp;amp; x_5 &amp;amp; x_6 &amp;amp; x_7 &amp;amp; x_8 &amp;amp; \\&lt;br /&gt;&#xd;
\hline&lt;br /&gt;&#xd;
&amp;amp; [var=x1] &amp;amp; [var=x2] &amp;amp; [var=x3] &amp;amp; [var=x4] &amp;amp; [var=x5] &amp;amp; [var=x6] &amp;amp; [var=x7] &amp;amp; [var=x8] &amp;amp;\\&lt;br /&gt;&#xd;
\end{matrix}$&lt;br /&gt;&#xd;
&lt;br /&gt;&#xd;
&lt;strong&gt;Einreichung:&lt;/strong&gt;&lt;br /&gt;&#xd;
&lt;br /&gt;&#xd;
Geben sie das arithmetisches Mittel an.&lt;br /&gt;&#xd;
&lt;br /&gt;&#xd;
&lt;input name=&quot;field1&quot; size=&quot;6&quot; type=&quot;text&quot; value=&quot;field1&quot; /&gt;&amp;nbsp;&lt;br /&gt;&#xd;
&lt;br /&gt;&#xd;
&lt;span style=&quot;font-size:14px;&quot;&gt;&lt;em&gt;(Verwenden Sie einen Punkt als Dezimalzeichen.)&lt;/em&gt;&lt;/span&gt;&#xd;
&lt;p&gt;&lt;a href=&quot;https://rdrr.io/snippets/embed/&quot; onclick=&quot;window.open(&apos;https://rdrr.io/snippets/embed/?code=&apos;,&apos;R Console&apos;,&apos; margin-top: 20px; top=200,left=100,width=480,height=640,menubar=no,toolbar=no,&apos;); return false;&quot; target=&quot;_blank&quot;&gt;&lt;img alt=&quot;R_ Logo&quot; pull-right=&quot;&quot; src=&quot;/econometrics/resource?resource=157444&quot; style=&quot;width: 40px; height: 50px; float: right; margin: 5px&quot; /&gt;&lt;/a&gt;&lt;/p&gt;&#xd;
</taskDescription>
            <skipMessage>$\frac{[var=x1]+[var=x2]+[var=x3]+[var=x4]+[var=x5]+[var=x6]+[var=x7]+[var=x8]}{8}=[var=Durch]$</skipMessage>
            <defaultTransition id="15">
              <conditionExpression id="16">
                <domain>MATH</domain>
              </conditionExpression>
              <stageExpression id="17">
                <domain>MATH</domain>
              </stageExpression>
              <isRepeat>true</isRepeat>
            </defaultTransition>
            <skipTransitions id="18">
              <StageTransition id="19">
                <conditionExpression id="20">
                  <code></code>
                  <domain>MATH</domain>
                </conditionExpression>
                <stageExpression id="21">
                  <domain>MATH</domain>
                </stageExpression>
                <isRepeat>false</isRepeat>
              </StageTransition>
            </skipTransitions>
            <stageTransitions id="22">
              <StageTransition id="23">
                <conditionExpression id="24">
                  <code></code>
                  <domain>MATH</domain>
                </conditionExpression>
                <stageExpression id="25">
                  <code>[meta=stageCurrentResult]&gt;=100</code>
                  <domain>MATH</domain>
                </stageExpression>
                <isRepeat>false</isRepeat>
              </StageTransition>
            </stageTransitions>
            <hints id="26">
              <StageHint id="27">
                <stagehint__order>0</stagehint__order>
                <text>Das arithmetisches Mittel ist definiert als Summe aller Beobachtungen, dividiert durch die Anzahl der Beobachtungen:
				 \[\bar{x}=\frac{1}{n}\sum_{j=1}^{n}x_{j}\]</text>
                <malus>0</malus>
                <stage class="FillInStage" reference="14"/>
              </StageHint>
            </hints>
            <variableUpdatesOnEnter id="28"/>
            <variableUpdatesBeforeCheck id="29"/>
            <variableUpdatesAfterCheck id="30"/>
            <variableUpdatesOnNormalExit id="31"/>
            <variableUpdatesOnRepeat id="32"/>
            <variableUpdatesOnSkip id="33"/>
            <weight>1</weight>
            <orderIndex>1</orderIndex>
            <allowSkip>true</allowSkip>
            <resources id="34"/>
            <rules id="35">
              <Rule id="36">
                <name>Feedback_1</name>
                <orderIndex>1</orderIndex>
                <validationExpression id="37">
                  <code>!isEmpty([input=field1])&amp;&amp;isRealNumber([input=field1])&amp;&amp;[var=Durch]*0.99&lt;[input=field1]&amp;&amp;[var=Durch]*0.95&gt;[input=field1]</code>
                  <domain>MATH</domain>
                </validationExpression>
                <feedbackText>Fast richtig.</feedbackText>
                <points>0</points>
                <terminal>false</terminal>
              </Rule>
              <Rule id="38">
                <name>Feedback_2</name>
                <orderIndex>2</orderIndex>
                <validationExpression id="39">
                  <code>!isEmpty([input=field1])&amp;&amp;isRealNumber([input=field1])&amp;&amp;[var=Durch]*1.01&gt;[input=field1]&amp;&amp;[var=Durch]*1.05&lt;[input=field1]</code>
                  <domain>MATH</domain>
                </validationExpression>
                <feedbackText>Fast richtig.</feedbackText>
                <points>0</points>
                <terminal>false</terminal>
              </Rule>
            </rules>
            <fillInFields id="40">
              <FillInField id="41">
                <name>field1</name>
                <orderIndex>0</orderIndex>
                <size>6</size>
                <formularEditorType>NUMBER</formularEditorType>
              </FillInField>
            </fillInFields>
            <dropDownFields id="42"/>
            <formularEditorPalette>MATHDOX_FORMULAR_EDITOR_BASIC</formularEditorPalette>
            <defaultFeedback>Leider nicht korrekt!</defaultFeedback>
            <correctAnswerRules id="43">
              <Rule id="44">
                <name>CorrectAnswer1</name>
                <orderIndex>1</orderIndex>
                <validationExpression id="45">
                  <code>!isEmpty([input=field1])&amp;&amp;isRealNumber([input=field1])&amp;&amp;[input=field1]&gt;[var=Durch]*0.98&amp;&amp;[input=field1]&lt;[var=Durch]*1.02</code>
                  <domain>MATH</domain>
                </validationExpression>
                <points>0</points>
                <terminal>false</terminal>
              </Rule>
            </correctAnswerRules>
            <correctAnswerFeedback>Richtig.</correctAnswerFeedback>
            <defaultResult>0</defaultResult>
          </targetStage>
          <isRepeat>false</isRepeat>
        </StageTransition>
      </skipTransitions>
      <stageTransitions id="46">
        <StageTransition id="47">
          <conditionExpression id="48">
            <code></code>
            <domain>MATH</domain>
          </conditionExpression>
          <stageExpression id="49">
            <code>[meta=stageCurrentResult]&gt;=100</code>
            <domain>MATH</domain>
          </stageExpression>
          <targetStage class="FillInStage" reference="14"/>
          <isRepeat>false</isRepeat>
        </StageTransition>
      </stageTransitions>
      <hints id="50">
        <StageHint id="51">
          <stagehint__order>0</stagehint__order>
          <text>Der Modus ist die am häufigsten vorkommende Beobachtung.</text>
          <malus>0</malus>
          <stage class="FillInStage" reference="6"/>
        </StageHint>
      </hints>
      <variableUpdatesOnEnter id="52"/>
      <variableUpdatesBeforeCheck id="53"/>
      <variableUpdatesAfterCheck id="54"/>
      <variableUpdatesOnNormalExit id="55"/>
      <variableUpdatesOnRepeat id="56"/>
      <variableUpdatesOnSkip id="57"/>
      <weight>1</weight>
      <orderIndex>0</orderIndex>
      <allowSkip>true</allowSkip>
      <resources id="58"/>
      <rules id="59"/>
      <fillInFields id="60">
        <FillInField id="61">
          <name>field1</name>
          <orderIndex>0</orderIndex>
          <size>6</size>
          <formularEditorType>NUMBER</formularEditorType>
        </FillInField>
      </fillInFields>
      <dropDownFields id="62"/>
      <formularEditorPalette>MATHDOX_FORMULAR_EDITOR_BASIC</formularEditorPalette>
      <defaultFeedback>Leider nicht korrekt!</defaultFeedback>
      <correctAnswerRules id="63">
        <Rule id="64">
          <name>CorrectAnswer1</name>
          <orderIndex>1</orderIndex>
          <validationExpression id="65">
            <code>!isEmpty([input=field1])&amp;&amp;isRealNumber([input=field1])&amp;&amp;[var=Modus]==[input=field1]</code>
            <domain>MATH</domain>
          </validationExpression>
          <points>0</points>
          <terminal>false</terminal>
        </Rule>
      </correctAnswerRules>
      <correctAnswerFeedback>Richtig.</correctAnswerFeedback>
      <defaultResult>0</defaultResult>
    </FillInStage>
    <FillInStage reference="14"/>
  </stages>
  <startStage class="FillInStage" reference="6"/>
  <variableDeclarations id="66">
    <VariableDeclaration id="67">
      <name>k</name>
      <initializationCode id="68">
        <code>randomIntegerBetween(1,2)</code>
        <domain>MATH</domain>
      </initializationCode>
    </VariableDeclaration>
    <VariableDeclaration id="69">
      <name>i</name>
      <initializationCode id="70">
        <code>randomIntegerBetween(0,5)</code>
        <domain>MATH</domain>
      </initializationCode>
    </VariableDeclaration>
    <VariableDeclaration id="71">
      <name>j</name>
      <initializationCode id="72">
        <code>randomIntegerBetween(0,4)</code>
        <domain>MATH</domain>
      </initializationCode>
    </VariableDeclaration>
    <VariableDeclaration id="73">
      <name>x1</name>
      <initializationCode id="74">
        <code>chooseFromComplement(list(1,2,3,4,5,6,7,8,9), list(0))</code>
        <domain>MATH</domain>
      </initializationCode>
    </VariableDeclaration>
    <VariableDeclaration id="75">
      <name>x2</name>
      <initializationCode id="76">
        <code>chooseFromComplement(list(1,2,3,4,5,6,7,8,9), list([var=x1]))</code>
        <domain>MATH</domain>
      </initializationCode>
    </VariableDeclaration>
    <VariableDeclaration id="77">
      <name>x3</name>
      <initializationCode id="78">
        <code>chooseFromComplement(list(1,2,3,4,5,6,7,8,9),list([var=x1],[var=x2]))</code>
        <domain>MATH</domain>
      </initializationCode>
    </VariableDeclaration>
    <VariableDeclaration id="79">
      <name>x4</name>
      <initializationCode id="80">
        <code>chooseFromComplement(list(1,2,3,4,5,6,7,8,9),list([var=x1],[var=x2],[var=x3]))</code>
        <domain>MATH</domain>
      </initializationCode>
    </VariableDeclaration>
    <VariableDeclaration id="81">
      <name>x5</name>
      <initializationCode id="82">
        <code>chooseFromComplement(list(1,2,3,4,5,6,7,8,9),list([var=x1],[var=x2],[var=x3],[var=x4]))</code>
        <domain>MATH</domain>
      </initializationCode>
    </VariableDeclaration>
    <VariableDeclaration id="83">
      <name>x6a</name>
      <initializationCode id="84">
        <code>chooseFromComplement(list(1,2,3,4,5,6,7,8,9),list([var=x1],[var=x2],[var=x3],[var=x4],[var=x5]))</code>
        <domain>MATH</domain>
      </initializationCode>
    </VariableDeclaration>
    <VariableDeclaration id="85">
      <name>x6b</name>
      <initializationCode id="86">
        <code>getFromList([var=j], list([var=x1],[var=x2],[var=x3],[var=x4],[var=x5]))</code>
        <domain>MATH</domain>
      </initializationCode>
    </VariableDeclaration>
    <VariableDeclaration id="87">
      <name>x6</name>
      <initializationCode id="88">
        <code>ifthenelse(equals([var=k], 1), [var=x6a], [var=x6b])</code>
        <domain>MATH</domain>
      </initializationCode>
    </VariableDeclaration>
    <VariableDeclaration id="89">
      <name>x7b</name>
      <initializationCode id="90">
        <code>getFromList([var=i], list([var=x1],[var=x2],[var=x3],[var=x4],[var=x5],[var=x6]))</code>
        <domain>MATH</domain>
      </initializationCode>
    </VariableDeclaration>
    <VariableDeclaration id="91">
      <name>x7a</name>
      <initializationCode id="92">
        <code>chooseFromComplement(list(1,2,3,4,5,6,7,8,9), list([var=x1],[var=x2],[var=x3],[var=x4],[var=x5],[var=x6]))</code>
        <domain>MATH</domain>
      </initializationCode>
    </VariableDeclaration>
    <VariableDeclaration id="93">
      <name>x7</name>
      <initializationCode id="94">
        <code>ifthenelse(equals([var=k], 1), [var=x7b], [var=x7a])</code>
        <domain>MATH</domain>
      </initializationCode>
    </VariableDeclaration>
    <VariableDeclaration id="95">
      <name>x8</name>
      <initializationCode id="96">
        <code>chooseFromComplement(list(1,2,3,4,5,6,7,8,9), list([var=x1],[var=x2],[var=x3],[var=x4],[var=x5],[var=x6],[var=x7]))</code>
        <domain>MATH</domain>
      </initializationCode>
    </VariableDeclaration>
    <VariableDeclaration id="97">
      <name>Modus</name>
      <initializationCode id="98">
        <code>ifthenelse(equals([var=k], 1), [var=x7], [var=x6])</code>
        <domain>MATH</domain>
      </initializationCode>
    </VariableDeclaration>
    <VariableDeclaration id="99">
      <name>Durch</name>
      <initializationCode id="100">
        <code>divide(([var=x1]+[var=x2]+[var=x3]+[var=x4]+[var=x5]+[var=x6]+[var=x7]+[var=x8]), 8)</code>
        <domain>MATH</domain>
      </initializationCode>
    </VariableDeclaration>
  </variableDeclarations>
  <jSXGraphs id="101"/>
  <dynamicMolecules id="102"/>
  <resultFeedbackMappings id="103"/>
</Exercise>