<Exercise id="1">
  <name>IS00-R14 Rechenregeln R14</name>
  <publicDescription></publicDescription>
  <internalNotes>Zwei Vektoren in einen Vektor packen

Die  Materialien sind lizenziert unter CC BY-NC-SA 4.0. Eine Kopie dieser Lizenz finden Sie unter http://creativecommons.org/licenses/by-nc-sa/4.0/

The materials are licensed under CC BY-NC-SA 4.0. You can find a copy of this license at http://creativecommons.org/licenses/by-nc-sa/4.0/</internalNotes>
  <language>de</language>
  <difficulty>0</difficulty>
  <tags id="2">
    <Tag id="3">
      <name>IndStat</name>
    </Tag>
  </tags>
  <resources id="4">
    <ExerciseResource id="5">
      <content id="6">aGlucnVuZGUgPC0gYyg0LDgsMTMsNyw0LDQsNCwzLDQsMiw0LDMsMiwyLDEsMywzKQ0KcnVlY2tydW5kZSA8LSBjKDIsMiw0LDIsMSwxLDEsMiwzLDUsMywzLDIsMiwxLDEsMSk=</content>
      <uploadTimestamp>2022-05-10T10:29:46.643158</uploadTimestamp>
      <filename>source.r</filename>
      <description></description>
      <replacePlaceholder>false</replacePlaceholder>
    </ExerciseResource>
  </resources>
  <stages id="7">
    <RStage id="8">
      <internalName>#1</internalName>
      <externalName></externalName>
      <taskDescription>&lt;strong&gt;Aufgabenstellung:&lt;/strong&gt;&lt;br /&gt;&#xd;
&lt;br /&gt;&#xd;
Ihr Chef hat Ihnen die Aufgabe gegeben, die Tabellenplatzierungen des 1. FC K&amp;ouml;ln in der Saison 2016/17 (die er jetzt schon kennt) f&amp;uuml;r ihn aufzubereiten. Leider haben Sie nur die Tabellenplatzierungen f&amp;uuml;r Hin- sowie R&amp;uuml;ckrunde in jeweils einem Vektor abgespeichert. Ihr Chef m&amp;ouml;chte die Daten jedoch &amp;uuml;bersichtlich in einem Vektor haben.&lt;br /&gt;&#xd;
&lt;br /&gt;&#xd;
Speichern Sie daher alle Platzierungen in einem Vektor ab und nennen Sie ihn $\verb|saison|$. Die beiden Vektoren f&amp;uuml;r Hin- und R&amp;uuml;ckrunde stehen bereits als $\verb|hinrunde|$ bzw. $\verb|rueckrunde|$ im Environment zur Verf&amp;uuml;gung. L&amp;ouml;sen Sie die Aufgabe so effizient wie m&amp;ouml;glich und tragen Sie die Werte $NICHT$ manuell ein.&lt;br /&gt;&#xd;
&lt;br /&gt;&#xd;
&lt;em&gt;(Bevor Sie den Code abschicken, k&amp;ouml;nnen Sie &amp;uuml;ber den Button &amp;quot;Code testen&amp;quot; ihren geschriebenen R-Code ausf&amp;uuml;hren und in der R-Konsole anzeigen lassen.)&lt;/em&gt;</taskDescription>
      <defaultTransition id="9">
        <conditionExpression id="10">
          <domain>MATH</domain>
        </conditionExpression>
        <stageExpression id="11">
          <domain>MATH</domain>
        </stageExpression>
        <isRepeat>false</isRepeat>
      </defaultTransition>
      <skipTransitions id="12"/>
      <stageTransitions id="13"/>
      <hints id="14">
        <StageHint id="15">
          <stagehint__order>0</stagehint__order>
          <text>Um einen Vektor zu erzeugen, der Vektoren enth&amp;auml;lt, k&amp;ouml;nnen Sie wiederum die $\verb|c()|$-Funktion benutzen.&lt;br /&gt;
&lt;br /&gt;
(Es ist ein weiterer Hinweis vorhanden.)</text>
          <malus>0</malus>
          <stage class="RStage" reference="8"/>
        </StageHint>
        <StageHint id="16">
          <stagehint__order>1</stagehint__order>
          <text>Beachten Sie bei der Erstellung die logische Reihenfolge der Vektoren. D.h. zuerst sollten Sie den $\verb|hinrunde|$-Vektor, danach den $\verb|rueckrunde|$-Vektor angeben.</text>
          <malus>0</malus>
          <stage class="RStage" reference="8"/>
        </StageHint>
      </hints>
      <variableUpdatesOnEnter id="17"/>
      <variableUpdatesBeforeCheck id="18"/>
      <variableUpdatesAfterCheck id="19"/>
      <variableUpdatesOnNormalExit id="20"/>
      <variableUpdatesOnRepeat id="21"/>
      <variableUpdatesOnSkip id="22"/>
      <weight>1</weight>
      <orderIndex>0</orderIndex>
      <allowSkip>false</allowSkip>
      <resources id="23"/>
      <initialCode>hinrunde &lt;- c(4,8,13,7,4,4,4,3,4,2,4,3,2,2,1,3,3)
rueckrunde &lt;- c(2,2,4,2,1,1,1,2,3,5,3,3,2,2,1,1,1)</initialCode>
      <finalResultComputationString>#{c42224}</finalResultComputationString>
      <testCasetuples id="24">
        <TestCaseTuple id="25">
          <testCases id="26">
            <StaticRTestCase id="27">
              <points>100</points>
              <pointsMode>GAIN</pointsMode>
              <name>imported testcase</name>
              <feedbackIfFailed>Leider nicht richtig. 

Achten Sie darauf, dass Sie die Variable $\verb|saison|$ nennen und die vordefinierten Variablen richtig geschrieben haben. 
</feedbackIfFailed>
              <ruleMode>PRESENCE</ruleMode>
              <queries class="linked-list" id="28">
                <RGReQLQuery id="29">
                  <query>		from lao:V{LeftAssignmentOperator}, c:V{FunctionCall}, sai,hin,rueck:V{Variable}, pl:V{ParameterList}, e1:E{LeftHandSide}, e2:E{RightHandSide}, e3,e4:E{Parameter} with 
                lao -- e1 -&gt; sai and
                sai.name=&quot;saison&quot; and
                lao -- e2 -&gt; c and
                c.name=&quot;c&quot; and
                c --&gt; pl and
                pl -- e3 -&gt; hin and
                pl -- e4 -&gt; rueck and
                e3.position &lt; e4.position and
                hin.name=&quot;hinrunde&quot; and
                rueck.name=&quot;rueckrunde&quot;
		report 0 end
		</query>
                </RGReQLQuery>
              </queries>
            </StaticRTestCase>
          </testCases>
          <checkerConfiguration id="30">
            <isActive>false</isActive>
            <hasVisibleResult>false</hasVisibleResult>
            <hasVisibleFeedback>false</hasVisibleFeedback>
            <isAsync>false</isAsync>
            <weight>1</weight>
            <persistentReference>42224</persistentReference>
          </checkerConfiguration>
        </TestCaseTuple>
      </testCasetuples>
    </RStage>
  </stages>
  <startStage class="RStage" reference="8"/>
  <variableDeclarations id="31"/>
  <jSXGraphs id="32"/>
  <dynamicMolecules id="33"/>
  <resultFeedbackMappings id="34"/>
</Exercise>