<Exercise id="1">
  <name>IS00-R09 Rechenregeln R09</name>
  <publicDescription></publicDescription>
  <internalNotes>Benutzen des rep()-Befehls

Die  Materialien sind lizenziert unter CC BY-NC-SA 4.0. Eine Kopie dieser Lizenz finden Sie unter http://creativecommons.org/licenses/by-nc-sa/4.0/

The materials are licensed under CC BY-NC-SA 4.0. You can find a copy of this license at http://creativecommons.org/licenses/by-nc-sa/4.0/</internalNotes>
  <language>de</language>
  <difficulty>0</difficulty>
  <tags id="2">
    <Tag id="3">
      <name>IndStat</name>
    </Tag>
  </tags>
  <resources id="4"/>
  <stages id="5">
    <RStage id="6">
      <internalName>#1</internalName>
      <externalName></externalName>
      <taskDescription>&lt;strong&gt;Aufgabenstellung:&lt;/strong&gt;&lt;br /&gt;&#xd;
&lt;br /&gt;&#xd;
Erstellen Sie einen Vektor, der $7$mal die Zahl $[var=num]$ enth&amp;auml;lt. Speichern Sie das Ergebnis in der Variable $\verb|wiederholung|$ ab.&lt;br /&gt;&#xd;
&lt;br /&gt;&#xd;
Versuchen Sie erneut das Ganze so effizient wie m&amp;ouml;glich zu l&amp;ouml;sen und schreiben Sie die L&amp;ouml;sung $NICHT$ manuell in einen Vektor.&lt;br /&gt;&#xd;
&lt;br /&gt;&#xd;
&lt;em&gt;(Bevor Sie den Code abschicken, k&amp;ouml;nnen Sie &amp;uuml;ber den Button &amp;quot;Code testen&amp;quot; ihren geschriebenen R-Code ausf&amp;uuml;hren und in der R-Konsole anzeigen lassen.)&amp;nbsp;&lt;/em&gt;</taskDescription>
      <defaultTransition id="7">
        <conditionExpression id="8">
          <domain>MATH</domain>
        </conditionExpression>
        <stageExpression id="9">
          <domain>MATH</domain>
        </stageExpression>
        <isRepeat>false</isRepeat>
      </defaultTransition>
      <skipTransitions id="10"/>
      <stageTransitions id="11"/>
      <hints id="12">
        <StageHint id="13">
          <stagehint__order>0</stagehint__order>
          <text>Sie k&amp;ouml;nnen Wiederholungen in R mit dem $\verb|rep()|$-Befehl erzeugen.&lt;br /&gt;
&lt;br /&gt;
(Es ist ein weiterer Hinweis vorhanden.)</text>
          <malus>0</malus>
          <stage class="RStage" reference="6"/>
        </StageHint>
        <StageHint id="14">
          <stagehint__order>1</stagehint__order>
          <text>Legen Sie zunächst die zu wiederholende Zahl, danach die Anzahl der Wiederholungen fest.</text>
          <malus>0</malus>
          <stage class="RStage" reference="6"/>
        </StageHint>
      </hints>
      <variableUpdatesOnEnter id="15"/>
      <variableUpdatesBeforeCheck id="16"/>
      <variableUpdatesAfterCheck id="17"/>
      <variableUpdatesOnNormalExit id="18"/>
      <variableUpdatesOnRepeat id="19"/>
      <variableUpdatesOnSkip id="20"/>
      <weight>1</weight>
      <orderIndex>0</orderIndex>
      <allowSkip>false</allowSkip>
      <resources id="21"/>
      <initialCode></initialCode>
      <finalResultComputationString></finalResultComputationString>
      <testCasetuples id="22">
        <TestCaseTuple id="23">
          <testCases id="24">
            <StaticRTestCase id="25">
              <points>75</points>
              <pointsMode>GAIN</pointsMode>
              <name>imported testcase</name>
              <feedbackIfFailed>Leider nicht richtig. 

&amp;Uuml;berlegen Sie noch einmal, wie der $\verb|rep()|$-Befehl funktioniert. Achten Sie auch darauf, dass Sie das Ergebnis der Variablen $\verb|wiederholung|$ zuordnen.
</feedbackIfFailed>
              <ruleMode>PRESENCE</ruleMode>
              <queries class="linked-list" id="26">
                <RGReQLQuery id="27">
                  <query>		from lao:V{LeftAssignmentOperator}, rep:V{FunctionCall}, v:V{Variable}, e1:E{LeftHandSide}, e2:E{RightHandSide} with 
                lao -- e1 -&gt; v and
                v.name=&quot;wiederholung&quot; and
                lao -- e2 -&gt; rep and
                (rep.name=&quot;rep&quot; or rep.name=&quot;rep.int&quot; or rep.name=&quot;rep_len&quot;)
		report 0 end
		</query>
                </RGReQLQuery>
              </queries>
            </StaticRTestCase>
          </testCases>
          <checkerConfiguration id="28">
            <isActive>false</isActive>
            <hasVisibleResult>false</hasVisibleResult>
            <hasVisibleFeedback>false</hasVisibleFeedback>
            <isAsync>false</isAsync>
            <weight>1</weight>
            <persistentReference>42147</persistentReference>
          </checkerConfiguration>
        </TestCaseTuple>
        <TestCaseTuple id="29">
          <testCases id="30">
            <DynamicRTestCase id="31">
              <points>25</points>
              <pointsMode>GAIN</pointsMode>
              <name>imported testcase</name>
              <feedbackIfFailed>Leider nicht richtig. 

Ihre Eingabe liefert den Wert [var=testcaseOutput] zurück, sollte aber [var=num] [var=num] [var=num] [var=num] [var=num] [var=num] [var=num] liefern! -[var=penalty] Punkte&quot;
			</feedbackIfFailed>
              <ruleMode>PRESENCE</ruleMode>
              <postCode>testFunc &lt;- function(){}</postCode>
              <expectedOutput>rep([var=num],7)</expectedOutput>
              <postprocessingFunction></postprocessingFunction>
              <tolerance>-4</tolerance>
            </DynamicRTestCase>
          </testCases>
          <checkerConfiguration id="32">
            <isActive>false</isActive>
            <hasVisibleResult>false</hasVisibleResult>
            <hasVisibleFeedback>false</hasVisibleFeedback>
            <isAsync>false</isAsync>
            <weight>1</weight>
            <persistentReference>42148</persistentReference>
          </checkerConfiguration>
        </TestCaseTuple>
      </testCasetuples>
    </RStage>
  </stages>
  <startStage class="RStage" reference="6"/>
  <variableDeclarations id="33">
    <VariableDeclaration id="34">
      <name>num</name>
      <initializationCode id="35">
        <code>randomIntegerBetween(1,5)</code>
        <domain>MATH</domain>
      </initializationCode>
    </VariableDeclaration>
  </variableDeclarations>
  <jSXGraphs id="36"/>
  <dynamicMolecules id="37"/>
  <resultFeedbackMappings id="38"/>
</Exercise>