<Exercise id="1">
  <name>IS00-R02 Rechenregeln R02</name>
  <publicDescription></publicDescription>
  <internalNotes>Exponentielle Funktion

Die  Materialien sind lizenziert unter CC BY-NC-SA 4.0. Eine Kopie dieser Lizenz finden Sie unter http://creativecommons.org/licenses/by-nc-sa/4.0/

The materials are licensed under CC BY-NC-SA 4.0. You can find a copy of this license at http://creativecommons.org/licenses/by-nc-sa/4.0/</internalNotes>
  <language>de</language>
  <difficulty>0</difficulty>
  <tags id="2">
    <Tag id="3">
      <name>IndStat</name>
    </Tag>
  </tags>
  <resources id="4"/>
  <stages id="5">
    <RStage id="6">
      <internalName>#1</internalName>
      <externalName></externalName>
      <taskDescription>&lt;strong&gt;Aufgabenstellung:&lt;/strong&gt;&lt;br /&gt;&#xd;
&lt;br /&gt;&#xd;
Als n&amp;auml;chstes berechnen Sie nun folgendes mit R: $[var=a]^[var=b]$.&lt;br /&gt;&#xd;
&lt;br /&gt;&#xd;
&lt;em&gt;(Bevor Sie den Code abschicken, k&amp;ouml;nnen Sie &amp;uuml;ber den Button &amp;quot;Code testen&amp;quot; ihren geschriebenen R-Code ausf&amp;uuml;hren und in der R-Konsole anzeigen lassen.)&lt;/em&gt;</taskDescription>
      <defaultTransition id="7">
        <conditionExpression id="8">
          <domain>MATH</domain>
        </conditionExpression>
        <stageExpression id="9">
          <domain>MATH</domain>
        </stageExpression>
        <isRepeat>false</isRepeat>
      </defaultTransition>
      <skipTransitions id="10"/>
      <stageTransitions id="11"/>
      <hints id="12">
        <StageHint id="13">
          <stagehint__order>0</stagehint__order>
          <text>Sie k&amp;ouml;nnen R wie einen Taschenrechner benutzen.&lt;br /&gt;
&lt;br /&gt;
(Es ist ein weiterer Hinweis vorhanden.)</text>
          <malus>0</malus>
          <stage class="RStage" reference="6"/>
        </StageHint>
        <StageHint id="14">
          <stagehint__order>1</stagehint__order>
          <text>Benutzen Sie den $\verb|^|$-Operator.</text>
          <malus>0</malus>
          <stage class="RStage" reference="6"/>
        </StageHint>
      </hints>
      <variableUpdatesOnEnter id="15"/>
      <variableUpdatesBeforeCheck id="16"/>
      <variableUpdatesAfterCheck id="17"/>
      <variableUpdatesOnNormalExit id="18"/>
      <variableUpdatesOnRepeat id="19"/>
      <variableUpdatesOnSkip id="20"/>
      <weight>1</weight>
      <orderIndex>0</orderIndex>
      <allowSkip>false</allowSkip>
      <resources id="21"/>
      <initialCode></initialCode>
      <finalResultComputationString>#{c42066}</finalResultComputationString>
      <testCasetuples id="22">
        <TestCaseTuple id="23">
          <testCases id="24">
            <StaticRTestCase id="25">
              <points>100</points>
              <pointsMode>GAIN</pointsMode>
              <name>imported testcase</name>
              <feedbackIfFailed>Leider nicht richtig. 

&amp;Uuml;berlegen Sie noch einmal, wie sie das Ganze berechnen. 
Benutzen Sie den $\verb|^|$-Operator.</feedbackIfFailed>
              <ruleMode>PRESENCE</ruleMode>
              <queries class="linked-list" id="26">
                <RGReQLQuery id="27">
                  <query>                from exp:V{ExpOperator}, n1,n2:V{NumericLiteral}, e1,e2:E{Expression} with 
		exp -- e1 -&gt; n1 and
                exp -- e2 -&gt; n2 and
                e1.position &lt; e2.position and
                n1.value=[var=a] and
                n2.value=[var=b]
		report 0 end</query>
                </RGReQLQuery>
              </queries>
            </StaticRTestCase>
          </testCases>
          <checkerConfiguration id="28">
            <isActive>false</isActive>
            <hasVisibleResult>false</hasVisibleResult>
            <hasVisibleFeedback>false</hasVisibleFeedback>
            <isAsync>false</isAsync>
            <weight>1</weight>
            <persistentReference>42066</persistentReference>
          </checkerConfiguration>
        </TestCaseTuple>
      </testCasetuples>
    </RStage>
  </stages>
  <startStage class="RStage" reference="6"/>
  <variableDeclarations id="29">
    <VariableDeclaration id="30">
      <name>a</name>
      <initializationCode id="31">
        <code>randomIntegerBetween(7,10)</code>
        <domain>MATH</domain>
      </initializationCode>
    </VariableDeclaration>
    <VariableDeclaration id="32">
      <name>b</name>
      <initializationCode id="33">
        <code>randomIntegerBetween(2,6)</code>
        <domain>MATH</domain>
      </initializationCode>
    </VariableDeclaration>
    <VariableDeclaration id="34">
      <name>sol</name>
      <initializationCode id="35">
        <code>[var=a]^[var=b]</code>
        <domain>MATH</domain>
      </initializationCode>
    </VariableDeclaration>
  </variableDeclarations>
  <jSXGraphs id="36"/>
  <dynamicMolecules id="37"/>
  <resultFeedbackMappings id="38"/>
</Exercise>