<Exercise id="1">
  <name>IS08-02 Stichprobentheorie und Konvergenz 2</name>
  <publicDescription></publicDescription>
  <internalNotes>Lindeberg-Levy anwenden

Die  Materialien sind lizenziert unter CC BY-NC-SA 4.0. Eine Kopie dieser Lizenz finden Sie unter http://creativecommons.org/licenses/by-nc-sa/4.0/

The materials are licensed under CC BY-NC-SA 4.0. You can find a copy of this license at http://creativecommons.org/licenses/by-nc-sa/4.0/</internalNotes>
  <language>de</language>
  <difficulty>3</difficulty>
  <tags id="2">
    <Tag id="3">
      <name>IndStat</name>
    </Tag>
  </tags>
  <resources id="4"/>
  <stages id="5">
    <FillInStage id="6">
      <internalName>1</internalName>
      <externalName>Stage 1</externalName>
      <taskDescription>&lt;strong&gt;Aufgabenstellung:&lt;/strong&gt;&lt;br /&gt;&#xd;
&lt;br /&gt;&#xd;
In einem Experiment wird festgestellt, dass die mittlere Lebensdauer eines K&amp;uuml;hlaggregates $[var=EE]$ Jahre betr&amp;auml;gt.&lt;br /&gt;&#xd;
&lt;br /&gt;&#xd;
Berechnen Sie die approximative Wahrscheinlichkeit daf&amp;uuml;r, dass die Gesamtlebensdauer von $[var=n]$ Aggregaten aus derselben Produktion kleiner als $[var=g]$ Jahre ist, wenn Sie zudem wissen, dass die Standardabweichung der Lebensdauer $4$ Jahre betr&amp;auml;gt.&lt;br /&gt;&#xd;
&lt;br /&gt;&#xd;
&lt;strong&gt;Einreichung:&lt;/strong&gt; &lt;input name=&quot;field1&quot; size=&quot;6&quot; type=&quot;text&quot; value=&quot;field1&quot; /&gt;&amp;nbsp;&lt;br /&gt;&#xd;
&lt;br /&gt;&#xd;
&lt;em&gt;(Runden Sie, falls n&amp;ouml;tig, auf die vierte Nachkommastelle und verwenden Sie einen Dezimalpunkt.)&lt;/em&gt;&#xd;
&lt;p&gt;&lt;a href=&quot;https://rdrr.io/snippets/embed/&quot; onclick=&quot;window.open(&apos;https://rdrr.io/snippets/embed/?code=&apos;,&apos;R Console&apos;,&apos; margin-top: 20px; top=200,left=100,width=480,height=640,menubar=no,toolbar=no,&apos;); return false;&quot; target=&quot;_blank&quot;&gt;&lt;img alt=&quot;R_ Logo&quot; pull-right=&quot;&quot; src=&quot;/econometrics/resource?resource=157444&quot; style=&quot;width: 40px; height: 50px; float: right; margin: 5px&quot; /&gt;&lt;/a&gt;&lt;/p&gt;&#xd;
</taskDescription>
      <skipMessage>$P(Y \leq [var=g]) = P\left(\frac{Y-[var=EX]}{\sqrt{[var=VarX]}} \leq \frac{[var=g]-[var=EX]}{\sqrt{[var=VarX]}}\right)= \Phi \left(\frac{[var=g]-[var=EX]}{\sqrt{[var=VarX]}}\right)=[var=ansa]$.&lt;br /&gt;
Hier wird die Verteilung standardisiert und zentriert. Man kommt auch auf das Ergebnis, wenn man die Verteilung direkt nutzt.</skipMessage>
      <defaultTransition id="7">
        <conditionExpression id="8">
          <domain>MATH</domain>
        </conditionExpression>
        <stageExpression id="9">
          <domain>MATH</domain>
        </stageExpression>
        <isRepeat>true</isRepeat>
      </defaultTransition>
      <skipTransitions id="10">
        <StageTransition id="11">
          <conditionExpression id="12">
            <code></code>
            <domain>MATH</domain>
          </conditionExpression>
          <stageExpression id="13">
            <domain>MATH</domain>
          </stageExpression>
          <isRepeat>false</isRepeat>
        </StageTransition>
      </skipTransitions>
      <stageTransitions id="14">
        <StageTransition id="15">
          <conditionExpression id="16">
            <code></code>
            <domain>MATH</domain>
          </conditionExpression>
          <stageExpression id="17">
            <code>[meta=stageCurrentResult]&gt;=100</code>
            <domain>MATH</domain>
          </stageExpression>
          <isRepeat>false</isRepeat>
        </StageTransition>
      </stageTransitions>
      <hints id="18">
        <StageHint id="19">
          <stagehint__order>0</stagehint__order>
          <text>Es ist unbekannt, welcher exakten Verteilung $X_j$ unterliegt. Es kann allerdings angenommen werden, dass alle $X_j$ unabh&amp;auml;ngig und identisch verteilt sind.&lt;br /&gt;
F&amp;uuml;r $n\rightarrow \infty$ ist dann $Y=\sum_{j=1}^{[var=n]}X_j$ nach dem Grenzwertsatz von Lindeberg-Levy approximativ normalverteilt mit $E(Y)=n\mu=[var=EX]$ und $\text{Var}(Y)=n \sigma^2=[var=VarX]$: $Y\sim N([var=EX],[var=VarX]).$&lt;br /&gt;
Nun k&amp;ouml;nnen Sie diese Wahrscheinlichkeit mit den Ihnen bereits bekannten Mitteln berechnen.&lt;br /&gt;
&lt;br /&gt;
(Es ist ein weiterer Hinweis vorhanden.)</text>
          <malus>0</malus>
          <stage class="FillInStage" reference="6"/>
        </StageHint>
        <StageHint id="20">
          <stagehint__order>1</stagehint__order>
          <text>In R k&amp;ouml;nnen Sie die L&amp;ouml;sung mit folgendem Befehl berechnen:&lt;br /&gt;
$\verb|pnorm(q, mean, sd)|$ mit $\verb|q=[var=g]|$, $\verb|mean=[var=EX]|$ und $\verb|sd=sqrt([var=VarX])|$.</text>
          <malus>0</malus>
          <stage class="FillInStage" reference="6"/>
        </StageHint>
      </hints>
      <variableUpdatesOnEnter id="21"/>
      <variableUpdatesBeforeCheck id="22"/>
      <variableUpdatesAfterCheck id="23"/>
      <variableUpdatesOnNormalExit id="24"/>
      <variableUpdatesOnRepeat id="25"/>
      <variableUpdatesOnSkip id="26"/>
      <weight>1</weight>
      <orderIndex>0</orderIndex>
      <allowSkip>true</allowSkip>
      <resources id="27"/>
      <rules id="28"/>
      <fillInFields id="29">
        <FillInField id="30">
          <name>field1</name>
          <orderIndex>0</orderIndex>
          <size>6</size>
          <formularEditorType>NUMBER</formularEditorType>
        </FillInField>
      </fillInFields>
      <dropDownFields id="31"/>
      <formularEditorPalette>MATHDOX_FORMULAR_EDITOR_BASIC</formularEditorPalette>
      <defaultFeedback>Leider nicht korrekt.&lt;br /&gt;
&lt;br /&gt;
$P(Y \leq [var=g]) = P\left(\frac{Y-[var=EX]}{\sqrt{[var=VarX]}} \leq \frac{[var=g]-[var=EX]}{\sqrt{[var=VarX]}}\right)= \Phi \left(\frac{[var=g]-[var=EX]}{\sqrt{[var=VarX]}}\right)=[var=ansa]$.&lt;br /&gt;
Hier wird die Verteilung standardisiert und zentriert. Man kommt auch auf das Ergebnis, wenn man die Verteilung direkt nutzt.</defaultFeedback>
      <correctAnswerRules id="32">
        <Rule id="33">
          <name>CorrectAnswer1</name>
          <orderIndex>1</orderIndex>
          <validationExpression id="34">
            <code>!isEmpty([input=field1])&amp;&amp;isRealNumber([input=field1])&amp;&amp;[input=field1]&gt;[var=ansa]-0.0011&amp;&amp;[input=field1]&lt;[var=ansa]+0.0011</code>
            <domain>MATH</domain>
          </validationExpression>
          <points>0</points>
          <terminal>false</terminal>
        </Rule>
      </correctAnswerRules>
      <correctAnswerFeedback>Richtig.</correctAnswerFeedback>
      <defaultResult>0</defaultResult>
    </FillInStage>
  </stages>
  <startStage class="FillInStage" reference="6"/>
  <variableDeclarations id="35">
    <VariableDeclaration id="36">
      <name>guu</name>
      <initializationCode id="37">
        <code>evaluateInR(&apos;round(runif(1, 0.95, 0.99), 2)&apos;)</code>
        <domain>MATH</domain>
      </initializationCode>
    </VariableDeclaration>
    <VariableDeclaration id="38">
      <name>EE</name>
      <initializationCode id="39">
        <code>evaluateInR(&apos;sample(4:6, 1)&apos;)</code>
        <domain>MATH</domain>
      </initializationCode>
    </VariableDeclaration>
    <VariableDeclaration id="40">
      <name>n</name>
      <initializationCode id="41">
        <code>evaluateInR(&apos;sample(4:6*100, 1)&apos;)</code>
        <domain>MATH</domain>
      </initializationCode>
    </VariableDeclaration>
    <VariableDeclaration id="42">
      <name>EX</name>
      <initializationCode id="43">
        <code>evaluateInR(&apos;([var=n])*([var=EE])&apos;)</code>
        <domain>MATH</domain>
      </initializationCode>
    </VariableDeclaration>
    <VariableDeclaration id="44">
      <name>VarX</name>
      <initializationCode id="45">
        <code>evaluateInR(&apos;16*([var=n])&apos;)</code>
        <domain>MATH</domain>
      </initializationCode>
    </VariableDeclaration>
    <VariableDeclaration id="46">
      <name>gu</name>
      <initializationCode id="47">
        <code>evaluateInR(&apos;([var=guu])*([var=EX])&apos;)</code>
        <domain>MATH</domain>
      </initializationCode>
    </VariableDeclaration>
    <VariableDeclaration id="48">
      <name>g</name>
      <initializationCode id="49">
        <code>evaluateInR(&apos;round([var=gu], 0)&apos;)</code>
        <domain>MATH</domain>
      </initializationCode>
    </VariableDeclaration>
    <VariableDeclaration id="50">
      <name>ansau</name>
      <initializationCode id="51">
        <code>evaluateInR(&apos;pnorm([var=g], [var=EX], sqrt([var=VarX]))&apos;)</code>
        <domain>MATH</domain>
      </initializationCode>
    </VariableDeclaration>
    <VariableDeclaration id="52">
      <name>ansa</name>
      <initializationCode id="53">
        <code>evaluateInR(&apos;round([var=ansau], 4)&apos;)</code>
        <domain>MATH</domain>
      </initializationCode>
    </VariableDeclaration>
  </variableDeclarations>
  <jSXGraphs id="54"/>
  <dynamicMolecules id="55"/>
  <resultFeedbackMappings id="56"/>
</Exercise>