<Exercise id="1">
  <name>IS08-01 Stichprobentheorie und Konvergenz 1</name>
  <publicDescription></publicDescription>
  <internalNotes>W&apos;keit für ein Element in Stichprobe bei drei Teilgesamtheiten

Die  Materialien sind lizenziert unter CC BY-NC-SA 4.0. Eine Kopie dieser Lizenz finden Sie unter http://creativecommons.org/licenses/by-nc-sa/4.0/

The materials are licensed under CC BY-NC-SA 4.0. You can find a copy of this license at http://creativecommons.org/licenses/by-nc-sa/4.0/</internalNotes>
  <language>de</language>
  <difficulty>2</difficulty>
  <tags id="2">
    <Tag id="3">
      <name>IndStat</name>
    </Tag>
  </tags>
  <resources id="4"/>
  <stages id="5">
    <FillInStage id="6">
      <internalName>1</internalName>
      <externalName>Stage 1</externalName>
      <taskDescription>&lt;strong&gt;Aufgabenstellung:&lt;/strong&gt;&lt;br /&gt;&#xd;
&lt;br /&gt;&#xd;
Eine Grundgesamtheit von $N=10000$ ist in drei Teilgesamtheiten mit Umf&amp;auml;ngen $N_1=[var=m1]$, $N_2=[var=m2]$, $N_3=[var=m3]$ zerlegt.&lt;br /&gt;&#xd;
Aus diesen Teilgesamtheiten wird eine zuf&amp;auml;llig ausgew&amp;auml;hlt und aus ihr anschlie&amp;szlig;end eine uneingeschr&amp;auml;nkte Zufallsstichprobe im Umfang von $n=100$ entnommen.&lt;br /&gt;&#xd;
&lt;br /&gt;&#xd;
Berechnen Sie die Wahrscheinlichkeit daf&amp;uuml;r, dass ein bestimmtes Element aus der $i$-ten Teilgesamtheit $i=1,2,3$ in die Stichprobe gelangt.&lt;br /&gt;&#xd;
&lt;br /&gt;&#xd;
&lt;strong&gt;Einreichung:&lt;/strong&gt;&lt;br /&gt;&#xd;
&lt;br /&gt;&#xd;
$p_1 = $&amp;nbsp;&lt;input name=&quot;field1&quot; size=&quot;6&quot; type=&quot;text&quot; value=&quot;field1&quot; /&gt;&amp;nbsp;&lt;br /&gt;&#xd;
&lt;br /&gt;&#xd;
$p_2 = $&amp;nbsp;&lt;input name=&quot;field2&quot; size=&quot;6&quot; type=&quot;text&quot; value=&quot;field2&quot; /&gt;&amp;nbsp;&lt;br /&gt;&#xd;
&lt;br /&gt;&#xd;
$p_3 = $&amp;nbsp;&lt;input name=&quot;field3&quot; size=&quot;6&quot; type=&quot;text&quot; value=&quot;field3&quot; /&gt;&amp;nbsp;&lt;br /&gt;&#xd;
&lt;br /&gt;&#xd;
&lt;em&gt;(Runden Sie, falls n&amp;ouml;tig, auf die vierte Nachkommastelle und verwenden Sie einen Dezimalpunkt.)&lt;/em&gt;&#xd;
&lt;p&gt;&lt;a href=&quot;https://rdrr.io/snippets/embed/&quot; onclick=&quot;window.open(&apos;https://rdrr.io/snippets/embed/?code=&apos;,&apos;R Console&apos;,&apos; margin-top: 20px; top=200,left=100,width=480,height=640,menubar=no,toolbar=no,&apos;); return false;&quot; target=&quot;_blank&quot;&gt;&lt;img alt=&quot;R_ Logo&quot; pull-right=&quot;&quot; src=&quot;/econometrics/resource?resource=157444&quot; style=&quot;width: 40px; height: 50px; float: right; margin: 5px&quot; /&gt;&lt;/a&gt;&lt;/p&gt;&#xd;
</taskDescription>
      <skipMessage>$p_1 =\dfrac{1}{3}\cdot \dfrac{100}{[var=m1]} = [var=ans1]$.&lt;br /&gt;
$p_2 =\dfrac{1}{3}\cdot \dfrac{100}{[var=m2]} =[var=ans2]$.&lt;br /&gt;
$p_3 = \dfrac{1}{3}\cdot \dfrac{100}{[var=m3]}=[var=ans3]$.</skipMessage>
      <defaultTransition id="7">
        <conditionExpression id="8">
          <domain>MATH</domain>
        </conditionExpression>
        <stageExpression id="9">
          <domain>MATH</domain>
        </stageExpression>
        <isRepeat>false</isRepeat>
      </defaultTransition>
      <skipTransitions id="10">
        <StageTransition id="11">
          <conditionExpression id="12">
            <code></code>
            <domain>MATH</domain>
          </conditionExpression>
          <stageExpression id="13">
            <domain>MATH</domain>
          </stageExpression>
          <isRepeat>false</isRepeat>
        </StageTransition>
      </skipTransitions>
      <stageTransitions id="14">
        <StageTransition id="15">
          <conditionExpression id="16">
            <code></code>
            <domain>MATH</domain>
          </conditionExpression>
          <stageExpression id="17">
            <domain>MATH</domain>
          </stageExpression>
          <isRepeat>false</isRepeat>
        </StageTransition>
      </stageTransitions>
      <hints id="18">
        <StageHint id="19">
          <stagehint__order>0</stagehint__order>
          <text>Die Wahrscheinlichkeit, dass die $i$-te Teilgesamtheit ausgew&amp;auml;hlt wird ist $\dfrac{1}{3}$.&lt;br /&gt;
&lt;br /&gt;
(Es ist ein weiterer Hinweis vorhanden.)</text>
          <malus>0</malus>
          <stage class="FillInStage" reference="6"/>
        </StageHint>
        <StageHint id="20">
          <stagehint__order>1</stagehint__order>
          <text>Die Wahrscheinlichkeit, dass ein bestimmtes Element aus beispielsweise der $1.$ Teilgesamtheiten ausgew&amp;auml;hlt wird ist $\dfrac{100}{[var=m1]}$.</text>
          <malus>0</malus>
          <stage class="FillInStage" reference="6"/>
        </StageHint>
      </hints>
      <variableUpdatesOnEnter id="21"/>
      <variableUpdatesBeforeCheck id="22"/>
      <variableUpdatesAfterCheck id="23"/>
      <variableUpdatesOnNormalExit id="24"/>
      <variableUpdatesOnRepeat id="25"/>
      <variableUpdatesOnSkip id="26"/>
      <weight>1</weight>
      <orderIndex>0</orderIndex>
      <allowSkip>true</allowSkip>
      <resources id="27"/>
      <rules id="28">
        <Rule id="29">
          <name>Feedback_3</name>
          <orderIndex>3</orderIndex>
          <validationExpression id="30">
            <code>!isEmpty([input=field3])&amp;&amp;isRealNumber([input=field3])&amp;&amp;[input=field3]&gt;[var=ans3]-0.0011&amp;&amp;[input=field3]&lt;[var=ans3]+0.0011</code>
            <domain>MATH</domain>
          </validationExpression>
          <feedbackText>$p_3$ korrekt</feedbackText>
          <points>33</points>
          <terminal>false</terminal>
        </Rule>
        <Rule id="31">
          <name>Feedback_2</name>
          <orderIndex>2</orderIndex>
          <validationExpression id="32">
            <code>!isEmpty([input=field2])&amp;&amp;isRealNumber([input=field2])&amp;&amp;[input=field2]&gt;[var=ans2]-0.0011&amp;&amp;[input=field2]&lt;[var=ans2]+0.0011</code>
            <domain>MATH</domain>
          </validationExpression>
          <feedbackText>$p_2$ korrekt</feedbackText>
          <points>33</points>
          <terminal>false</terminal>
        </Rule>
        <Rule id="33">
          <name>Feedback_1</name>
          <orderIndex>1</orderIndex>
          <validationExpression id="34">
            <code>!isEmpty([input=field1])&amp;&amp;isRealNumber([input=field1])&amp;&amp;[input=field1]&gt;[var=ans1]-0.0011&amp;&amp;[input=field1]&lt;[var=ans1]+0.0011</code>
            <domain>MATH</domain>
          </validationExpression>
          <feedbackText>$p_1$ korrekt</feedbackText>
          <points>34</points>
          <terminal>false</terminal>
        </Rule>
      </rules>
      <fillInFields id="35">
        <FillInField id="36">
          <name>field3</name>
          <orderIndex>2</orderIndex>
          <size>6</size>
          <formularEditorType>NUMBER</formularEditorType>
        </FillInField>
        <FillInField id="37">
          <name>field2</name>
          <orderIndex>1</orderIndex>
          <size>6</size>
          <formularEditorType>NUMBER</formularEditorType>
        </FillInField>
        <FillInField id="38">
          <name>field1</name>
          <orderIndex>0</orderIndex>
          <size>6</size>
          <formularEditorType>NUMBER</formularEditorType>
        </FillInField>
      </fillInFields>
      <dropDownFields id="39"/>
      <formularEditorPalette>MATHDOX_FORMULAR_EDITOR_BASIC</formularEditorPalette>
      <defaultFeedback>Leider nicht korrekt.&lt;br /&gt;
&lt;br /&gt;
$p_1 =\dfrac{1}{3}\cdot \dfrac{100}{[var=m1]} = [var=ans1]$.&lt;br /&gt;
$p_2 =\dfrac{1}{3}\cdot \dfrac{100}{[var=m2]} =[var=ans2]$.&lt;br /&gt;
$p_3 = \dfrac{1}{3}\cdot \dfrac{100}{[var=m3]}=[var=ans3]$.</defaultFeedback>
      <correctAnswerRules id="40">
        <Rule id="41">
          <name>CorrectAnswer1</name>
          <orderIndex>1</orderIndex>
          <validationExpression id="42">
            <code>!isEmpty([input=field1])&amp;&amp;isRealNumber([input=field1])&amp;&amp;!isEmpty([input=field2])&amp;&amp;isRealNumber([input=field2])&amp;&amp;!isEmpty([input=field3])&amp;&amp;isRealNumber([input=field3])&amp;&amp;[input=field1]&gt;[var=ans1]-0.0011&amp;&amp;[input=field1]&lt;[var=ans1]+0.0011&amp;&amp;[input=field2]&gt;[var=ans2]-0.0011&amp;&amp;[input=field2]&lt;[var=ans2]+0.0011&amp;&amp;[input=field3]&gt;[var=ans3]-0.0011&amp;&amp;[input=field3]&lt;[var=ans3]+0.0011</code>
            <domain>MATH</domain>
          </validationExpression>
          <points>0</points>
          <terminal>false</terminal>
        </Rule>
      </correctAnswerRules>
      <correctAnswerFeedback>Richtig.</correctAnswerFeedback>
      <defaultResult>0</defaultResult>
    </FillInStage>
  </stages>
  <startStage class="FillInStage" reference="6"/>
  <variableDeclarations id="43">
    <VariableDeclaration id="44">
      <name>m1</name>
      <initializationCode id="45">
        <code>randomIntegerBetween(200,5000)</code>
        <domain>MATH</domain>
      </initializationCode>
    </VariableDeclaration>
    <VariableDeclaration id="46">
      <name>m2</name>
      <initializationCode id="47">
        <code>randomIntegerBetween(500,4000)</code>
        <domain>MATH</domain>
      </initializationCode>
    </VariableDeclaration>
    <VariableDeclaration id="48">
      <name>m3</name>
      <initializationCode id="49">
        <code>evaluateInR(&apos;10000-[var=m1]-[var=m2]&apos;)</code>
        <domain>MATH</domain>
      </initializationCode>
    </VariableDeclaration>
    <VariableDeclaration id="50">
      <name>ans1</name>
      <initializationCode id="51">
        <code>evaluateInR(&apos;round((1/3)*(100/([var=m1])), 4)&apos;)</code>
        <domain>MATH</domain>
      </initializationCode>
    </VariableDeclaration>
    <VariableDeclaration id="52">
      <name>ans2</name>
      <initializationCode id="53">
        <code>evaluateInR(&apos;round((1/3)*(100/([var=m2])), 4)&apos;)</code>
        <domain>MATH</domain>
      </initializationCode>
    </VariableDeclaration>
    <VariableDeclaration id="54">
      <name>ans3</name>
      <initializationCode id="55">
        <code>evaluateInR(&apos;round((1/3)*(100/([var=m3])), 4)&apos;)</code>
        <domain>MATH</domain>
      </initializationCode>
    </VariableDeclaration>
  </variableDeclarations>
  <jSXGraphs id="56"/>
  <dynamicMolecules id="57"/>
  <resultFeedbackMappings id="58"/>
</Exercise>