<Exercise id="1">
  <name>IS07-01 Verteilungen stetiger Zufallsvariablen 1</name>
  <publicDescription></publicDescription>
  <internalNotes>R Standardnormalverteilung

1.Stage: mit R P(X&lt;x)
2.Stage: mit R P(x1 &lt; X &lt; x2)
3.Stage: Quantil rückwärts bestimmen

Die  Materialien sind lizenziert unter CC BY-NC-SA 4.0. Eine Kopie dieser Lizenz finden Sie unter http://creativecommons.org/licenses/by-nc-sa/4.0/

The materials are licensed under CC BY-NC-SA 4.0. You can find a copy of this license at http://creativecommons.org/licenses/by-nc-sa/4.0/</internalNotes>
  <language>de</language>
  <difficulty>2</difficulty>
  <tags id="2">
    <Tag id="3">
      <name>IndStat</name>
    </Tag>
  </tags>
  <resources id="4"/>
  <stages id="5">
    <FillInStage id="6">
      <internalName>1</internalName>
      <externalName>Stage 1</externalName>
      <taskDescription>&lt;strong&gt;Aufgabenstellung:&lt;/strong&gt;&lt;br /&gt;&#xd;
&lt;br /&gt;&#xd;
Die Zufallsvariable $Z$ ist standardnormalverteilt.&lt;br /&gt;&#xd;
&lt;br /&gt;&#xd;
Bestimmen Sie:&lt;br /&gt;&#xd;
&lt;br /&gt;&#xd;
$P(Z\leq [var=$quest1])$&amp;nbsp;&lt;br /&gt;&#xd;
&lt;br /&gt;&#xd;
&lt;strong&gt;Einreichung:&lt;/strong&gt; &lt;input name=&quot;field1&quot; size=&quot;6&quot; type=&quot;text&quot; value=&quot;field1&quot; /&gt;&amp;nbsp;&lt;br /&gt;&#xd;
&lt;br /&gt;&#xd;
&lt;em&gt;(Runden Sie, falls n&amp;ouml;tig, auf die vierte Nachkommastelle und verwenden Sie einen Dezimalpunkt.)&lt;/em&gt;&#xd;
&lt;p&gt;&lt;a href=&quot;https://rdrr.io/snippets/embed/&quot; onclick=&quot;window.open(&apos;https://rdrr.io/snippets/embed/?code=&apos;,&apos;R Console&apos;,&apos; margin-top: 20px; top=200,left=100,width=480,height=640,menubar=no,toolbar=no,&apos;); return false;&quot; target=&quot;_blank&quot;&gt;&lt;img alt=&quot;R_ Logo&quot; pull-right=&quot;&quot; src=&quot;/econometrics/resource?resource=157444&quot; style=&quot;width: 40px; height: 50px; float: right; margin: 5px&quot; /&gt;&lt;/a&gt;&lt;/p&gt;&#xd;
</taskDescription>
      <skipMessage>$\verb|pnorm([var=quest1], 0, 1)|=[var=ansa].$</skipMessage>
      <defaultTransition id="7">
        <conditionExpression id="8">
          <domain>MATH</domain>
        </conditionExpression>
        <stageExpression id="9">
          <domain>MATH</domain>
        </stageExpression>
        <isRepeat>true</isRepeat>
      </defaultTransition>
      <skipTransitions id="10">
        <StageTransition id="11">
          <conditionExpression id="12">
            <code></code>
            <domain>MATH</domain>
          </conditionExpression>
          <stageExpression id="13">
            <domain>MATH</domain>
          </stageExpression>
          <targetStage class="FillInStage" id="14">
            <internalName>2</internalName>
            <externalName>Stage 2</externalName>
            <taskDescription>&lt;strong&gt;Aufgabenstellung:&lt;/strong&gt;&lt;br /&gt;&#xd;
&lt;br /&gt;&#xd;
Berechnen Sie:&lt;br /&gt;&#xd;
&lt;br /&gt;&#xd;
$P([var=quest1b1]\leq Z\leq [var=quest1b2])$&lt;br /&gt;&#xd;
&lt;br /&gt;&#xd;
Einreichung:&amp;nbsp;&amp;nbsp;&lt;input name=&quot;field1&quot; size=&quot;6&quot; type=&quot;text&quot; value=&quot;field1&quot; /&gt;&amp;nbsp;&lt;br /&gt;&#xd;
&lt;br /&gt;&#xd;
&lt;em&gt;(Runden Sie, falls n&amp;ouml;tig, auf die vierte Nachkommastelle und verwenden Sie einen Dezimalpunkt.)&lt;/em&gt;&#xd;
&lt;p&gt;&lt;a href=&quot;https://rdrr.io/snippets/embed/&quot; onclick=&quot;window.open(&apos;https://rdrr.io/snippets/embed/?code=&apos;,&apos;R Console&apos;,&apos; margin-top: 20px; top=200,left=100,width=480,height=640,menubar=no,toolbar=no,&apos;); return false;&quot; target=&quot;_blank&quot;&gt;&lt;img alt=&quot;R_ Logo&quot; pull-right=&quot;&quot; src=&quot;/econometrics/resource?resource=157444&quot; style=&quot;width: 40px; height: 50px; float: right; margin: 5px&quot; /&gt;&lt;/a&gt;&lt;/p&gt;&#xd;
</taskDescription>
            <skipMessage>$P([var=quest1b1]\leq Z\leq [var=quest1b2])=[var=ansb].$&lt;br /&gt;
$\verb|pnorm([var=quest1b2], 0, 1)-pnorm([var=quest1b1], 0, 1)|=[var=ansb].$</skipMessage>
            <defaultTransition id="15">
              <conditionExpression id="16">
                <domain>MATH</domain>
              </conditionExpression>
              <stageExpression id="17">
                <domain>MATH</domain>
              </stageExpression>
              <isRepeat>true</isRepeat>
            </defaultTransition>
            <skipTransitions id="18">
              <StageTransition id="19">
                <conditionExpression id="20">
                  <code></code>
                  <domain>MATH</domain>
                </conditionExpression>
                <stageExpression id="21">
                  <domain>MATH</domain>
                </stageExpression>
                <targetStage class="FillInStage" id="22">
                  <internalName>3</internalName>
                  <externalName>Stage 3</externalName>
                  <taskDescription>&lt;strong&gt;Aufgabenstellung:&lt;/strong&gt;&lt;br /&gt;&#xd;
&lt;br /&gt;&#xd;
Bestimmen Sie das folgende Quantil:&lt;br /&gt;&#xd;
&lt;br /&gt;&#xd;
$z_{[var=$quec]}$&lt;br /&gt;&#xd;
&lt;br /&gt;&#xd;
&lt;strong&gt;Einreichung:&lt;/strong&gt; &lt;input name=&quot;field1&quot; size=&quot;6&quot; type=&quot;text&quot; value=&quot;field1&quot; /&gt;&amp;nbsp;&lt;br /&gt;&#xd;
&lt;br /&gt;&#xd;
&lt;em&gt;(Runden Sie, falls n&amp;ouml;tig, auf die zweite Nachkommastelle und verwenden Sie einen Dezimalpunkt.)&lt;/em&gt;&#xd;
&lt;p&gt;&lt;a href=&quot;https://rdrr.io/snippets/embed/&quot; onclick=&quot;window.open(&apos;https://rdrr.io/snippets/embed/?code=&apos;,&apos;R Console&apos;,&apos; margin-top: 20px; top=200,left=100,width=480,height=640,menubar=no,toolbar=no,&apos;); return false;&quot; target=&quot;_blank&quot;&gt;&lt;img alt=&quot;R_ Logo&quot; pull-right=&quot;&quot; src=&quot;/econometrics/resource?resource=157444&quot; style=&quot;width: 40px; height: 50px; float: right; margin: 5px&quot; /&gt;&lt;/a&gt;&lt;/p&gt;&#xd;
</taskDescription>
                  <skipMessage>$z_{[var=quec]}=[var=ansc].$&lt;br /&gt;
$\verb|qnorm([var=quec], 0, 1)|=[var=ansc].$</skipMessage>
                  <defaultTransition id="23">
                    <conditionExpression id="24">
                      <domain>MATH</domain>
                    </conditionExpression>
                    <stageExpression id="25">
                      <domain>MATH</domain>
                    </stageExpression>
                    <isRepeat>true</isRepeat>
                  </defaultTransition>
                  <skipTransitions id="26">
                    <StageTransition id="27">
                      <conditionExpression id="28">
                        <code></code>
                        <domain>MATH</domain>
                      </conditionExpression>
                      <stageExpression id="29">
                        <domain>MATH</domain>
                      </stageExpression>
                      <isRepeat>false</isRepeat>
                    </StageTransition>
                  </skipTransitions>
                  <stageTransitions id="30">
                    <StageTransition id="31">
                      <conditionExpression id="32">
                        <code></code>
                        <domain>MATH</domain>
                      </conditionExpression>
                      <stageExpression id="33">
                        <code>[meta=stageCurrentResult]&gt;=100</code>
                        <domain>MATH</domain>
                      </stageExpression>
                      <isRepeat>false</isRepeat>
                    </StageTransition>
                  </stageTransitions>
                  <hints id="34">
                    <StageHint id="35">
                      <stagehint__order>0</stagehint__order>
                      <text>Sie suchen also nun den Wert, f&amp;uuml;r den die Verteilungsfunktion der Standardnormalverteilung $[var=quec]$ ergibt.&lt;br /&gt;
Nutzen Sie R zur Berechnung:&lt;br /&gt;
$\verb|qnorm(p, mean, sd)|$ mit $\verb|p=[var=quec]|$, $\verb|mean=|\mu$ und $\verb|sd=|\sigma$.</text>
                      <malus>0</malus>
                      <stage class="FillInStage" reference="22"/>
                    </StageHint>
                  </hints>
                  <variableUpdatesOnEnter id="36"/>
                  <variableUpdatesBeforeCheck id="37"/>
                  <variableUpdatesAfterCheck id="38"/>
                  <variableUpdatesOnNormalExit id="39"/>
                  <variableUpdatesOnRepeat id="40"/>
                  <variableUpdatesOnSkip id="41"/>
                  <weight>1</weight>
                  <orderIndex>2</orderIndex>
                  <allowSkip>true</allowSkip>
                  <resources id="42"/>
                  <rules id="43"/>
                  <fillInFields id="44">
                    <FillInField id="45">
                      <name>field1</name>
                      <orderIndex>0</orderIndex>
                      <size>6</size>
                      <formularEditorType>NUMBER</formularEditorType>
                    </FillInField>
                  </fillInFields>
                  <dropDownFields id="46"/>
                  <formularEditorPalette>MATHDOX_FORMULAR_EDITOR_BASIC</formularEditorPalette>
                  <defaultFeedback>Leider nicht korrekt.&lt;br /&gt;
&lt;br /&gt;
$z_{[var=quec]}=[var=ansc].$&lt;br /&gt;
$\verb|qnorm([var=quec], 0, 1)|=[var=ansc].$</defaultFeedback>
                  <correctAnswerRules id="47">
                    <Rule id="48">
                      <name>CorrectAnswer1</name>
                      <orderIndex>1</orderIndex>
                      <validationExpression id="49">
                        <code>!isEmpty([input=field1])&amp;&amp;isRealNumber([input=field1])&amp;&amp;[input=field1]&gt;[var=ansc]-0.011&amp;&amp;[input=field1]&lt;[var=ansc]+0.011</code>
                        <domain>MATH</domain>
                      </validationExpression>
                      <points>0</points>
                      <terminal>false</terminal>
                    </Rule>
                  </correctAnswerRules>
                  <correctAnswerFeedback>Richtig.</correctAnswerFeedback>
                  <defaultResult>0</defaultResult>
                </targetStage>
                <isRepeat>false</isRepeat>
              </StageTransition>
            </skipTransitions>
            <stageTransitions id="50">
              <StageTransition id="51">
                <conditionExpression id="52">
                  <code></code>
                  <domain>MATH</domain>
                </conditionExpression>
                <stageExpression id="53">
                  <code>[meta=stageCurrentResult]&gt;=100</code>
                  <domain>MATH</domain>
                </stageExpression>
                <targetStage class="FillInStage" reference="22"/>
                <isRepeat>false</isRepeat>
              </StageTransition>
            </stageTransitions>
            <hints id="54">
              <StageHint id="55">
                <stagehint__order>0</stagehint__order>
                <text>Es gilt:&lt;br /&gt;
$P([var=quest1b1]\leq Z\leq [var=quest1b2]) = P(Z \leq [var=quest1b2])-P(Z \leq [var=quest1b1])$.&lt;br /&gt;
Nutzen Sie R zur Berechnung der Wahrscheinlichkeit:&lt;br /&gt;
$\verb|pnorm([var=quest1b2], mean, sd)-pnorm([var=quest1b1], mean, sd)|$ mit $\verb|mean=|\mu$ und $\verb|sd=|\sigma$.</text>
                <malus>0</malus>
                <stage class="FillInStage" reference="14"/>
              </StageHint>
            </hints>
            <variableUpdatesOnEnter id="56"/>
            <variableUpdatesBeforeCheck id="57"/>
            <variableUpdatesAfterCheck id="58"/>
            <variableUpdatesOnNormalExit id="59"/>
            <variableUpdatesOnRepeat id="60"/>
            <variableUpdatesOnSkip id="61"/>
            <weight>1</weight>
            <orderIndex>1</orderIndex>
            <allowSkip>true</allowSkip>
            <resources id="62"/>
            <rules id="63"/>
            <fillInFields id="64">
              <FillInField id="65">
                <name>field1</name>
                <orderIndex>0</orderIndex>
                <size>6</size>
                <formularEditorType>NUMBER</formularEditorType>
              </FillInField>
            </fillInFields>
            <dropDownFields id="66"/>
            <formularEditorPalette>MATHDOX_FORMULAR_EDITOR_BASIC</formularEditorPalette>
            <defaultFeedback>Leider nicht korrekt.&lt;br /&gt;
&lt;br /&gt;
$P([var=quest1b1]\leq Z\leq [var=quest1b2])=[var=ansb].$&lt;br /&gt;
$\verb|pnorm([var=quest1b2], 0, 1)-pnorm([var=quest1b1], 0, 1)|=[var=ansb].$</defaultFeedback>
            <correctAnswerRules id="67">
              <Rule id="68">
                <name>CorrectAnswer1</name>
                <orderIndex>1</orderIndex>
                <validationExpression id="69">
                  <code>!isEmpty([input=field1])&amp;&amp;isRealNumber([input=field1])&amp;&amp;[input=field1]&gt;[var=ansb]-0.0011&amp;&amp;[input=field1]&lt;[var=ansb]+0.0011</code>
                  <domain>MATH</domain>
                </validationExpression>
                <points>0</points>
                <terminal>false</terminal>
              </Rule>
            </correctAnswerRules>
            <correctAnswerFeedback>Richtig.</correctAnswerFeedback>
            <defaultResult>0</defaultResult>
          </targetStage>
          <isRepeat>false</isRepeat>
        </StageTransition>
      </skipTransitions>
      <stageTransitions id="70">
        <StageTransition id="71">
          <conditionExpression id="72">
            <code></code>
            <domain>MATH</domain>
          </conditionExpression>
          <stageExpression id="73">
            <code>[meta=stageCurrentResult]&gt;=100</code>
            <domain>MATH</domain>
          </stageExpression>
          <targetStage class="FillInStage" reference="14"/>
          <isRepeat>false</isRepeat>
        </StageTransition>
      </stageTransitions>
      <hints id="74">
        <StageHint id="75">
          <stagehint__order>0</stagehint__order>
          <text>Nutzen Sie R zur Berechnung der Wahrscheinlichkeit:&lt;br /&gt;
$\verb|pnorm(q, mean, sd)|$ mit $\verb|q=[var=quest1]|$, $\verb|mean=|\mu$ und $\verb|sd=|\sigma$.&lt;br /&gt;
&lt;br /&gt;
(Es ist ein weiterer Hinweis vorhanden.)</text>
          <malus>0</malus>
          <stage class="FillInStage" reference="6"/>
        </StageHint>
        <StageHint id="76">
          <stagehint__order>1</stagehint__order>
          <text>  Bei einer standardnormalverteilten Zufallsvariable gilt: $Z\sim N(\mu=0,\sigma=1)$.
    </text>
          <malus>0</malus>
          <stage class="FillInStage" reference="6"/>
        </StageHint>
      </hints>
      <variableUpdatesOnEnter id="77"/>
      <variableUpdatesBeforeCheck id="78"/>
      <variableUpdatesAfterCheck id="79"/>
      <variableUpdatesOnNormalExit id="80"/>
      <variableUpdatesOnRepeat id="81"/>
      <variableUpdatesOnSkip id="82"/>
      <weight>1</weight>
      <orderIndex>0</orderIndex>
      <allowSkip>true</allowSkip>
      <resources id="83"/>
      <rules id="84"/>
      <fillInFields id="85">
        <FillInField id="86">
          <name>field1</name>
          <orderIndex>0</orderIndex>
          <size>6</size>
          <formularEditorType>NUMBER</formularEditorType>
        </FillInField>
      </fillInFields>
      <dropDownFields id="87"/>
      <formularEditorPalette>MATHDOX_FORMULAR_EDITOR_BASIC</formularEditorPalette>
      <defaultFeedback>Leider nicht korrekt.&lt;br /&gt;
&lt;br /&gt;
$\verb|pnorm([var=quest1], 0, 1)|=[var=ansa].$</defaultFeedback>
      <correctAnswerRules id="88">
        <Rule id="89">
          <name>CorrectAnswer1</name>
          <orderIndex>1</orderIndex>
          <validationExpression id="90">
            <code>!isEmpty([input=field1])&amp;&amp;isRealNumber([input=field1])&amp;&amp;[input=field1]&gt;[var=ansa]-0.0002&amp;&amp;[input=field1]&lt;[var=ansa]+0.0002</code>
            <domain>MATH</domain>
          </validationExpression>
          <points>0</points>
          <terminal>false</terminal>
        </Rule>
      </correctAnswerRules>
      <correctAnswerFeedback>Richtig.</correctAnswerFeedback>
      <defaultResult>0</defaultResult>
    </FillInStage>
    <FillInStage reference="14"/>
    <FillInStage reference="22"/>
  </stages>
  <startStage class="FillInStage" reference="6"/>
  <variableDeclarations id="91">
    <VariableDeclaration id="92">
      <name>lambda</name>
      <initializationCode id="93">
        <code>randomIntegerBetween(-300,300)</code>
        <domain>MATH</domain>
      </initializationCode>
    </VariableDeclaration>
    <VariableDeclaration id="94">
      <name>lambdac</name>
      <initializationCode id="95">
        <code>evaluateInR(&apos;([var=lambda])/100&apos;)</code>
        <domain>MATH</domain>
      </initializationCode>
    </VariableDeclaration>
    <VariableDeclaration id="96">
      <name>quest1</name>
      <initializationCode id="97">
        <code>evaluateInR(&apos;round([var=lambdac], 2)&apos;)</code>
        <domain>MATH</domain>
      </initializationCode>
    </VariableDeclaration>
    <VariableDeclaration id="98">
      <name>ansau</name>
      <initializationCode id="99">
        <code>evaluateInR(&apos;pnorm([var=quest1])&apos;)</code>
        <domain>MATH</domain>
      </initializationCode>
    </VariableDeclaration>
    <VariableDeclaration id="100">
      <name>ansa</name>
      <initializationCode id="101">
        <code>evaluateInR(&apos;round([var=ansau], 4)&apos;)</code>
        <domain>MATH</domain>
      </initializationCode>
    </VariableDeclaration>
    <VariableDeclaration id="102">
      <name>lambdab1</name>
      <initializationCode id="103">
        <code>randomIntegerBetween(-100,50)</code>
        <domain>MATH</domain>
      </initializationCode>
    </VariableDeclaration>
    <VariableDeclaration id="104">
      <name>lambdacb1</name>
      <initializationCode id="105">
        <code>evaluateInR(&apos;([var=lambdab1])/100&apos;)</code>
        <domain>MATH</domain>
      </initializationCode>
    </VariableDeclaration>
    <VariableDeclaration id="106">
      <name>quest1b1</name>
      <initializationCode id="107">
        <code>evaluateInR(&apos;round([var=lambdacb1], 2)&apos;)</code>
        <domain>MATH</domain>
      </initializationCode>
    </VariableDeclaration>
    <VariableDeclaration id="108">
      <name>lambdab2</name>
      <initializationCode id="109">
        <code>randomIntegerBetween(80,180)</code>
        <domain>MATH</domain>
      </initializationCode>
    </VariableDeclaration>
    <VariableDeclaration id="110">
      <name>lambdacb2</name>
      <initializationCode id="111">
        <code>evaluateInR(&apos;([var=lambdab2])/100&apos;)</code>
        <domain>MATH</domain>
      </initializationCode>
    </VariableDeclaration>
    <VariableDeclaration id="112">
      <name>quest1b2</name>
      <initializationCode id="113">
        <code>evaluateInR(&apos;round([var=lambdacb2], 2)&apos;)</code>
        <domain>MATH</domain>
      </initializationCode>
    </VariableDeclaration>
    <VariableDeclaration id="114">
      <name>ansbu</name>
      <initializationCode id="115">
        <code>evaluateInR(&apos;pnorm([var=quest1b2])-pnorm([var=quest1b1])&apos;)</code>
        <domain>MATH</domain>
      </initializationCode>
    </VariableDeclaration>
    <VariableDeclaration id="116">
      <name>ansb</name>
      <initializationCode id="117">
        <code>evaluateInR(&apos;round([var=ansbu], 4)&apos;)</code>
        <domain>MATH</domain>
      </initializationCode>
    </VariableDeclaration>
    <VariableDeclaration id="118">
      <name>quec1</name>
      <initializationCode id="119">
        <code>randomIntegerBetween(1,99)</code>
        <domain>MATH</domain>
      </initializationCode>
    </VariableDeclaration>
    <VariableDeclaration id="120">
      <name>quec2</name>
      <initializationCode id="121">
        <code>evaluateInR(&apos;([var=quec1])/100&apos;)</code>
        <domain>MATH</domain>
      </initializationCode>
    </VariableDeclaration>
    <VariableDeclaration id="122">
      <name>quec</name>
      <initializationCode id="123">
        <code>evaluateInR(&apos;round([var=quec2], 2)&apos;)</code>
        <domain>MATH</domain>
      </initializationCode>
    </VariableDeclaration>
    <VariableDeclaration id="124">
      <name>anscu</name>
      <initializationCode id="125">
        <code>evaluateInR(&apos;qnorm([var=quec])&apos;)</code>
        <domain>MATH</domain>
      </initializationCode>
    </VariableDeclaration>
    <VariableDeclaration id="126">
      <name>ansc</name>
      <initializationCode id="127">
        <code>evaluateInR(&apos;round([var=anscu], 2)&apos;)</code>
        <domain>MATH</domain>
      </initializationCode>
    </VariableDeclaration>
  </variableDeclarations>
  <jSXGraphs id="128"/>
  <dynamicMolecules id="129"/>
  <resultFeedbackMappings id="130"/>
</Exercise>