<Exercise id="1">
  <name>IS07-11 Verteilungen stetiger Zufallsvariablen 11</name>
  <publicDescription></publicDescription>
  <internalNotes>Reproduktivitätseigenschaften der Normalverteilung

Die  Materialien sind lizenziert unter CC BY-NC-SA 4.0. Eine Kopie dieser Lizenz finden Sie unter http://creativecommons.org/licenses/by-nc-sa/4.0/

The materials are licensed under CC BY-NC-SA 4.0. You can find a copy of this license at http://creativecommons.org/licenses/by-nc-sa/4.0/</internalNotes>
  <language>de</language>
  <difficulty>2</difficulty>
  <tags id="2">
    <Tag id="3">
      <name>IndStat</name>
    </Tag>
    <Tag id="4">
      <name>TR_neu</name>
    </Tag>
    <Tag id="5">
      <name>TR</name>
    </Tag>
  </tags>
  <resources id="6"/>
  <stages id="7">
    <FillInStage id="8">
      <internalName>1</internalName>
      <externalName>Stage 1</externalName>
      <taskDescription>&lt;strong&gt;Aufgabenstellung:&lt;/strong&gt;&lt;br /&gt;&#xd;
&lt;br /&gt;&#xd;
Seien $X_1,\ldots,X_{[var=$n]}$ unabh&amp;auml;ngige, identisch $N([var=mu],[var=sigmasq])$-verteilte Zufallsvariablen.&lt;br /&gt;&#xd;
Bestimmen Sie die Parameter der Normalverteilung von&lt;br /&gt;&#xd;
&lt;br /&gt;&#xd;
$S:=\sum_{i=1}^{[var=n]}[var=lambda]^i X_i$&lt;br /&gt;&#xd;
&lt;br /&gt;&#xd;
&lt;strong&gt;Einreichung:&lt;/strong&gt;&lt;br /&gt;&#xd;
&lt;br /&gt;&#xd;
$S \sim N($&amp;nbsp;&lt;input name=&quot;field1&quot; size=&quot;6&quot; type=&quot;text&quot; value=&quot;field1&quot; /&gt;&amp;nbsp;,&amp;nbsp;&lt;input name=&quot;field2&quot; size=&quot;6&quot; type=&quot;text&quot; value=&quot;field2&quot; /&gt;&amp;nbsp;)&lt;br /&gt;&#xd;
&lt;br /&gt;&#xd;
&lt;em&gt;(Runden Sie, falls n&amp;ouml;tig, auf die vierte Nachkommastelle und verwenden Sie einen Dezimalpunkt.)&lt;/em&gt;&#xd;
&lt;p&gt;&lt;a href=&quot;https://webrtaschenrechner.netlify.app/&quot; onclick=&quot;window.open(&apos;https://webrtaschenrechner.netlify.app/&apos;,&apos;R Console&apos;,&apos;top=320, left=1525, width=400,height=600,menubar=no,toolbar=no,&apos;); return false;&quot; target=&quot;_blank&quot;&gt;&lt;img alt=&quot;R_ Logo&quot; pull-right=&quot;&quot; src=&quot;/econometrics/resource?resource=157444&quot; style=&quot;width: 40px; height: 50px; float: right; margin: 5px&quot; /&gt;&lt;/a&gt;&lt;/p&gt;</taskDescription>
      <skipMessage>Der neue Erwartungswert ist: $\mu = [var=lambda]^1\cdot[var=mu] + \ldots + [var=lambda]^{[var=n]}\cdot[var=mu] = \left([var=lambda]^1 + \ldots +[var=lambda]^{[var=n]}\right)\cdot[var=mu] = [var=sol1].$&lt;br /&gt;
&lt;br /&gt;
Die neue Varianz ist: $\sigma^2 = ([var=lambda]^1)^2\cdot[var=sigmasq] + \ldots + ([var=lambda]^{[var=n]})^2\cdot[var=sigmasq] = \left([var=lambda]^2 + [var=lambda]^4 + \ldots + [var=lambda]^{2\cdot[var=n]}\right)\cdot[var=sigmasq] = [var=sol2].$&lt;br /&gt;
&lt;br /&gt;
Insgesamt gilt also: $S \sim N([var=sol1],[var=sol2])$.</skipMessage>
      <defaultTransition id="9">
        <conditionExpression id="10">
          <domain>MATH</domain>
        </conditionExpression>
        <stageExpression id="11">
          <domain>MATH</domain>
        </stageExpression>
        <isRepeat>true</isRepeat>
      </defaultTransition>
      <skipTransitions id="12">
        <StageTransition id="13">
          <conditionExpression id="14">
            <code></code>
            <domain>MATH</domain>
          </conditionExpression>
          <stageExpression id="15">
            <domain>MATH</domain>
          </stageExpression>
          <isRepeat>false</isRepeat>
        </StageTransition>
      </skipTransitions>
      <stageTransitions id="16">
        <StageTransition id="17">
          <conditionExpression id="18">
            <code></code>
            <domain>MATH</domain>
          </conditionExpression>
          <stageExpression id="19">
            <code>[meta=stageCurrentResult]&gt;=100</code>
            <domain>MATH</domain>
          </stageExpression>
          <isRepeat>false</isRepeat>
        </StageTransition>
      </stageTransitions>
      <hints id="20">
        <StageHint id="21">
          <stagehint__order>0</stagehint__order>
          <text>Beachten Sie die Reproduktivit&amp;auml;tseigenschaften der Normalverteilung.&lt;br /&gt;
&lt;br /&gt;
(Es ist ein weiterer Hinweis vorhanden.)</text>
          <malus>0</malus>
          <stage class="FillInStage" reference="8"/>
        </StageHint>
        <StageHint id="22">
          <stagehint__order>1</stagehint__order>
          <text>Seien $X_1,\ldots,X_{[var=n]}$ unabh&amp;auml;ngige, $N(\mu_i,\sigma^2_i)$-verteilte Zufallsvariablen.&lt;br /&gt;
&lt;br /&gt;
Dann gilt im Allgemeinen f&amp;uuml;r $Y= \lambda_1X_1 + \ldots + \lambda_{[var=n]}X_{[var=n]}$: $ Y \sim N(\sum_{i=1}^{[var=n]} \lambda_i\mu_i, \sum_{i=1}^{[var=n]} \lambda_i^2\sigma_i^2)$.&lt;br /&gt;
&lt;br /&gt;
Nun m&amp;uuml;ssen Sie die entsprechenden Werte f&amp;uuml;r die Variablen einsetzen und die Formulierung beachten.</text>
          <malus>0</malus>
          <stage class="FillInStage" reference="8"/>
        </StageHint>
      </hints>
      <variableUpdatesOnEnter id="23"/>
      <variableUpdatesBeforeCheck id="24"/>
      <variableUpdatesAfterCheck id="25"/>
      <variableUpdatesOnNormalExit id="26"/>
      <variableUpdatesOnRepeat id="27"/>
      <variableUpdatesOnSkip id="28"/>
      <weight>1</weight>
      <orderIndex>0</orderIndex>
      <allowSkip>true</allowSkip>
      <resources id="29"/>
      <rules id="30">
        <Rule id="31">
          <name>Feedback_2</name>
          <orderIndex>2</orderIndex>
          <validationExpression id="32">
            <code>!isEmpty([input=field2])&amp;&amp;isRealNumber([input=field2])&amp;&amp;[input=field2]&gt;[var=sol2]-0.0011&amp;&amp;[input=field2]&lt;[var=sol2]+0.0011</code>
            <domain>MATH</domain>
          </validationExpression>
          <feedbackText>Nur die Varianz richtig.</feedbackText>
          <points>50</points>
          <terminal>false</terminal>
        </Rule>
        <Rule id="33">
          <name>Feedback_1</name>
          <orderIndex>1</orderIndex>
          <validationExpression id="34">
            <code>!isEmpty([input=field1])&amp;&amp;isRealNumber([input=field1])&amp;&amp;[input=field1]&gt;[var=sol1]-0.0011&amp;&amp;[input=field1]&lt;[var=sol1]+0.0011</code>
            <domain>MATH</domain>
          </validationExpression>
          <feedbackText>Nur der Erwartungswert richtig.</feedbackText>
          <points>50</points>
          <terminal>false</terminal>
        </Rule>
      </rules>
      <fillInFields id="35">
        <FillInField id="36">
          <name>field2</name>
          <orderIndex>1</orderIndex>
          <size>6</size>
          <formularEditorType>NUMBER</formularEditorType>
        </FillInField>
        <FillInField id="37">
          <name>field1</name>
          <orderIndex>0</orderIndex>
          <size>6</size>
          <formularEditorType>NUMBER</formularEditorType>
        </FillInField>
      </fillInFields>
      <dropDownFields id="38"/>
      <formularEditorPalette>MATHDOX_FORMULAR_EDITOR_BASIC</formularEditorPalette>
      <defaultFeedback>Leider falsch.&lt;br /&gt;
&lt;br /&gt;
Der neue Erwartungswert ist: $\mu = [var=lambda]^1\cdot[var=mu] + \ldots + [var=lambda]^{[var=n]}\cdot[var=mu] = \left([var=lambda]^1 + \ldots +[var=lambda]^{[var=n]}\right)\cdot[var=mu] = [var=sol1].$&lt;br /&gt;
&lt;br /&gt;
Die neue Varianz ist: $\sigma^2 = ([var=lambda]^1)^2\cdot[var=sigmasq] + \ldots + ([var=lambda]^{[var=n]})^2\cdot[var=sigmasq] = \left([var=lambda]^2 + [var=lambda]^4 + \ldots + [var=lambda]^{2\cdot[var=n]}\right)\cdot[var=sigmasq] = [var=sol2].$&lt;br /&gt;
&lt;br /&gt;
Insgesamt gilt also: $S \sim N([var=sol1],[var=sol2])$.</defaultFeedback>
      <correctAnswerRules id="39">
        <Rule id="40">
          <name>CorrectAnswer1</name>
          <orderIndex>1</orderIndex>
          <validationExpression id="41">
            <code>!isEmpty([input=field1])&amp;&amp;isRealNumber([input=field1])&amp;&amp;!isEmpty([input=field2])&amp;&amp;isRealNumber([input=field2])&amp;&amp;[input=field1]&gt;[var=sol1]-0.0011&amp;&amp;[input=field1]&lt;[var=sol1]+0.0011&amp;&amp;[input=field2]&gt;[var=sol2]-0.0011&amp;&amp;[input=field2]&lt;[var=sol2]+0.0011</code>
            <domain>MATH</domain>
          </validationExpression>
          <points>0</points>
          <terminal>false</terminal>
        </Rule>
      </correctAnswerRules>
      <correctAnswerFeedback> Richtig! </correctAnswerFeedback>
      <defaultResult>0</defaultResult>
    </FillInStage>
  </stages>
  <startStage class="FillInStage" reference="8"/>
  <variableDeclarations id="42">
    <VariableDeclaration id="43">
      <name>n</name>
      <initializationCode id="44">
        <code>randomIntegerBetween(5,10)</code>
        <domain>MATH</domain>
      </initializationCode>
    </VariableDeclaration>
    <VariableDeclaration id="45">
      <name>mu</name>
      <initializationCode id="46">
        <code>randomIntegerBetween(-50,50)</code>
        <domain>MATH</domain>
      </initializationCode>
    </VariableDeclaration>
    <VariableDeclaration id="47">
      <name>sigma</name>
      <initializationCode id="48">
        <code>randomIntegerBetween(1,100)</code>
        <domain>MATH</domain>
      </initializationCode>
    </VariableDeclaration>
    <VariableDeclaration id="49">
      <name>sigmasq</name>
      <initializationCode id="50">
        <code>evaluateInR(&apos;[var=sigma]^2&apos;)</code>
        <domain>MATH</domain>
      </initializationCode>
    </VariableDeclaration>
    <VariableDeclaration id="51">
      <name>hilf</name>
      <initializationCode id="52">
        <code>randomIntegerBetween(10,90)</code>
        <domain>MATH</domain>
      </initializationCode>
    </VariableDeclaration>
    <VariableDeclaration id="53">
      <name>lambda</name>
      <initializationCode id="54">
        <code>evaluateInR(&apos;[var=hilf]/100&apos;)</code>
        <domain>MATH</domain>
      </initializationCode>
    </VariableDeclaration>
    <VariableDeclaration id="55">
      <name>sol1</name>
      <initializationCode id="56">
        <code>evaluateInR(&apos;round(10000*[var=mu]*([var=lambda]-[var=lambda]^([var=n]+1))/(1-[var=lambda]))/10000&apos;)</code>
        <domain>MATH</domain>
      </initializationCode>
    </VariableDeclaration>
    <VariableDeclaration id="57">
      <name>sol2</name>
      <initializationCode id="58">
        <code>evaluateInR(&apos;round(10000*[var=sigmasq]*([var=lambda]^2-[var=lambda]^(2*[var=n]+2))/(1-[var=lambda]^2))/10000&apos;)</code>
        <domain>MATH</domain>
      </initializationCode>
    </VariableDeclaration>
  </variableDeclarations>
  <jSXGraphs id="59"/>
  <dynamicMolecules id="60"/>
  <resultFeedbackMappings id="61"/>
</Exercise>