<Exercise id="1">
  <name>IS07-06 Verteilungen stetiger Zufallsvariablen 6</name>
  <publicDescription></publicDescription>
  <internalNotes>Normalverteilung
1.Stage P(X&gt;x)
2.Stage P(|X-mu|&lt; x) 
3.Stage P(X&lt;x) 
4.Stage Tschebyscheff

Die  Materialien sind lizenziert unter CC BY-NC-SA 4.0. Eine Kopie dieser Lizenz finden Sie unter http://creativecommons.org/licenses/by-nc-sa/4.0/

The materials are licensed under CC BY-NC-SA 4.0. You can find a copy of this license at http://creativecommons.org/licenses/by-nc-sa/4.0/</internalNotes>
  <language>de</language>
  <difficulty>3</difficulty>
  <tags id="2">
    <Tag id="3">
      <name>IndStat</name>
    </Tag>
    <Tag id="4">
      <name>TR_neu</name>
    </Tag>
    <Tag id="5">
      <name>TR</name>
    </Tag>
  </tags>
  <resources id="6"/>
  <stages id="7">
    <FillInStage id="8">
      <internalName>1</internalName>
      <externalName>Stage 1</externalName>
      <taskDescription>&lt;strong&gt;Aufgabenstellung:&lt;/strong&gt;&lt;br /&gt;&#xd;
&lt;br /&gt;&#xd;
Der Inhaber eines Kiosks glaubt, dass der Umsatz des n&amp;auml;chsten Jahres einer Normalverteilung folgt mit einem erwartetem Umsatz von $[var=mu]$&amp;euro; und einer Standardabweichung von $[var=sigma]$&amp;euro;.&lt;br /&gt;&#xd;
&lt;br /&gt;&#xd;
Wie gro&amp;szlig; ist die Wahrscheinlichkeit, dass die Ums&amp;auml;tze $[var=hilf0]$&amp;euro; &amp;uuml;bersteigen?&lt;br /&gt;&#xd;
&lt;br /&gt;&#xd;
&lt;strong&gt;Einreichung:&lt;/strong&gt; &lt;input name=&quot;field1&quot; size=&quot;6&quot; type=&quot;text&quot; value=&quot;field1&quot; /&gt;&amp;nbsp;&lt;br /&gt;&#xd;
&lt;br /&gt;&#xd;
&lt;em&gt;(Runden Sie, falls n&amp;ouml;tig, auf die vierte Nachkommastelle und verwenden Sie einen Dezimalpunkt.)&lt;/em&gt;&#xd;
&lt;p&gt;&lt;a href=&quot;https://webrtaschenrechner.netlify.app/&quot; onclick=&quot;window.open(&apos;https://webrtaschenrechner.netlify.app/&apos;,&apos;R Console&apos;,&apos;top=320, left=1525, width=400,height=600,menubar=no,toolbar=no,&apos;); return false;&quot; target=&quot;_blank&quot;&gt;&lt;img alt=&quot;R_ Logo&quot; pull-right=&quot;&quot; src=&quot;/econometrics/resource?resource=157444&quot; style=&quot;width: 40px; height: 50px; float: right; margin: 5px&quot; /&gt;&lt;/a&gt;&lt;/p&gt;</taskDescription>
      <skipMessage>$P(X&amp;gt;[var=hilf0]) = 1 - P(X\le [var=hilf0])=[var=rsol1]$.&lt;br /&gt;
$\verb|1-pnorm([var=hilf0], [var=mu], [var=sigma])| = [var=rsol1]$.</skipMessage>
      <defaultTransition id="9">
        <conditionExpression id="10">
          <domain>MATH</domain>
        </conditionExpression>
        <stageExpression id="11">
          <domain>MATH</domain>
        </stageExpression>
        <isRepeat>true</isRepeat>
      </defaultTransition>
      <skipTransitions id="12">
        <StageTransition id="13">
          <conditionExpression id="14">
            <code></code>
            <domain>MATH</domain>
          </conditionExpression>
          <stageExpression id="15">
            <domain>MATH</domain>
          </stageExpression>
          <targetStage class="FillInStage" id="16">
            <internalName>2</internalName>
            <externalName>Stage 2</externalName>
            <taskDescription>&lt;strong&gt;Aufgabenstellung:&lt;/strong&gt;&lt;br /&gt;&#xd;
&lt;br /&gt;&#xd;
Wie gro&amp;szlig; ist die Wahrscheinlichkeit, dass die Ums&amp;auml;tze um nicht mehr als $[var=hilf2]$&amp;euro; von dem erwarteten Umsatz abweichen?&lt;br /&gt;&#xd;
&lt;br /&gt;&#xd;
&lt;strong&gt;Einreichung:&lt;/strong&gt; &lt;input name=&quot;field1&quot; size=&quot;6&quot; type=&quot;text&quot; value=&quot;field1&quot; /&gt;&amp;nbsp;&lt;br /&gt;&#xd;
&lt;br /&gt;&#xd;
&lt;em&gt;(Runden Sie, falls n&amp;ouml;tig, auf die vierte Nachkommastelle und verwenden Sie einen Dezimalpunkt.)&lt;/em&gt;&#xd;
&lt;p&gt;&lt;a href=&quot;https://webrtaschenrechner.netlify.app/&quot; onclick=&quot;window.open(&apos;https://webrtaschenrechner.netlify.app/&apos;,&apos;R Console&apos;,&apos;top=320, left=1525, width=400,height=600,menubar=no,toolbar=no,&apos;); return false;&quot; target=&quot;_blank&quot;&gt;&lt;img alt=&quot;R_ Logo&quot; pull-right=&quot;&quot; src=&quot;/econometrics/resource?resource=157444&quot; style=&quot;width: 40px; height: 50px; float: right; margin: 5px&quot; /&gt;&lt;/a&gt;&lt;/p&gt;</taskDescription>
            <skipMessage>$P(\left|X-[var=mu]\right|)\le [var=hilf2])=[var=rsol2]$.&lt;br /&gt;
$\verb|pnorm([var=mu]+[var=hilf2], [var=mu], [var=sigma]) - pnorm([var=mu]-[var=hilf2], [var=mu], [var=sigma])| = [var=rsol2]$.</skipMessage>
            <defaultTransition id="17">
              <conditionExpression id="18">
                <domain>MATH</domain>
              </conditionExpression>
              <stageExpression id="19">
                <domain>MATH</domain>
              </stageExpression>
              <isRepeat>true</isRepeat>
            </defaultTransition>
            <skipTransitions id="20">
              <StageTransition id="21">
                <conditionExpression id="22">
                  <code></code>
                  <domain>MATH</domain>
                </conditionExpression>
                <stageExpression id="23">
                  <domain>MATH</domain>
                </stageExpression>
                <targetStage class="FillInStage" id="24">
                  <internalName>3</internalName>
                  <externalName>Stage 3</externalName>
                  <taskDescription>&lt;strong&gt;Aufgabenstellung:&lt;/strong&gt;&lt;br /&gt;&#xd;
&lt;br /&gt;&#xd;
Um die Fixkosten zu decken, m&amp;uuml;ssen die Ums&amp;auml;tze den Schwellenwert von $[var=hilf4]$&amp;euro; &amp;uuml;berschreiten. Wie gro&amp;szlig; ist die Wahrscheinlichkeit, dass die Fixkosten nicht gedeckt werden k&amp;ouml;nnen?&lt;br /&gt;&#xd;
&lt;br /&gt;&#xd;
&lt;strong&gt;Einreichung:&lt;/strong&gt; &lt;input name=&quot;field1&quot; size=&quot;6&quot; type=&quot;text&quot; value=&quot;field1&quot; /&gt;&amp;nbsp;&lt;br /&gt;&#xd;
&lt;br /&gt;&#xd;
&lt;em&gt;(Runden Sie, falls n&amp;ouml;tig, auf die vierte Nachkommastelle und verwenden Sie einen Dezimalpunkt.)&lt;/em&gt;&#xd;
&lt;p&gt;&lt;a href=&quot;https://webrtaschenrechner.netlify.app/&quot; onclick=&quot;window.open(&apos;https://webrtaschenrechner.netlify.app/&apos;,&apos;R Console&apos;,&apos;top=320, left=1525, width=400,height=600,menubar=no,toolbar=no,&apos;); return false;&quot; target=&quot;_blank&quot;&gt;&lt;img alt=&quot;R_ Logo&quot; pull-right=&quot;&quot; src=&quot;/econometrics/resource?resource=157444&quot; style=&quot;width: 40px; height: 50px; float: right; margin: 5px&quot; /&gt;&lt;/a&gt;&lt;/p&gt;</taskDescription>
                  <skipMessage>$P(X\le[var=hilf4])=[var=rsol3].$&lt;br /&gt;
$\verb|pnorm([var=hilf4], [var=mu], [var=sigma])| = [var=rsol3].$</skipMessage>
                  <defaultTransition id="25">
                    <conditionExpression id="26">
                      <domain>MATH</domain>
                    </conditionExpression>
                    <stageExpression id="27">
                      <domain>MATH</domain>
                    </stageExpression>
                    <isRepeat>true</isRepeat>
                  </defaultTransition>
                  <skipTransitions id="28">
                    <StageTransition id="29">
                      <conditionExpression id="30">
                        <code></code>
                        <domain>MATH</domain>
                      </conditionExpression>
                      <stageExpression id="31">
                        <domain>MATH</domain>
                      </stageExpression>
                      <targetStage class="FillInStage" id="32">
                        <internalName>4</internalName>
                        <externalName>Stage 4</externalName>
                        <taskDescription>&lt;strong&gt;Aufgabenstellung:&lt;/strong&gt;&lt;br /&gt;&#xd;
&lt;br /&gt;&#xd;
Welcher Wert ergibt sich, wenn die in Frage $2$ zu ermittelnde Wahrscheinlichkeit mit der Tschebyscheff-Ungleichung gesch&amp;auml;tzt wird?&lt;br /&gt;&#xd;
&lt;br /&gt;&#xd;
&lt;strong&gt;Einreichung:&lt;/strong&gt; &lt;input name=&quot;field1&quot; size=&quot;6&quot; type=&quot;text&quot; value=&quot;field1&quot; /&gt;&amp;nbsp;&lt;br /&gt;&#xd;
&lt;br /&gt;&#xd;
&lt;em&gt;(Runden Sie, falls n&amp;ouml;tig, auf die vierte Nachkommastelle und verwenden Sie einen Dezimalpunkt.)&lt;/em&gt;&#xd;
&lt;p&gt;&lt;a href=&quot;https://webrtaschenrechner.netlify.app/&quot; onclick=&quot;window.open(&apos;https://webrtaschenrechner.netlify.app/&apos;,&apos;R Console&apos;,&apos;top=320, left=1525, width=400,height=600,menubar=no,toolbar=no,&apos;); return false;&quot; target=&quot;_blank&quot;&gt;&lt;img alt=&quot;R_ Logo&quot; pull-right=&quot;&quot; src=&quot;/econometrics/resource?resource=157444&quot; style=&quot;width: 40px; height: 50px; float: right; margin: 5px&quot; /&gt;&lt;/a&gt;&lt;/p&gt;</taskDescription>
                        <skipMessage>$P(\left|X-[var=mu]\right|)\le [var=hilf2]) \ge 1 - \frac{[var=sigma]^2}{[var=hilf2]^2}= [var=rsol4]$.</skipMessage>
                        <defaultTransition id="33">
                          <conditionExpression id="34">
                            <domain>MATH</domain>
                          </conditionExpression>
                          <stageExpression id="35">
                            <domain>MATH</domain>
                          </stageExpression>
                          <isRepeat>true</isRepeat>
                        </defaultTransition>
                        <skipTransitions id="36">
                          <StageTransition id="37">
                            <conditionExpression id="38">
                              <code></code>
                              <domain>MATH</domain>
                            </conditionExpression>
                            <stageExpression id="39">
                              <domain>MATH</domain>
                            </stageExpression>
                            <isRepeat>false</isRepeat>
                          </StageTransition>
                        </skipTransitions>
                        <stageTransitions id="40">
                          <StageTransition id="41">
                            <conditionExpression id="42">
                              <code></code>
                              <domain>MATH</domain>
                            </conditionExpression>
                            <stageExpression id="43">
                              <code>[meta=stageCurrentResult]&gt;=100</code>
                              <domain>MATH</domain>
                            </stageExpression>
                            <isRepeat>false</isRepeat>
                          </StageTransition>
                        </stageTransitions>
                        <hints id="44">
                          <StageHint id="45">
                            <stagehint__order>0</stagehint__order>
                            <text>Gesucht ist eine Absch&amp;auml;tzung der folgenden W&amp;#39;keit $P(\left|X-[var=mu]\right|\le [var=hilf2]).$&lt;br /&gt;
&lt;br /&gt;
(Es ist ein weiterer Hinweis vorhanden.)</text>
                            <malus>0</malus>
                            <stage class="FillInStage" reference="32"/>
                          </StageHint>
                          <StageHint id="46">
                            <stagehint__order>1</stagehint__order>
                            <text>Die Ungleichung von Tschebyscheff besagt: $P(\left|X-[var=mu]\right|)\le c)\ge 1 - \frac{\sigma^2}{c^2}.$&lt;br /&gt;
Nun m&amp;uuml;ssen Sie nur noch die Werte f&amp;uuml;r $\sigma^2$ und $c^2$ einsetzen. Weiterhin gilt: $c=k \cdot \sigma$.</text>
                            <malus>0</malus>
                            <stage class="FillInStage" reference="32"/>
                          </StageHint>
                        </hints>
                        <variableUpdatesOnEnter id="47"/>
                        <variableUpdatesBeforeCheck id="48"/>
                        <variableUpdatesAfterCheck id="49"/>
                        <variableUpdatesOnNormalExit id="50"/>
                        <variableUpdatesOnRepeat id="51"/>
                        <variableUpdatesOnSkip id="52"/>
                        <weight>1</weight>
                        <orderIndex>3</orderIndex>
                        <allowSkip>true</allowSkip>
                        <resources id="53"/>
                        <rules id="54"/>
                        <fillInFields id="55">
                          <FillInField id="56">
                            <name>field1</name>
                            <orderIndex>0</orderIndex>
                            <size>6</size>
                            <formularEditorType>NUMBER</formularEditorType>
                          </FillInField>
                        </fillInFields>
                        <dropDownFields id="57"/>
                        <formularEditorPalette>MATHDOX_FORMULAR_EDITOR_BASIC</formularEditorPalette>
                        <defaultFeedback>Leider nicht korrekt.&lt;br /&gt;
&lt;br /&gt;
$P(\left|X-[var=mu]\right|)\le [var=hilf2]) \ge 1 - \frac{[var=sigma]^2}{[var=hilf2]^2}= [var=rsol4]$.</defaultFeedback>
                        <correctAnswerRules id="58">
                          <Rule id="59">
                            <name>CorrectAnswer1</name>
                            <orderIndex>1</orderIndex>
                            <validationExpression id="60">
                              <code>!isEmpty([input=field1])&amp;&amp;isRealNumber([input=field1])&amp;&amp;[input=field1]&gt;[var=rsol4]-0.0011&amp;&amp;[input=field1]&lt;[var=rsol4]+0.0011</code>
                              <domain>MATH</domain>
                            </validationExpression>
                            <points>0</points>
                            <terminal>false</terminal>
                          </Rule>
                        </correctAnswerRules>
                        <correctAnswerFeedback>Richtig.</correctAnswerFeedback>
                        <defaultResult>0</defaultResult>
                      </targetStage>
                      <isRepeat>false</isRepeat>
                    </StageTransition>
                  </skipTransitions>
                  <stageTransitions id="61">
                    <StageTransition id="62">
                      <conditionExpression id="63">
                        <code></code>
                        <domain>MATH</domain>
                      </conditionExpression>
                      <stageExpression id="64">
                        <code>[meta=stageCurrentResult]&gt;=100</code>
                        <domain>MATH</domain>
                      </stageExpression>
                      <targetStage class="FillInStage" reference="32"/>
                      <isRepeat>false</isRepeat>
                    </StageTransition>
                  </stageTransitions>
                  <hints id="65">
                    <StageHint id="66">
                      <stagehint__order>0</stagehint__order>
                      <text>&amp;Uuml;berlegen Sie sich zun&amp;auml;chst, welche W&amp;#39;keit gesucht ist.&lt;br /&gt;
&lt;br /&gt;
(Es ist ein weiterer Hinweis vorhanden.)</text>
                      <malus>0</malus>
                      <stage class="FillInStage" reference="24"/>
                    </StageHint>
                    <StageHint id="67">
                      <stagehint__order>1</stagehint__order>
                      <text>Gesucht ist $P(X \le [var=hilf4]).$&lt;br /&gt;
Die Berechnung &amp;uuml;ber R sieht wie folgt aus:&lt;br /&gt;
$\verb|pnorm(q, mean, sd)|$ mit $\verb|q=[var=hilf4]|$, $\verb|mean=[var=mu]|$ und $\verb|sd=[var=sigma]|$.</text>
                      <malus>0</malus>
                      <stage class="FillInStage" reference="24"/>
                    </StageHint>
                  </hints>
                  <variableUpdatesOnEnter id="68"/>
                  <variableUpdatesBeforeCheck id="69"/>
                  <variableUpdatesAfterCheck id="70"/>
                  <variableUpdatesOnNormalExit id="71"/>
                  <variableUpdatesOnRepeat id="72"/>
                  <variableUpdatesOnSkip id="73"/>
                  <weight>1</weight>
                  <orderIndex>2</orderIndex>
                  <allowSkip>true</allowSkip>
                  <resources id="74"/>
                  <rules id="75"/>
                  <fillInFields id="76">
                    <FillInField id="77">
                      <name>field1</name>
                      <orderIndex>0</orderIndex>
                      <size>6</size>
                      <formularEditorType>NUMBER</formularEditorType>
                    </FillInField>
                  </fillInFields>
                  <dropDownFields id="78"/>
                  <formularEditorPalette>MATHDOX_FORMULAR_EDITOR_BASIC</formularEditorPalette>
                  <defaultFeedback>Leider nicht korrekt.&lt;br /&gt;
&lt;br /&gt;
$P(X\le[var=hilf4])=[var=rsol3].$&lt;br /&gt;
$\verb|pnorm([var=hilf4], [var=mu], [var=sigma])| = [var=rsol3].$</defaultFeedback>
                  <correctAnswerRules id="79">
                    <Rule id="80">
                      <name>CorrectAnswer1</name>
                      <orderIndex>1</orderIndex>
                      <validationExpression id="81">
                        <code>!isEmpty([input=field1])&amp;&amp;isRealNumber([input=field1])&amp;&amp;[input=field1]&gt;[var=rsol3]-0.0011&amp;&amp;[input=field1]&lt;[var=rsol3]+0.0011</code>
                        <domain>MATH</domain>
                      </validationExpression>
                      <points>0</points>
                      <terminal>false</terminal>
                    </Rule>
                  </correctAnswerRules>
                  <correctAnswerFeedback>Richtig.</correctAnswerFeedback>
                  <defaultResult>0</defaultResult>
                </targetStage>
                <isRepeat>false</isRepeat>
              </StageTransition>
            </skipTransitions>
            <stageTransitions id="82">
              <StageTransition id="83">
                <conditionExpression id="84">
                  <code></code>
                  <domain>MATH</domain>
                </conditionExpression>
                <stageExpression id="85">
                  <code>[meta=stageCurrentResult]&gt;=100</code>
                  <domain>MATH</domain>
                </stageExpression>
                <targetStage class="FillInStage" reference="24"/>
                <isRepeat>false</isRepeat>
              </StageTransition>
            </stageTransitions>
            <hints id="86">
              <StageHint id="87">
                <stagehint__order>0</stagehint__order>
                <text>&amp;Uuml;berlegen Sie sich, wie Sie die gesuchte W&amp;#39;keit zun&amp;auml;chst aufschreiben k&amp;ouml;nnen.&lt;br /&gt;
&lt;br /&gt;
(Es ist ein weiterer Hinweis vorhanden.)</text>
                <malus>0</malus>
                <stage class="FillInStage" reference="16"/>
              </StageHint>
              <StageHint id="88">
                <stagehint__order>1</stagehint__order>
                <text>Gesucht ist $P(\left|X-[var=mu]\right|)\le [var=hilf2]).$&lt;br /&gt;
Die Berechnung &amp;uuml;ber R sieht wie folgt aus:&lt;br /&gt;
$\verb|pnorm(q1, mean, sd) - pnorm(q2, mean, sd)|$ mit $\verb|q1=[var=mu]+[var=hilf2]|$, $\verb|q2=[var=mu]-[var=hilf2]|$, $\verb|mean=[var=mu]|$ und $\verb|sd=[var=sigma]|$.</text>
                <malus>0</malus>
                <stage class="FillInStage" reference="16"/>
              </StageHint>
            </hints>
            <variableUpdatesOnEnter id="89"/>
            <variableUpdatesBeforeCheck id="90"/>
            <variableUpdatesAfterCheck id="91"/>
            <variableUpdatesOnNormalExit id="92"/>
            <variableUpdatesOnRepeat id="93"/>
            <variableUpdatesOnSkip id="94"/>
            <weight>1</weight>
            <orderIndex>1</orderIndex>
            <allowSkip>true</allowSkip>
            <resources id="95"/>
            <rules id="96"/>
            <fillInFields id="97">
              <FillInField id="98">
                <name>field1</name>
                <orderIndex>0</orderIndex>
                <size>6</size>
                <formularEditorType>NUMBER</formularEditorType>
              </FillInField>
            </fillInFields>
            <dropDownFields id="99"/>
            <formularEditorPalette>MATHDOX_FORMULAR_EDITOR_BASIC</formularEditorPalette>
            <defaultFeedback>Leider nicht korrekt.&lt;br /&gt;
&lt;br /&gt;
$P(\left|X-[var=mu]\right|)\le [var=hilf2])=[var=rsol2]$.&lt;br /&gt;
$\verb|pnorm([var=mu]+[var=hilf2], [var=mu], [var=sigma]) - pnorm([var=mu]-[var=hilf2], [var=mu], [var=sigma])| = [var=rsol2]$.</defaultFeedback>
            <correctAnswerRules id="100">
              <Rule id="101">
                <name>CorrectAnswer1</name>
                <orderIndex>1</orderIndex>
                <validationExpression id="102">
                  <code>!isEmpty([input=field1])&amp;&amp;isRealNumber([input=field1])&amp;&amp;[input=field1]&gt;[var=rsol2]-0.0011&amp;&amp;[input=field1]&lt;[var=rsol2]+0.0011</code>
                  <domain>MATH</domain>
                </validationExpression>
                <points>0</points>
                <terminal>false</terminal>
              </Rule>
            </correctAnswerRules>
            <correctAnswerFeedback>Richtig.</correctAnswerFeedback>
            <defaultResult>0</defaultResult>
          </targetStage>
          <isRepeat>false</isRepeat>
        </StageTransition>
      </skipTransitions>
      <stageTransitions id="103">
        <StageTransition id="104">
          <conditionExpression id="105">
            <code></code>
            <domain>MATH</domain>
          </conditionExpression>
          <stageExpression id="106">
            <code>[meta=stageCurrentResult]&gt;=100</code>
            <domain>MATH</domain>
          </stageExpression>
          <targetStage class="FillInStage" reference="16"/>
          <isRepeat>false</isRepeat>
        </StageTransition>
      </stageTransitions>
      <hints id="107">
        <StageHint id="108">
          <stagehint__order>0</stagehint__order>
          <text>Die Zufallsvariable $X=\text{Umsatz des n&amp;auml;chsten Jahres}$ ist normalverteilt: $X\sim N([var=mu],[var=sigma]^2)$. Gesucht ist $P(X&amp;gt;[var=hilf0]).$&lt;br /&gt;
&lt;br /&gt;
(Es ist ein weiterer Hinweis vorhanden.)</text>
          <malus>0</malus>
          <stage class="FillInStage" reference="8"/>
        </StageHint>
        <StageHint id="109">
          <stagehint__order>1</stagehint__order>
          <text>$P(X&amp;gt;[var=hilf0]) = 1 - P(X\le [var=hilf0]).$&lt;br /&gt;
Die Berechnung &amp;uuml;ber R sieht wie folgt aus:&lt;br /&gt;
$\verb|1-pnorm(q, mean, sd)|$ mit $\verb|q=[var=hilf0]|$, $\verb|mean=[var=mu]|$ und $\verb|sd=[var=sigma]|$.</text>
          <malus>0</malus>
          <stage class="FillInStage" reference="8"/>
        </StageHint>
      </hints>
      <variableUpdatesOnEnter id="110"/>
      <variableUpdatesBeforeCheck id="111"/>
      <variableUpdatesAfterCheck id="112"/>
      <variableUpdatesOnNormalExit id="113"/>
      <variableUpdatesOnRepeat id="114"/>
      <variableUpdatesOnSkip id="115"/>
      <weight>1</weight>
      <orderIndex>0</orderIndex>
      <allowSkip>true</allowSkip>
      <resources id="116"/>
      <rules id="117"/>
      <fillInFields id="118">
        <FillInField id="119">
          <name>field1</name>
          <orderIndex>0</orderIndex>
          <size>6</size>
          <formularEditorType>NUMBER</formularEditorType>
        </FillInField>
      </fillInFields>
      <dropDownFields id="120"/>
      <formularEditorPalette>MATHDOX_FORMULAR_EDITOR_BASIC</formularEditorPalette>
      <defaultFeedback>Leider nicht korrekt.&lt;br /&gt;
&lt;br /&gt;
$P(X&amp;gt;[var=hilf0]) = 1 - P(X\le [var=hilf0])=[var=rsol1]$.&lt;br /&gt;
$\verb|1-pnorm([var=hilf0], [var=mu], [var=sigma])| = [var=rsol1]$.</defaultFeedback>
      <correctAnswerRules id="121">
        <Rule id="122">
          <name>CorrectAnswer1</name>
          <orderIndex>1</orderIndex>
          <validationExpression id="123">
            <code>!isEmpty([input=field1])&amp;&amp;isRealNumber([input=field1])&amp;&amp;[input=field1]&gt;[var=rsol1]-0.0011&amp;&amp;[input=field1]&lt;[var=rsol1]+0.0011</code>
            <domain>MATH</domain>
          </validationExpression>
          <points>0</points>
          <terminal>false</terminal>
        </Rule>
      </correctAnswerRules>
      <correctAnswerFeedback>Richtig.</correctAnswerFeedback>
      <defaultResult>0</defaultResult>
    </FillInStage>
    <FillInStage reference="16"/>
    <FillInStage reference="24"/>
    <FillInStage reference="32"/>
  </stages>
  <startStage class="FillInStage" reference="8"/>
  <variableDeclarations id="124">
    <VariableDeclaration id="125">
      <name>m</name>
      <initializationCode id="126">
        <code>randomIntegerBetween(150,300)</code>
        <domain>MATH</domain>
      </initializationCode>
    </VariableDeclaration>
    <VariableDeclaration id="127">
      <name>mu</name>
      <initializationCode id="128">
        <code>evaluateInR(&apos;[var=m]*1000&apos;)</code>
        <domain>MATH</domain>
      </initializationCode>
    </VariableDeclaration>
    <VariableDeclaration id="129">
      <name>s</name>
      <initializationCode id="130">
        <code>randomIntegerBetween(20,50)</code>
        <domain>MATH</domain>
      </initializationCode>
    </VariableDeclaration>
    <VariableDeclaration id="131">
      <name>sigma</name>
      <initializationCode id="132">
        <code>evaluateInR(&apos;[var=s]*1000&apos;)</code>
        <domain>MATH</domain>
      </initializationCode>
    </VariableDeclaration>
    <VariableDeclaration id="133">
      <name>hilf0</name>
      <initializationCode id="134">
        <code>evaluateInR(&apos;[var=mu]+50000&apos;)</code>
        <domain>MATH</domain>
      </initializationCode>
    </VariableDeclaration>
    <VariableDeclaration id="135">
      <name>hilf001</name>
      <initializationCode id="136">
        <code>evaluateInR(&apos;([var=hilf0]-[var=mu])/[var=sigma]&apos;)</code>
        <domain>MATH</domain>
      </initializationCode>
    </VariableDeclaration>
    <VariableDeclaration id="137">
      <name>hilf00</name>
      <initializationCode id="138">
        <code>evaluateInR(&apos;round([var=hilf001], 4)&apos;)</code>
        <domain>MATH</domain>
      </initializationCode>
    </VariableDeclaration>
    <VariableDeclaration id="139">
      <name>hilf</name>
      <initializationCode id="140">
        <code>randomIntegerBetween(10,30)</code>
        <domain>MATH</domain>
      </initializationCode>
    </VariableDeclaration>
    <VariableDeclaration id="141">
      <name>hilf2</name>
      <initializationCode id="142">
        <code>evaluateInR(&apos;([var=hilf]+[var=s])*1000&apos;)</code>
        <domain>MATH</domain>
      </initializationCode>
    </VariableDeclaration>
    <VariableDeclaration id="143">
      <name>hilf002</name>
      <initializationCode id="144">
        <code>evaluateInR(&apos;[var=hilf2]/[var=sigma]&apos;)</code>
        <domain>MATH</domain>
      </initializationCode>
    </VariableDeclaration>
    <VariableDeclaration id="145">
      <name>hilf02</name>
      <initializationCode id="146">
        <code>evaluateInR(&apos;round([var=hilf002], 4)&apos;)</code>
        <domain>MATH</domain>
      </initializationCode>
    </VariableDeclaration>
    <VariableDeclaration id="147">
      <name>hilf3</name>
      <initializationCode id="148">
        <code>randomIntegerBetween(10,100)</code>
        <domain>MATH</domain>
      </initializationCode>
    </VariableDeclaration>
    <VariableDeclaration id="149">
      <name>hilf4</name>
      <initializationCode id="150">
        <code>evaluateInR(&apos;([var=m]-[var=hilf3])*1000&apos;)</code>
        <domain>MATH</domain>
      </initializationCode>
    </VariableDeclaration>
    <VariableDeclaration id="151">
      <name>hilf004</name>
      <initializationCode id="152">
        <code>evaluateInR(&apos;([var=hilf4]-[var=mu])/[var=sigma]&apos;)</code>
        <domain>MATH</domain>
      </initializationCode>
    </VariableDeclaration>
    <VariableDeclaration id="153">
      <name>hilf04</name>
      <initializationCode id="154">
        <code>evaluateInR(&apos;round([var=hilf004], 4)&apos;)</code>
        <domain>MATH</domain>
      </initializationCode>
    </VariableDeclaration>
    <VariableDeclaration id="155">
      <name>sol1</name>
      <initializationCode id="156">
        <code>evaluateInR(&apos;1-pnorm([var=hilf0], [var=mu], [var=sigma])&apos;)</code>
        <domain>MATH</domain>
      </initializationCode>
    </VariableDeclaration>
    <VariableDeclaration id="157">
      <name>rsol1</name>
      <initializationCode id="158">
        <code>evaluateInR(&apos;round([var=sol1], 4)&apos;)</code>
        <domain>MATH</domain>
      </initializationCode>
    </VariableDeclaration>
    <VariableDeclaration id="159">
      <name>sol2</name>
      <initializationCode id="160">
        <code>evaluateInR(&apos;pnorm([var=hilf2], 0, [var=sigma])-pnorm(-[var=hilf2], 0, [var=sigma])&apos;)</code>
        <domain>MATH</domain>
      </initializationCode>
    </VariableDeclaration>
    <VariableDeclaration id="161">
      <name>rsol2</name>
      <initializationCode id="162">
        <code>evaluateInR(&apos;round([var=sol2], 4)&apos;)</code>
        <domain>MATH</domain>
      </initializationCode>
    </VariableDeclaration>
    <VariableDeclaration id="163">
      <name>sol3</name>
      <initializationCode id="164">
        <code>evaluateInR(&apos;pnorm([var=hilf4], [var=mu], [var=sigma])&apos;)</code>
        <domain>MATH</domain>
      </initializationCode>
    </VariableDeclaration>
    <VariableDeclaration id="165">
      <name>rsol3</name>
      <initializationCode id="166">
        <code>round([var=sol3], 4)</code>
        <domain>MATH</domain>
      </initializationCode>
    </VariableDeclaration>
    <VariableDeclaration id="167">
      <name>sol4</name>
      <initializationCode id="168">
        <code>1-([var=sigma]/[var=hilf2])^2</code>
        <domain>MATH</domain>
      </initializationCode>
    </VariableDeclaration>
    <VariableDeclaration id="169">
      <name>rsol4</name>
      <initializationCode id="170">
        <code>round([var=sol4], 4)</code>
        <domain>MATH</domain>
      </initializationCode>
    </VariableDeclaration>
  </variableDeclarations>
  <jSXGraphs id="171"/>
  <dynamicMolecules id="172"/>
  <resultFeedbackMappings id="173"/>
</Exercise>