<Exercise id="1">
  <name>IS07-02 Verteilungen stetiger Zufallsvariablen 2</name>
  <publicDescription></publicDescription>
  <internalNotes>Äpfel-Aufgabe zur Normalverteilung
(Äpfel addieren und pnorm.)

Die  Materialien sind lizenziert unter CC BY-NC-SA 4.0. Eine Kopie dieser Lizenz finden Sie unter http://creativecommons.org/licenses/by-nc-sa/4.0/

The materials are licensed under CC BY-NC-SA 4.0. You can find a copy of this license at http://creativecommons.org/licenses/by-nc-sa/4.0/</internalNotes>
  <language>de</language>
  <difficulty>2</difficulty>
  <tags id="2">
    <Tag id="3">
      <name>IndStat</name>
    </Tag>
    <Tag id="4">
      <name>TR_neu</name>
    </Tag>
    <Tag id="5">
      <name>TR</name>
    </Tag>
  </tags>
  <resources id="6"/>
  <stages id="7">
    <FillInStage id="8">
      <internalName>1</internalName>
      <externalName>Stage 1</externalName>
      <taskDescription>&lt;strong&gt;Aufgabenstellung:&lt;/strong&gt;&lt;br /&gt;&#xd;
&lt;br /&gt;&#xd;
Das Gewicht von Braeburn-&amp;Auml;pfeln lasse sich durch eine normalverteilte Zufallsvariable mit $\mu=[var=EA1]$g und $\sigma^2=[var=std]$g$^2$ beschreiben.&lt;br /&gt;&#xd;
Berechnen Sie die Wahrscheinlichkeit, dass das Gesamtgewicht von f&amp;uuml;nf zuf&amp;auml;llig mit Zur&amp;uuml;cklegen ausgew&amp;auml;hlten &amp;Auml;pfeln h&amp;ouml;chstens $[var=hoechst]$g betr&amp;auml;gt.&lt;br /&gt;&#xd;
&lt;br /&gt;&#xd;
&lt;strong&gt;Einreichung:&lt;/strong&gt; &lt;input name=&quot;field1&quot; size=&quot;6&quot; type=&quot;text&quot; value=&quot;field1&quot; /&gt;&amp;nbsp;&lt;br /&gt;&#xd;
&lt;br /&gt;&#xd;
&lt;em&gt;(Runden Sie, falls n&amp;ouml;tig, auf die vierte Nachkommastelle und verwenden Sie einen Dezimalpunkt.)&lt;/em&gt;&#xd;
&lt;p&gt;&lt;a href=&quot;https://webrtaschenrechner.netlify.app/&quot; onclick=&quot;window.open(&apos;https://webrtaschenrechner.netlify.app/&apos;,&apos;R Console&apos;,&apos;top=320, left=1525, width=400,height=600,menubar=no,toolbar=no,&apos;); return false;&quot; target=&quot;_blank&quot;&gt;&lt;img alt=&quot;R_ Logo&quot; pull-right=&quot;&quot; src=&quot;/econometrics/resource?resource=157444&quot; style=&quot;width: 40px; height: 50px; float: right; margin: 5px&quot; /&gt;&lt;/a&gt;&lt;/p&gt;</taskDescription>
      <skipMessage>$P(G\leq [var=hoechst])=[var=ansa]$.&lt;br /&gt;
$\verb|pnorm([var=hoechst], 5*[var=EA1], sqrt(5*[var=std]))| = [var=ansa]$.</skipMessage>
      <defaultTransition id="9">
        <conditionExpression id="10">
          <domain>MATH</domain>
        </conditionExpression>
        <stageExpression id="11">
          <domain>MATH</domain>
        </stageExpression>
        <isRepeat>true</isRepeat>
      </defaultTransition>
      <skipTransitions id="12">
        <StageTransition id="13">
          <conditionExpression id="14">
            <code></code>
            <domain>MATH</domain>
          </conditionExpression>
          <stageExpression id="15">
            <domain>MATH</domain>
          </stageExpression>
          <isRepeat>false</isRepeat>
        </StageTransition>
      </skipTransitions>
      <stageTransitions id="16">
        <StageTransition id="17">
          <conditionExpression id="18">
            <code></code>
            <domain>MATH</domain>
          </conditionExpression>
          <stageExpression id="19">
            <code>[meta=stageCurrentResult]&gt;=100</code>
            <domain>MATH</domain>
          </stageExpression>
          <isRepeat>false</isRepeat>
        </StageTransition>
      </stageTransitions>
      <hints id="20">
        <StageHint id="21">
          <stagehint__order>0</stagehint__order>
          <text>Sei das Gewicht des $i$-ten Apfel $X_i$, dann ist $X_i\sim \mathcal{N}([var=$EA1],[var=$std])$. Wegen der Unabh&amp;auml;ngigkeit von $X_i$ ist das Gesamtgewicht $G=\sum\limits_{i=1}^{5}X_{i}\sim \mathcal{N}(5\cdot [var=EA1],5\cdot [var=std])$.&lt;br /&gt;
&lt;br /&gt;
(Es ist ein weiterer Hinweis vorhanden.)</text>
          <malus>0</malus>
          <stage class="FillInStage" reference="8"/>
        </StageHint>
        <StageHint id="22">
          <stagehint__order>1</stagehint__order>
          <text>Die gesuchte Wahrscheinlichkeit ist: $P(G\leq [var=hoechst])$.&lt;br /&gt;
Die Berechnung &amp;uuml;ber R sieht wie folgt aus:&lt;br /&gt;
$\verb|pnorm(q, mean, sd)|$ mit $\verb|q=[var=hoechst]|$, $\verb|mean=|5\cdot [var=$EA1]$ und $\verb|sd=|\sqrt{5\cdot [var=std]}$.</text>
          <malus>0</malus>
          <stage class="FillInStage" reference="8"/>
        </StageHint>
      </hints>
      <variableUpdatesOnEnter id="23"/>
      <variableUpdatesBeforeCheck id="24"/>
      <variableUpdatesAfterCheck id="25"/>
      <variableUpdatesOnNormalExit id="26"/>
      <variableUpdatesOnRepeat id="27"/>
      <variableUpdatesOnSkip id="28"/>
      <weight>1</weight>
      <orderIndex>0</orderIndex>
      <allowSkip>true</allowSkip>
      <resources id="29"/>
      <rules id="30"/>
      <fillInFields id="31">
        <FillInField id="32">
          <name>field1</name>
          <orderIndex>0</orderIndex>
          <size>6</size>
          <formularEditorType>NUMBER</formularEditorType>
        </FillInField>
      </fillInFields>
      <dropDownFields id="33"/>
      <formularEditorPalette>MATHDOX_FORMULAR_EDITOR_BASIC</formularEditorPalette>
      <defaultFeedback>Leider nicht korrekt.&lt;br /&gt;
&lt;br /&gt;
$P(G\leq [var=hoechst])=[var=ansa]$.&lt;br /&gt;
$\verb|pnorm([var=hoechst], 5*[var=EA1], sqrt(5*[var=std]))| = [var=ansa]$.</defaultFeedback>
      <correctAnswerRules id="34">
        <Rule id="35">
          <name>CorrectAnswer1</name>
          <orderIndex>1</orderIndex>
          <validationExpression id="36">
            <code>!isEmpty([input=field1])&amp;&amp;isRealNumber([input=field1])&amp;&amp;[input=field1]&gt;[var=ansa]-0.0031&amp;&amp;[input=field1]&lt;[var=ansa]+0.0031</code>
            <domain>MATH</domain>
          </validationExpression>
          <points>0</points>
          <terminal>false</terminal>
        </Rule>
      </correctAnswerRules>
      <correctAnswerFeedback>Richtig.</correctAnswerFeedback>
      <defaultResult>0</defaultResult>
    </FillInStage>
  </stages>
  <startStage class="FillInStage" reference="8"/>
  <variableDeclarations id="37">
    <VariableDeclaration id="38">
      <name>EA1</name>
      <initializationCode id="39">
        <code>randomIntegerBetween(130,170)</code>
        <domain>MATH</domain>
      </initializationCode>
    </VariableDeclaration>
    <VariableDeclaration id="40">
      <name>EA5</name>
      <initializationCode id="41">
        <code>evaluateInR(&apos;[var=EA1]*5&apos;)</code>
        <domain>MATH</domain>
      </initializationCode>
    </VariableDeclaration>
    <VariableDeclaration id="42">
      <name>std2</name>
      <initializationCode id="43">
        <code>randomIntegerBetween(6000,13000)</code>
        <domain>MATH</domain>
      </initializationCode>
    </VariableDeclaration>
    <VariableDeclaration id="44">
      <name>std1</name>
      <initializationCode id="45">
        <code>evaluateInR(&apos;([var=std2])/10&apos;)</code>
        <domain>MATH</domain>
      </initializationCode>
    </VariableDeclaration>
    <VariableDeclaration id="46">
      <name>std</name>
      <initializationCode id="47">
        <code>evaluateInR(&apos;round([var=std1], 1)&apos;)</code>
        <domain>MATH</domain>
      </initializationCode>
    </VariableDeclaration>
    <VariableDeclaration id="48">
      <name>std5</name>
      <initializationCode id="49">
        <code>evaluateInR(&apos;[var=std]*5&apos;)</code>
        <domain>MATH</domain>
      </initializationCode>
    </VariableDeclaration>
    <VariableDeclaration id="50">
      <name>hoechst</name>
      <initializationCode id="51">
        <code>randomIntegerBetween(700,800)</code>
        <domain>MATH</domain>
      </initializationCode>
    </VariableDeclaration>
    <VariableDeclaration id="52">
      <name>ansau</name>
      <initializationCode id="53">
        <code>evaluateInR(&apos;pnorm([var=hoechst], 5*[var=EA1], sqrt(5*[var=std]))&apos;)</code>
        <domain>MATH</domain>
      </initializationCode>
    </VariableDeclaration>
    <VariableDeclaration id="54">
      <name>ansa</name>
      <initializationCode id="55">
        <code>evaluateInR(&apos;round([var=ansau], 4)&apos;)</code>
        <domain>MATH</domain>
      </initializationCode>
    </VariableDeclaration>
    <VariableDeclaration id="56">
      <name>c1</name>
      <initializationCode id="57">
        <code>evaluateInR(&apos;([var=hoechst]-[var=EA5])/sqrt([var=std5])&apos;)</code>
        <domain>MATH</domain>
      </initializationCode>
    </VariableDeclaration>
    <VariableDeclaration id="58">
      <name>c</name>
      <initializationCode id="59">
        <code>evaluateInR(&apos;round([var=c1], 4)&apos;)</code>
        <domain>MATH</domain>
      </initializationCode>
    </VariableDeclaration>
  </variableDeclarations>
  <jSXGraphs id="60"/>
  <dynamicMolecules id="61"/>
  <resultFeedbackMappings id="62"/>
</Exercise>