<Exercise id="1">
  <name>IS07-04 Verteilungen stetiger Zufallsvariablen 4</name>
  <publicDescription></publicDescription>
  <internalNotes>CD-Spieler Aufgabe:pnorm

Die  Materialien sind lizenziert unter CC BY-NC-SA 4.0. Eine Kopie dieser Lizenz finden Sie unter http://creativecommons.org/licenses/by-nc-sa/4.0/

The materials are licensed under CC BY-NC-SA 4.0. You can find a copy of this license at http://creativecommons.org/licenses/by-nc-sa/4.0/</internalNotes>
  <language>de</language>
  <difficulty>3</difficulty>
  <tags id="2">
    <Tag id="3">
      <name>IndStat</name>
    </Tag>
    <Tag id="4">
      <name>TR_neu</name>
    </Tag>
    <Tag id="5">
      <name>TR</name>
    </Tag>
  </tags>
  <resources id="6"/>
  <stages id="7">
    <FillInStage id="8">
      <internalName>1</internalName>
      <externalName>Stage 1</externalName>
      <taskDescription>&lt;strong&gt;Aufgabenstellung:&lt;/strong&gt;&lt;br /&gt;&#xd;
&lt;br /&gt;&#xd;
In einem Betrieb werden Laserabtaster f&amp;uuml;r CD-Spieler hergestellt. Man wei&amp;szlig; aus Erfahrung, dass die Lebensdauer der Abtaster normalverteilt ist mit einem Erwartungswert von $[var=EA]$ Stunden und einer Standardabweichung von $[var=stda]$ Stunden.&lt;br /&gt;&#xd;
&lt;br /&gt;&#xd;
Die Unternehmensleitung interessiert sich im Rahmen einer Werbeaktion daf&amp;uuml;r, wie viel Prozent der Gesamtproduktion eine Lebensdauer von h&amp;ouml;chstens $[var=hoechst]$ Stunden haben.&lt;br /&gt;&#xd;
&lt;br /&gt;&#xd;
&lt;strong&gt;Einreichung:&lt;/strong&gt;&lt;br /&gt;&#xd;
&lt;br /&gt;&#xd;
Ein Anteil von &amp;nbsp;&lt;input name=&quot;field1&quot; size=&quot;6&quot; type=&quot;text&quot; value=&quot;field1&quot; /&gt;&amp;nbsp; der Gesamtproduktion haben eine Lebensdauer von h&amp;ouml;chstens $[var=hoechst]$ Stunden.&lt;br /&gt;&#xd;
&lt;br /&gt;&#xd;
&lt;em&gt;(Runden Sie, falls n&amp;ouml;tig, auf die vierte Nachkommastelle und verwenden Sie einen Dezimalpunkt.)&lt;/em&gt;&#xd;
&lt;p&gt;&lt;a href=&quot;https://webrtaschenrechner.netlify.app/&quot; onclick=&quot;window.open(&apos;https://webrtaschenrechner.netlify.app/&apos;,&apos;R Console&apos;,&apos;top=320, left=1525, width=400,height=600,menubar=no,toolbar=no,&apos;); return false;&quot; target=&quot;_blank&quot;&gt;&lt;img alt=&quot;R_ Logo&quot; pull-right=&quot;&quot; src=&quot;/econometrics/resource?resource=157444&quot; style=&quot;width: 40px; height: 50px; float: right; margin: 5px&quot; /&gt;&lt;/a&gt;&lt;/p&gt;</taskDescription>
      <skipMessage>$\verb|pnorm([var=hoechst], [var=EA], [var=stda])| = [var=ansa_feedback]$%&lt;br /&gt;
&lt;br /&gt;
Interpretation: $[var=ansa_feedback]$ Prozent der Gesamtproduktion haben eine Lebensdauer von h&amp;ouml;chstens $[var=hoechst]$ Stunden.</skipMessage>
      <defaultTransition id="9">
        <conditionExpression id="10">
          <domain>MATH</domain>
        </conditionExpression>
        <stageExpression id="11">
          <domain>MATH</domain>
        </stageExpression>
        <isRepeat>true</isRepeat>
      </defaultTransition>
      <skipTransitions id="12">
        <StageTransition id="13">
          <conditionExpression id="14">
            <code></code>
            <domain>MATH</domain>
          </conditionExpression>
          <stageExpression id="15">
            <domain>MATH</domain>
          </stageExpression>
          <targetStage class="FillInStage" id="16">
            <internalName>2</internalName>
            <externalName>Stage 2</externalName>
            <taskDescription>&lt;strong&gt;Aufgabenstellung:&lt;/strong&gt;&lt;br /&gt;&#xd;
&lt;br /&gt;&#xd;
Die Unternehmensleitung hat zwar das Ziel m&amp;ouml;glichst dauerhafte Abtaster herzustellen, aber &amp;uuml;ber eine bestimmte Grenze hinaus erfordert die Verl&amp;auml;ngerung der Spieldauer so hohe Kosten, dass sich die Produktion nicht mehr lohnt.&lt;br /&gt;&#xd;
In einem Produktionsprozess werden $[var=Anzahl]$ St&amp;uuml;ck produziert. Bei wie vielen St&amp;uuml;cken ist davon mit einer Lebensdauer von mehr als $[var=Stunden]$ Stunden zu rechnen?&lt;br /&gt;&#xd;
&lt;br /&gt;&#xd;
&lt;strong&gt;Einreichung:&lt;/strong&gt; &lt;input name=&quot;field1&quot; size=&quot;6&quot; type=&quot;text&quot; value=&quot;field1&quot; /&gt;&amp;nbsp;&lt;br /&gt;&#xd;
&lt;br /&gt;&#xd;
&lt;em&gt;(Runden Sie, falls n&amp;ouml;tig, auf ganze Zahlen.)&lt;/em&gt;&#xd;
&lt;p&gt;&lt;a href=&quot;https://webrtaschenrechner.netlify.app/&quot; onclick=&quot;window.open(&apos;https://webrtaschenrechner.netlify.app/&apos;,&apos;R Console&apos;,&apos;top=320, left=1525, width=400,height=600,menubar=no,toolbar=no,&apos;); return false;&quot; target=&quot;_blank&quot;&gt;&lt;img alt=&quot;R_ Logo&quot; pull-right=&quot;&quot; src=&quot;/econometrics/resource?resource=157444&quot; style=&quot;width: 40px; height: 50px; float: right; margin: 5px&quot; /&gt;&lt;/a&gt;&lt;/p&gt;</taskDescription>
            <skipMessage>$\verb|(1-pnorm([var=Stunden], [var=EA], [var=stda]))*[var=Anzahl]| = [var=ansb]$.&lt;br /&gt;
&lt;br /&gt;
Bei einer Produktion von $[var=Anzahl]$ St&amp;uuml;cken ist mit $[var=ansb]$ Laserabtastern zu rechnen, die eine h&amp;ouml;here Lebensdauer als $[var=Stunden]$ Stunden haben</skipMessage>
            <defaultTransition id="17">
              <conditionExpression id="18">
                <domain>MATH</domain>
              </conditionExpression>
              <stageExpression id="19">
                <domain>MATH</domain>
              </stageExpression>
              <isRepeat>true</isRepeat>
            </defaultTransition>
            <skipTransitions id="20">
              <StageTransition id="21">
                <conditionExpression id="22">
                  <code></code>
                  <domain>MATH</domain>
                </conditionExpression>
                <stageExpression id="23">
                  <domain>MATH</domain>
                </stageExpression>
                <isRepeat>false</isRepeat>
              </StageTransition>
            </skipTransitions>
            <stageTransitions id="24">
              <StageTransition id="25">
                <conditionExpression id="26">
                  <code></code>
                  <domain>MATH</domain>
                </conditionExpression>
                <stageExpression id="27">
                  <code>[meta=stageCurrentResult]&gt;=100</code>
                  <domain>MATH</domain>
                </stageExpression>
                <isRepeat>false</isRepeat>
              </StageTransition>
            </stageTransitions>
            <hints id="28">
              <StageHint id="29">
                <stagehint__order>0</stagehint__order>
                <text>$P(X&amp;gt;[var=Stunden])=1-P(X\leq [var=Stunden])$, wobei $X\sim \mathcal{N}([var=EA],[var=stda]^2)$.&lt;br /&gt;
&lt;br /&gt;
Die Berechnung &amp;uuml;ber R sieht wie folgt aus:&lt;br /&gt;
$\verb|(1-pnorm(q, mean, sd))*[var=Anzahl]|$ mit $\verb|q=[var=Stunden]|$, $\verb|mean=[var=EA]|$ und $\verb|sd=[var=stda]|$.</text>
                <malus>0</malus>
                <stage class="FillInStage" reference="16"/>
              </StageHint>
            </hints>
            <variableUpdatesOnEnter id="30"/>
            <variableUpdatesBeforeCheck id="31"/>
            <variableUpdatesAfterCheck id="32"/>
            <variableUpdatesOnNormalExit id="33"/>
            <variableUpdatesOnRepeat id="34"/>
            <variableUpdatesOnSkip id="35"/>
            <weight>1</weight>
            <orderIndex>1</orderIndex>
            <allowSkip>true</allowSkip>
            <resources id="36"/>
            <rules id="37"/>
            <fillInFields id="38">
              <FillInField id="39">
                <name>field1</name>
                <orderIndex>0</orderIndex>
                <size>6</size>
                <formularEditorType>NUMBER</formularEditorType>
              </FillInField>
            </fillInFields>
            <dropDownFields id="40"/>
            <formularEditorPalette>MATHDOX_FORMULAR_EDITOR_BASIC</formularEditorPalette>
            <defaultFeedback>Leider nicht korrekt.&lt;br /&gt;
&lt;br /&gt;
$\verb|(1-pnorm([var=Stunden], [var=EA], [var=stda]))*[var=Anzahl]| = [var=ansb]$.&lt;br /&gt;
​​​​​​​&lt;br /&gt;
Bei einer Produktion von $[var=Anzahl]$ St&amp;uuml;cken ist mit $[var=ansb]$ Laserabtastern zu rechnen, die eine h&amp;ouml;here Lebensdauer als $[var=Stunden]$ Stunden haben</defaultFeedback>
            <correctAnswerRules id="41">
              <Rule id="42">
                <name>CorrectAnswer1</name>
                <orderIndex>1</orderIndex>
                <validationExpression id="43">
                  <code>!isEmpty([input=field1])&amp;&amp;isRealNumber([input=field1])&amp;&amp;[input=field1]&gt;[var=ansb]-3&amp;&amp;[input=field1]&lt;[var=ansb]+3</code>
                  <domain>MATH</domain>
                </validationExpression>
                <points>0</points>
                <terminal>false</terminal>
              </Rule>
            </correctAnswerRules>
            <correctAnswerFeedback>Richtig.</correctAnswerFeedback>
            <defaultResult>0</defaultResult>
          </targetStage>
          <isRepeat>false</isRepeat>
        </StageTransition>
      </skipTransitions>
      <stageTransitions id="44">
        <StageTransition id="45">
          <conditionExpression id="46">
            <code></code>
            <domain>MATH</domain>
          </conditionExpression>
          <stageExpression id="47">
            <code>[meta=stageCurrentResult]&gt;=100</code>
            <domain>MATH</domain>
          </stageExpression>
          <targetStage class="FillInStage" reference="16"/>
          <isRepeat>false</isRepeat>
        </StageTransition>
      </stageTransitions>
      <hints id="48">
        <StageHint id="49">
          <stagehint__order>0</stagehint__order>
          <text>Sie wissen, dass $X$ normalverteilt ist: $X\sim \mathcal{N}([var=EA],[var=stda]^2)$.&lt;br /&gt;
Welche W&amp;#39;keit ist gesucht? Wie berechnen Sie diese?&lt;br /&gt;
&lt;br /&gt;
(Es ist ein weiterer Hinweis vorhanden.)</text>
          <malus>0</malus>
          <stage class="FillInStage" reference="8"/>
        </StageHint>
        <StageHint id="50">
          <stagehint__order>1</stagehint__order>
          <text>Gesucht ist: $P(X\leq [var=hoechst])$.&lt;br /&gt;
&lt;br /&gt;
Die Berechnung &amp;uuml;ber R sieht wie folgt aus:&lt;br /&gt;
$\verb|pnorm(q, mean, sd)|$ mit $\verb|q=[var=hoechst]|$, $\verb|mean=[var=EA]|$ und $\verb|sd=[var=stda]|$.</text>
          <malus>0</malus>
          <stage class="FillInStage" reference="8"/>
        </StageHint>
      </hints>
      <variableUpdatesOnEnter id="51"/>
      <variableUpdatesBeforeCheck id="52"/>
      <variableUpdatesAfterCheck id="53"/>
      <variableUpdatesOnNormalExit id="54"/>
      <variableUpdatesOnRepeat id="55"/>
      <variableUpdatesOnSkip id="56"/>
      <weight>1</weight>
      <orderIndex>0</orderIndex>
      <allowSkip>true</allowSkip>
      <resources id="57"/>
      <rules id="58"/>
      <fillInFields id="59">
        <FillInField id="60">
          <name>field1</name>
          <orderIndex>0</orderIndex>
          <size>6</size>
          <formularEditorType>NUMBER</formularEditorType>
        </FillInField>
      </fillInFields>
      <dropDownFields id="61"/>
      <formularEditorPalette>MATHDOX_FORMULAR_EDITOR_BASIC</formularEditorPalette>
      <defaultFeedback>Leider nicht korrekt.&lt;br /&gt;
&lt;br /&gt;
$\verb|pnorm([var=hoechst], [var=EA], [var=stda])| = [var=ansa_feedback]$%&lt;br /&gt;
&lt;br /&gt;
Interpretation: $[var=ansa_feedback]$ Prozent der Gesamtproduktion haben eine Lebensdauer von h&amp;ouml;chstens $[var=hoechst]$ Stunden.</defaultFeedback>
      <correctAnswerRules id="62">
        <Rule id="63">
          <name>CorrectAnswer1</name>
          <orderIndex>1</orderIndex>
          <validationExpression id="64">
            <code>!isEmpty([input=field1])&amp;&amp;isRealNumber([input=field1])&amp;&amp;[input=field1]&gt;[var=ansa]-0.2&amp;&amp;[input=field1]&lt;[var=ansa]+0.2</code>
            <domain>MATH</domain>
          </validationExpression>
          <points>0</points>
          <terminal>false</terminal>
        </Rule>
      </correctAnswerRules>
      <correctAnswerFeedback>Richtig.</correctAnswerFeedback>
      <defaultResult>0</defaultResult>
    </FillInStage>
    <FillInStage reference="16"/>
  </stages>
  <startStage class="FillInStage" reference="8"/>
  <variableDeclarations id="65">
    <VariableDeclaration id="66">
      <name>EA</name>
      <initializationCode id="67">
        <code>randomIntegerBetween(900,1100)</code>
        <domain>MATH</domain>
      </initializationCode>
    </VariableDeclaration>
    <VariableDeclaration id="68">
      <name>stda</name>
      <initializationCode id="69">
        <code>randomIntegerBetween(100,200)</code>
        <domain>MATH</domain>
      </initializationCode>
    </VariableDeclaration>
    <VariableDeclaration id="70">
      <name>hoechst</name>
      <initializationCode id="71">
        <code>randomIntegerBetween(800,900)</code>
        <domain>MATH</domain>
      </initializationCode>
    </VariableDeclaration>
    <VariableDeclaration id="72">
      <name>ansau</name>
      <initializationCode id="73">
        <code>evaluateInR(&apos;pnorm([var=hoechst], [var=EA], [var=stda])&apos;)</code>
        <domain>MATH</domain>
      </initializationCode>
    </VariableDeclaration>
    <VariableDeclaration id="74">
      <name>ansa_feedback</name>
      <initializationCode id="75">
        <code>evaluateInR(&apos;round([var=ansau]*100, 4)&apos;)</code>
        <domain>MATH</domain>
      </initializationCode>
    </VariableDeclaration>
    <VariableDeclaration id="76">
      <name>ansa</name>
      <initializationCode id="77">
        <code>round([var=ansau], 4)</code>
        <domain>MATH</domain>
      </initializationCode>
    </VariableDeclaration>
    <VariableDeclaration id="78">
      <name>Stunden</name>
      <initializationCode id="79">
        <code>randomIntegerBetween(1000,1050)</code>
        <domain>MATH</domain>
      </initializationCode>
    </VariableDeclaration>
    <VariableDeclaration id="80">
      <name>Anzahl</name>
      <initializationCode id="81">
        <code>randomIntegerBetween(9000,11000)</code>
        <domain>MATH</domain>
      </initializationCode>
    </VariableDeclaration>
    <VariableDeclaration id="82">
      <name>ansbu</name>
      <initializationCode id="83">
        <code>evaluateInR(&apos;[var=Anzahl]*pnorm([var=Stunden],[var=EA],[var=stda],lower.tail = FALSE, log.p = FALSE)&apos;)</code>
        <domain>MATH</domain>
      </initializationCode>
    </VariableDeclaration>
    <VariableDeclaration id="84">
      <name>ansb</name>
      <initializationCode id="85">
        <code>evaluateInR(&apos;round([var=ansbu], 4)&apos;)</code>
        <domain>MATH</domain>
      </initializationCode>
    </VariableDeclaration>
  </variableDeclarations>
  <jSXGraphs id="86"/>
  <dynamicMolecules id="87"/>
  <resultFeedbackMappings id="88"/>
</Exercise>