<Exercise id="1">
  <name>IS07-05 Verteilungen stetiger Zufallsvariablen 5</name>
  <publicDescription></publicDescription>
  <internalNotes>Normalverteilung Temperaturaufgabe
1.Stage: wärmsten Tag bestimmen
2. und 3.Stage: W&apos;keiten berechnen

Die  Materialien sind lizenziert unter CC BY-NC-SA 4.0. Eine Kopie dieser Lizenz finden Sie unter http://creativecommons.org/licenses/by-nc-sa/4.0/

The materials are licensed under CC BY-NC-SA 4.0. You can find a copy of this license at http://creativecommons.org/licenses/by-nc-sa/4.0/</internalNotes>
  <language>de</language>
  <difficulty>4</difficulty>
  <tags id="2">
    <Tag id="3">
      <name>IndStat</name>
    </Tag>
    <Tag id="4">
      <name>TR_neu</name>
    </Tag>
    <Tag id="5">
      <name>TR</name>
    </Tag>
  </tags>
  <resources id="6"/>
  <stages id="7">
    <FillInStage id="8">
      <internalName>1</internalName>
      <externalName>Stage 1</externalName>
      <taskDescription>&lt;strong&gt;Aufgabenstellung:&lt;/strong&gt;&lt;br /&gt;&#xd;
&lt;br /&gt;&#xd;
Bezeichne $X_i$ die Tagesdurchschnittstemperatur in Grad Celsius f&amp;uuml;r Essen am $i$-ten Tag eines (nicht Schalt-)Jahres.&lt;br /&gt;&#xd;
Betrachten Sie die Tagesdurchschnittstemperatur als $(T_{\max}+T_{\min})/2$, wobei $T_{\max}$ die w&amp;auml;rmste gemessene Temperatur und $T_{\min}$ die k&amp;auml;lteste gemessene Temperatur eines Tages beschreibt.&lt;br /&gt;&#xd;
&lt;br /&gt;&#xd;
$X_i\sim \mathcal{N}\big(\mu(i),\sigma^2(i)\big)$&lt;br /&gt;&#xd;
&lt;br /&gt;&#xd;
Dabei sei&lt;br /&gt;&#xd;
&lt;br /&gt;&#xd;
$\mu(i)=\alpha+\beta_1\cdot \cos\Big(\frac{2\pi i}{365}\Big)+\beta_2\cdot \sin\Big(\frac{2\pi i}{365}\Big)$&lt;br /&gt;&#xd;
&lt;br /&gt;&#xd;
mit $\alpha=10.17$, $\beta_1=-7.606$ und $\beta_2=-2.709$, sowie&lt;br /&gt;&#xd;
&lt;br /&gt;&#xd;
$\sigma^2(i)=a+b_1\cdot \cos\Big(\frac{2\pi i}{365}\Big)+b_2\cdot \sin\Big(\frac{2\pi i}{365}\Big)+b_3\cdot \cos\Big(\frac{4\pi i}{365}\Big)+b_4\cdot \sin\Big(\frac{4\pi i}{365}\Big)$&lt;br /&gt;&#xd;
&lt;br /&gt;&#xd;
mit $a=13.47$, $b_1=2.671$, $b_2=2.705$, $b_3=1.902$, $b_4=0.05518$.&lt;br /&gt;&#xd;
&lt;br /&gt;&#xd;
&lt;strong&gt;Einreichung:&lt;/strong&gt;&lt;br /&gt;&#xd;
&lt;br /&gt;&#xd;
Bestimmen Sie den (im Erwartungswert) k&amp;auml;ltesten Tag des Jahres: &amp;nbsp;&lt;input name=&quot;field1&quot; size=&quot;6&quot; type=&quot;text&quot; value=&quot;field1&quot; /&gt;&amp;nbsp;&lt;br /&gt;&#xd;
Bestimmen Sie den (im Erwartungswert) w&amp;auml;rmsten Tag des Jahres: &amp;nbsp;&lt;input name=&quot;field2&quot; size=&quot;6&quot; type=&quot;text&quot; value=&quot;field2&quot; /&gt;&amp;nbsp;&lt;br /&gt;&#xd;
&lt;br /&gt;&#xd;
&lt;em&gt;Runden Sie auf den Tag! $(\mathbb{Z}\in [1,...,365])$&lt;/em&gt;&#xd;
&lt;p&gt;&lt;a href=&quot;https://webrtaschenrechner.netlify.app/&quot; onclick=&quot;window.open(&apos;https://webrtaschenrechner.netlify.app/&apos;,&apos;R Console&apos;,&apos;top=320, left=1525, width=400,height=600,menubar=no,toolbar=no,&apos;); return false;&quot; target=&quot;_blank&quot;&gt;&lt;img alt=&quot;R_ Logo&quot; pull-right=&quot;&quot; src=&quot;/econometrics/resource?resource=157444&quot; style=&quot;width: 40px; height: 50px; float: right; margin: 5px&quot; /&gt;&lt;/a&gt;&lt;/p&gt;&#xd;
</taskDescription>
      <skipMessage>Im Erwartungswert ist der $20$. Tag des Jahres ($20$. Januar), der k&amp;auml;lteste Tag des Jahres. Im Erwartungswert ist der $202$. Tag des Jahres ($21$. Juli), der w&amp;auml;rmste Tag des Jahres.</skipMessage>
      <defaultTransition id="9">
        <conditionExpression id="10">
          <domain>MATH</domain>
        </conditionExpression>
        <stageExpression id="11">
          <domain>MATH</domain>
        </stageExpression>
        <isRepeat>true</isRepeat>
      </defaultTransition>
      <skipTransitions id="12">
        <StageTransition id="13">
          <conditionExpression id="14">
            <code></code>
            <domain>MATH</domain>
          </conditionExpression>
          <stageExpression id="15">
            <domain>MATH</domain>
          </stageExpression>
          <targetStage class="FillInStage" id="16">
            <internalName>2</internalName>
            <externalName>Stage 2</externalName>
            <taskDescription>&lt;strong&gt;Aufgabenstellung:&lt;/strong&gt;&lt;br /&gt;&#xd;
&lt;br /&gt;&#xd;
Eine Statistik-Klausur findet am $12$.$07$. statt (dies ist der $193$. Tag des Jahres).&lt;br /&gt;&#xd;
Wie gro&amp;szlig; ist die Wahrscheinlichkeit, dass an diesem Tag die Tagesdurchschnittstemperatur &amp;uuml;ber $[var=hoechst]$ Grad Celsius liegt?&lt;br /&gt;&#xd;
&lt;br /&gt;&#xd;
&lt;strong&gt;Einreicung:&lt;/strong&gt; &lt;input name=&quot;field1&quot; size=&quot;6&quot; type=&quot;text&quot; value=&quot;field1&quot; /&gt;&amp;nbsp;&lt;br /&gt;&#xd;
&lt;br /&gt;&#xd;
&lt;em&gt;(Runden Sie, falls n&amp;ouml;tig, auf die vierte Nachkommastelle und verwenden Sie einen Dezimalpunkt.)&lt;/em&gt;&#xd;
&lt;p&gt;&lt;a href=&quot;https://webrtaschenrechner.netlify.app/&quot; onclick=&quot;window.open(&apos;https://webrtaschenrechner.netlify.app/&apos;,&apos;R Console&apos;,&apos;top=320, left=1525, width=400,height=600,menubar=no,toolbar=no,&apos;); return false;&quot; target=&quot;_blank&quot;&gt;&lt;img alt=&quot;R_ Logo&quot; pull-right=&quot;&quot; src=&quot;/econometrics/resource?resource=157444&quot; style=&quot;width: 40px; height: 50px; float: right; margin: 5px&quot; /&gt;&lt;/a&gt;&lt;/p&gt;</taskDescription>
            <skipMessage>Die Wahrscheinlichkeit, dass es am $12$. Juli w&amp;auml;rmer als $[var=hoechst]$ Grad wird, betr&amp;auml;gt $[var=ansa]$.</skipMessage>
            <defaultTransition id="17">
              <conditionExpression id="18">
                <domain>MATH</domain>
              </conditionExpression>
              <stageExpression id="19">
                <domain>MATH</domain>
              </stageExpression>
              <isRepeat>true</isRepeat>
            </defaultTransition>
            <skipTransitions id="20">
              <StageTransition id="21">
                <conditionExpression id="22">
                  <code></code>
                  <domain>MATH</domain>
                </conditionExpression>
                <stageExpression id="23">
                  <domain>MATH</domain>
                </stageExpression>
                <targetStage class="FillInStage" id="24">
                  <internalName>3</internalName>
                  <externalName>Stage 3</externalName>
                  <taskDescription>&lt;strong&gt;Aufgabenstellung:&lt;/strong&gt;&lt;br /&gt;&#xd;
&lt;br /&gt;&#xd;
Aus der ersten Frage wissen Sie, dass der $202$. Tag des Jahres (21. Juli), im Erwartungswert der w&amp;auml;rmste Tag des Jahres in Essen ist und daher im Erwartungswert auch w&amp;auml;rmer als der $12$. Juli, der Tag der Online-Klausur.&lt;br /&gt;&#xd;
&lt;br /&gt;&#xd;
An welchem der beiden Tage ist die Wahrscheinlichkeit einer Tagesdurchschnittstemperatur von &amp;uuml;ber $[var=Temp]$ Grad Celsius gr&amp;ouml;&amp;szlig;er? &amp;nbsp;&lt;br /&gt;&#xd;
&lt;br /&gt;&#xd;
&lt;strong&gt;Auswahl:&lt;/strong&gt;&lt;br /&gt;&#xd;
&lt;br /&gt;&#xd;
&lt;select name=&quot;field1&quot;&gt;&lt;option value=&quot;0&quot;&gt;field1&lt;/option&gt;&lt;/select&gt;&#xd;
&lt;p&gt;&lt;a href=&quot;https://webrtaschenrechner.netlify.app/&quot; onclick=&quot;window.open(&apos;https://webrtaschenrechner.netlify.app/&apos;,&apos;R Console&apos;,&apos;top=320, left=1525, width=400,height=600,menubar=no,toolbar=no,&apos;); return false;&quot; target=&quot;_blank&quot;&gt;&lt;img alt=&quot;R_ Logo&quot; pull-right=&quot;&quot; src=&quot;/econometrics/resource?resource=157444&quot; style=&quot;width: 40px; height: 50px; float: right; margin: 5px&quot; /&gt;&lt;/a&gt;&lt;/p&gt;</taskDescription>
                  <skipMessage>Am $12$. Juli ist die Wahrscheinlichkeit einer Tagesdurchschnittstemperatur von &amp;uuml;ber $[var=Temp]$ Grad Celsius gr&amp;ouml;&amp;szlig;er.</skipMessage>
                  <defaultTransition id="25">
                    <conditionExpression id="26">
                      <domain>MATH</domain>
                    </conditionExpression>
                    <stageExpression id="27">
                      <domain>MATH</domain>
                    </stageExpression>
                    <isRepeat>true</isRepeat>
                  </defaultTransition>
                  <skipTransitions id="28">
                    <StageTransition id="29">
                      <conditionExpression id="30">
                        <code></code>
                        <domain>MATH</domain>
                      </conditionExpression>
                      <stageExpression id="31">
                        <domain>MATH</domain>
                      </stageExpression>
                      <isRepeat>false</isRepeat>
                    </StageTransition>
                  </skipTransitions>
                  <stageTransitions id="32">
                    <StageTransition id="33">
                      <conditionExpression id="34">
                        <code></code>
                        <domain>MATH</domain>
                      </conditionExpression>
                      <stageExpression id="35">
                        <code>[meta=stageCurrentResult]&gt;=100</code>
                        <domain>MATH</domain>
                      </stageExpression>
                      <isRepeat>false</isRepeat>
                    </StageTransition>
                  </stageTransitions>
                  <hints id="36"/>
                  <variableUpdatesOnEnter id="37"/>
                  <variableUpdatesBeforeCheck id="38"/>
                  <variableUpdatesAfterCheck id="39"/>
                  <variableUpdatesOnNormalExit id="40"/>
                  <variableUpdatesOnRepeat id="41"/>
                  <variableUpdatesOnSkip id="42"/>
                  <weight>1</weight>
                  <orderIndex>2</orderIndex>
                  <allowSkip>true</allowSkip>
                  <resources id="43"/>
                  <rules id="44"/>
                  <fillInFields id="45"/>
                  <dropDownFields id="46">
                    <de.uni__due.s3.jack3.entities.stagetypes.fillin.DropDownField id="47">
                      <name>field1</name>
                      <orderIndex>0</orderIndex>
                      <randomize>true</randomize>
                      <items id="48">
                        <string>Am 21. Juli</string>
                        <string>Am 12. Juli</string>
                      </items>
                    </de.uni__due.s3.jack3.entities.stagetypes.fillin.DropDownField>
                  </dropDownFields>
                  <formularEditorPalette>MATHDOX_FORMULAR_EDITOR_NO_PALETTE</formularEditorPalette>
                  <defaultFeedback>Leider nicht korrekt.&lt;br /&gt;
&lt;br /&gt;
Am $12$. Juli ist die Wahrscheinlichkeit einer Tagesdurchschnittstemperatur von &amp;uuml;ber $[var=Temp]$ Grad Celsius gr&amp;ouml;&amp;szlig;er.</defaultFeedback>
                  <correctAnswerRules id="49">
                    <Rule id="50">
                      <name>CorrectAnswer1</name>
                      <orderIndex>1</orderIndex>
                      <validationExpression id="51">
                        <code>[input=field1]==1</code>
                        <domain>MATH</domain>
                      </validationExpression>
                      <points>0</points>
                      <terminal>false</terminal>
                    </Rule>
                  </correctAnswerRules>
                  <correctAnswerFeedback>Richtig.</correctAnswerFeedback>
                  <defaultResult>0</defaultResult>
                </targetStage>
                <isRepeat>false</isRepeat>
              </StageTransition>
            </skipTransitions>
            <stageTransitions id="52">
              <StageTransition id="53">
                <conditionExpression id="54">
                  <code></code>
                  <domain>MATH</domain>
                </conditionExpression>
                <stageExpression id="55">
                  <code>[meta=stageCurrentResult]&gt;=100</code>
                  <domain>MATH</domain>
                </stageExpression>
                <targetStage class="FillInStage" reference="24"/>
                <isRepeat>false</isRepeat>
              </StageTransition>
            </stageTransitions>
            <hints id="56">
              <StageHint id="57">
                <stagehint__order>0</stagehint__order>
                <text>    Berechnen Sie die Parameter der Verteilung für diesen Tag mit Hilfe von R (einfache Variante) oder nutzen Sie die Standardisierung.
    </text>
                <malus>0</malus>
                <stage class="FillInStage" reference="16"/>
              </StageHint>
            </hints>
            <variableUpdatesOnEnter id="58"/>
            <variableUpdatesBeforeCheck id="59"/>
            <variableUpdatesAfterCheck id="60"/>
            <variableUpdatesOnNormalExit id="61"/>
            <variableUpdatesOnRepeat id="62"/>
            <variableUpdatesOnSkip id="63"/>
            <weight>1</weight>
            <orderIndex>1</orderIndex>
            <allowSkip>true</allowSkip>
            <resources id="64"/>
            <rules id="65"/>
            <fillInFields id="66">
              <FillInField id="67">
                <name>field1</name>
                <orderIndex>0</orderIndex>
                <size>6</size>
                <formularEditorType>NUMBER</formularEditorType>
              </FillInField>
            </fillInFields>
            <dropDownFields id="68"/>
            <formularEditorPalette>MATHDOX_FORMULAR_EDITOR_BASIC</formularEditorPalette>
            <defaultFeedback>Leider nicht korrekt.&lt;br /&gt;
&lt;br /&gt;
Die Wahrscheinlichkeit, dass es am $12$. Juli w&amp;auml;rmer als $[var=hoechst]$ Grad wird, betr&amp;auml;gt $[var=ansa]$.</defaultFeedback>
            <correctAnswerRules id="69">
              <Rule id="70">
                <name>CorrectAnswer1</name>
                <orderIndex>1</orderIndex>
                <validationExpression id="71">
                  <code>!isEmpty([input=field1])&amp;&amp;isRealNumber([input=field1])&amp;&amp;[input=field1]&gt;[var=ansa]-0.011&amp;&amp;[input=field1]&lt;[var=ansa]+0.011</code>
                  <domain>MATH</domain>
                </validationExpression>
                <points>0</points>
                <terminal>false</terminal>
              </Rule>
            </correctAnswerRules>
            <correctAnswerFeedback>Richtig.</correctAnswerFeedback>
            <defaultResult>0</defaultResult>
          </targetStage>
          <isRepeat>false</isRepeat>
        </StageTransition>
      </skipTransitions>
      <stageTransitions id="72">
        <StageTransition id="73">
          <conditionExpression id="74">
            <code></code>
            <domain>MATH</domain>
          </conditionExpression>
          <stageExpression id="75">
            <code>[meta=stageCurrentResult]&gt;=100</code>
            <domain>MATH</domain>
          </stageExpression>
          <targetStage class="FillInStage" reference="16"/>
          <isRepeat>false</isRepeat>
        </StageTransition>
      </stageTransitions>
      <hints id="76">
        <StageHint id="77">
          <stagehint__order>0</stagehint__order>
          <text>$\frac{\partial \mu(i)}{\partial i}\overset{!}{=}0$.&lt;br /&gt;
&lt;br /&gt;
(Es ist ein weiterer Hinweis vorhanden.)</text>
          <malus>0</malus>
          <stage class="FillInStage" reference="8"/>
        </StageHint>
        <StageHint id="78">
          <stagehint__order>1</stagehint__order>
          <text>$\frac{\partial \mu(i)}{\partial i}=\frac{-2\pi\cdot\left(\beta_1\cdot \sin\left(\frac{2\pi i}{365}\right)-\beta_2\cdot \cos\left(\frac{2\pi i}{365}\right)\right)}{365}$.&lt;br /&gt;
&lt;br /&gt;
(Es ist ein weiterer Hinweis vorhanden.)</text>
          <malus>0</malus>
          <stage class="FillInStage" reference="8"/>
        </StageHint>
        <StageHint id="79">
          <stagehint__order>2</stagehint__order>
          <text>Dieser Ausdruck ist gleich $0$ wenn: $\beta_1\cdot \sin\left(\frac{2\pi i}{365}\right)=\beta_2\cdot \cos\left(\frac{2\pi i}{365}\right)$.&lt;br /&gt;
&lt;br /&gt;
(Es ist ein weiterer Hinweis vorhanden.)</text>
          <malus>0</malus>
          <stage class="FillInStage" reference="8"/>
        </StageHint>
        <StageHint id="80">
          <stagehint__order>3</stagehint__order>
          <text>$\frac{\sin(x)}{\cos(x)}=\tan(x)$.&lt;br /&gt;
&lt;br /&gt;
(Es ist ein weiterer Hinweis vorhanden.)</text>
          <malus>0</malus>
          <stage class="FillInStage" reference="8"/>
        </StageHint>
        <StageHint id="81">
          <stagehint__order>4</stagehint__order>
          <text>      Es genügt eine Nullstelle zu finden, aufgrund der Periodizität ist die zweite Nullstelle $\frac{365}{2}$ entfernt.
    </text>
          <malus>0</malus>
          <stage class="FillInStage" reference="8"/>
        </StageHint>
      </hints>
      <variableUpdatesOnEnter id="82"/>
      <variableUpdatesBeforeCheck id="83"/>
      <variableUpdatesAfterCheck id="84"/>
      <variableUpdatesOnNormalExit id="85"/>
      <variableUpdatesOnRepeat id="86"/>
      <variableUpdatesOnSkip id="87"/>
      <weight>1</weight>
      <orderIndex>0</orderIndex>
      <allowSkip>true</allowSkip>
      <resources id="88"/>
      <rules id="89">
        <Rule id="90">
          <name>Feedback_2</name>
          <orderIndex>2</orderIndex>
          <validationExpression id="91">
            <code>!isEmpty([input=field2])&amp;&amp;isRealNumber([input=field2])&amp;&amp;[input=field2]==202</code>
            <domain>MATH</domain>
          </validationExpression>
          <feedbackText> Wärmster Tag korrekt</feedbackText>
          <points>50</points>
          <terminal>false</terminal>
        </Rule>
        <Rule id="92">
          <name>Feedback_1</name>
          <orderIndex>1</orderIndex>
          <validationExpression id="93">
            <code>!isEmpty([input=field1])&amp;&amp;isRealNumber([input=field1])&amp;&amp;[input=field1]==20</code>
            <domain>MATH</domain>
          </validationExpression>
          <feedbackText> Kältester Tag korrekt</feedbackText>
          <points>50</points>
          <terminal>false</terminal>
        </Rule>
      </rules>
      <fillInFields id="94">
        <FillInField id="95">
          <name>field2</name>
          <orderIndex>1</orderIndex>
          <size>6</size>
          <formularEditorType>NUMBER</formularEditorType>
        </FillInField>
        <FillInField id="96">
          <name>field1</name>
          <orderIndex>0</orderIndex>
          <size>6</size>
          <formularEditorType>NUMBER</formularEditorType>
        </FillInField>
      </fillInFields>
      <dropDownFields id="97"/>
      <formularEditorPalette>MATHDOX_FORMULAR_EDITOR_BASIC</formularEditorPalette>
      <defaultFeedback>Leider nicht korrekt.&lt;br /&gt;
&lt;br /&gt;
Im Erwartungswert ist der $20$. Tag des Jahres ($20$. Januar), der k&amp;auml;lteste Tag des Jahres. Im Erwartungswert ist der $202$. Tag des Jahres ($21$. Juli), der w&amp;auml;rmste Tag des Jahres.</defaultFeedback>
      <correctAnswerRules id="98">
        <Rule id="99">
          <name>CorrectAnswer1</name>
          <orderIndex>1</orderIndex>
          <validationExpression id="100">
            <code>!isEmpty([input=field1])&amp;&amp;isRealNumber([input=field1])&amp;&amp;!isEmpty([input=field2])&amp;&amp;isRealNumber([input=field2])&amp;&amp;[input=field1]==20&amp;&amp;[input=field2]==202</code>
            <domain>MATH</domain>
          </validationExpression>
          <points>0</points>
          <terminal>false</terminal>
        </Rule>
      </correctAnswerRules>
      <correctAnswerFeedback>Richtig.</correctAnswerFeedback>
      <defaultResult>0</defaultResult>
    </FillInStage>
    <FillInStage reference="16"/>
    <FillInStage reference="24"/>
  </stages>
  <startStage class="FillInStage" reference="8"/>
  <variableDeclarations id="101">
    <VariableDeclaration id="102">
      <name>hoechst</name>
      <initializationCode id="103">
        <code>randomIntegerBetween(15,24)</code>
        <domain>MATH</domain>
      </initializationCode>
    </VariableDeclaration>
    <VariableDeclaration id="104">
      <name>ansau</name>
      <initializationCode id="105">
        <code>evaluateInR(&apos;pnorm([var=hoechst],10.17-7.606*cos((2*pi*193)/365)-2.709*sin((2*pi*193)/365),sqrt(13.47+2.671*cos((2*pi*193)/365)+2.705*sin((2*pi*193)/365)+1.902*cos((4*pi*193)/365)+0.05518*sin((4*pi*193)/365)), lower.tail = FALSE, log.p = FALSE)&apos;)</code>
        <domain>MATH</domain>
      </initializationCode>
    </VariableDeclaration>
    <VariableDeclaration id="106">
      <name>ansa</name>
      <initializationCode id="107">
        <code>evaluateInR(&apos;round([var=ansau], 2)&apos;)</code>
        <domain>MATH</domain>
      </initializationCode>
    </VariableDeclaration>
    <VariableDeclaration id="108">
      <name>Temp</name>
      <initializationCode id="109">
        <code>randomIntegerBetween(24,26)</code>
        <domain>MATH</domain>
      </initializationCode>
    </VariableDeclaration>
  </variableDeclarations>
  <jSXGraphs id="110"/>
  <dynamicMolecules id="111"/>
  <resultFeedbackMappings id="112"/>
</Exercise>