<Exercise id="1">
  <name>IS07-03 Verteilungen stetiger Zufallsvariablen 3</name>
  <publicDescription></publicDescription>
  <internalNotes>Normalverteilung Schwankungsintervall, 2 Quantile bestimmen, zwischen denen X liegt.

Die  Materialien sind lizenziert unter CC BY-NC-SA 4.0. Eine Kopie dieser Lizenz finden Sie unter http://creativecommons.org/licenses/by-nc-sa/4.0/

The materials are licensed under CC BY-NC-SA 4.0. You can find a copy of this license at http://creativecommons.org/licenses/by-nc-sa/4.0/</internalNotes>
  <language>de</language>
  <difficulty>3</difficulty>
  <tags id="2">
    <Tag id="3">
      <name>IndStat</name>
    </Tag>
    <Tag id="4">
      <name>TR_neu</name>
    </Tag>
    <Tag id="5">
      <name>TR</name>
    </Tag>
  </tags>
  <resources id="6"/>
  <stages id="7">
    <FillInStage id="8">
      <internalName>1</internalName>
      <externalName>Stage 1</externalName>
      <taskDescription>&lt;strong&gt;Aufgabenstellung:&lt;/strong&gt;&lt;br /&gt;&#xd;
&lt;br /&gt;&#xd;
Arbeitswissenschaftliche Untersuchungen haben ergeben, dass die Verrichtung bestimmter T&amp;auml;tigkeiten (z.B. bestimmte Handgriffe bei der Bedienung einer Maschine) eine normalverteilte Zeit $t$ mit einem Erwartungswert von $[var=EA1]$ Minuten und einer Standardabweichung von $[var=sek]$ Sekunden dauert.&lt;br /&gt;&#xd;
&lt;br /&gt;&#xd;
Berechnen Sie das zentrale Schwankungsintervall, in dem die Dauer der T&amp;auml;tigkeit mit einer Wahrscheinlichkeit von $[var=inter]\%$ liegt!&lt;br /&gt;&#xd;
&lt;br /&gt;&#xd;
&lt;strong&gt;Einreichung:&lt;/strong&gt;&lt;br /&gt;&#xd;
&lt;br /&gt;&#xd;
Die Grenzen sind &amp;nbsp;&lt;input name=&quot;field1&quot; size=&quot;6&quot; type=&quot;text&quot; value=&quot;field1&quot; /&gt;&amp;nbsp; (untere Grenze) und &amp;nbsp;&lt;input name=&quot;field2&quot; size=&quot;6&quot; type=&quot;text&quot; value=&quot;field2&quot; /&gt;&amp;nbsp; (obere Grenze) (&lt;strong&gt;in Minuten&lt;/strong&gt;).&lt;br /&gt;&#xd;
&lt;br /&gt;&#xd;
&lt;em&gt;(Runden Sie, falls n&amp;ouml;tig, auf die zweite Nachkommastelle und verwenden Sie einen Dezimalpunkt.)&lt;/em&gt;&#xd;
&lt;p&gt;&lt;a href=&quot;https://webrtaschenrechner.netlify.app/&quot; onclick=&quot;window.open(&apos;https://webrtaschenrechner.netlify.app/&apos;,&apos;R Console&apos;,&apos;top=320, left=1525, width=400,height=600,menubar=no,toolbar=no,&apos;); return false;&quot; target=&quot;_blank&quot;&gt;&lt;img alt=&quot;R_ Logo&quot; pull-right=&quot;&quot; src=&quot;/econometrics/resource?resource=157444&quot; style=&quot;width: 40px; height: 50px; float: right; margin: 5px&quot; /&gt;&lt;/a&gt;&lt;/p&gt;</taskDescription>
      <skipMessage>Untere Grenze:&lt;br /&gt;
$P(X\le x_u) = [var=unterq]$&lt;br /&gt;
$\verb|qnorm([var=unterq], [var=EA1], [var=sekminAufgabe])| = [var=ansaunt]$&lt;br /&gt;
&lt;br /&gt;
Obere Grenze:&lt;br /&gt;
$P(X\le x_o) = [var=oberq]$&lt;br /&gt;
$\verb|qnorm([var=oberq], [var=EA1], [var=sekminAufgabe])| = [var=ansaob]$&lt;br /&gt;
&lt;br /&gt;
Die Grenzen sind $[var=ansaunt]$ (untere Grenze) und $[var=ansaob]$ (obere Grenze) (in Minuten).</skipMessage>
      <defaultTransition id="9">
        <conditionExpression id="10">
          <domain>MATH</domain>
        </conditionExpression>
        <stageExpression id="11">
          <domain>MATH</domain>
        </stageExpression>
        <isRepeat>true</isRepeat>
      </defaultTransition>
      <skipTransitions id="12">
        <StageTransition id="13">
          <conditionExpression id="14">
            <code></code>
            <domain>MATH</domain>
          </conditionExpression>
          <stageExpression id="15">
            <domain>MATH</domain>
          </stageExpression>
          <isRepeat>false</isRepeat>
        </StageTransition>
      </skipTransitions>
      <stageTransitions id="16">
        <StageTransition id="17">
          <conditionExpression id="18">
            <code></code>
            <domain>MATH</domain>
          </conditionExpression>
          <stageExpression id="19">
            <code>[meta=stageCurrentResult]&gt;=100</code>
            <domain>MATH</domain>
          </stageExpression>
          <isRepeat>false</isRepeat>
        </StageTransition>
      </stageTransitions>
      <hints id="20">
        <StageHint id="21">
          <stagehint__order>0</stagehint__order>
          <text>Bestimmen Sie zun&amp;auml;chst Erwartungswert und Varianz der Zufallsvariable $X= \text{Dauer der Verrichtung bestimmter T&amp;auml;tigkeiten in Minuten}$.&lt;br /&gt;
&lt;br /&gt;
(Es ist ein weiterer Hinweis vorhanden.)</text>
          <malus>0</malus>
          <stage class="FillInStage" reference="8"/>
        </StageHint>
        <StageHint id="22">
          <stagehint__order>1</stagehint__order>
          <text>$X$ ist normalverteilt mit $\mu=[var=EA1]$ und $\sigma^2=\left(\frac{[var=sek]}{60}\right)^2 = [var=sekminAufgabe]^2$.&lt;br /&gt;
Von dieser ZV muss das $[var=unterq]$-Quantil und das $[var=oberq]$-Quantil gefunden werden. Mit W&amp;#39;keit $[var=inter]\%$ liegt die Dauer $X$ zwischen diesen beiden Werten.&lt;br /&gt;
&lt;br /&gt;
(Es ist ein weiterer Hinweis vorhanden.)</text>
          <malus>0</malus>
          <stage class="FillInStage" reference="8"/>
        </StageHint>
        <StageHint id="23">
          <stagehint__order>2</stagehint__order>
          <text>Das $[var=unterq]$-Quantil und $[var=oberq]$-Quantil berechnen sich folgenderma&amp;szlig;en:&lt;br /&gt;
$P(X\le x_u) = [var=unterq]$&lt;br /&gt;
$P(X\le x_o) = [var=oberq]$&lt;br /&gt;
&lt;br /&gt;
Die Berechnung &amp;uuml;ber R sieht wie folgt aus:&lt;br /&gt;
$\verb|qnorm(p, mean, sd)|$ mit $\verb|p=[var=unterq]|$ bzw. $\verb|p=[var=oberq]|$, $\verb|mean=[var=EA1]|$ und $\verb|sd=[var=sekminAufgabe]|$.</text>
          <malus>0</malus>
          <stage class="FillInStage" reference="8"/>
        </StageHint>
      </hints>
      <variableUpdatesOnEnter id="24"/>
      <variableUpdatesBeforeCheck id="25"/>
      <variableUpdatesAfterCheck id="26"/>
      <variableUpdatesOnNormalExit id="27"/>
      <variableUpdatesOnRepeat id="28"/>
      <variableUpdatesOnSkip id="29"/>
      <weight>1</weight>
      <orderIndex>0</orderIndex>
      <allowSkip>true</allowSkip>
      <resources id="30"/>
      <rules id="31">
        <Rule id="32">
          <name>Feedback_2</name>
          <orderIndex>2</orderIndex>
          <validationExpression id="33">
            <code>!isEmpty([input=field2])&amp;&amp;isRealNumber([input=field2])&amp;&amp;[input=field2]&gt;[var=ansaob]-0.04&amp;&amp;[input=field2]&lt;[var=ansaob]+0.04</code>
            <domain>MATH</domain>
          </validationExpression>
          <feedbackText>Obere Grenze korrekt</feedbackText>
          <points>50</points>
          <terminal>false</terminal>
        </Rule>
        <Rule id="34">
          <name>Feedback_1</name>
          <orderIndex>1</orderIndex>
          <validationExpression id="35">
            <code>!isEmpty([input=field1])&amp;&amp;isRealNumber([input=field1])&amp;&amp;[input=field1]&gt;[var=ansaunt]-0.04&amp;&amp;[input=field1]&lt;[var=ansaunt]+0.04</code>
            <domain>MATH</domain>
          </validationExpression>
          <feedbackText>Untere Grenze korrekt</feedbackText>
          <points>50</points>
          <terminal>false</terminal>
        </Rule>
      </rules>
      <fillInFields id="36">
        <FillInField id="37">
          <name>field2</name>
          <orderIndex>1</orderIndex>
          <size>6</size>
          <formularEditorType>NUMBER</formularEditorType>
        </FillInField>
        <FillInField id="38">
          <name>field1</name>
          <orderIndex>0</orderIndex>
          <size>6</size>
          <formularEditorType>NUMBER</formularEditorType>
        </FillInField>
      </fillInFields>
      <dropDownFields id="39"/>
      <formularEditorPalette>MATHDOX_FORMULAR_EDITOR_BASIC</formularEditorPalette>
      <defaultFeedback>Leider nicht korrekt.&lt;br /&gt;
&lt;br /&gt;
Untere Grenze:&lt;br /&gt;
$P(X\le x_u) = [var=unterq]$&lt;br /&gt;
$\verb|qnorm([var=unterq], [var=EA1], [var=sekminAufgabe])| = [var=ansaunt]$&lt;br /&gt;
&lt;br /&gt;
Obere Grenze:&lt;br /&gt;
$P(X\le x_o) = [var=oberq]$&lt;br /&gt;
$\verb|qnorm([var=oberq], [var=EA1], [var=sekminAufgabe])| = [var=ansaob]$&lt;br /&gt;
&lt;br /&gt;
Die Grenzen sind $[var=ansaunt]$ (untere Grenze) und $[var=ansaob]$ (obere Grenze) (in Minuten).</defaultFeedback>
      <correctAnswerRules id="40">
        <Rule id="41">
          <name>CorrectAnswer1</name>
          <orderIndex>1</orderIndex>
          <validationExpression id="42">
            <code>!isEmpty([input=field1])&amp;&amp;isRealNumber([input=field1])&amp;&amp;!isEmpty([input=field2])&amp;&amp;isRealNumber([input=field2])&amp;&amp;[input=field1]&gt;[var=ansaunt]-0.04&amp;&amp;[input=field1]&lt;[var=ansaunt]+0.04&amp;&amp;[input=field2]&gt;[var=ansaob]-0.04&amp;&amp;[input=field2]&lt;[var=ansaob]+0.04</code>
            <domain>MATH</domain>
          </validationExpression>
          <points>0</points>
          <terminal>false</terminal>
        </Rule>
      </correctAnswerRules>
      <correctAnswerFeedback>Richtig.</correctAnswerFeedback>
      <defaultResult>0</defaultResult>
    </FillInStage>
  </stages>
  <startStage class="FillInStage" reference="8"/>
  <variableDeclarations id="43">
    <VariableDeclaration id="44">
      <name>EA1</name>
      <initializationCode id="45">
        <code>randomIntegerBetween(7,19)</code>
        <domain>MATH</domain>
      </initializationCode>
    </VariableDeclaration>
    <VariableDeclaration id="46">
      <name>sek</name>
      <initializationCode id="47">
        <code>randomIntegerBetween(10,100)</code>
        <domain>MATH</domain>
      </initializationCode>
    </VariableDeclaration>
    <VariableDeclaration id="48">
      <name>sekmin</name>
      <initializationCode id="49">
        <code>evaluateInR(&apos;[var=sek]/60&apos;)</code>
        <domain>MATH</domain>
      </initializationCode>
    </VariableDeclaration>
    <VariableDeclaration id="50">
      <name>sekminAufgabe</name>
      <initializationCode id="51">
        <code>evaluateInR(&apos;round([var=sekmin], 4)&apos;)</code>
        <domain>MATH</domain>
      </initializationCode>
    </VariableDeclaration>
    <VariableDeclaration id="52">
      <name>inter</name>
      <initializationCode id="53">
        <code>randomIntegerBetween(60,80)</code>
        <domain>MATH</domain>
      </initializationCode>
    </VariableDeclaration>
    <VariableDeclaration id="54">
      <name>unterqu</name>
      <initializationCode id="55">
        <code>evaluateInR(&apos;((100-[var=inter])/2)/100&apos;)</code>
        <domain>MATH</domain>
      </initializationCode>
    </VariableDeclaration>
    <VariableDeclaration id="56">
      <name>unterq</name>
      <initializationCode id="57">
        <code>evaluateInR(&apos;round([var=unterqu], 3)&apos;)</code>
        <domain>MATH</domain>
      </initializationCode>
    </VariableDeclaration>
    <VariableDeclaration id="58">
      <name>oberqu</name>
      <initializationCode id="59">
        <code>evaluateInR(&apos;1-(((100-[var=inter])/2)/100)&apos;)</code>
        <domain>MATH</domain>
      </initializationCode>
    </VariableDeclaration>
    <VariableDeclaration id="60">
      <name>oberq</name>
      <initializationCode id="61">
        <code>evaluateInR(&apos;round([var=oberqu], 3)&apos;)</code>
        <domain>MATH</domain>
      </initializationCode>
    </VariableDeclaration>
    <VariableDeclaration id="62">
      <name>ansauntu</name>
      <initializationCode id="63">
        <code>evaluateInR(&apos;qnorm([var=unterq], [var=EA1], [var=sekmin])&apos;)</code>
        <domain>MATH</domain>
      </initializationCode>
    </VariableDeclaration>
    <VariableDeclaration id="64">
      <name>ansaunt</name>
      <initializationCode id="65">
        <code>evaluateInR(&apos;round([var=ansauntu], 4)&apos;)</code>
        <domain>MATH</domain>
      </initializationCode>
    </VariableDeclaration>
    <VariableDeclaration id="66">
      <name>ansaobu</name>
      <initializationCode id="67">
        <code>evaluateInR(&apos;qnorm([var=oberq], [var=EA1], [var=sekmin])&apos;)</code>
        <domain>MATH</domain>
      </initializationCode>
    </VariableDeclaration>
    <VariableDeclaration id="68">
      <name>ansaob</name>
      <initializationCode id="69">
        <code>evaluateInR(&apos;round([var=ansaobu], 4)&apos;)</code>
        <domain>MATH</domain>
      </initializationCode>
    </VariableDeclaration>
    <VariableDeclaration id="70">
      <name>ansauntus</name>
      <initializationCode id="71">
        <code>evaluateInR(&apos;qnorm([var=unterq], 0, 1)&apos;)</code>
        <domain>MATH</domain>
      </initializationCode>
    </VariableDeclaration>
    <VariableDeclaration id="72">
      <name>ansaunts</name>
      <initializationCode id="73">
        <code>evaluateInR(&apos;round([var=ansauntus], 4)&apos;)</code>
        <domain>MATH</domain>
      </initializationCode>
    </VariableDeclaration>
    <VariableDeclaration id="74">
      <name>ansaobus</name>
      <initializationCode id="75">
        <code>evaluateInR(&apos;qnorm([var=oberq], 0, 1)&apos;)</code>
        <domain>MATH</domain>
      </initializationCode>
    </VariableDeclaration>
    <VariableDeclaration id="76">
      <name>ansaobs</name>
      <initializationCode id="77">
        <code>evaluateInR(&apos;round([var=ansaobus], 4)&apos;)</code>
        <domain>MATH</domain>
      </initializationCode>
    </VariableDeclaration>
  </variableDeclarations>
  <jSXGraphs id="78"/>
  <dynamicMolecules id="79"/>
  <resultFeedbackMappings id="80"/>
</Exercise>