<Exercise id="1">
  <name>IS07-10 Verteilungen stetiger Zufallsvariablen 10</name>
  <publicDescription></publicDescription>
  <internalNotes>t-Verteilung Quantil bestimmen qt

Die  Materialien sind lizenziert unter CC BY-NC-SA 4.0. Eine Kopie dieser Lizenz finden Sie unter http://creativecommons.org/licenses/by-nc-sa/4.0/

The materials are licensed under CC BY-NC-SA 4.0. You can find a copy of this license at http://creativecommons.org/licenses/by-nc-sa/4.0/</internalNotes>
  <language>de</language>
  <difficulty>3</difficulty>
  <tags id="2">
    <Tag id="3">
      <name>IndStat</name>
    </Tag>
    <Tag id="4">
      <name>TR_neu</name>
    </Tag>
    <Tag id="5">
      <name>TR</name>
    </Tag>
  </tags>
  <resources id="6"/>
  <stages id="7">
    <FillInStage id="8">
      <internalName>1</internalName>
      <externalName>Stage 1</externalName>
      <taskDescription>&lt;strong&gt;Aufgabenstellung:&lt;/strong&gt;&lt;br /&gt;&#xd;
&lt;br /&gt;&#xd;
Man hat herausgefunden, dass die Kursentwicklung einer Aktie (angegeben in Prozentpunkten) nicht normalverteilt ist, sondern eher einer $t$-Verteilung mit $[var=n]$ Freiheitsgraden folgt.&lt;br /&gt;&#xd;
&lt;br /&gt;&#xd;
Von den unteren $5\%$ der Verteilung der Kursentwicklung interessieren wir uns f&amp;uuml;r die obere Schranke. Das entspricht der h&amp;ouml;chsten Kursentwicklung in diesem Abschnitt.&lt;br /&gt;&#xd;
&lt;br /&gt;&#xd;
&lt;strong&gt;&amp;nbsp;Einreichung:&lt;/strong&gt; &lt;input name=&quot;field1&quot; size=&quot;6&quot; type=&quot;text&quot; value=&quot;field1&quot; /&gt;&amp;nbsp;&lt;br /&gt;&#xd;
&lt;br /&gt;&#xd;
&lt;em&gt;(Runden Sie, falls n&amp;ouml;tig, auf die vierte Nachkommastelle und verwenden Sie einen Dezimalpunkt.)&lt;/em&gt;&#xd;
&lt;p&gt;&lt;a href=&quot;https://webrtaschenrechner.netlify.app/&quot; onclick=&quot;window.open(&apos;https://webrtaschenrechner.netlify.app/&apos;,&apos;R Console&apos;,&apos;top=320, left=1525, width=400,height=600,menubar=no,toolbar=no,&apos;); return false;&quot; target=&quot;_blank&quot;&gt;&lt;img alt=&quot;R_ Logo&quot; pull-right=&quot;&quot; src=&quot;/econometrics/resource?resource=157444&quot; style=&quot;width: 40px; height: 50px; float: right; margin: 5px&quot; /&gt;&lt;/a&gt;&lt;/p&gt;</taskDescription>
      <skipMessage>$x_{0.05}=[var=sol1]$.&lt;br /&gt;
$\verb|qt(0.05, [var=n])| = [var=sol1]$.</skipMessage>
      <defaultTransition id="9">
        <conditionExpression id="10">
          <domain>MATH</domain>
        </conditionExpression>
        <stageExpression id="11">
          <domain>MATH</domain>
        </stageExpression>
        <targetStage class="FillInStage" id="12">
          <internalName>2</internalName>
          <externalName>Stage 2</externalName>
          <taskDescription>&lt;strong&gt;Aufgabenstellung:&lt;/strong&gt;&lt;br /&gt;&#xd;
&lt;br /&gt;&#xd;
Jetzt nehme man an, dass die Kursentwicklung Erwartungswert $[var=mu]$ und Standardabweichung $[var=sigma]$ hat. Berechnen Sie das Gleiche wie in Stage 1 in der neuen Situation.&lt;br /&gt;&#xd;
&lt;br /&gt;&#xd;
&lt;strong&gt;&amp;nbsp;Einreichung:&lt;/strong&gt; &lt;input name=&quot;field1&quot; size=&quot;6&quot; type=&quot;text&quot; value=&quot;field1&quot; /&gt;&amp;nbsp;&lt;br /&gt;&#xd;
&lt;br /&gt;&#xd;
&lt;em&gt;(Runden Sie, falls n&amp;ouml;tig, auf die vierte Nachkommastelle und verwenden Sie einen Dezimalpunkt.)&lt;/em&gt;&#xd;
&lt;p&gt;&lt;a href=&quot;https://webrtaschenrechner.netlify.app/&quot; onclick=&quot;window.open(&apos;https://webrtaschenrechner.netlify.app/&apos;,&apos;R Console&apos;,&apos;top=320, left=1525, width=400,height=600,menubar=no,toolbar=no,&apos;); return false;&quot; target=&quot;_blank&quot;&gt;&lt;img alt=&quot;R_ Logo&quot; pull-right=&quot;&quot; src=&quot;/econometrics/resource?resource=157444&quot; style=&quot;width: 40px; height: 50px; float: right; margin: 5px&quot; /&gt;&lt;/a&gt;&lt;/p&gt;</taskDescription>
          <skipMessage>Richtig ist $[var=rsol1]\cdot[var=sigma]+[var=mu] = [var=rsol2]$.</skipMessage>
          <defaultTransition id="13">
            <conditionExpression id="14">
              <domain>MATH</domain>
            </conditionExpression>
            <stageExpression id="15">
              <domain>MATH</domain>
            </stageExpression>
            <isRepeat>true</isRepeat>
          </defaultTransition>
          <skipTransitions id="16">
            <StageTransition id="17">
              <conditionExpression id="18">
                <code></code>
                <domain>MATH</domain>
              </conditionExpression>
              <stageExpression id="19">
                <domain>MATH</domain>
              </stageExpression>
              <isRepeat>false</isRepeat>
            </StageTransition>
          </skipTransitions>
          <stageTransitions id="20">
            <StageTransition id="21">
              <conditionExpression id="22">
                <code></code>
                <domain>MATH</domain>
              </conditionExpression>
              <stageExpression id="23">
                <code>[meta=stageCurrentResult]&gt;=100</code>
                <domain>MATH</domain>
              </stageExpression>
              <isRepeat>false</isRepeat>
            </StageTransition>
          </stageTransitions>
          <hints id="24">
            <StageHint id="25">
              <stagehint__order>0</stagehint__order>
              <text>Nutzen Sie Ihr Wissen &amp;uuml;ber Transformationen!&lt;br /&gt;
&lt;br /&gt;
Beachten Sie dabei, dass die Varianz einer t-verteilten Zufallsvariable nicht $1$ ist, sondern $\frac{\nu}{\nu-2}$.&lt;br /&gt;
&lt;br /&gt;
(Es ist ein weiterer Hinweis vorhanden.)</text>
              <malus>0</malus>
              <stage class="FillInStage" reference="12"/>
            </StageHint>
            <StageHint id="26">
              <stagehint__order>1</stagehint__order>
              <text>Dann gilt: $x_{0.05} \cdot \sigma + \mu$.
    </text>
              <malus>0</malus>
              <stage class="FillInStage" reference="12"/>
            </StageHint>
          </hints>
          <variableUpdatesOnEnter id="27"/>
          <variableUpdatesBeforeCheck id="28"/>
          <variableUpdatesAfterCheck id="29"/>
          <variableUpdatesOnNormalExit id="30"/>
          <variableUpdatesOnRepeat id="31"/>
          <variableUpdatesOnSkip id="32"/>
          <weight>1</weight>
          <orderIndex>1</orderIndex>
          <allowSkip>true</allowSkip>
          <resources id="33"/>
          <rules id="34"/>
          <fillInFields id="35">
            <FillInField id="36">
              <name>field1</name>
              <orderIndex>0</orderIndex>
              <size>6</size>
              <formularEditorType>NUMBER</formularEditorType>
            </FillInField>
          </fillInFields>
          <dropDownFields id="37"/>
          <formularEditorPalette>MATHDOX_FORMULAR_EDITOR_BASIC</formularEditorPalette>
          <defaultFeedback>Leider nicht korrekt.&lt;br /&gt;
&lt;br /&gt;
Richtig ist $[var=rsol1]\cdot[var=sigma]+[var=mu] = [var=rsol2]$.</defaultFeedback>
          <correctAnswerRules id="38">
            <Rule id="39">
              <name>CorrectAnswer1</name>
              <orderIndex>1</orderIndex>
              <validationExpression id="40">
                <code>!isEmpty([input=field1])&amp;&amp;isRealNumber([input=field1])&amp;&amp;[input=field1]&gt;[var=sol2]-0.0011&amp;&amp;[input=field1]&lt;[var=sol2]+0.0011</code>
                <domain>MATH</domain>
              </validationExpression>
              <points>0</points>
              <terminal>false</terminal>
            </Rule>
          </correctAnswerRules>
          <correctAnswerFeedback>Richtig.</correctAnswerFeedback>
          <defaultResult>0</defaultResult>
        </targetStage>
        <isRepeat>false</isRepeat>
      </defaultTransition>
      <skipTransitions id="41">
        <StageTransition id="42">
          <conditionExpression id="43">
            <code></code>
            <domain>MATH</domain>
          </conditionExpression>
          <stageExpression id="44">
            <domain>MATH</domain>
          </stageExpression>
          <targetStage class="FillInStage" reference="12"/>
          <isRepeat>false</isRepeat>
        </StageTransition>
      </skipTransitions>
      <stageTransitions id="45">
        <StageTransition id="46">
          <conditionExpression id="47">
            <code></code>
            <domain>MATH</domain>
          </conditionExpression>
          <stageExpression id="48">
            <code>[meta=stageCurrentResult]&gt;=100</code>
            <domain>MATH</domain>
          </stageExpression>
          <targetStage class="FillInStage" reference="12"/>
          <isRepeat>false</isRepeat>
        </StageTransition>
      </stageTransitions>
      <hints id="49">
        <StageHint id="50">
          <stagehint__order>0</stagehint__order>
          <text>Wenn die Zufallsvariable $X=\text{Kursgewinne}$ den Wert $1$ annimmt hat man einen Kursgewinn von $1\%$. Wenn die Zufallsvariable den Wert $-1$ annimmt hat man einen Kursgewinn von $-1\%$ also einen Verlust.&lt;br /&gt;
&lt;br /&gt;
(Es ist ein weiterer Hinweis vorhanden.)</text>
          <malus>0</malus>
          <stage class="FillInStage" reference="8"/>
        </StageHint>
        <StageHint id="51">
          <stagehint__order>1</stagehint__order>
          <text>Sie m&amp;uuml;ssen ein Quantil bestimmen!&lt;br /&gt;
&lt;br /&gt;
(Es ist ein weiterer Hinweis vorhanden.)</text>
          <malus>0</malus>
          <stage class="FillInStage" reference="8"/>
        </StageHint>
        <StageHint id="52">
          <stagehint__order>2</stagehint__order>
          <text>Die Verteilung ist symmetrisch um $0$, daher ist das Ergebnis negativ (negative Kursgewinne = Verluste).&lt;br /&gt;
&lt;br /&gt;
(Es ist ein weiterer Hinweis vorhanden.)</text>
          <malus>0</malus>
          <stage class="FillInStage" reference="8"/>
        </StageHint>
        <StageHint id="53">
          <stagehint__order>3</stagehint__order>
          <text>Es ist das $5\%$-Quantil gesucht, das bedeutet, dass $5\%$ der Kursgewinne kleiner sind als das $5\%$-Quantil. $\Rightarrow P(X\le x_{0.05}) = 0.05$, wobei $x_{0.05}$ gesucht ist.&lt;br /&gt;
Die Berechnung &amp;uuml;ber R sieht wie folgt aus:&lt;br /&gt;
$\verb|qt(p, df)|$ mit $\verb|p=0.05|$ und $\verb|df=[var=n]|$ (Anzahl der Freiheitsgrade).</text>
          <malus>0</malus>
          <stage class="FillInStage" reference="8"/>
        </StageHint>
      </hints>
      <variableUpdatesOnEnter id="54"/>
      <variableUpdatesBeforeCheck id="55"/>
      <variableUpdatesAfterCheck id="56"/>
      <variableUpdatesOnNormalExit id="57"/>
      <variableUpdatesOnRepeat id="58"/>
      <variableUpdatesOnSkip id="59"/>
      <weight>1</weight>
      <orderIndex>0</orderIndex>
      <allowSkip>true</allowSkip>
      <resources id="60"/>
      <rules id="61"/>
      <fillInFields id="62">
        <FillInField id="63">
          <name>field1</name>
          <orderIndex>0</orderIndex>
          <size>6</size>
          <formularEditorType>NUMBER</formularEditorType>
        </FillInField>
      </fillInFields>
      <dropDownFields id="64"/>
      <formularEditorPalette>MATHDOX_FORMULAR_EDITOR_BASIC</formularEditorPalette>
      <defaultFeedback>Leider nicht korrekt.&lt;br /&gt;
&lt;br /&gt;
$x_{0.05}=[var=sol1]$.&lt;br /&gt;
$\verb|qt(0.05, [var=n])| = [var=sol1]$.</defaultFeedback>
      <correctAnswerRules id="65">
        <Rule id="66">
          <name>CorrectAnswer1</name>
          <orderIndex>1</orderIndex>
          <validationExpression id="67">
            <code>!isEmpty([input=field1])&amp;&amp;isRealNumber([input=field1])&amp;&amp;[input=field1]&gt;[var=sol1]-0.0011&amp;&amp;[input=field1]&lt;[var=sol1]+0.0011</code>
            <domain>MATH</domain>
          </validationExpression>
          <points>0</points>
          <terminal>false</terminal>
        </Rule>
      </correctAnswerRules>
      <correctAnswerFeedback>Richtig.</correctAnswerFeedback>
      <defaultResult>0</defaultResult>
    </FillInStage>
    <FillInStage reference="12"/>
  </stages>
  <startStage class="FillInStage" reference="8"/>
  <variableDeclarations id="68">
    <VariableDeclaration id="69">
      <name>n</name>
      <initializationCode id="70">
        <code>randomIntegerBetween(3,5)</code>
        <domain>MATH</domain>
      </initializationCode>
    </VariableDeclaration>
    <VariableDeclaration id="71">
      <name>m</name>
      <initializationCode id="72">
        <code>randomIntegerBetween(1,100)</code>
        <domain>MATH</domain>
      </initializationCode>
    </VariableDeclaration>
    <VariableDeclaration id="73">
      <name>mu</name>
      <initializationCode id="74">
        <code>evaluateInR(&apos;[var=m]/1000&apos;)</code>
        <domain>MATH</domain>
      </initializationCode>
    </VariableDeclaration>
    <VariableDeclaration id="75">
      <name>s</name>
      <initializationCode id="76">
        <code>randomIntegerBetween(1,20)</code>
        <domain>MATH</domain>
      </initializationCode>
    </VariableDeclaration>
    <VariableDeclaration id="77">
      <name>sigma</name>
      <initializationCode id="78">
        <code>evaluateInR(&apos;1+[var=s]/10&apos;)</code>
        <domain>MATH</domain>
      </initializationCode>
    </VariableDeclaration>
    <VariableDeclaration id="79">
      <name>sol1</name>
      <initializationCode id="80">
        <code>evaluateInR(&apos;round(qt(0.05, [var=n]), 4)&apos;)</code>
        <domain>MATH</domain>
      </initializationCode>
    </VariableDeclaration>
    <VariableDeclaration id="81">
      <name>sol2</name>
      <initializationCode id="82">
        <code>evaluateInR(&apos;round([var=sol1]*[var=sigma]+[var=mu], 4)&apos;)</code>
        <domain>MATH</domain>
      </initializationCode>
    </VariableDeclaration>
  </variableDeclarations>
  <jSXGraphs id="83"/>
  <dynamicMolecules id="84"/>
  <resultFeedbackMappings id="85"/>
</Exercise>