<Exercise id="1">
  <name>DS4-09 Streuungsparameter 9</name>
  <publicDescription>&lt;strong&gt;Stage 3&amp;nbsp;&lt;/strong&gt;wurde in der Vorlesung nicht behandelt&amp;nbsp;und&amp;nbsp;ist daher&amp;nbsp;&lt;strong&gt;nicht klausurrelevant&lt;/strong&gt;.&amp;nbsp;&lt;br /&gt;&#xd;
&lt;br /&gt;&#xd;
Bei Interesse k&amp;ouml;nnen Sie die Berechnung in Assenmacher Deskriptive Statistik (S. 99 ff.) nachschlagen oder die Diskussion im &lt;a href=&quot;https://moodle.uni-due.de/mod/forum/discuss.php?d=379343#p694104&quot;&gt;Forum auf&amp;nbsp;Moodle&lt;/a&gt;&amp;nbsp;nachverfolgen.&amp;nbsp;&amp;nbsp;</publicDescription>
  <internalNotes>Stage 1: Standardabweichung auf Basis der Klassenmittel berechnen.
Stage 2: MC-Frage zur Beziehung zwischen der Varianz der Urliste und der Varianz auf Basis der klassierten Daten.
Stage 3: Berechnung der internen, externen und der Varianz der Urliste.
(nicht freigeschaltet)

Die  Materialien sind lizenziert unter CC BY-NC-SA 4.0. Eine Kopie dieser Lizenz finden Sie unter http://creativecommons.org/licenses/by-nc-sa/4.0/

The materials are licensed under CC BY-NC-SA 4.0. You can find a copy of this license at http://creativecommons.org/licenses/by-nc-sa/4.0/</internalNotes>
  <language>de</language>
  <difficulty>3</difficulty>
  <tags id="2">
    <Tag id="3">
      <name>Desk_22</name>
    </Tag>
  </tags>
  <resources id="4"/>
  <stages id="5">
    <FillInStage id="6">
      <internalName>1</internalName>
      <externalName>Stage 1</externalName>
      <taskDescription>&lt;strong&gt;Aufgabenstellung:&lt;/strong&gt;&lt;br /&gt;&#xd;
&lt;br /&gt;&#xd;
Ihnen liegt folgende H&amp;auml;ufigkeitstabelle vor:&lt;br /&gt;&#xd;
&lt;br /&gt;&#xd;
$\begin{matrix}&lt;br /&gt;&#xd;
k &amp;amp; (x^{\prime}_{k-1}, \, x^{\prime}_k] &amp;amp; n_{k} &amp;amp; h_{k} &amp;amp; \Delta_{k} &amp;amp; m_{k} &amp;amp; \bar{x_{k}} \\&lt;br /&gt;&#xd;
\hline&lt;br /&gt;&#xd;
1 &amp;amp; (0, 30] &amp;amp; [var=n1] &amp;amp; [var=h1] &amp;amp; 30 &amp;amp; 15 &amp;amp; [var=a] \\&lt;br /&gt;&#xd;
2 &amp;amp; (30, 50] &amp;amp; [var=n2] &amp;amp; [var=h2] &amp;amp; 20 &amp;amp; 40 &amp;amp; [var=b] \\&lt;br /&gt;&#xd;
3 &amp;amp; (50, 70] &amp;amp; [var=n3] &amp;amp; [var=h3] &amp;amp; 20 &amp;amp; 60 &amp;amp; [var=c] \\&lt;br /&gt;&#xd;
4 &amp;amp; (70, 200] &amp;amp; [var=n4] &amp;amp; [var=h4] &amp;amp; 130 &amp;amp; 135 &amp;amp; [var=d] \\&lt;br /&gt;&#xd;
\hline&lt;br /&gt;&#xd;
&amp;amp; &amp;amp; 20 &amp;amp; 1 &amp;amp; &amp;amp; &amp;amp; \\&lt;br /&gt;&#xd;
\end{matrix}$&lt;br /&gt;&#xd;
&lt;br /&gt;&#xd;
&lt;br /&gt;&#xd;
Berechnen Sie die Standardabweichung!&lt;br /&gt;&#xd;
&lt;br /&gt;&#xd;
&lt;strong&gt;Einreichung:&lt;/strong&gt;&lt;br /&gt;&#xd;
&lt;br /&gt;&#xd;
$s_K = \,$&amp;nbsp;&lt;input name=&quot;field1&quot; size=&quot;8&quot; type=&quot;text&quot; value=&quot;field1&quot; /&gt;&amp;nbsp;&lt;br /&gt;&#xd;
&lt;br /&gt;&#xd;
&lt;em&gt;(Runden Sie Ihre Ergebnisse, falls n&amp;ouml;tig, auf 2 Stellen nach dem Komma und benutzen Sie einen Dezimalpunkt.)&lt;/em&gt;&#xd;
&lt;p&gt;&lt;a href=&quot;https://rdrr.io/snippets/embed/&quot; onclick=&quot;window.open(&apos;https://rdrr.io/snippets/embed/?code=&apos;,&apos;R Console&apos;,&apos; margin-top: 20px; top=200,left=100,width=480,height=640,menubar=no,toolbar=no,&apos;); return false;&quot; target=&quot;_blank&quot;&gt;&lt;img alt=&quot;R_ Logo&quot; pull-right=&quot;&quot; src=&quot;/econometrics/resource?resource=157444&quot; style=&quot;width: 40px; height: 50px; float: right; margin: 5px&quot; /&gt;&lt;/a&gt;&lt;/p&gt;&#xd;
</taskDescription>
      <skipMessage>Die Standardabweichung auf Basis der Klassenmittel lautet: $ \sqrt{s^2_K}\, = \,s_K \,= \,$[var=sd_c] $\quad \text{mit} \,\, s^2_K = \frac{1}{n}\sum_{k=1}^{K}(\bar{x}_k-\bar{x})^2 n_k$</skipMessage>
      <defaultTransition id="7">
        <conditionExpression id="8">
          <domain>MATH</domain>
        </conditionExpression>
        <stageExpression id="9">
          <domain>MATH</domain>
        </stageExpression>
        <targetStage class="MCStage" id="10">
          <internalName>2</internalName>
          <externalName>Stage 2</externalName>
          <taskDescription>&lt;strong&gt;Aufgabenstellung:&lt;/strong&gt;&lt;br /&gt;&#xd;
&lt;br /&gt;&#xd;
Welche der folgenden Aussagen trifft zu:&lt;br /&gt;&#xd;
&lt;br /&gt;&#xd;
&lt;strong&gt;Auswahl:&lt;/strong&gt;</taskDescription>
          <skipMessage>Streuen die Daten in mindestens einer Klasse, ist $s^2_K$ immer kleiner als die Varianz der Originalreihe, da die Streuung innerhalb der Klassen unber&amp;uuml;cksichtigt bleibt: $ s^2_K \, \lt \, s^2$</skipMessage>
          <defaultTransition id="11">
            <conditionExpression id="12">
              <domain>MATH</domain>
            </conditionExpression>
            <stageExpression id="13">
              <domain>MATH</domain>
            </stageExpression>
            <targetStage class="FillInStage" id="14">
              <internalName>3</internalName>
              <externalName>Stage 3</externalName>
              <taskDescription>&lt;strong&gt;Aufgabenstellung:&lt;/strong&gt;&lt;br /&gt;&#xd;
&lt;br /&gt;&#xd;
Zus&amp;auml;tzlich zu den Daten aus Stufe 1 der Aufgabe, liegen Ihnen nun die Varianzen der einzelnen Klassen vor.&lt;br /&gt;&#xd;
&lt;br /&gt;&#xd;
$\begin{matrix}&lt;br /&gt;&#xd;
k &amp;amp; (x^{\prime}_{k-1}, \, x^{\prime}_k] &amp;amp; n_{k} &amp;amp; h_{k} &amp;amp; \Delta_{k} &amp;amp; m_{k} &amp;amp; \bar{x} &amp;amp; s^{2} \\&lt;br /&gt;&#xd;
\hline&lt;br /&gt;&#xd;
1 &amp;amp; (0, 30] &amp;amp; [var=n1] &amp;amp; [var=h1] &amp;amp; 30 &amp;amp; 15 &amp;amp; [var=a] &amp;amp; [var=s1] \\&lt;br /&gt;&#xd;
2 &amp;amp; (30, 50] &amp;amp; [var=n2] &amp;amp; [var=h2] &amp;amp; 20 &amp;amp; 40 &amp;amp; [var=b] &amp;amp; [var=s2] \\&lt;br /&gt;&#xd;
3 &amp;amp; (50, 70] &amp;amp; [var=n3] &amp;amp; [var=h3] &amp;amp; 20 &amp;amp; 60 &amp;amp; [var=c] &amp;amp; [var=s3] \\&lt;br /&gt;&#xd;
4 &amp;amp; (70, 200] &amp;amp; [var=n4] &amp;amp; [var=h4] &amp;amp; 130 &amp;amp; 135 &amp;amp; [var=d] &amp;amp; [var=s4] \\&lt;br /&gt;&#xd;
\hline&lt;br /&gt;&#xd;
&amp;amp; &amp;amp; 20 &amp;amp; 1 &amp;amp; &amp;amp; &amp;amp; &amp;amp; \\&lt;br /&gt;&#xd;
\end{matrix}$&lt;br /&gt;&#xd;
&lt;br /&gt;&#xd;
Berechnen Sie die interne Varianz, die externe Varianz sowie die Varianz der Urliste!&lt;br /&gt;&#xd;
&lt;br /&gt;&#xd;
&lt;span style=&quot;font-size:12px;&quot;&gt;&lt;em&gt;(Runden Sie Ihre Ergebnisse, falls n&amp;ouml;tig, auf 2 Stellen nach dem Komma und benutzen Sie einen Dezimalpunkt.)&lt;/em&gt;&lt;/span&gt;&lt;br /&gt;&#xd;
&lt;br /&gt;&#xd;
&lt;strong&gt;Einreichung&lt;/strong&gt;:&lt;br /&gt;&#xd;
&amp;nbsp;&#xd;
&lt;table border=&quot;0&quot; cellpadding=&quot;1&quot; cellspacing=&quot;1&quot; style=&quot;width:250px;&quot;&gt;&#xd;
	&lt;tbody&gt;&#xd;
		&lt;tr&gt;&#xd;
			&lt;td&gt;$ s^{2}_{int} = \;$&lt;/td&gt;&#xd;
			&lt;td&gt;&amp;nbsp;&lt;input name=&quot;field1&quot; size=&quot;10&quot; type=&quot;text&quot; value=&quot;field1&quot; /&gt;&amp;nbsp;&lt;/td&gt;&#xd;
		&lt;/tr&gt;&#xd;
		&lt;tr&gt;&#xd;
			&lt;td&gt;$ s^{2}_{ex} = \;$&lt;/td&gt;&#xd;
			&lt;td&gt;&amp;nbsp;&lt;input name=&quot;field2&quot; size=&quot;10&quot; type=&quot;text&quot; value=&quot;field2&quot; /&gt;&amp;nbsp;&lt;/td&gt;&#xd;
		&lt;/tr&gt;&#xd;
		&lt;tr&gt;&#xd;
			&lt;td&gt;$ s^{2} = \;$&lt;/td&gt;&#xd;
			&lt;td&gt;&amp;nbsp;&lt;input name=&quot;field3&quot; size=&quot;10&quot; type=&quot;text&quot; value=&quot;field3&quot; /&gt;&amp;nbsp;&lt;/td&gt;&#xd;
		&lt;/tr&gt;&#xd;
	&lt;/tbody&gt;&#xd;
&lt;/table&gt;&#xd;
&#xd;
&lt;p&gt;&lt;a href=&quot;https://rdrr.io/snippets/embed/&quot; onclick=&quot;window.open(&apos;https://rdrr.io/snippets/embed/?code=&apos;,&apos;R Console&apos;,&apos; margin-top: 20px; top=200,left=100,width=480,height=640,menubar=no,toolbar=no,&apos;); return false;&quot; target=&quot;_blank&quot;&gt;&lt;img alt=&quot;R_ Logo&quot; pull-right=&quot;&quot; src=&quot;/econometrics/resource?resource=157444&quot; style=&quot;width: 40px; height: 50px; float: right; margin: 5px&quot; /&gt;&lt;/a&gt;&lt;/p&gt;&#xd;
</taskDescription>
              <skipMessage> $s^2_{int}=[var=$intvar]$
 $s^2_{ex}=[var=$exvar]$
 $s^2=[var=$variance]$</skipMessage>
              <defaultTransition id="15">
                <conditionExpression id="16">
                  <domain>MATH</domain>
                </conditionExpression>
                <stageExpression id="17">
                  <domain>MATH</domain>
                </stageExpression>
                <isRepeat>true</isRepeat>
              </defaultTransition>
              <skipTransitions id="18">
                <StageTransition id="19">
                  <conditionExpression id="20">
                    <code></code>
                    <domain>MATH</domain>
                  </conditionExpression>
                  <stageExpression id="21">
                    <domain>MATH</domain>
                  </stageExpression>
                  <isRepeat>false</isRepeat>
                </StageTransition>
              </skipTransitions>
              <stageTransitions id="22">
                <StageTransition id="23">
                  <conditionExpression id="24">
                    <code></code>
                    <domain>MATH</domain>
                  </conditionExpression>
                  <stageExpression id="25">
                    <code>[meta=stageCurrentResult]&gt;=100</code>
                    <domain>MATH</domain>
                  </stageExpression>
                  <isRepeat>false</isRepeat>
                </StageTransition>
              </stageTransitions>
              <hints id="26">
                <StageHint id="27">
                  <stagehint__order>0</stagehint__order>
                  <text>In dieser Aufgabe wird der Streuungszerlegungssatz behandelt!&lt;br /&gt;
&lt;br /&gt;
&lt;em&gt;(Es ist ein weiterer Hinweis vorhanden.)&lt;/em&gt;</text>
                  <malus>0</malus>
                  <stage class="FillInStage" reference="14"/>
                </StageHint>
                <StageHint id="28">
                  <stagehint__order>1</stagehint__order>
                  <text>$s^2_{int}=\frac{1}{n}\sum_{k=1}^{K}s_{k}^2\,n_{k} \\ s^2_{ex}=\frac{1}{n}\sum_{k=1}^{K}(\bar{x}_{k}-\bar{x})^2n_k \\  s^2 = s^2_{int} + s^2_{ex} $</text>
                  <malus>0</malus>
                  <stage class="FillInStage" reference="14"/>
                </StageHint>
              </hints>
              <variableUpdatesOnEnter id="29"/>
              <variableUpdatesBeforeCheck id="30"/>
              <variableUpdatesAfterCheck id="31"/>
              <variableUpdatesOnNormalExit id="32"/>
              <variableUpdatesOnRepeat id="33"/>
              <variableUpdatesOnSkip id="34"/>
              <weight>1</weight>
              <orderIndex>2</orderIndex>
              <allowSkip>true</allowSkip>
              <resources id="35"/>
              <rules id="36">
                <Rule id="37">
                  <name>Feedback_3</name>
                  <orderIndex>3</orderIndex>
                  <validationExpression id="38">
                    <code>!isEmpty([input=field3])&amp;&amp;isRealNumber([input=field3])&amp;&amp;[input=field3]&gt;[var=variance]*0.999&amp;&amp;[input=field3]&lt;[var=variance]*1.001</code>
                    <domain>MATH</domain>
                  </validationExpression>
                  <feedbackText>Die Varianz der Urliste ist korrekt!</feedbackText>
                  <points>33</points>
                  <terminal>false</terminal>
                </Rule>
                <Rule id="39">
                  <name>Feedback_2</name>
                  <orderIndex>2</orderIndex>
                  <validationExpression id="40">
                    <code>!isEmpty([input=field2])&amp;&amp;isRealNumber([input=field2])&amp;&amp;[input=field2]&gt;[var=exvar]*0.999&amp;&amp;[input=field2]&lt;[var=exvar]*1.001</code>
                    <domain>MATH</domain>
                  </validationExpression>
                  <feedbackText>Die externe Varianz ist korrekt!</feedbackText>
                  <points>33</points>
                  <terminal>false</terminal>
                </Rule>
                <Rule id="41">
                  <name>Feedback_1</name>
                  <orderIndex>1</orderIndex>
                  <validationExpression id="42">
                    <code>!isEmpty([input=field1])&amp;&amp;isRealNumber([input=field1])&amp;&amp;[input=field1]&gt;[var=intvar]*0.995&amp;&amp;[input=field1]&lt;[var=intvar]*1.005</code>
                    <domain>MATH</domain>
                  </validationExpression>
                  <feedbackText>Die interne Varianz ist korrekt!</feedbackText>
                  <points>33</points>
                  <terminal>false</terminal>
                </Rule>
              </rules>
              <fillInFields id="43">
                <FillInField id="44">
                  <name>field3</name>
                  <orderIndex>2</orderIndex>
                  <size>10</size>
                  <formularEditorType>NUMBER</formularEditorType>
                </FillInField>
                <FillInField id="45">
                  <name>field2</name>
                  <orderIndex>1</orderIndex>
                  <size>10</size>
                  <formularEditorType>NUMBER</formularEditorType>
                </FillInField>
                <FillInField id="46">
                  <name>field1</name>
                  <orderIndex>0</orderIndex>
                  <size>10</size>
                  <formularEditorType>NUMBER</formularEditorType>
                </FillInField>
              </fillInFields>
              <dropDownFields id="47"/>
              <formularEditorPalette>MATHDOX_FORMULAR_EDITOR_BASIC</formularEditorPalette>
              <defaultFeedback>Alle drei Ergebnisse sind nicht korrekt!</defaultFeedback>
              <correctAnswerRules id="48">
                <Rule id="49">
                  <name>CorrectAnswer1</name>
                  <orderIndex>1</orderIndex>
                  <validationExpression id="50">
                    <code>!isEmpty([input=field1])&amp;&amp;isRealNumber([input=field1])&amp;&amp;!isEmpty([input=field2])&amp;&amp;isRealNumber([input=field2])&amp;&amp;!isEmpty([input=field3])&amp;&amp;isRealNumber([input=field3])&amp;&amp;[input=field1]&gt;[var=intvar]*0.995&amp;&amp;[input=field1]&lt;[var=intvar]*1.005&amp;&amp;[input=field2]&gt;[var=exvar]*0.999&amp;&amp;[input=field2]&lt;[var=exvar]*1.001&amp;&amp;[input=field3]&gt;[var=variance]*0.999&amp;&amp;[input=field3]&lt;[var=variance]*1.001</code>
                    <domain>MATH</domain>
                  </validationExpression>
                  <points>0</points>
                  <terminal>false</terminal>
                </Rule>
              </correctAnswerRules>
              <correctAnswerFeedback>Richtig.</correctAnswerFeedback>
              <defaultResult>0</defaultResult>
            </targetStage>
            <isRepeat>false</isRepeat>
          </defaultTransition>
          <skipTransitions id="51">
            <StageTransition id="52">
              <conditionExpression id="53">
                <code></code>
                <domain>MATH</domain>
              </conditionExpression>
              <stageExpression id="54">
                <domain>MATH</domain>
              </stageExpression>
              <targetStage class="FillInStage" reference="14"/>
              <isRepeat>false</isRepeat>
            </StageTransition>
          </skipTransitions>
          <stageTransitions id="55">
            <StageTransition id="56">
              <conditionExpression id="57">
                <code></code>
                <domain>MATH</domain>
              </conditionExpression>
              <stageExpression id="58">
                <code>[meta=stageCurrentResult]&gt;=100</code>
                <domain>MATH</domain>
              </stageExpression>
              <targetStage class="FillInStage" reference="14"/>
              <isRepeat>false</isRepeat>
            </StageTransition>
          </stageTransitions>
          <hints id="59">
            <StageHint id="60">
              <stagehint__order>0</stagehint__order>
              <text>Denken Sie &amp;uuml;ber den Unterschied zwischen Varianz und Varianz der Urliste nach.&lt;br /&gt;
&lt;br /&gt;
&lt;em&gt;(Es ist ein weiterer Hinweis vorhanden.)&lt;/em&gt;</text>
              <malus>0</malus>
              <stage class="MCStage" reference="10"/>
            </StageHint>
            <StageHint id="61">
              <stagehint__order>1</stagehint__order>
              <text>Ein Teil der Informationen der Urliste geht durch die Einteilung in Klassen verloren. Wie wirkt sich das auf die Berechnung der Varianz aus?</text>
              <malus>0</malus>
              <stage class="MCStage" reference="10"/>
            </StageHint>
          </hints>
          <variableUpdatesOnEnter id="62"/>
          <variableUpdatesBeforeCheck id="63"/>
          <variableUpdatesAfterCheck id="64"/>
          <variableUpdatesOnNormalExit id="65"/>
          <variableUpdatesOnRepeat id="66"/>
          <variableUpdatesOnSkip id="67"/>
          <weight>1</weight>
          <orderIndex>1</orderIndex>
          <allowSkip>true</allowSkip>
          <resources id="68"/>
          <answerOptions id="69">
            <MCAnswer id="70">
              <order>0</order>
              <rule>CORRECT</rule>
              <text>Streuen die Daten in mindestens einer Klasse, ist die Varianz $s^{2}_{K}$ immer kleiner als die Varianz der Urliste.</text>
              <variableName></variableName>
              <mcstage reference="10"/>
            </MCAnswer>
            <MCAnswer id="71">
              <order>1</order>
              <rule>WRONG</rule>
              <text>Streuen die Daten in mindestens einer Klasse, ist die Varianz $s^{2}_{K}$ immer größer als die Varianz der Urliste.</text>
              <variableName></variableName>
              <mcstage reference="10"/>
            </MCAnswer>
            <MCAnswer id="72">
              <order>2</order>
              <rule>WRONG</rule>
              <text>Streuen die Daten in mindestens einer Klasse, ist die Varianz $s^{2}_{K}$ gleich der Varianz der Urliste.</text>
              <variableName></variableName>
              <mcstage reference="10"/>
            </MCAnswer>
            <MCAnswer id="73">
              <order>3</order>
              <rule>WRONG</rule>
              <text>Streuen die Daten in mindestens einer Klasse, ist die Varianz $s^{2}_{K}$ immer ungleich der Varianz der Urliste, ob sie größer oder kleiner ist, kann nicht bestimmt werden.</text>
              <variableName></variableName>
              <mcstage reference="10"/>
            </MCAnswer>
          </answerOptions>
          <randomize>true</randomize>
          <singleChoice>false</singleChoice>
          <correctAnswerFeedback>Richtig.</correctAnswerFeedback>
          <defaultFeedback>Nur eine Antwort ist richtig.&lt;br /&gt;
&lt;br /&gt;
Streuen die Daten in mindestens einer Klasse, ist $s^2_K$ immer kleiner als die Varianz der Originalreihe, da die Streuung innerhalb der Klassen unber&amp;uuml;cksichtigt bleibt: $ s^2_K \, \lt \, s^2$</defaultFeedback>
          <defaultResult>0</defaultResult>
          <extraFeedbacks id="74">
            <de.uni__due.s3.jack3.entities.stagetypes.mc.MCFeedback id="75">
              <expression id="76">
                <code>![input=mcindex_0]&amp;&amp;[input=mcindex_1]&amp;&amp;![input=mcindex_2]&amp;&amp;![input=mcindex_3]</code>
                <domain>MATH</domain>
              </expression>
              <condition id="77">
                <code></code>
                <domain>MATH</domain>
              </condition>
              <result>0</result>
              <feedbackText>Leider nicht richtig.</feedbackText>
            </de.uni__due.s3.jack3.entities.stagetypes.mc.MCFeedback>
            <de.uni__due.s3.jack3.entities.stagetypes.mc.MCFeedback id="78">
              <expression id="79">
                <code>![input=mcindex_0]&amp;&amp;![input=mcindex_1]&amp;&amp;[input=mcindex_2]&amp;&amp;![input=mcindex_3]</code>
                <domain>MATH</domain>
              </expression>
              <condition id="80">
                <code></code>
                <domain>MATH</domain>
              </condition>
              <result>0</result>
              <feedbackText>Leider nicht richtig.</feedbackText>
            </de.uni__due.s3.jack3.entities.stagetypes.mc.MCFeedback>
            <de.uni__due.s3.jack3.entities.stagetypes.mc.MCFeedback id="81">
              <expression id="82">
                <code>![input=mcindex_0]&amp;&amp;![input=mcindex_1]&amp;&amp;![input=mcindex_2]&amp;&amp;[input=mcindex_3]</code>
                <domain>MATH</domain>
              </expression>
              <condition id="83">
                <code></code>
                <domain>MATH</domain>
              </condition>
              <result>0</result>
              <feedbackText>Leider nicht richtig.</feedbackText>
            </de.uni__due.s3.jack3.entities.stagetypes.mc.MCFeedback>
            <de.uni__due.s3.jack3.entities.stagetypes.mc.MCFeedback id="84">
              <expression id="85">
                <code>![input=mcindex_0]&amp;&amp;![input=mcindex_1]&amp;&amp;![input=mcindex_2]&amp;&amp;![input=mcindex_3]</code>
                <domain>MATH</domain>
              </expression>
              <condition id="86">
                <code></code>
                <domain>MATH</domain>
              </condition>
              <result>0</result>
              <feedbackText>Mindestens eine Antwort ist richtig!&lt;br /&gt;
&lt;br /&gt;
Streuen die Daten in mindestens einer Klasse, ist $s^2_K$ immer kleiner als die Varianz der Originalreihe, da die Streuung innerhalb der Klassen unber&amp;uuml;cksichtigt bleibt: $ s^2_K \, \lt \, s^2$</feedbackText>
            </de.uni__due.s3.jack3.entities.stagetypes.mc.MCFeedback>
          </extraFeedbacks>
        </targetStage>
        <isRepeat>false</isRepeat>
      </defaultTransition>
      <skipTransitions id="87">
        <StageTransition id="88">
          <conditionExpression id="89">
            <code></code>
            <domain>MATH</domain>
          </conditionExpression>
          <stageExpression id="90">
            <domain>MATH</domain>
          </stageExpression>
          <targetStage class="MCStage" reference="10"/>
          <isRepeat>false</isRepeat>
        </StageTransition>
      </skipTransitions>
      <stageTransitions id="91">
        <StageTransition id="92">
          <conditionExpression id="93">
            <code></code>
            <domain>MATH</domain>
          </conditionExpression>
          <stageExpression id="94">
            <code>[meta=stageCurrentResult]&gt;=100</code>
            <domain>MATH</domain>
          </stageExpression>
          <targetStage class="MCStage" reference="10"/>
          <isRepeat>false</isRepeat>
        </StageTransition>
      </stageTransitions>
      <hints id="95">
        <StageHint id="96">
          <stagehint__order>0</stagehint__order>
          <text>Ihnen liegen nur klassierte Daten vor und keine Urliste! Berechnen Sie zuerst $s^{2}_{K}$!&lt;br /&gt;
&lt;br /&gt;
&lt;em&gt;(Es ist ein weiterer Hinweis vorhanden.)&lt;/em&gt;</text>
          <malus>0</malus>
          <stage class="FillInStage" reference="6"/>
        </StageHint>
        <StageHint id="97">
          <stagehint__order>1</stagehint__order>
          <text>$s^2_K = \frac{1}{n}\sum_{k=1}^{K}(\bar{x}_k-\bar{x})^2 n_k$</text>
          <malus>0</malus>
          <stage class="FillInStage" reference="6"/>
        </StageHint>
      </hints>
      <variableUpdatesOnEnter id="98"/>
      <variableUpdatesBeforeCheck id="99"/>
      <variableUpdatesAfterCheck id="100"/>
      <variableUpdatesOnNormalExit id="101"/>
      <variableUpdatesOnRepeat id="102"/>
      <variableUpdatesOnSkip id="103"/>
      <weight>1</weight>
      <orderIndex>0</orderIndex>
      <allowSkip>true</allowSkip>
      <resources id="104"/>
      <rules id="105"/>
      <fillInFields id="106">
        <FillInField id="107">
          <name>field1</name>
          <orderIndex>0</orderIndex>
          <size>8</size>
          <formularEditorType>NUMBER</formularEditorType>
        </FillInField>
      </fillInFields>
      <dropDownFields id="108"/>
      <formularEditorPalette>MATHDOX_FORMULAR_EDITOR_BASIC</formularEditorPalette>
      <defaultFeedback>Leider nicht korrekt.&lt;br /&gt;
&lt;br /&gt;
Die Standardabweichung auf Basis der Klassenmittel lautet: $ \sqrt{s^2_K}\, = \,s_K \,= \,$[var=sd_c] $\quad \text{mit} \,\, s^2_K = \frac{1}{n}\sum_{k=1}^{K}(\bar{x}_k-\bar{x})^2 n_k$</defaultFeedback>
      <correctAnswerRules id="109">
        <Rule id="110">
          <name>CorrectAnswer1</name>
          <orderIndex>1</orderIndex>
          <validationExpression id="111">
            <code>!isEmpty([input=field1])&amp;&amp;isRealNumber([input=field1])&amp;&amp;[input=field1]&gt;[var=sd_c]*0.95&amp;&amp;[input=field1]&lt;[var=sd_c]*1.05</code>
            <domain>MATH</domain>
          </validationExpression>
          <points>0</points>
          <terminal>false</terminal>
        </Rule>
      </correctAnswerRules>
      <correctAnswerFeedback>Richtig.</correctAnswerFeedback>
      <defaultResult>0</defaultResult>
    </FillInStage>
    <MCStage reference="10"/>
    <FillInStage reference="14"/>
  </stages>
  <startStage class="FillInStage" reference="6"/>
  <variableDeclarations id="112">
    <VariableDeclaration id="113">
      <name>n1</name>
      <initializationCode id="114">
        <code>randomIntegerBetween(3,4)</code>
        <domain>MATH</domain>
      </initializationCode>
    </VariableDeclaration>
    <VariableDeclaration id="115">
      <name>n2</name>
      <initializationCode id="116">
        <code>randomIntegerBetween(3,4)</code>
        <domain>MATH</domain>
      </initializationCode>
    </VariableDeclaration>
    <VariableDeclaration id="117">
      <name>n3</name>
      <initializationCode id="118">
        <code>randomIntegerBetween(3,4)</code>
        <domain>MATH</domain>
      </initializationCode>
    </VariableDeclaration>
    <VariableDeclaration id="119">
      <name>n4</name>
      <initializationCode id="120">
        <code>evaluateInR(&apos;20-[var=n1]-[var=n2]-[var=n3]&apos;)</code>
        <domain>MATH</domain>
      </initializationCode>
    </VariableDeclaration>
    <VariableDeclaration id="121">
      <name>h1</name>
      <initializationCode id="122">
        <code>evaluateInR(&apos;[var=n1]/20&apos;)</code>
        <domain>MATH</domain>
      </initializationCode>
    </VariableDeclaration>
    <VariableDeclaration id="123">
      <name>h2</name>
      <initializationCode id="124">
        <code>evaluateInR(&apos;[var=n2]/20&apos;)</code>
        <domain>MATH</domain>
      </initializationCode>
    </VariableDeclaration>
    <VariableDeclaration id="125">
      <name>h3</name>
      <initializationCode id="126">
        <code>evaluateInR(&apos;[var=n3]/20&apos;)</code>
        <domain>MATH</domain>
      </initializationCode>
    </VariableDeclaration>
    <VariableDeclaration id="127">
      <name>h4</name>
      <initializationCode id="128">
        <code>evaluateInR(&apos;[var=n4]/20&apos;)</code>
        <domain>MATH</domain>
      </initializationCode>
    </VariableDeclaration>
    <VariableDeclaration id="129">
      <name>a</name>
      <initializationCode id="130">
        <code>randomIntegerBetween(20,26)</code>
        <domain>MATH</domain>
      </initializationCode>
    </VariableDeclaration>
    <VariableDeclaration id="131">
      <name>b</name>
      <initializationCode id="132">
        <code>randomIntegerBetween(37,48)</code>
        <domain>MATH</domain>
      </initializationCode>
    </VariableDeclaration>
    <VariableDeclaration id="133">
      <name>c</name>
      <initializationCode id="134">
        <code>randomIntegerBetween(55,66)</code>
        <domain>MATH</domain>
      </initializationCode>
    </VariableDeclaration>
    <VariableDeclaration id="135">
      <name>d</name>
      <initializationCode id="136">
        <code>randomIntegerBetween(113,154)</code>
        <domain>MATH</domain>
      </initializationCode>
    </VariableDeclaration>
    <VariableDeclaration id="137">
      <name>s1</name>
      <initializationCode id="138">
        <code>randomIntegerBetween(100,300)</code>
        <domain>MATH</domain>
      </initializationCode>
    </VariableDeclaration>
    <VariableDeclaration id="139">
      <name>s2</name>
      <initializationCode id="140">
        <code>randomIntegerBetween(100,300)</code>
        <domain>MATH</domain>
      </initializationCode>
    </VariableDeclaration>
    <VariableDeclaration id="141">
      <name>s3</name>
      <initializationCode id="142">
        <code>randomIntegerBetween(100,300)</code>
        <domain>MATH</domain>
      </initializationCode>
    </VariableDeclaration>
    <VariableDeclaration id="143">
      <name>s4</name>
      <initializationCode id="144">
        <code>randomIntegerBetween(1000,1500)</code>
        <domain>MATH</domain>
      </initializationCode>
    </VariableDeclaration>
    <VariableDeclaration id="145">
      <name>mean1</name>
      <initializationCode id="146">
        <code>evaluateInR(&apos;round((([var=a]*[var=n1]+[var=b]*[var=n2]+[var=c]*[var=n3]+[var=d]*[var=n4])/20), 2)&apos;)</code>
        <domain>MATH</domain>
      </initializationCode>
    </VariableDeclaration>
    <VariableDeclaration id="147">
      <name>sd_c</name>
      <initializationCode id="148">
        <code>evaluateInR(&apos;round((((([var=a]-[var=mean1])^2*[var=n1]+([var=b]-[var=mean1])^2*[var=n2]+([var=c]-[var=mean1])^2*[var=n3]+([var=d]-[var=mean1])^2*[var=n4])/20)^(1/2)), 2)&apos;)</code>
        <domain>MATH</domain>
      </initializationCode>
    </VariableDeclaration>
    <VariableDeclaration id="149">
      <name>intvar</name>
      <initializationCode id="150">
        <code>evaluateInR(&apos;round(([var=s1]*[var=n1]+[var=s2]*[var=n2]+[var=s3]*[var=n3]+[var=s4]*[var=n4])/20, 2)&apos;)</code>
        <domain>MATH</domain>
      </initializationCode>
    </VariableDeclaration>
    <VariableDeclaration id="151">
      <name>exvar</name>
      <initializationCode id="152">
        <code>evaluateInR(&apos;round((([var=a]-[var=mean1])^2*[var=n1]+([var=b]-[var=mean1])^2*[var=n2]+([var=c]-[var=mean1])^2*[var=n3]+([var=d]-[var=mean1])^2*[var=n4])/20, 2)&apos;)</code>
        <domain>MATH</domain>
      </initializationCode>
    </VariableDeclaration>
    <VariableDeclaration id="153">
      <name>variance</name>
      <initializationCode id="154">
        <code>evaluateInR(&apos;round([var=intvar]+[var=exvar], 2)&apos;)</code>
        <domain>MATH</domain>
      </initializationCode>
    </VariableDeclaration>
    <VariableDeclaration id="155">
      <name>meanhat</name>
      <initializationCode id="156">
        <code>evaluateInR(&apos;(15*[var=n1]+40*[var=n2]+60*[var=n3]+135*[var=n4])/20&apos;)</code>
        <domain>MATH</domain>
      </initializationCode>
    </VariableDeclaration>
    <VariableDeclaration id="157">
      <name>sdhat</name>
      <initializationCode id="158">
        <code>evaluateInR(&apos;round(((((15-[var=meanhat])^2*[var=n1]+(40-[var=meanhat])^2*[var=n2]+(60-[var=meanhat])^2*[var=n3]+(135-[var=meanhat])^2*[var=n4])/20)^(1/2)), 2)&apos;)</code>
        <domain>MATH</domain>
      </initializationCode>
    </VariableDeclaration>
    <VariableDeclaration id="159">
      <name>e1</name>
      <initializationCode id="160">
        <code>randomIntegerBetween(0,3)</code>
        <domain>MATH</domain>
      </initializationCode>
    </VariableDeclaration>
    <VariableDeclaration id="161">
      <name>Aussage1</name>
      <initializationCode id="162">
        <code>getFromList([var=e1], list(&apos;Die Sheppard Korrektur kann nur bei gleichgroßen Klassen angewendet werden.&apos;,&apos;Die Sheppard Korrektur kann auch bei unterschiedlich großen Klassen angewendet werden.&apos;,&apos;Sie dient dazu eine Überschätzung der Varianz der Urliste zu kompensieren.&apos;,&apos;Sie dient dazu eine Unterschätzung der Varianz der Urliste zu kompensieren.&apos;))</code>
        <domain>MATH</domain>
      </initializationCode>
    </VariableDeclaration>
    <VariableDeclaration id="163">
      <name>Aussage2</name>
      <initializationCode id="164">
        <code>chooseFromComplement(list(&apos;Die Sheppard Korrektur kann nur bei gleichgroßen Klassen angewendet werden.&apos;,&apos;Die Sheppard Korrektur kann auch bei unterschiedlich großen Klassen angewendet werden.&apos;,&apos;Sie dient dazu eine Überschätzung der Varianz der Urliste zu kompensieren.&apos;,&apos;Sie dient dazu eine Unterschätzung der Varianz der Urliste zu kompensieren.&apos;), list([var=Aussage1]))</code>
        <domain>MATH</domain>
      </initializationCode>
    </VariableDeclaration>
    <VariableDeclaration id="165">
      <name>Aussage3</name>
      <initializationCode id="166">
        <code>chooseFromComplement(list(&apos;Die Sheppard Korrektur kann nur bei gleichgroßen Klassen angewendet werden.&apos;,&apos;Die Sheppard Korrektur kann auch bei unterschiedlich großen Klassen angewendet werden.&apos;,&apos;Sie dient dazu eine Überschätzung der Varianz der Urliste zu kompensieren.&apos;,&apos;Sie dient dazu eine Unterschätzung der Varianz der Urliste zu kompensieren.&apos;), list([var=Aussage1],[var=Aussage2]))</code>
        <domain>MATH</domain>
      </initializationCode>
    </VariableDeclaration>
    <VariableDeclaration id="167">
      <name>Aussage4</name>
      <initializationCode id="168">
        <code>chooseFromComplement(list(&apos;Die Sheppard Korrektur kann nur bei gleichgroßen Klassen angewendet werden.&apos;,&apos;Die Sheppard Korrektur kann auch bei unterschiedlich großen Klassen angewendet werden.&apos;,&apos;Sie dient dazu eine Überschätzung der Varianz der Urliste zu kompensieren.&apos;,&apos;Sie dient dazu eine Unterschätzung der Varianz der Urliste zu kompensieren.&apos;), list([var=Aussage1],[var=Aussage2],[var=Aussage3]))</code>
        <domain>MATH</domain>
      </initializationCode>
    </VariableDeclaration>
    <VariableDeclaration id="169">
      <name>l1</name>
      <initializationCode id="170">
        <code>ifthenelse(equals([var=Aussage1], &quot;Die Sheppard Korrektur kann nur bei gleichgroßen Klassen angewendet werden.&quot;)||equals([var=Aussage1], &quot;Sie dient dazu eine Überschätzung der Varianz der Urliste zu kompensieren.&quot;), 10, 01)</code>
        <domain>MATH</domain>
      </initializationCode>
    </VariableDeclaration>
    <VariableDeclaration id="171">
      <name>l2</name>
      <initializationCode id="172">
        <code>ifthenelse(equals([var=Aussage2], &quot;Die Sheppard Korrektur kann nur bei gleichgroßen Klassen angewendet werden.&quot;)||equals([var=Aussage2], &quot;Sie dient dazu eine Überschätzung der Varianz der Urliste zu kompensieren.&quot;), 10, 01)</code>
        <domain>MATH</domain>
      </initializationCode>
    </VariableDeclaration>
    <VariableDeclaration id="173">
      <name>l3</name>
      <initializationCode id="174">
        <code>ifthenelse(equals([var=Aussage3], &quot;Die Sheppard Korrektur kann nur bei gleichgroßen Klassen angewendet werden.&quot;)||equals([var=Aussage3], &quot;Sie dient dazu eine Überschätzung der Varianz der Urliste zu kompensieren.&quot;), 10, 01)</code>
        <domain>MATH</domain>
      </initializationCode>
    </VariableDeclaration>
    <VariableDeclaration id="175">
      <name>l4</name>
      <initializationCode id="176">
        <code>ifthenelse(equals([var=Aussage4], &quot;Die Sheppard Korrektur kann nur bei gleichgroßen Klassen angewendet werden.&quot;)||equals([var=Aussage4], &quot;Sie dient dazu eine Überschätzung der Varianz der Urliste zu kompensieren.&quot;), 10, 01)</code>
        <domain>MATH</domain>
      </initializationCode>
    </VariableDeclaration>
    <VariableDeclaration id="177">
      <name>skip1</name>
      <initializationCode id="178">
        <code>ifthenelse(equals([var=l1], 10), &quot;Richtig!&quot;, &quot;Falsch!&quot;)</code>
        <domain>MATH</domain>
      </initializationCode>
    </VariableDeclaration>
    <VariableDeclaration id="179">
      <name>skip2</name>
      <initializationCode id="180">
        <code>ifthenelse(equals([var=l2], 10), &quot;Richtig!&quot;, &quot;Falsch!&quot;)</code>
        <domain>MATH</domain>
      </initializationCode>
    </VariableDeclaration>
    <VariableDeclaration id="181">
      <name>skip3</name>
      <initializationCode id="182">
        <code>ifthenelse(equals([var=l3], 10), &quot;Richtig!&quot;, &quot;Falsch!&quot;)</code>
        <domain>MATH</domain>
      </initializationCode>
    </VariableDeclaration>
    <VariableDeclaration id="183">
      <name>skip4</name>
      <initializationCode id="184">
        <code>ifthenelse(equals([var=l4], 10), &quot;Richtig!&quot;, &quot;Falsch!&quot;)</code>
        <domain>MATH</domain>
      </initializationCode>
    </VariableDeclaration>
    <VariableDeclaration id="185">
      <name>eskalieren</name>
      <initializationCode id="186">
        <code>evaluateInR(&apos;10^10^10&apos;)</code>
        <domain>MATH</domain>
      </initializationCode>
    </VariableDeclaration>
  </variableDeclarations>
  <jSXGraphs id="187"/>
  <dynamicMolecules id="188"/>
  <resultFeedbackMappings id="189"/>
</Exercise>