<Exercise id="1">
  <name>DS4-08 Streuungsparameter 8</name>
  <publicDescription></publicDescription>
  <internalNotes>relative Streuung und Spannweite berechnen

Die  Materialien sind lizenziert unter CC BY-NC-SA 4.0. Eine Kopie dieser Lizenz finden Sie unter http://creativecommons.org/licenses/by-nc-sa/4.0/

The materials are licensed under CC BY-NC-SA 4.0. You can find a copy of this license at http://creativecommons.org/licenses/by-nc-sa/4.0/</internalNotes>
  <language>de</language>
  <difficulty>3</difficulty>
  <tags id="2">
    <Tag id="3">
      <name>Desk_22</name>
    </Tag>
  </tags>
  <resources id="4"/>
  <stages id="5">
    <MCStage id="6">
      <internalName>1</internalName>
      <externalName>Stage 1</externalName>
      <taskDescription>&lt;strong&gt;Aufgabenstellung:&lt;/strong&gt;&lt;br /&gt;&#xd;
&lt;br /&gt;&#xd;
Ein Triathlet m&amp;ouml;chte sich aus Zeitgr&amp;uuml;nden auf die Sportart beschr&amp;auml;nken, in der er die gleichm&amp;auml;&amp;szlig;igste Leistung erbrachte (Angaben in Minuten):&lt;br /&gt;&#xd;
&lt;br /&gt;&#xd;
$\begin{matrix}&lt;br /&gt;&#xd;
\textrm{Schwimmen} &amp;amp; [var=y1] &amp;amp; [var=y2] &amp;amp; [var=y3] &amp;amp; [var=y4]&amp;amp; [var=y5] &amp;amp; [var=y6] \\&lt;br /&gt;&#xd;
\textrm{Radfahren} &amp;amp; [var=y7] &amp;amp; [var=y8] &amp;amp; [var=y9] &amp;amp; [var=y10] &amp;amp; [var=y11] &amp;amp; [var=y12] \\&lt;br /&gt;&#xd;
\textrm{Laufen} &amp;amp; [var=y13] &amp;amp; [var=y14] &amp;amp; [var=y15] &amp;amp; [var=y16] &amp;amp; [var=y17] &amp;amp; [var=y18] \\&lt;br /&gt;&#xd;
\end{matrix}$&lt;br /&gt;&#xd;
&lt;br /&gt;&#xd;
Mit welcher Me&amp;szlig;zahl w&amp;uuml;rden Sie den Vergleich durchf&amp;uuml;hren?&lt;br /&gt;&#xd;
&lt;br /&gt;&#xd;
&lt;strong&gt;Auswahl:&lt;/strong&gt;</taskDescription>
      <skipMessage>Der Athlet w&amp;auml;hlt die Sportart mit der geringsten relativen Streuung (Variationskoeffizient).</skipMessage>
      <defaultTransition id="7">
        <conditionExpression id="8">
          <domain>MATH</domain>
        </conditionExpression>
        <stageExpression id="9">
          <domain>MATH</domain>
        </stageExpression>
        <isRepeat>true</isRepeat>
      </defaultTransition>
      <skipTransitions id="10">
        <StageTransition id="11">
          <conditionExpression id="12">
            <code></code>
            <domain>MATH</domain>
          </conditionExpression>
          <stageExpression id="13">
            <domain>MATH</domain>
          </stageExpression>
          <targetStage class="MCStage" id="14">
            <internalName>2</internalName>
            <externalName>Stage 2</externalName>
            <taskDescription>&lt;strong&gt;Aufgabenstellung:&lt;/strong&gt;&lt;br /&gt;&#xd;
&lt;br /&gt;&#xd;
Der Athlet w&amp;auml;hlt die Sportart mit der geringsten relativen Streuung (Variationskoeffizient).&lt;br /&gt;&#xd;
Welches sind die notwendigen Formeln:&lt;br /&gt;&#xd;
&lt;br /&gt;&#xd;
&lt;strong&gt;Auswahl:&lt;/strong&gt;</taskDescription>
            <skipMessage>Notwendige Formeln:&lt;br /&gt;
$\bar{x}=\frac{1}{n}\sum x_j$&lt;br /&gt;
$s^2=\frac{1}{n}\sum x_j^2-\bar{x}^2$&lt;br /&gt;
$v=\frac{s}{\bar{x}}$</skipMessage>
            <defaultTransition id="15">
              <conditionExpression id="16">
                <domain>MATH</domain>
              </conditionExpression>
              <stageExpression id="17">
                <domain>MATH</domain>
              </stageExpression>
              <isRepeat>true</isRepeat>
            </defaultTransition>
            <skipTransitions id="18">
              <StageTransition id="19">
                <conditionExpression id="20">
                  <code></code>
                  <domain>MATH</domain>
                </conditionExpression>
                <stageExpression id="21">
                  <domain>MATH</domain>
                </stageExpression>
                <targetStage class="FillInStage" id="22">
                  <internalName>3</internalName>
                  <externalName>Stage 3</externalName>
                  <taskDescription>&lt;strong&gt;Aufgabenstellung:&lt;/strong&gt;&lt;br /&gt;&#xd;
&lt;br /&gt;&#xd;
Die Leistungen im Schwimmen weisen eine relative Streuung von $v=$&amp;nbsp;&lt;input name=&quot;field1&quot; size=&quot;6&quot; type=&quot;text&quot; value=&quot;field1&quot; /&gt;&amp;nbsp; auf.&lt;br /&gt;&#xd;
&lt;br /&gt;&#xd;
Die Leistungen im Radfahren weisen eine relative Streuung von $v=$&amp;nbsp;&lt;input name=&quot;field2&quot; size=&quot;6&quot; type=&quot;text&quot; value=&quot;field2&quot; /&gt;&amp;nbsp; auf.&lt;br /&gt;&#xd;
&lt;br /&gt;&#xd;
Die Leistungen im Laufen weisen eine relative Streuung von $v=$&amp;nbsp;&lt;input name=&quot;field3&quot; size=&quot;6&quot; type=&quot;text&quot; value=&quot;field3&quot; /&gt;&amp;nbsp; auf.&lt;br /&gt;&#xd;
&lt;br /&gt;&#xd;
&lt;em&gt;(Runden Sie, falls n&amp;ouml;tig, auf die vierte Nachkommastelle und verwenden Sie einen Dezimalpunkt)&lt;/em&gt;&#xd;
&lt;p&gt;&lt;a href=&quot;https://rdrr.io/snippets/embed/&quot; onclick=&quot;window.open(&apos;https://rdrr.io/snippets/embed/?code=&apos;,&apos;R Console&apos;,&apos; margin-top: 20px; top=200,left=100,width=480,height=640,menubar=no,toolbar=no,&apos;); return false;&quot; target=&quot;_blank&quot;&gt;&lt;img alt=&quot;R_ Logo&quot; pull-right=&quot;&quot; src=&quot;/econometrics/resource?resource=157444&quot; style=&quot;width: 40px; height: 50px; float: right; margin: 5px&quot; /&gt;&lt;/a&gt;&lt;/p&gt;&#xd;
</taskDescription>
                  <skipMessage>Die Leistungen im Schwimmen weisen eine relative Streuung von $v=[var=vS]$ auf.&lt;br /&gt;
Die Leistungen im Radfahren weisen eine relative Streuung von $v=[var=vR]$ auf.&lt;br /&gt;
Die Leistungen im Laufen weisen eine relative Streuung von $v=[var=vL]$ auf.</skipMessage>
                  <defaultTransition id="23">
                    <conditionExpression id="24">
                      <domain>MATH</domain>
                    </conditionExpression>
                    <stageExpression id="25">
                      <domain>MATH</domain>
                    </stageExpression>
                    <isRepeat>true</isRepeat>
                  </defaultTransition>
                  <skipTransitions id="26">
                    <StageTransition id="27">
                      <conditionExpression id="28">
                        <code></code>
                        <domain>MATH</domain>
                      </conditionExpression>
                      <stageExpression id="29">
                        <domain>MATH</domain>
                      </stageExpression>
                      <targetStage class="FillInStage" id="30">
                        <internalName>4</internalName>
                        <externalName>Stage 4</externalName>
                        <taskDescription>&lt;strong&gt;Aufgabenstellung:&lt;/strong&gt;&lt;br /&gt;&#xd;
&lt;br /&gt;&#xd;
Bestimmen Sie f&amp;uuml;r die Leistung im Schwimmen: Die Spannweite:&lt;br /&gt;&#xd;
&lt;br /&gt;&#xd;
&lt;strong&gt;Einreichung:&lt;/strong&gt;&lt;br /&gt;&#xd;
&lt;br /&gt;&#xd;
$R=$&amp;nbsp;&lt;input name=&quot;field1&quot; size=&quot;6&quot; type=&quot;text&quot; value=&quot;field1&quot; /&gt;&#xd;
&lt;p&gt;&lt;a href=&quot;https://rdrr.io/snippets/embed/&quot; onclick=&quot;window.open(&apos;https://rdrr.io/snippets/embed/?code=&apos;,&apos;R Console&apos;,&apos; margin-top: 20px; top=200,left=100,width=480,height=640,menubar=no,toolbar=no,&apos;); return false;&quot; target=&quot;_blank&quot;&gt;&lt;img alt=&quot;R_ Logo&quot; pull-right=&quot;&quot; src=&quot;/econometrics/resource?resource=157444&quot; style=&quot;width: 40px; height: 50px; float: right; margin: 5px&quot; /&gt;&lt;/a&gt;&lt;/p&gt;&#xd;
</taskDescription>
                        <skipMessage>Die Spannweite ist $R=[var=R]$</skipMessage>
                        <defaultTransition id="31">
                          <conditionExpression id="32">
                            <domain>MATH</domain>
                          </conditionExpression>
                          <stageExpression id="33">
                            <domain>MATH</domain>
                          </stageExpression>
                          <isRepeat>false</isRepeat>
                        </defaultTransition>
                        <skipTransitions id="34">
                          <StageTransition id="35">
                            <conditionExpression id="36">
                              <code></code>
                              <domain>MATH</domain>
                            </conditionExpression>
                            <stageExpression id="37">
                              <domain>MATH</domain>
                            </stageExpression>
                            <isRepeat>false</isRepeat>
                          </StageTransition>
                        </skipTransitions>
                        <stageTransitions id="38">
                          <StageTransition id="39">
                            <conditionExpression id="40">
                              <code></code>
                              <domain>MATH</domain>
                            </conditionExpression>
                            <stageExpression id="41">
                              <code>[meta=stageCurrentResult]&gt;=100</code>
                              <domain>MATH</domain>
                            </stageExpression>
                            <isRepeat>false</isRepeat>
                          </StageTransition>
                        </stageTransitions>
                        <hints id="42">
                          <StageHint id="43">
                            <stagehint__order>0</stagehint__order>
                            <text>Die Spannweite ist die Differenz zwischen gr&amp;ouml;&amp;szlig;tem und kleinstem Beobachtungswert:&lt;br /&gt;
$R=\max_{j}(x_{j})-\min_{j}(x_{j}),\: j=1,\ldots,n$ bzw. $R=x_{(n)}-x_{(1)}$.</text>
                            <malus>0</malus>
                            <stage class="FillInStage" reference="30"/>
                          </StageHint>
                        </hints>
                        <variableUpdatesOnEnter id="44"/>
                        <variableUpdatesBeforeCheck id="45"/>
                        <variableUpdatesAfterCheck id="46"/>
                        <variableUpdatesOnNormalExit id="47"/>
                        <variableUpdatesOnRepeat id="48"/>
                        <variableUpdatesOnSkip id="49"/>
                        <weight>1</weight>
                        <orderIndex>3</orderIndex>
                        <allowSkip>true</allowSkip>
                        <resources id="50"/>
                        <rules id="51"/>
                        <fillInFields id="52">
                          <FillInField id="53">
                            <name>field1</name>
                            <orderIndex>0</orderIndex>
                            <size>6</size>
                            <formularEditorType>NUMBER</formularEditorType>
                          </FillInField>
                        </fillInFields>
                        <dropDownFields id="54"/>
                        <formularEditorPalette>MATHDOX_FORMULAR_EDITOR_BASIC</formularEditorPalette>
                        <defaultFeedback>Leider falsch.&lt;br /&gt;
&lt;br /&gt;
Die Spannweite ist $R=[var=R]$</defaultFeedback>
                        <correctAnswerRules id="55">
                          <Rule id="56">
                            <name>CorrectAnswer1</name>
                            <orderIndex>1</orderIndex>
                            <validationExpression id="57">
                              <code>!isEmpty([input=field1])&amp;&amp;isRealNumber([input=field1])&amp;&amp;[input=field1]&lt;[var=R]*1.01&amp;&amp;[input=field1]&gt;[var=R]*0.99</code>
                              <domain>MATH</domain>
                            </validationExpression>
                            <points>0</points>
                            <terminal>false</terminal>
                          </Rule>
                        </correctAnswerRules>
                        <correctAnswerFeedback>Richtig.</correctAnswerFeedback>
                        <defaultResult>0</defaultResult>
                      </targetStage>
                      <isRepeat>false</isRepeat>
                    </StageTransition>
                  </skipTransitions>
                  <stageTransitions id="58">
                    <StageTransition id="59">
                      <conditionExpression id="60">
                        <code></code>
                        <domain>MATH</domain>
                      </conditionExpression>
                      <stageExpression id="61">
                        <code>[meta=stageCurrentResult]&gt;=100</code>
                        <domain>MATH</domain>
                      </stageExpression>
                      <targetStage class="FillInStage" reference="30"/>
                      <isRepeat>false</isRepeat>
                    </StageTransition>
                  </stageTransitions>
                  <hints id="62">
                    <StageHint id="63">
                      <stagehint__order>0</stagehint__order>
                      <text>$v=\frac{s}{\bar{x}}$</text>
                      <malus>0</malus>
                      <stage class="FillInStage" reference="22"/>
                    </StageHint>
                  </hints>
                  <variableUpdatesOnEnter id="64"/>
                  <variableUpdatesBeforeCheck id="65"/>
                  <variableUpdatesAfterCheck id="66"/>
                  <variableUpdatesOnNormalExit id="67"/>
                  <variableUpdatesOnRepeat id="68"/>
                  <variableUpdatesOnSkip id="69"/>
                  <weight>1</weight>
                  <orderIndex>2</orderIndex>
                  <allowSkip>true</allowSkip>
                  <resources id="70"/>
                  <rules id="71"/>
                  <fillInFields id="72">
                    <FillInField id="73">
                      <name>field3</name>
                      <orderIndex>2</orderIndex>
                      <size>6</size>
                      <formularEditorType>NUMBER</formularEditorType>
                    </FillInField>
                    <FillInField id="74">
                      <name>field2</name>
                      <orderIndex>1</orderIndex>
                      <size>6</size>
                      <formularEditorType>NUMBER</formularEditorType>
                    </FillInField>
                    <FillInField id="75">
                      <name>field1</name>
                      <orderIndex>0</orderIndex>
                      <size>6</size>
                      <formularEditorType>NUMBER</formularEditorType>
                    </FillInField>
                  </fillInFields>
                  <dropDownFields id="76"/>
                  <formularEditorPalette>MATHDOX_FORMULAR_EDITOR_BASIC</formularEditorPalette>
                  <defaultFeedback>Leider falsch.&lt;br /&gt;
&lt;br /&gt;
Die Leistungen im Schwimmen weisen eine relative Streuung von $v=[var=vS]$ auf.&lt;br /&gt;
Die Leistungen im Radfahren weisen eine relative Streuung von $v=[var=vR]$ auf.&lt;br /&gt;
Die Leistungen im Laufen weisen eine relative Streuung von $v=[var=vL]$ auf.</defaultFeedback>
                  <correctAnswerRules id="77">
                    <Rule id="78">
                      <name>CorrectAnswer1</name>
                      <orderIndex>1</orderIndex>
                      <validationExpression id="79">
                        <code>!isEmpty([input=field1])&amp;&amp;isRealNumber([input=field1])&amp;&amp;!isEmpty([input=field2])&amp;&amp;isRealNumber([input=field2])&amp;&amp;!isEmpty([input=field3])&amp;&amp;isRealNumber([input=field3])&amp;&amp;[input=field1]&lt;[var=vS]*1.02&amp;&amp;[input=field1]&gt;[var=vS]*0.98&amp;&amp;[input=field2]&lt;[var=vR]*1.02&amp;&amp;[input=field2]&gt;[var=vR]*0.98&amp;&amp;[input=field3]&lt;[var=vL]*1.02&amp;&amp;[input=field3]&gt;[var=vL]*0.98</code>
                        <domain>MATH</domain>
                      </validationExpression>
                      <points>0</points>
                      <terminal>false</terminal>
                    </Rule>
                  </correctAnswerRules>
                  <correctAnswerFeedback>Richtig.</correctAnswerFeedback>
                  <defaultResult>0</defaultResult>
                </targetStage>
                <isRepeat>false</isRepeat>
              </StageTransition>
            </skipTransitions>
            <stageTransitions id="80">
              <StageTransition id="81">
                <conditionExpression id="82">
                  <code></code>
                  <domain>MATH</domain>
                </conditionExpression>
                <stageExpression id="83">
                  <code>[meta=stageCurrentResult]&gt;=100</code>
                  <domain>MATH</domain>
                </stageExpression>
                <targetStage class="FillInStage" reference="22"/>
                <isRepeat>false</isRepeat>
              </StageTransition>
            </stageTransitions>
            <hints id="84">
              <StageHint id="85">
                <stagehint__order>0</stagehint__order>
                <text>Verwenden Sie gegebenenfalls das Ausschlussverfahren.</text>
                <malus>0</malus>
                <stage class="MCStage" reference="14"/>
              </StageHint>
            </hints>
            <variableUpdatesOnEnter id="86"/>
            <variableUpdatesBeforeCheck id="87"/>
            <variableUpdatesAfterCheck id="88"/>
            <variableUpdatesOnNormalExit id="89"/>
            <variableUpdatesOnRepeat id="90"/>
            <variableUpdatesOnSkip id="91"/>
            <weight>1</weight>
            <orderIndex>1</orderIndex>
            <allowSkip>true</allowSkip>
            <resources id="92"/>
            <answerOptions id="93">
              <MCAnswer id="94">
                <order>0</order>
                <rule>CORRECT</rule>
                <text>$\bar{x}=\frac{1}{n}\sum x_j$</text>
                <variableName></variableName>
                <mcstage reference="14"/>
              </MCAnswer>
              <MCAnswer id="95">
                <order>1</order>
                <rule>CORRECT</rule>
                <text>$s^2=\frac{1}{n}\sum x_j^2-\bar{x}^2$</text>
                <variableName></variableName>
                <mcstage reference="14"/>
              </MCAnswer>
              <MCAnswer id="96">
                <order>2</order>
                <rule>CORRECT</rule>
                <text>$v=\frac{s}{\bar{x}}$</text>
                <variableName></variableName>
                <mcstage reference="14"/>
              </MCAnswer>
              <MCAnswer id="97">
                <order>3</order>
                <rule>WRONG</rule>
                <text>$d_{a}=\frac{1}{n}\sum_{j=1}^{n}|x_{j}-a|$</text>
                <variableName></variableName>
                <mcstage reference="14"/>
              </MCAnswer>
              <MCAnswer id="98">
                <order>4</order>
                <rule>WRONG</rule>
                <text>$s_{a}^{2}=\frac{1}{n}\sum_{j=1}^{n}(x_{j}-a)^{2}$</text>
                <variableName></variableName>
                <mcstage reference="14"/>
              </MCAnswer>
              <MCAnswer id="99">
                <order>5</order>
                <rule>WRONG</rule>
                <text> $R=\max_{j}(x_{j})-\min_{j}(x_{j}),\: j=1,\ldots,n$</text>
                <variableName></variableName>
                <mcstage reference="14"/>
              </MCAnswer>
            </answerOptions>
            <randomize>true</randomize>
            <singleChoice>false</singleChoice>
            <correctAnswerFeedback>Richtig.</correctAnswerFeedback>
            <defaultFeedback>Leider falsch.&lt;br /&gt;
&lt;br /&gt;
Notwendige Formeln:&lt;br /&gt;
$\bar{x}=\frac{1}{n}\sum x_j$&lt;br /&gt;
$s^2=\frac{1}{n}\sum x_j^2-\bar{x}^2$&lt;br /&gt;
$v=\frac{s}{\bar{x}}$</defaultFeedback>
            <defaultResult>0</defaultResult>
            <extraFeedbacks id="100">
              <de.uni__due.s3.jack3.entities.stagetypes.mc.MCFeedback id="101">
                <expression id="102">
                  <code>true()&amp;&amp;true()&amp;&amp;true()&amp;&amp;[input=mcindex_3]&amp;&amp;true()&amp;&amp;true()</code>
                  <domain>MATH</domain>
                </expression>
                <condition id="103">
                  <code></code>
                  <domain>MATH</domain>
                </condition>
                <result>0</result>
                <feedbackText>Die durchschnittliche absolute Abweichung ($d_{a}=\frac{1}{n}\sum_{j=1}^{n}|x_{j}-a|$) benötigen Sie nicht.</feedbackText>
              </de.uni__due.s3.jack3.entities.stagetypes.mc.MCFeedback>
              <de.uni__due.s3.jack3.entities.stagetypes.mc.MCFeedback id="104">
                <expression id="105">
                  <code>true()&amp;&amp;true()&amp;&amp;true()&amp;&amp;true()&amp;&amp;[input=mcindex_4]&amp;&amp;true()</code>
                  <domain>MATH</domain>
                </expression>
                <condition id="106">
                  <code></code>
                  <domain>MATH</domain>
                </condition>
                <result>0</result>
                <feedbackText>Die durchschnittliche quadratische Abweichung ($s_{a}^{2}=\frac{1}{n}\sum_{j=1}^{n}(x_{j}-a)^{2}$) benötigen Sie nicht.</feedbackText>
              </de.uni__due.s3.jack3.entities.stagetypes.mc.MCFeedback>
              <de.uni__due.s3.jack3.entities.stagetypes.mc.MCFeedback id="107">
                <expression id="108">
                  <code>true()&amp;&amp;true()&amp;&amp;true()&amp;&amp;true()&amp;&amp;true()&amp;&amp;[input=mcindex_5]</code>
                  <domain>MATH</domain>
                </expression>
                <condition id="109">
                  <code></code>
                  <domain>MATH</domain>
                </condition>
                <result>0</result>
                <feedbackText>Die Spannweite ($R=\max_{j}(x_{j})-\min_{j}(x_{j}),\: j=1,\ldots,n$) benötigen Sie nicht.</feedbackText>
              </de.uni__due.s3.jack3.entities.stagetypes.mc.MCFeedback>
              <de.uni__due.s3.jack3.entities.stagetypes.mc.MCFeedback id="110">
                <expression id="111">
                  <code>[input=mcindex_0]&amp;&amp;![input=mcindex_1]&amp;&amp;![input=mcindex_2]&amp;&amp;![input=mcindex_3]&amp;&amp;![input=mcindex_4]&amp;&amp;![input=mcindex_5]</code>
                  <domain>MATH</domain>
                </expression>
                <condition id="112">
                  <code></code>
                  <domain>MATH</domain>
                </condition>
                <result>0</result>
                <feedbackText>Sie benötigen noch mehr Formeln zur Berechnung.</feedbackText>
              </de.uni__due.s3.jack3.entities.stagetypes.mc.MCFeedback>
              <de.uni__due.s3.jack3.entities.stagetypes.mc.MCFeedback id="113">
                <expression id="114">
                  <code>[input=mcindex_0]&amp;&amp;[input=mcindex_1]&amp;&amp;![input=mcindex_2]&amp;&amp;![input=mcindex_3]&amp;&amp;![input=mcindex_4]&amp;&amp;![input=mcindex_5]</code>
                  <domain>MATH</domain>
                </expression>
                <condition id="115">
                  <code></code>
                  <domain>MATH</domain>
                </condition>
                <result>0</result>
                <feedbackText>Sie benötigen noch mehr Formeln zur Berechnung.</feedbackText>
              </de.uni__due.s3.jack3.entities.stagetypes.mc.MCFeedback>
              <de.uni__due.s3.jack3.entities.stagetypes.mc.MCFeedback id="116">
                <expression id="117">
                  <code>[input=mcindex_0]&amp;&amp;![input=mcindex_1]&amp;&amp;[input=mcindex_2]&amp;&amp;![input=mcindex_3]&amp;&amp;![input=mcindex_4]&amp;&amp;![input=mcindex_5]</code>
                  <domain>MATH</domain>
                </expression>
                <condition id="118">
                  <code></code>
                  <domain>MATH</domain>
                </condition>
                <result>0</result>
                <feedbackText>Sie benötigen noch mehr Formeln zur Berechnung.</feedbackText>
              </de.uni__due.s3.jack3.entities.stagetypes.mc.MCFeedback>
              <de.uni__due.s3.jack3.entities.stagetypes.mc.MCFeedback id="119">
                <expression id="120">
                  <code>![input=mcindex_0]&amp;&amp;[input=mcindex_1]&amp;&amp;![input=mcindex_2]&amp;&amp;![input=mcindex_3]&amp;&amp;![input=mcindex_4]&amp;&amp;![input=mcindex_5]</code>
                  <domain>MATH</domain>
                </expression>
                <condition id="121">
                  <code></code>
                  <domain>MATH</domain>
                </condition>
                <result>0</result>
                <feedbackText>Sie benötigen noch mehr Formeln zur Berechnung.</feedbackText>
              </de.uni__due.s3.jack3.entities.stagetypes.mc.MCFeedback>
              <de.uni__due.s3.jack3.entities.stagetypes.mc.MCFeedback id="122">
                <expression id="123">
                  <code>![input=mcindex_0]&amp;&amp;[input=mcindex_1]&amp;&amp;[input=mcindex_2]&amp;&amp;![input=mcindex_3]&amp;&amp;![input=mcindex_4]&amp;&amp;![input=mcindex_5]</code>
                  <domain>MATH</domain>
                </expression>
                <condition id="124">
                  <code></code>
                  <domain>MATH</domain>
                </condition>
                <result>0</result>
                <feedbackText>Sie benötigen noch mehr Formeln zur Berechnung.</feedbackText>
              </de.uni__due.s3.jack3.entities.stagetypes.mc.MCFeedback>
              <de.uni__due.s3.jack3.entities.stagetypes.mc.MCFeedback id="125">
                <expression id="126">
                  <code>![input=mcindex_0]&amp;&amp;![input=mcindex_1]&amp;&amp;[input=mcindex_2]&amp;&amp;![input=mcindex_3]&amp;&amp;![input=mcindex_4]&amp;&amp;![input=mcindex_5]</code>
                  <domain>MATH</domain>
                </expression>
                <condition id="127">
                  <code></code>
                  <domain>MATH</domain>
                </condition>
                <result>0</result>
                <feedbackText>Sie benötigen noch mehr Formeln zur Berechnung.</feedbackText>
              </de.uni__due.s3.jack3.entities.stagetypes.mc.MCFeedback>
              <de.uni__due.s3.jack3.entities.stagetypes.mc.MCFeedback id="128">
                <expression id="129">
                  <code>[input=mcindex_0]&amp;&amp;![input=mcindex_1]&amp;&amp;![input=mcindex_2]&amp;&amp;![input=mcindex_3]&amp;&amp;![input=mcindex_4]&amp;&amp;![input=mcindex_5]</code>
                  <domain>MATH</domain>
                </expression>
                <condition id="130">
                  <code></code>
                  <domain>MATH</domain>
                </condition>
                <result>0</result>
                <feedbackText>Sie benötigen noch mehr Formeln zur Berechnung.</feedbackText>
              </de.uni__due.s3.jack3.entities.stagetypes.mc.MCFeedback>
            </extraFeedbacks>
          </targetStage>
          <isRepeat>false</isRepeat>
        </StageTransition>
      </skipTransitions>
      <stageTransitions id="131">
        <StageTransition id="132">
          <conditionExpression id="133">
            <code></code>
            <domain>MATH</domain>
          </conditionExpression>
          <stageExpression id="134">
            <code>[meta=stageCurrentResult]&gt;=100</code>
            <domain>MATH</domain>
          </stageExpression>
          <targetStage class="MCStage" reference="14"/>
          <isRepeat>false</isRepeat>
        </StageTransition>
      </stageTransitions>
      <hints id="135">
        <StageHint id="136">
          <stagehint__order>0</stagehint__order>
          <text>Führen Sie sich die Unterschiede von absoluten und relativen Kennzahlen vor Augen.</text>
          <malus>0</malus>
          <stage class="MCStage" reference="6"/>
        </StageHint>
      </hints>
      <variableUpdatesOnEnter id="137"/>
      <variableUpdatesBeforeCheck id="138"/>
      <variableUpdatesAfterCheck id="139"/>
      <variableUpdatesOnNormalExit id="140"/>
      <variableUpdatesOnRepeat id="141"/>
      <variableUpdatesOnSkip id="142"/>
      <weight>1</weight>
      <orderIndex>0</orderIndex>
      <allowSkip>true</allowSkip>
      <resources id="143"/>
      <answerOptions id="144">
        <MCAnswer id="145">
          <order>0</order>
          <rule>CORRECT</rule>
          <text>Variationskoeffizient (relative Streuung)</text>
          <variableName></variableName>
          <mcstage reference="6"/>
        </MCAnswer>
        <MCAnswer id="146">
          <order>1</order>
          <rule>WRONG</rule>
          <text>Varianz</text>
          <variableName></variableName>
          <mcstage reference="6"/>
        </MCAnswer>
        <MCAnswer id="147">
          <order>2</order>
          <rule>WRONG</rule>
          <text>Standardabweichung</text>
          <variableName></variableName>
          <mcstage reference="6"/>
        </MCAnswer>
        <MCAnswer id="148">
          <order>3</order>
          <rule>WRONG</rule>
          <text>mittlere absolute Abweichung vom Median</text>
          <variableName></variableName>
          <mcstage reference="6"/>
        </MCAnswer>
      </answerOptions>
      <randomize>true</randomize>
      <singleChoice>false</singleChoice>
      <correctAnswerFeedback>Richtig.</correctAnswerFeedback>
      <defaultFeedback>Leider nicht richtig.&lt;br /&gt;
&lt;br /&gt;
Der Athlet w&amp;auml;hlt die Sportart mit der geringsten relativen Streuung (Variationskoeffizient).</defaultFeedback>
      <defaultResult>0</defaultResult>
      <extraFeedbacks id="149"/>
    </MCStage>
    <MCStage reference="14"/>
    <FillInStage reference="22"/>
    <FillInStage reference="30"/>
  </stages>
  <startStage class="MCStage" reference="6"/>
  <variableDeclarations id="150">
    <VariableDeclaration id="151">
      <name>x1</name>
      <initializationCode id="152">
        <code>randomIntegerBetween(180,230)</code>
        <domain>MATH</domain>
      </initializationCode>
    </VariableDeclaration>
    <VariableDeclaration id="153">
      <name>x2</name>
      <initializationCode id="154">
        <code>randomIntegerBetween(180,230)</code>
        <domain>MATH</domain>
      </initializationCode>
    </VariableDeclaration>
    <VariableDeclaration id="155">
      <name>x3</name>
      <initializationCode id="156">
        <code>randomIntegerBetween(180,230)</code>
        <domain>MATH</domain>
      </initializationCode>
    </VariableDeclaration>
    <VariableDeclaration id="157">
      <name>x4</name>
      <initializationCode id="158">
        <code>randomIntegerBetween(180,230)</code>
        <domain>MATH</domain>
      </initializationCode>
    </VariableDeclaration>
    <VariableDeclaration id="159">
      <name>x5</name>
      <initializationCode id="160">
        <code>randomIntegerBetween(180,230)</code>
        <domain>MATH</domain>
      </initializationCode>
    </VariableDeclaration>
    <VariableDeclaration id="161">
      <name>x6</name>
      <initializationCode id="162">
        <code>randomIntegerBetween(180,230)</code>
        <domain>MATH</domain>
      </initializationCode>
    </VariableDeclaration>
    <VariableDeclaration id="163">
      <name>x7</name>
      <initializationCode id="164">
        <code>randomIntegerBetween(400,500)</code>
        <domain>MATH</domain>
      </initializationCode>
    </VariableDeclaration>
    <VariableDeclaration id="165">
      <name>x8</name>
      <initializationCode id="166">
        <code>randomIntegerBetween(400,500)</code>
        <domain>MATH</domain>
      </initializationCode>
    </VariableDeclaration>
    <VariableDeclaration id="167">
      <name>x9</name>
      <initializationCode id="168">
        <code>randomIntegerBetween(400,500)</code>
        <domain>MATH</domain>
      </initializationCode>
    </VariableDeclaration>
    <VariableDeclaration id="169">
      <name>x10</name>
      <initializationCode id="170">
        <code>randomIntegerBetween(400,500)</code>
        <domain>MATH</domain>
      </initializationCode>
    </VariableDeclaration>
    <VariableDeclaration id="171">
      <name>x11</name>
      <initializationCode id="172">
        <code>randomIntegerBetween(400,500)</code>
        <domain>MATH</domain>
      </initializationCode>
    </VariableDeclaration>
    <VariableDeclaration id="173">
      <name>x12</name>
      <initializationCode id="174">
        <code>randomIntegerBetween(400,500)</code>
        <domain>MATH</domain>
      </initializationCode>
    </VariableDeclaration>
    <VariableDeclaration id="175">
      <name>x13</name>
      <initializationCode id="176">
        <code>randomIntegerBetween(600,750)</code>
        <domain>MATH</domain>
      </initializationCode>
    </VariableDeclaration>
    <VariableDeclaration id="177">
      <name>x14</name>
      <initializationCode id="178">
        <code>randomIntegerBetween(600,750)</code>
        <domain>MATH</domain>
      </initializationCode>
    </VariableDeclaration>
    <VariableDeclaration id="179">
      <name>x15</name>
      <initializationCode id="180">
        <code>randomIntegerBetween(600,750)</code>
        <domain>MATH</domain>
      </initializationCode>
    </VariableDeclaration>
    <VariableDeclaration id="181">
      <name>x16</name>
      <initializationCode id="182">
        <code>randomIntegerBetween(600,750)</code>
        <domain>MATH</domain>
      </initializationCode>
    </VariableDeclaration>
    <VariableDeclaration id="183">
      <name>x17</name>
      <initializationCode id="184">
        <code>randomIntegerBetween(600,750)</code>
        <domain>MATH</domain>
      </initializationCode>
    </VariableDeclaration>
    <VariableDeclaration id="185">
      <name>x18</name>
      <initializationCode id="186">
        <code>randomIntegerBetween(600,750)</code>
        <domain>MATH</domain>
      </initializationCode>
    </VariableDeclaration>
    <VariableDeclaration id="187">
      <name>y1</name>
      <initializationCode id="188">
        <code>evaluateInR(&apos;[var=x1]/10&apos;)</code>
        <domain>MATH</domain>
      </initializationCode>
    </VariableDeclaration>
    <VariableDeclaration id="189">
      <name>y2</name>
      <initializationCode id="190">
        <code>evaluateInR(&apos;[var=x2]/10&apos;)</code>
        <domain>MATH</domain>
      </initializationCode>
    </VariableDeclaration>
    <VariableDeclaration id="191">
      <name>y3</name>
      <initializationCode id="192">
        <code>evaluateInR(&apos;[var=x3]/10&apos;)</code>
        <domain>MATH</domain>
      </initializationCode>
    </VariableDeclaration>
    <VariableDeclaration id="193">
      <name>y4</name>
      <initializationCode id="194">
        <code>evaluateInR(&apos;[var=x4]/10&apos;)</code>
        <domain>MATH</domain>
      </initializationCode>
    </VariableDeclaration>
    <VariableDeclaration id="195">
      <name>y5</name>
      <initializationCode id="196">
        <code>evaluateInR(&apos;[var=x5]/10&apos;)</code>
        <domain>MATH</domain>
      </initializationCode>
    </VariableDeclaration>
    <VariableDeclaration id="197">
      <name>y6</name>
      <initializationCode id="198">
        <code>evaluateInR(&apos;[var=x6]/10&apos;)</code>
        <domain>MATH</domain>
      </initializationCode>
    </VariableDeclaration>
    <VariableDeclaration id="199">
      <name>y7</name>
      <initializationCode id="200">
        <code>evaluateInR(&apos;[var=x7]/10&apos;)</code>
        <domain>MATH</domain>
      </initializationCode>
    </VariableDeclaration>
    <VariableDeclaration id="201">
      <name>y8</name>
      <initializationCode id="202">
        <code>evaluateInR(&apos;[var=x8]/10&apos;)</code>
        <domain>MATH</domain>
      </initializationCode>
    </VariableDeclaration>
    <VariableDeclaration id="203">
      <name>y9</name>
      <initializationCode id="204">
        <code>evaluateInR(&apos;[var=x9]/10&apos;)</code>
        <domain>MATH</domain>
      </initializationCode>
    </VariableDeclaration>
    <VariableDeclaration id="205">
      <name>y10</name>
      <initializationCode id="206">
        <code>evaluateInR(&apos;[var=x10]/10&apos;)</code>
        <domain>MATH</domain>
      </initializationCode>
    </VariableDeclaration>
    <VariableDeclaration id="207">
      <name>y11</name>
      <initializationCode id="208">
        <code>evaluateInR(&apos;[var=x11]/10&apos;)</code>
        <domain>MATH</domain>
      </initializationCode>
    </VariableDeclaration>
    <VariableDeclaration id="209">
      <name>y12</name>
      <initializationCode id="210">
        <code>evaluateInR(&apos;[var=x12]/10&apos;)</code>
        <domain>MATH</domain>
      </initializationCode>
    </VariableDeclaration>
    <VariableDeclaration id="211">
      <name>y13</name>
      <initializationCode id="212">
        <code>evaluateInR(&apos;[var=x13]/10&apos;)</code>
        <domain>MATH</domain>
      </initializationCode>
    </VariableDeclaration>
    <VariableDeclaration id="213">
      <name>y14</name>
      <initializationCode id="214">
        <code>evaluateInR(&apos;[var=x14]/10&apos;)</code>
        <domain>MATH</domain>
      </initializationCode>
    </VariableDeclaration>
    <VariableDeclaration id="215">
      <name>y15</name>
      <initializationCode id="216">
        <code>evaluateInR(&apos;[var=x15]/10&apos;)</code>
        <domain>MATH</domain>
      </initializationCode>
    </VariableDeclaration>
    <VariableDeclaration id="217">
      <name>y16</name>
      <initializationCode id="218">
        <code>evaluateInR(&apos;[var=x16]/10&apos;)</code>
        <domain>MATH</domain>
      </initializationCode>
    </VariableDeclaration>
    <VariableDeclaration id="219">
      <name>y17</name>
      <initializationCode id="220">
        <code>evaluateInR(&apos;[var=x17]/10&apos;)</code>
        <domain>MATH</domain>
      </initializationCode>
    </VariableDeclaration>
    <VariableDeclaration id="221">
      <name>y18</name>
      <initializationCode id="222">
        <code>evaluateInR(&apos;[var=x18]/10&apos;)</code>
        <domain>MATH</domain>
      </initializationCode>
    </VariableDeclaration>
    <VariableDeclaration id="223">
      <name>xqS</name>
      <initializationCode id="224">
        <code>evaluateInR(&apos;([var=y1]+[var=y2]+[var=y3]+[var=y4]+[var=y5]+[var=y6])/6&apos;)</code>
        <domain>MATH</domain>
      </initializationCode>
    </VariableDeclaration>
    <VariableDeclaration id="225">
      <name>xqR</name>
      <initializationCode id="226">
        <code>evaluateInR(&apos;([var=y7]+[var=y8]+[var=y9]+[var=y10]+[var=y11]+[var=y12])/6&apos;)</code>
        <domain>MATH</domain>
      </initializationCode>
    </VariableDeclaration>
    <VariableDeclaration id="227">
      <name>xqL</name>
      <initializationCode id="228">
        <code>evaluateInR(&apos;([var=y13]+[var=y14]+[var=y15]+[var=y16]+[var=y17]+[var=y18])/6&apos;)</code>
        <domain>MATH</domain>
      </initializationCode>
    </VariableDeclaration>
    <VariableDeclaration id="229">
      <name>sS</name>
      <initializationCode id="230">
        <code>evaluateInR(&apos;sqrt((([var=y1]*[var=y1]-[var=xqS]*[var=xqS])+([var=y2]*[var=y2]-[var=xqS]*[var=xqS])+([var=y3]*[var=y3]-[var=xqS]*[var=xqS])+([var=y4]*[var=y4]-[var=xqS]*[var=xqS])+([var=y5]*[var=y5]-[var=xqS]*[var=xqS])+([var=y6]*[var=y6]-[var=xqS]*[var=xqS]))*(1/6))&apos;)</code>
        <domain>MATH</domain>
      </initializationCode>
    </VariableDeclaration>
    <VariableDeclaration id="231">
      <name>sR</name>
      <initializationCode id="232">
        <code>evaluateInR(&apos;sqrt((([var=y7]*[var=y7]-[var=xqR]*[var=xqR])+([var=y8]*[var=y8]-[var=xqR]*[var=xqR])+([var=y9]*[var=y9]-[var=xqR]*[var=xqR])+([var=y10]*[var=y10]-[var=xqR]*[var=xqR])+([var=y11]*[var=y11]-[var=xqR]*[var=xqR])+([var=y12]*[var=y12]-[var=xqR]*[var=xqR]))*(1/6))&apos;)</code>
        <domain>MATH</domain>
      </initializationCode>
    </VariableDeclaration>
    <VariableDeclaration id="233">
      <name>sL</name>
      <initializationCode id="234">
        <code>evaluateInR(&apos;sqrt((([var=y13]*[var=y13]-[var=xqL]*[var=xqL])+([var=y14]*[var=y14]-[var=xqL]*[var=xqL])+([var=y15]*[var=y15]-[var=xqL]*[var=xqL])+([var=y16]*[var=y16]-[var=xqL]*[var=xqL])+([var=y17]*[var=y17]-[var=xqL]*[var=xqL])+([var=y18]*[var=y18]-[var=xqL]*[var=xqL]))*(1/6))&apos;)</code>
        <domain>MATH</domain>
      </initializationCode>
    </VariableDeclaration>
    <VariableDeclaration id="235">
      <name>vSS</name>
      <initializationCode id="236">
        <code>evaluateInR(&apos;[var=sS]/[var=xqS]&apos;)</code>
        <domain>MATH</domain>
      </initializationCode>
    </VariableDeclaration>
    <VariableDeclaration id="237">
      <name>vRR</name>
      <initializationCode id="238">
        <code>evaluateInR(&apos;[var=sR]/[var=xqR]&apos;)</code>
        <domain>MATH</domain>
      </initializationCode>
    </VariableDeclaration>
    <VariableDeclaration id="239">
      <name>vLL</name>
      <initializationCode id="240">
        <code>evaluateInR(&apos;[var=sL]/[var=xqL]&apos;)</code>
        <domain>MATH</domain>
      </initializationCode>
    </VariableDeclaration>
    <VariableDeclaration id="241">
      <name>vS</name>
      <initializationCode id="242">
        <code>evaluateInR(&apos;round([var=vSS], 4)&apos;)</code>
        <domain>MATH</domain>
      </initializationCode>
    </VariableDeclaration>
    <VariableDeclaration id="243">
      <name>vR</name>
      <initializationCode id="244">
        <code>evaluateInR(&apos;round([var=vRR], 4)&apos;)</code>
        <domain>MATH</domain>
      </initializationCode>
    </VariableDeclaration>
    <VariableDeclaration id="245">
      <name>vL</name>
      <initializationCode id="246">
        <code>evaluateInR(&apos;round([var=vLL], 4)&apos;)</code>
        <domain>MATH</domain>
      </initializationCode>
    </VariableDeclaration>
    <VariableDeclaration id="247">
      <name>max1</name>
      <initializationCode id="248">
        <code>evaluateInR(&apos;max([var=y5], [var=y6])&apos;)</code>
        <domain>MATH</domain>
      </initializationCode>
    </VariableDeclaration>
    <VariableDeclaration id="249">
      <name>max2</name>
      <initializationCode id="250">
        <code>evaluateInR(&apos;max([var=y4], [var=max1])&apos;)</code>
        <domain>MATH</domain>
      </initializationCode>
    </VariableDeclaration>
    <VariableDeclaration id="251">
      <name>max3</name>
      <initializationCode id="252">
        <code>evaluateInR(&apos;max([var=y3], [var=max2])&apos;)</code>
        <domain>MATH</domain>
      </initializationCode>
    </VariableDeclaration>
    <VariableDeclaration id="253">
      <name>max4</name>
      <initializationCode id="254">
        <code>evaluateInR(&apos;max([var=y2], [var=max3])&apos;)</code>
        <domain>MATH</domain>
      </initializationCode>
    </VariableDeclaration>
    <VariableDeclaration id="255">
      <name>max</name>
      <initializationCode id="256">
        <code>evaluateInR(&apos;max([var=y1], [var=max4])&apos;)</code>
        <domain>MATH</domain>
      </initializationCode>
    </VariableDeclaration>
    <VariableDeclaration id="257">
      <name>min1</name>
      <initializationCode id="258">
        <code>evaluateInR(&apos;min([var=y5], [var=y6])&apos;)</code>
        <domain>MATH</domain>
      </initializationCode>
    </VariableDeclaration>
    <VariableDeclaration id="259">
      <name>min2</name>
      <initializationCode id="260">
        <code>evaluateInR(&apos;min([var=y4], [var=min1])&apos;)</code>
        <domain>MATH</domain>
      </initializationCode>
    </VariableDeclaration>
    <VariableDeclaration id="261">
      <name>min3</name>
      <initializationCode id="262">
        <code>evaluateInR(&apos;min([var=y3], [var=min2])&apos;)</code>
        <domain>MATH</domain>
      </initializationCode>
    </VariableDeclaration>
    <VariableDeclaration id="263">
      <name>min4</name>
      <initializationCode id="264">
        <code>evaluateInR(&apos;min([var=y2], [var=min3])&apos;)</code>
        <domain>MATH</domain>
      </initializationCode>
    </VariableDeclaration>
    <VariableDeclaration id="265">
      <name>min</name>
      <initializationCode id="266">
        <code>evaluateInR(&apos;min([var=y1], [var=min4])&apos;)</code>
        <domain>MATH</domain>
      </initializationCode>
    </VariableDeclaration>
    <VariableDeclaration id="267">
      <name>R</name>
      <initializationCode id="268">
        <code>evaluateInR(&apos;round([var=max]-[var=min], 1)&apos;)</code>
        <domain>MATH</domain>
      </initializationCode>
    </VariableDeclaration>
  </variableDeclarations>
  <jSXGraphs id="269"/>
  <dynamicMolecules id="270"/>
  <resultFeedbackMappings id="271"/>
</Exercise>