<Exercise id="1">
  <name>DS4-05 Streuungsparameter 5</name>
  <publicDescription></publicDescription>
  <internalNotes>Berechnung des arithmetischen Mittels und der Standardabweichung eines linear transformierten Merkmals

Die  Materialien sind lizenziert unter CC BY-NC-SA 4.0. Eine Kopie dieser Lizenz finden Sie unter http://creativecommons.org/licenses/by-nc-sa/4.0/

The materials are licensed under CC BY-NC-SA 4.0. You can find a copy of this license at http://creativecommons.org/licenses/by-nc-sa/4.0/</internalNotes>
  <language>de</language>
  <difficulty>2</difficulty>
  <tags id="2">
    <Tag id="3">
      <name>Desk_22</name>
    </Tag>
  </tags>
  <resources id="4"/>
  <stages id="5">
    <FillInStage id="6">
      <internalName>1</internalName>
      <externalName>Stage 1</externalName>
      <taskDescription>&lt;strong&gt;Aufgabenstellung:&lt;/strong&gt;&lt;br /&gt;&#xd;
&lt;br /&gt;&#xd;
Ein Spanien-Tourist hat in den ersten beiden Wochen eine durchschnittliche Lufttemperatur von $[var=Temp]^oC$ bei einer Standardabweichung von $[var=s]^oC$ gemessen.&amp;nbsp;Um Bekannten in den USA diese Daten &amp;uuml;bermitteln zu k&amp;ouml;nnen, m&amp;ouml;chte er die Daten in Grad Fahrenheit umrechnen.&lt;br /&gt;&#xd;
&lt;br /&gt;&#xd;
Er wei&amp;szlig;, dass $\,^oF = 32 + 1,8 ^oC$ ist.&lt;br /&gt;&#xd;
&lt;br /&gt;&#xd;
Wie hoch sind die mittlere Temperatur und die Standardabweichung nach der Umrechnung?&lt;br /&gt;&#xd;
&lt;br /&gt;&#xd;
&lt;strong&gt;Einreichung:&lt;/strong&gt;&lt;br /&gt;&#xd;
&amp;nbsp;&#xd;
&lt;table border=&quot;0&quot; cellpadding=&quot;1&quot; cellspacing=&quot;1&quot; style=&quot;width:350px;&quot;&gt;&#xd;
	&lt;tbody&gt;&#xd;
		&lt;tr&gt;&#xd;
			&lt;td&gt;Durchschnittliche Lufttemperatur: $\;$&lt;/td&gt;&#xd;
			&lt;td&gt;&amp;nbsp;&lt;input name=&quot;field1&quot; size=&quot;6&quot; type=&quot;text&quot; value=&quot;field1&quot; /&gt;&amp;nbsp;&amp;nbsp;$^oF$&amp;nbsp;&lt;/td&gt;&#xd;
		&lt;/tr&gt;&#xd;
		&lt;tr&gt;&#xd;
			&lt;td&gt;Standardabweichung:&amp;nbsp;$\;$&lt;/td&gt;&#xd;
			&lt;td&gt;&amp;nbsp;&lt;input name=&quot;field2&quot; size=&quot;6&quot; type=&quot;text&quot; value=&quot;field2&quot; /&gt;&amp;nbsp;&amp;nbsp;$^oF$&lt;/td&gt;&#xd;
		&lt;/tr&gt;&#xd;
	&lt;/tbody&gt;&#xd;
&lt;/table&gt;&#xd;
&lt;br /&gt;&#xd;
&lt;em&gt;(Verwenden Sie einen Dezimalpunkt.)&lt;/em&gt;&#xd;
&#xd;
&lt;p&gt;&lt;a href=&quot;https://rdrr.io/snippets/embed/&quot; onclick=&quot;window.open(&apos;https://rdrr.io/snippets/embed/?code=&apos;,&apos;R Console&apos;,&apos; margin-top: 20px; top=200,left=100,width=480,height=640,menubar=no,toolbar=no,&apos;); return false;&quot; target=&quot;_blank&quot;&gt;&lt;img alt=&quot;R_ Logo&quot; pull-right=&quot;&quot; src=&quot;/econometrics/resource?resource=157444&quot; style=&quot;width: 40px; height: 50px; float: right; margin: 5px&quot; /&gt;&lt;/a&gt;&lt;/p&gt;&#xd;
</taskDescription>
      <skipMessage>&amp;nbsp;
&lt;table border=&quot;0&quot; cellpadding=&quot;1&quot; cellspacing=&quot;1&quot; style=&quot;width:325px;&quot;&gt;
	&lt;tbody&gt;
		&lt;tr&gt;
			&lt;td&gt;Durchschnittliche Lufttemperatur: $\;$&lt;/td&gt;
			&lt;td&gt;$[var=FF]^oF$&lt;/td&gt;
		&lt;/tr&gt;
		&lt;tr&gt;
			&lt;td&gt;Standardabweichung:&amp;nbsp;$\;$&lt;/td&gt;
			&lt;td&gt;&amp;nbsp;$[var=sFF]^oF$&lt;/td&gt;
		&lt;/tr&gt;
	&lt;/tbody&gt;
&lt;/table&gt;
&lt;br /&gt;
&amp;nbsp;</skipMessage>
      <defaultTransition id="7">
        <conditionExpression id="8">
          <domain>MATH</domain>
        </conditionExpression>
        <stageExpression id="9">
          <domain>MATH</domain>
        </stageExpression>
        <isRepeat>true</isRepeat>
      </defaultTransition>
      <skipTransitions id="10">
        <StageTransition id="11">
          <conditionExpression id="12">
            <code></code>
            <domain>MATH</domain>
          </conditionExpression>
          <stageExpression id="13">
            <domain>MATH</domain>
          </stageExpression>
          <isRepeat>false</isRepeat>
        </StageTransition>
      </skipTransitions>
      <stageTransitions id="14">
        <StageTransition id="15">
          <conditionExpression id="16">
            <code></code>
            <domain>MATH</domain>
          </conditionExpression>
          <stageExpression id="17">
            <code>[meta=stageCurrentResult]&gt;=100</code>
            <domain>MATH</domain>
          </stageExpression>
          <isRepeat>false</isRepeat>
        </StageTransition>
      </stageTransitions>
      <hints id="18">
        <StageHint id="19">
          <stagehint__order>0</stagehint__order>
          <text>Die Standardabweichung $s_y$ eines linear transformierten Datensatzes $y_j = \alpha+\beta x_j$ hängt in folgender
 Weise von $s_x$ ab:
 
 $s_y = |\beta|s_x$.
 
 Es ist zu beachten, dass gilt: $\bar{y}=\alpha+\beta\bar{x}$, (Transformationseigenschaft des arithmetischen Mittels).</text>
          <malus>0</malus>
          <stage class="FillInStage" reference="6"/>
        </StageHint>
      </hints>
      <variableUpdatesOnEnter id="20"/>
      <variableUpdatesBeforeCheck id="21"/>
      <variableUpdatesAfterCheck id="22"/>
      <variableUpdatesOnNormalExit id="23"/>
      <variableUpdatesOnRepeat id="24"/>
      <variableUpdatesOnSkip id="25"/>
      <weight>1</weight>
      <orderIndex>0</orderIndex>
      <allowSkip>true</allowSkip>
      <resources id="26"/>
      <rules id="27"/>
      <fillInFields id="28">
        <FillInField id="29">
          <name>field2</name>
          <orderIndex>1</orderIndex>
          <size>6</size>
          <formularEditorType>NUMBER</formularEditorType>
        </FillInField>
        <FillInField id="30">
          <name>field1</name>
          <orderIndex>0</orderIndex>
          <size>6</size>
          <formularEditorType>NUMBER</formularEditorType>
        </FillInField>
      </fillInFields>
      <dropDownFields id="31"/>
      <formularEditorPalette>MATHDOX_FORMULAR_EDITOR_BASIC</formularEditorPalette>
      <defaultFeedback>Leider falsch.&lt;br /&gt;
&amp;nbsp;
&lt;table border=&quot;0&quot; cellpadding=&quot;1&quot; cellspacing=&quot;1&quot; style=&quot;width:350px;&quot;&gt;
	&lt;tbody&gt;
		&lt;tr&gt;
			&lt;td&gt;Durchschnittliche Lufttemperatur: $\;$&lt;/td&gt;
			&lt;td&gt;$[var=FF]^oF$&lt;/td&gt;
		&lt;/tr&gt;
		&lt;tr&gt;
			&lt;td&gt;Standardabweichung:&amp;nbsp;$\;$&lt;/td&gt;
			&lt;td&gt;&amp;nbsp;$[var=sFF]^oF$&lt;/td&gt;
		&lt;/tr&gt;
	&lt;/tbody&gt;
&lt;/table&gt;
</defaultFeedback>
      <correctAnswerRules id="32">
        <Rule id="33">
          <name>CorrectAnswer1</name>
          <orderIndex>1</orderIndex>
          <validationExpression id="34">
            <code>!isEmpty([input=field1])&amp;&amp;isRealNumber([input=field1])&amp;&amp;!isEmpty([input=field2])&amp;&amp;isRealNumber([input=field2])&amp;&amp;[input=field1]&gt;[var=FF]*0.98&amp;&amp;[input=field1]&lt;[var=FF]*1.02&amp;&amp;[input=field2]&gt;[var=sFF]*0.98&amp;&amp;[input=field2]&lt;[var=sFF]*1.02</code>
            <domain>MATH</domain>
          </validationExpression>
          <points>0</points>
          <terminal>false</terminal>
        </Rule>
      </correctAnswerRules>
      <correctAnswerFeedback>Richtig.</correctAnswerFeedback>
      <defaultResult>0</defaultResult>
    </FillInStage>
  </stages>
  <startStage class="FillInStage" reference="6"/>
  <variableDeclarations id="35">
    <VariableDeclaration id="36">
      <name>Temp</name>
      <initializationCode id="37">
        <code>randomIntegerBetween(20,30)</code>
        <domain>MATH</domain>
      </initializationCode>
    </VariableDeclaration>
    <VariableDeclaration id="38">
      <name>s</name>
      <initializationCode id="39">
        <code>randomIntegerBetween(2,12)</code>
        <domain>MATH</domain>
      </initializationCode>
    </VariableDeclaration>
    <VariableDeclaration id="40">
      <name>F</name>
      <initializationCode id="41">
        <code>evaluateInR(&apos;32+1.8*[var=Temp]&apos;)</code>
        <domain>MATH</domain>
      </initializationCode>
    </VariableDeclaration>
    <VariableDeclaration id="42">
      <name>sF</name>
      <initializationCode id="43">
        <code>evaluateInR(&apos;1.8*[var=s]&apos;)</code>
        <domain>MATH</domain>
      </initializationCode>
    </VariableDeclaration>
    <VariableDeclaration id="44">
      <name>FF</name>
      <initializationCode id="45">
        <code>evaluateInR(&apos;round([var=F], 2)&apos;)</code>
        <domain>MATH</domain>
      </initializationCode>
    </VariableDeclaration>
    <VariableDeclaration id="46">
      <name>sFF</name>
      <initializationCode id="47">
        <code>evaluateInR(&apos;round([var=sF], 2)&apos;)</code>
        <domain>MATH</domain>
      </initializationCode>
    </VariableDeclaration>
  </variableDeclarations>
  <jSXGraphs id="48"/>
  <dynamicMolecules id="49"/>
  <resultFeedbackMappings id="50"/>
</Exercise>