<Exercise id="1">
  <name>DS4-06 Streuungsparameter 6</name>
  <publicDescription></publicDescription>
  <internalNotes>Berechnung arithmetisches Mittel und Standardabweichung nach Hinzunahme einer neuen Beobachtung.

Die  Materialien sind lizenziert unter CC BY-NC-SA 4.0. Eine Kopie dieser Lizenz finden Sie unter http://creativecommons.org/licenses/by-nc-sa/4.0/

The materials are licensed under CC BY-NC-SA 4.0. You can find a copy of this license at http://creativecommons.org/licenses/by-nc-sa/4.0/</internalNotes>
  <language>de</language>
  <difficulty>3</difficulty>
  <tags id="2">
    <Tag id="3">
      <name>Desk_22</name>
    </Tag>
  </tags>
  <resources id="4"/>
  <stages id="5">
    <FillInStage id="6">
      <internalName>1</internalName>
      <externalName>Stage 1</externalName>
      <taskDescription>&lt;strong&gt;Aufgabenstellung:&lt;/strong&gt;&lt;br /&gt;&#xd;
&lt;br /&gt;&#xd;
F&amp;uuml;r ein metrisches Merkmal $X$ liegen $10$ Beobachtungen mit einem arithmetischen Mittel $ \bar{x} = [var=$amg] $ und einer Varianz $ s^2 = [var=$sg] $ vor.&lt;br /&gt;&#xd;
Welches arithmetische Mittel und welche Standardabweichung ergeben sich bei Hinzunahme der weiteren Auspr&amp;auml;gung $x_{11} = [var=$x11]$?&lt;br /&gt;&#xd;
&lt;br /&gt;&#xd;
&lt;strong&gt;Einreichung:&lt;/strong&gt;&#xd;
&lt;table border=&quot;0&quot; cellpadding=&quot;1&quot; cellspacing=&quot;1&quot; style=&quot;width:350px;&quot;&gt;&#xd;
	&lt;tbody&gt;&#xd;
		&lt;tr&gt;&#xd;
			&lt;td&gt;Neuer Mittelwert:&lt;/td&gt;&#xd;
			&lt;td style=&quot;text-align: right;&quot;&gt;$\bar{x}_{neu} = \;$&lt;/td&gt;&#xd;
			&lt;td&gt;&amp;nbsp;&lt;input name=&quot;field1&quot; size=&quot;6&quot; type=&quot;text&quot; value=&quot;field1&quot; /&gt;&amp;nbsp;&lt;/td&gt;&#xd;
		&lt;/tr&gt;&#xd;
		&lt;tr&gt;&#xd;
			&lt;td&gt;Neue Varianz:&lt;/td&gt;&#xd;
			&lt;td style=&quot;text-align: right;&quot;&gt;$s^2_{neu} =\;$&lt;/td&gt;&#xd;
			&lt;td&gt;&amp;nbsp;&lt;input name=&quot;field2&quot; size=&quot;6&quot; type=&quot;text&quot; value=&quot;field2&quot; /&gt;&amp;nbsp;&lt;/td&gt;&#xd;
		&lt;/tr&gt;&#xd;
		&lt;tr&gt;&#xd;
			&lt;td&gt;Neue Standardabweichung:&lt;/td&gt;&#xd;
			&lt;td style=&quot;text-align: right;&quot;&gt;$s_{neu} = \;$&amp;nbsp;&lt;/td&gt;&#xd;
			&lt;td&gt;&amp;nbsp;&lt;input name=&quot;field3&quot; size=&quot;6&quot; type=&quot;text&quot; value=&quot;field3&quot; /&gt;&amp;nbsp;&lt;/td&gt;&#xd;
		&lt;/tr&gt;&#xd;
	&lt;/tbody&gt;&#xd;
&lt;/table&gt;&#xd;
&lt;br /&gt;&#xd;
&lt;br /&gt;&#xd;
&lt;span style=&quot;font-size:12px;&quot;&gt;&lt;em&gt;(Runden Sie,falls n&amp;ouml;tig, ihr Ergebnis auf die zweite Nachkommastelle und verwenden Sie einen Dezimalpunkt. Innerhalb Ihrer Rechnungen verwenden Sie bitte auch zwei Nachkommastellen.)&lt;/em&gt;&lt;/span&gt;&#xd;
&#xd;
&lt;p&gt;&lt;a href=&quot;https://rdrr.io/snippets/embed/&quot; onclick=&quot;window.open(&apos;https://rdrr.io/snippets/embed/?code=&apos;,&apos;R Console&apos;,&apos; margin-top: 20px; top=200,left=100,width=480,height=640,menubar=no,toolbar=no,&apos;); return false;&quot; target=&quot;_blank&quot;&gt;&lt;img alt=&quot;R_ Logo&quot; pull-right=&quot;&quot; src=&quot;/econometrics/resource?resource=157444&quot; style=&quot;width: 40px; height: 50px; float: right; margin: 5px&quot; /&gt;&lt;/a&gt;&lt;/p&gt;&#xd;
</taskDescription>
      <skipMessage>&amp;nbsp;
&lt;table border=&quot;0&quot; cellpadding=&quot;1&quot; cellspacing=&quot;1&quot; style=&quot;width:600px;&quot;&gt;
	&lt;tbody&gt;
		&lt;tr&gt;
			&lt;td&gt;Neuer Mittelwert:&lt;br /&gt;
			&amp;nbsp;&lt;/td&gt;
			&lt;td style=&quot;text-align: right;&quot;&gt;$\bar{x}_{neu} =\frac{1}{11}([var=help]+[var=x11])\;$&lt;br /&gt;
			&amp;nbsp;&lt;/td&gt;
			&lt;td&gt;&amp;nbsp;$=[var=am2g]$&lt;br /&gt;
			&amp;nbsp;&lt;/td&gt;
		&lt;/tr&gt;
		&lt;tr&gt;
			&lt;td&gt;Neue Varianz:&lt;br /&gt;
			&amp;nbsp;&lt;/td&gt;
			&lt;td style=&quot;text-align: right;&quot;&gt;$s^2_{neu} =\frac{1}{11}(10*[var=sg]+([var=x11]-[var=am2g])^2)\;$&lt;br /&gt;
			&amp;nbsp;&lt;/td&gt;
			&lt;td&gt;&amp;nbsp;$=[var=varg]$&lt;br /&gt;
			&amp;nbsp;&lt;/td&gt;
		&lt;/tr&gt;
		&lt;tr&gt;
			&lt;td&gt;Neue Standardabweichung:&lt;/td&gt;
			&lt;td style=&quot;text-align: right;&quot;&gt;$s_{neu}&amp;nbsp; \;$&amp;nbsp;&lt;/td&gt;
			&lt;td&gt;&amp;nbsp;&amp;nbsp;$= [var=standg]$&lt;/td&gt;
		&lt;/tr&gt;
	&lt;/tbody&gt;
&lt;/table&gt;
&lt;br /&gt;
&amp;nbsp;</skipMessage>
      <defaultTransition id="7">
        <conditionExpression id="8">
          <domain>MATH</domain>
        </conditionExpression>
        <stageExpression id="9">
          <domain>MATH</domain>
        </stageExpression>
        <isRepeat>true</isRepeat>
      </defaultTransition>
      <skipTransitions id="10">
        <StageTransition id="11">
          <conditionExpression id="12">
            <code></code>
            <domain>MATH</domain>
          </conditionExpression>
          <stageExpression id="13">
            <domain>MATH</domain>
          </stageExpression>
          <targetStage class="FillInStage" id="14">
            <internalName>2</internalName>
            <externalName>Stage 2</externalName>
            <taskDescription>&lt;strong&gt;Aufgabenstellung:&lt;/strong&gt;&lt;br /&gt;&#xd;
&lt;br /&gt;&#xd;
F&amp;uuml;r ein metrisches Merkmal $X$ liegen $11$ Beobachtungen mit einem arithmetischen Mittel $ \bar{x} = [var=$bamg] $ vor.&lt;br /&gt;&#xd;
Welches arithmetische Mittel ergibt sich ohne die bisher eingeschlossene Auspr&amp;auml;gung $x_{11} = [var=$y11]$?&lt;br /&gt;&#xd;
&lt;br /&gt;&#xd;
&lt;strong&gt;Einreichung:&lt;/strong&gt;&lt;br /&gt;&#xd;
&lt;br /&gt;&#xd;
Neuer Mittelwert: $\bar{x}_{\setminus x_{11}} = $&amp;nbsp;&lt;input name=&quot;field1&quot; size=&quot;6&quot; type=&quot;text&quot; value=&quot;field1&quot; /&gt;&amp;nbsp;&lt;br /&gt;&#xd;
&lt;br /&gt;&#xd;
&lt;em&gt;(Runden Sie, falls n&amp;ouml;tig, ihr Ergebnis auf die zweite Nachkommastelle und verwenden Sie einen Dezimalpunkt.)&lt;/em&gt;&#xd;
&lt;p&gt;&lt;a href=&quot;https://rdrr.io/snippets/embed/&quot; onclick=&quot;window.open(&apos;https://rdrr.io/snippets/embed/?code=&apos;,&apos;R Console&apos;,&apos; margin-top: 20px; top=200,left=100,width=480,height=640,menubar=no,toolbar=no,&apos;); return false;&quot; target=&quot;_blank&quot;&gt;&lt;img alt=&quot;R_ Logo&quot; pull-right=&quot;&quot; src=&quot;/econometrics/resource?resource=157444&quot; style=&quot;width: 40px; height: 50px; float: right; margin: 5px&quot; /&gt;&lt;/a&gt;&lt;/p&gt;&#xd;
</taskDescription>
            <skipMessage>$\bar{x}_{\setminus x_{11}} =[var=ansbg]$</skipMessage>
            <defaultTransition id="15">
              <conditionExpression id="16">
                <domain>MATH</domain>
              </conditionExpression>
              <stageExpression id="17">
                <domain>MATH</domain>
              </stageExpression>
              <isRepeat>true</isRepeat>
            </defaultTransition>
            <skipTransitions id="18">
              <StageTransition id="19">
                <conditionExpression id="20">
                  <code></code>
                  <domain>MATH</domain>
                </conditionExpression>
                <stageExpression id="21">
                  <domain>MATH</domain>
                </stageExpression>
                <isRepeat>false</isRepeat>
              </StageTransition>
            </skipTransitions>
            <stageTransitions id="22">
              <StageTransition id="23">
                <conditionExpression id="24">
                  <code></code>
                  <domain>MATH</domain>
                </conditionExpression>
                <stageExpression id="25">
                  <code>[meta=stageCurrentResult]&gt;=100</code>
                  <domain>MATH</domain>
                </stageExpression>
                <isRepeat>false</isRepeat>
              </StageTransition>
            </stageTransitions>
            <hints id="26">
              <StageHint id="27">
                <stagehint__order>0</stagehint__order>
                <text>$\displaystyle \sum_{j=1}^{11}x_j=n \cdot \bar{x} $
		</text>
                <malus>0</malus>
                <stage class="FillInStage" reference="14"/>
              </StageHint>
            </hints>
            <variableUpdatesOnEnter id="28"/>
            <variableUpdatesBeforeCheck id="29"/>
            <variableUpdatesAfterCheck id="30"/>
            <variableUpdatesOnNormalExit id="31"/>
            <variableUpdatesOnRepeat id="32"/>
            <variableUpdatesOnSkip id="33"/>
            <weight>1</weight>
            <orderIndex>1</orderIndex>
            <allowSkip>true</allowSkip>
            <resources id="34"/>
            <rules id="35"/>
            <fillInFields id="36">
              <FillInField id="37">
                <name>field1</name>
                <orderIndex>0</orderIndex>
                <size>6</size>
                <formularEditorType>NUMBER</formularEditorType>
              </FillInField>
            </fillInFields>
            <dropDownFields id="38"/>
            <formularEditorPalette>MATHDOX_FORMULAR_EDITOR_BASIC</formularEditorPalette>
            <defaultFeedback>Leider falsch.&lt;br /&gt;
&lt;br /&gt;
$\bar{x}_{\setminus x_{11}} =[var=ansbg]$</defaultFeedback>
            <correctAnswerRules id="39">
              <Rule id="40">
                <name>CorrectAnswer1</name>
                <orderIndex>1</orderIndex>
                <validationExpression id="41">
                  <code>!isEmpty([input=field1])&amp;&amp;isRealNumber([input=field1])&amp;&amp;[input=field1]&lt;[var=ansbg]*1.05&amp;&amp;[input=field1]&gt;[var=ansbg]*0.95</code>
                  <domain>MATH</domain>
                </validationExpression>
                <points>0</points>
                <terminal>false</terminal>
              </Rule>
            </correctAnswerRules>
            <correctAnswerFeedback>Richtig.</correctAnswerFeedback>
            <defaultResult>0</defaultResult>
          </targetStage>
          <isRepeat>false</isRepeat>
        </StageTransition>
      </skipTransitions>
      <stageTransitions id="42">
        <StageTransition id="43">
          <conditionExpression id="44">
            <code></code>
            <domain>MATH</domain>
          </conditionExpression>
          <stageExpression id="45">
            <code>[meta=stageCurrentResult]&gt;=100</code>
            <domain>MATH</domain>
          </stageExpression>
          <targetStage class="FillInStage" reference="14"/>
          <isRepeat>false</isRepeat>
        </StageTransition>
      </stageTransitions>
      <hints id="46">
        <StageHint id="47">
          <stagehint__order>0</stagehint__order>
          <text>Gehen Sie rekursiv vor. Bestimmen Sie zunächst $n\cdot \bar{x}$ bzw. $n\cdot s^2$</text>
          <malus>0</malus>
          <stage class="FillInStage" reference="6"/>
        </StageHint>
      </hints>
      <variableUpdatesOnEnter id="48"/>
      <variableUpdatesBeforeCheck id="49"/>
      <variableUpdatesAfterCheck id="50"/>
      <variableUpdatesOnNormalExit id="51"/>
      <variableUpdatesOnRepeat id="52"/>
      <variableUpdatesOnSkip id="53"/>
      <weight>1</weight>
      <orderIndex>0</orderIndex>
      <allowSkip>true</allowSkip>
      <resources id="54"/>
      <rules id="55"/>
      <fillInFields id="56">
        <FillInField id="57">
          <name>field3</name>
          <orderIndex>2</orderIndex>
          <size>6</size>
          <formularEditorType>NUMBER</formularEditorType>
        </FillInField>
        <FillInField id="58">
          <name>field2</name>
          <orderIndex>1</orderIndex>
          <size>6</size>
          <formularEditorType>NUMBER</formularEditorType>
        </FillInField>
        <FillInField id="59">
          <name>field1</name>
          <orderIndex>0</orderIndex>
          <size>6</size>
          <formularEditorType>NUMBER</formularEditorType>
        </FillInField>
      </fillInFields>
      <dropDownFields id="60"/>
      <formularEditorPalette>MATHDOX_FORMULAR_EDITOR_BASIC</formularEditorPalette>
      <defaultFeedback>Leider falsch.&lt;br /&gt;
&lt;br /&gt;
&amp;nbsp;
&lt;table border=&quot;0&quot; cellpadding=&quot;1&quot; cellspacing=&quot;1&quot; style=&quot;width:600px;&quot;&gt;
	&lt;tbody&gt;
		&lt;tr&gt;
			&lt;td&gt;Neuer Mittelwert:&lt;br /&gt;
			&amp;nbsp;&lt;/td&gt;
			&lt;td style=&quot;text-align: right;&quot;&gt;$\bar{x}_{neu} =\frac{1}{11}([var=help]+[var=x11])\;$&lt;br /&gt;
			&amp;nbsp;&lt;/td&gt;
			&lt;td&gt;&amp;nbsp;$=[var=am2g]$&lt;br /&gt;
			&amp;nbsp;&lt;/td&gt;
		&lt;/tr&gt;
		&lt;tr&gt;
			&lt;td&gt;Neue Varianz:&lt;br /&gt;
			&amp;nbsp;&lt;/td&gt;
			&lt;td style=&quot;text-align: right;&quot;&gt;$s^2_{neu} =\frac{1}{11}(10*[var=sg]+([var=x11]-[var=am2g])^2)\;$&lt;br /&gt;
			&amp;nbsp;&lt;/td&gt;
			&lt;td&gt;&amp;nbsp;$=[var=varg]$&lt;br /&gt;
			&amp;nbsp;&lt;/td&gt;
		&lt;/tr&gt;
		&lt;tr&gt;
			&lt;td&gt;Neue Standardabweichung:&lt;/td&gt;
			&lt;td style=&quot;text-align: right;&quot;&gt;$s_{neu}&amp;nbsp; \;$&amp;nbsp;&lt;/td&gt;
			&lt;td&gt;&amp;nbsp;&amp;nbsp;$= [var=standg]$&lt;/td&gt;
		&lt;/tr&gt;
	&lt;/tbody&gt;
&lt;/table&gt;
&lt;br /&gt;
&amp;nbsp;</defaultFeedback>
      <correctAnswerRules id="61">
        <Rule id="62">
          <name>CorrectAnswer1</name>
          <orderIndex>1</orderIndex>
          <validationExpression id="63">
            <code>!isEmpty([input=field1])&amp;&amp;isRealNumber([input=field1])&amp;&amp;!isEmpty([input=field2])&amp;&amp;isRealNumber([input=field2])&amp;&amp;!isEmpty([input=field3])&amp;&amp;isRealNumber([input=field3])&amp;&amp;[input=field1]&gt;[var=am2g]*0.95&amp;&amp;[input=field1]&lt;[var=am2g]*1.05&amp;&amp;[input=field2]&gt;[var=varg]*0.95&amp;&amp;[input=field2]&lt;[var=varg]*1.05&amp;&amp;[input=field3]&gt;[var=standg]*0.95&amp;&amp;[input=field3]&lt;[var=standg]*1.05</code>
            <domain>MATH</domain>
          </validationExpression>
          <points>0</points>
          <terminal>false</terminal>
        </Rule>
      </correctAnswerRules>
      <correctAnswerFeedback>Richtig.</correctAnswerFeedback>
      <defaultResult>0</defaultResult>
    </FillInStage>
    <FillInStage reference="14"/>
  </stages>
  <startStage class="FillInStage" reference="6"/>
  <variableDeclarations id="64">
    <VariableDeclaration id="65">
      <name>x1</name>
      <initializationCode id="66">
        <code>randomIntegerBetween(1,20)</code>
        <domain>MATH</domain>
      </initializationCode>
    </VariableDeclaration>
    <VariableDeclaration id="67">
      <name>x2</name>
      <initializationCode id="68">
        <code>randomIntegerBetween(1,20)</code>
        <domain>MATH</domain>
      </initializationCode>
    </VariableDeclaration>
    <VariableDeclaration id="69">
      <name>x3</name>
      <initializationCode id="70">
        <code>randomIntegerBetween(1,20)</code>
        <domain>MATH</domain>
      </initializationCode>
    </VariableDeclaration>
    <VariableDeclaration id="71">
      <name>x4</name>
      <initializationCode id="72">
        <code>randomIntegerBetween(1,20)</code>
        <domain>MATH</domain>
      </initializationCode>
    </VariableDeclaration>
    <VariableDeclaration id="73">
      <name>x5</name>
      <initializationCode id="74">
        <code>randomIntegerBetween(1,20)</code>
        <domain>MATH</domain>
      </initializationCode>
    </VariableDeclaration>
    <VariableDeclaration id="75">
      <name>x6</name>
      <initializationCode id="76">
        <code>randomIntegerBetween(1,20)</code>
        <domain>MATH</domain>
      </initializationCode>
    </VariableDeclaration>
    <VariableDeclaration id="77">
      <name>x7</name>
      <initializationCode id="78">
        <code>randomIntegerBetween(1,20)</code>
        <domain>MATH</domain>
      </initializationCode>
    </VariableDeclaration>
    <VariableDeclaration id="79">
      <name>x8</name>
      <initializationCode id="80">
        <code>randomIntegerBetween(1,20)</code>
        <domain>MATH</domain>
      </initializationCode>
    </VariableDeclaration>
    <VariableDeclaration id="81">
      <name>x9</name>
      <initializationCode id="82">
        <code>randomIntegerBetween(1,20)</code>
        <domain>MATH</domain>
      </initializationCode>
    </VariableDeclaration>
    <VariableDeclaration id="83">
      <name>x10</name>
      <initializationCode id="84">
        <code>randomIntegerBetween(1,20)</code>
        <domain>MATH</domain>
      </initializationCode>
    </VariableDeclaration>
    <VariableDeclaration id="85">
      <name>x11</name>
      <initializationCode id="86">
        <code>randomIntegerBetween(1,20)</code>
        <domain>MATH</domain>
      </initializationCode>
    </VariableDeclaration>
    <VariableDeclaration id="87">
      <name>am</name>
      <initializationCode id="88">
        <code>evaluateInR(&apos;([var=x1]+[var=x2]+[var=x3]+[var=x4]+[var=x5]+[var=x6]+[var=x7]+[var=x8]+[var=x9]+[var=x10])/10&apos;)</code>
        <domain>MATH</domain>
      </initializationCode>
    </VariableDeclaration>
    <VariableDeclaration id="89">
      <name>s</name>
      <initializationCode id="90">
        <code>(pow([var=x1]-[var=am], 2)+pow([var=x2]-[var=am], 2)+pow([var=x3]-[var=am], 2)+pow([var=x4]-[var=am], 2)+pow([var=x5]-[var=am], 2)+pow([var=x6]-[var=am], 2)+pow([var=x7]-[var=am], 2)+pow([var=x8]-[var=am], 2)+pow([var=x9]-[var=am], 2)+pow([var=x10]-[var=am], 2))/10</code>
        <domain>MATH</domain>
      </initializationCode>
    </VariableDeclaration>
    <VariableDeclaration id="91">
      <name>am2</name>
      <initializationCode id="92">
        <code>evaluateInR(&apos;([var=x1]+[var=x2]+[var=x3]+[var=x4]+[var=x5]+[var=x6]+[var=x7]+[var=x8]+[var=x9]+[var=x10]+[var=x11])/11&apos;)</code>
        <domain>MATH</domain>
      </initializationCode>
    </VariableDeclaration>
    <VariableDeclaration id="93">
      <name>s2</name>
      <initializationCode id="94">
        <code>(pow([var=x1]-[var=am2], 2)+pow([var=x2]-[var=am2], 2)+pow([var=x3]-[var=am2], 2)+pow([var=x4]-[var=am2], 2)+pow([var=x5]-[var=am2], 2)+pow([var=x6]-[var=am2], 2)+pow([var=x7]-[var=am2], 2)+pow([var=x8]-[var=am2], 2)+pow([var=x9]-[var=am2], 2)+pow([var=x10]-[var=am2], 2)+pow([var=x11]-[var=am2], 2))/11</code>
        <domain>MATH</domain>
      </initializationCode>
    </VariableDeclaration>
    <VariableDeclaration id="95">
      <name>amg</name>
      <initializationCode id="96">
        <code>round([var=am], 4)</code>
        <domain>MATH</domain>
      </initializationCode>
    </VariableDeclaration>
    <VariableDeclaration id="97">
      <name>sg</name>
      <initializationCode id="98">
        <code>round([var=s], 4)</code>
        <domain>MATH</domain>
      </initializationCode>
    </VariableDeclaration>
    <VariableDeclaration id="99">
      <name>am2g</name>
      <initializationCode id="100">
        <code>round([var=am2], 2)</code>
        <domain>MATH</domain>
      </initializationCode>
    </VariableDeclaration>
    <VariableDeclaration id="101">
      <name>s2g</name>
      <initializationCode id="102">
        <code>round([var=s2], 4)</code>
        <domain>MATH</domain>
      </initializationCode>
    </VariableDeclaration>
    <VariableDeclaration id="103">
      <name>Var</name>
      <initializationCode id="104">
        <code>(1/11)*(10*[var=sg]+pow([var=x11]-[var=am2g], 2))</code>
        <domain>MATH</domain>
      </initializationCode>
    </VariableDeclaration>
    <VariableDeclaration id="105">
      <name>varg</name>
      <initializationCode id="106">
        <code>round([var=Var], 2)</code>
        <domain>MATH</domain>
      </initializationCode>
    </VariableDeclaration>
    <VariableDeclaration id="107">
      <name>stand</name>
      <initializationCode id="108">
        <code>evaluateInR(&apos;sqrt([var=varg])&apos;)</code>
        <domain>MATH</domain>
      </initializationCode>
    </VariableDeclaration>
    <VariableDeclaration id="109">
      <name>standg</name>
      <initializationCode id="110">
        <code>round([var=stand], 2)</code>
        <domain>MATH</domain>
      </initializationCode>
    </VariableDeclaration>
    <VariableDeclaration id="111">
      <name>help</name>
      <initializationCode id="112">
        <code>evaluateInR(&apos;10*[var=amg]&apos;)</code>
        <domain>MATH</domain>
      </initializationCode>
    </VariableDeclaration>
    <VariableDeclaration id="113">
      <name>help2</name>
      <initializationCode id="114">
        <code>pow([var=amg], 2)</code>
        <domain>MATH</domain>
      </initializationCode>
    </VariableDeclaration>
    <VariableDeclaration id="115">
      <name>help2g</name>
      <initializationCode id="116">
        <code>round([var=help2], 2)</code>
        <domain>MATH</domain>
      </initializationCode>
    </VariableDeclaration>
    <VariableDeclaration id="117">
      <name>help3</name>
      <initializationCode id="118">
        <code>evaluateInR(&apos;10*([var=sg]+[var=help2])&apos;)</code>
        <domain>MATH</domain>
      </initializationCode>
    </VariableDeclaration>
    <VariableDeclaration id="119">
      <name>help3g</name>
      <initializationCode id="120">
        <code>round([var=help3], 2)</code>
        <domain>MATH</domain>
      </initializationCode>
    </VariableDeclaration>
    <VariableDeclaration id="121">
      <name>alt1</name>
      <initializationCode id="122">
        <code>([var=help3g]+pow([var=x11], 2))/11-pow([var=am2g], 2)</code>
        <domain>MATH</domain>
      </initializationCode>
    </VariableDeclaration>
    <VariableDeclaration id="123">
      <name>alt1g</name>
      <initializationCode id="124">
        <code>round([var=alt1], 2)</code>
        <domain>MATH</domain>
      </initializationCode>
    </VariableDeclaration>
    <VariableDeclaration id="125">
      <name>alt2</name>
      <initializationCode id="126">
        <code>evaluateInR(&apos;sqrt([var=alt1g])&apos;)</code>
        <domain>MATH</domain>
      </initializationCode>
    </VariableDeclaration>
    <VariableDeclaration id="127">
      <name>alt2g</name>
      <initializationCode id="128">
        <code>round([var=alt2], 2)</code>
        <domain>MATH</domain>
      </initializationCode>
    </VariableDeclaration>
    <VariableDeclaration id="129">
      <name>y1</name>
      <initializationCode id="130">
        <code>randomIntegerBetween(1,20)</code>
        <domain>MATH</domain>
      </initializationCode>
    </VariableDeclaration>
    <VariableDeclaration id="131">
      <name>y2</name>
      <initializationCode id="132">
        <code>randomIntegerBetween(1,20)</code>
        <domain>MATH</domain>
      </initializationCode>
    </VariableDeclaration>
    <VariableDeclaration id="133">
      <name>y3</name>
      <initializationCode id="134">
        <code>randomIntegerBetween(1,20)</code>
        <domain>MATH</domain>
      </initializationCode>
    </VariableDeclaration>
    <VariableDeclaration id="135">
      <name>y4</name>
      <initializationCode id="136">
        <code>randomIntegerBetween(1,20)</code>
        <domain>MATH</domain>
      </initializationCode>
    </VariableDeclaration>
    <VariableDeclaration id="137">
      <name>y5</name>
      <initializationCode id="138">
        <code>randomIntegerBetween(1,20)</code>
        <domain>MATH</domain>
      </initializationCode>
    </VariableDeclaration>
    <VariableDeclaration id="139">
      <name>y6</name>
      <initializationCode id="140">
        <code>randomIntegerBetween(1,20)</code>
        <domain>MATH</domain>
      </initializationCode>
    </VariableDeclaration>
    <VariableDeclaration id="141">
      <name>y7</name>
      <initializationCode id="142">
        <code>randomIntegerBetween(1,20)</code>
        <domain>MATH</domain>
      </initializationCode>
    </VariableDeclaration>
    <VariableDeclaration id="143">
      <name>y8</name>
      <initializationCode id="144">
        <code>randomIntegerBetween(1,20)</code>
        <domain>MATH</domain>
      </initializationCode>
    </VariableDeclaration>
    <VariableDeclaration id="145">
      <name>y9</name>
      <initializationCode id="146">
        <code>randomIntegerBetween(1,20)</code>
        <domain>MATH</domain>
      </initializationCode>
    </VariableDeclaration>
    <VariableDeclaration id="147">
      <name>y10</name>
      <initializationCode id="148">
        <code>randomIntegerBetween(1,20)</code>
        <domain>MATH</domain>
      </initializationCode>
    </VariableDeclaration>
    <VariableDeclaration id="149">
      <name>y11</name>
      <initializationCode id="150">
        <code>randomIntegerBetween(30,80)</code>
        <domain>MATH</domain>
      </initializationCode>
    </VariableDeclaration>
    <VariableDeclaration id="151">
      <name>bam</name>
      <initializationCode id="152">
        <code>evaluateInR(&apos;([var=y1]+[var=y2]+[var=y3]+[var=y4]+[var=y5]+[var=y6]+[var=y7]+[var=y8]+[var=y9]+[var=y10]+[var=y11])/11&apos;)</code>
        <domain>MATH</domain>
      </initializationCode>
    </VariableDeclaration>
    <VariableDeclaration id="153">
      <name>bamg</name>
      <initializationCode id="154">
        <code>round([var=bam], 4)</code>
        <domain>MATH</domain>
      </initializationCode>
    </VariableDeclaration>
    <VariableDeclaration id="155">
      <name>ansb</name>
      <initializationCode id="156">
        <code>evaluateInR(&apos;([var=y1]+[var=y2]+[var=y3]+[var=y4]+[var=y5]+[var=y6]+[var=y7]+[var=y8]+[var=y9]+[var=y10])/10&apos;)</code>
        <domain>MATH</domain>
      </initializationCode>
    </VariableDeclaration>
    <VariableDeclaration id="157">
      <name>ansbg</name>
      <initializationCode id="158">
        <code>round([var=ansb], 2)</code>
        <domain>MATH</domain>
      </initializationCode>
    </VariableDeclaration>
  </variableDeclarations>
  <jSXGraphs id="159"/>
  <dynamicMolecules id="160"/>
  <resultFeedbackMappings id="161"/>
</Exercise>