<Exercise id="1">
  <name>DS4-10 Streuungsparameter 10</name>
  <publicDescription></publicDescription>
  <internalNotes>1. Stage: Median der absoluten Abweichungen vom arith. Mittel
2. Stage: Median der absoluten Abweichungen vom Median

Die  Materialien sind lizenziert unter CC BY-NC-SA 4.0. Eine Kopie dieser Lizenz finden Sie unter http://creativecommons.org/licenses/by-nc-sa/4.0/

The materials are licensed under CC BY-NC-SA 4.0. You can find a copy of this license at http://creativecommons.org/licenses/by-nc-sa/4.0/</internalNotes>
  <language>de</language>
  <difficulty>2</difficulty>
  <tags id="2">
    <Tag id="3">
      <name>Desk_22</name>
    </Tag>
  </tags>
  <resources id="4"/>
  <stages id="5">
    <FillInStage id="6">
      <internalName>1</internalName>
      <externalName>Stage 1</externalName>
      <taskDescription>&lt;strong&gt;Aufgabenstellung:&lt;/strong&gt;&lt;br /&gt;&#xd;
&lt;br /&gt;&#xd;
Es wurden folgende Auspr&amp;auml;gungen des Merkmals $X$ beobachtet:&lt;br /&gt;&#xd;
&lt;br /&gt;&#xd;
$\begin{matrix}&lt;br /&gt;&#xd;
i &amp;amp; x_i&amp;nbsp; \\&lt;br /&gt;&#xd;
\hline&lt;br /&gt;&#xd;
1 &amp;amp; [var=x1] \\&lt;br /&gt;&#xd;
2 &amp;amp; [var=x2] \\&lt;br /&gt;&#xd;
3 &amp;amp; [var=x3] \\&lt;br /&gt;&#xd;
4 &amp;amp; [var=x4] \\&lt;br /&gt;&#xd;
5 &amp;amp; [var=x5] \\&lt;br /&gt;&#xd;
6 &amp;amp; [var=x6] \\&lt;br /&gt;&#xd;
7 &amp;amp; [var=x7] \\&lt;br /&gt;&#xd;
8 &amp;amp; [var=x8] \\&lt;br /&gt;&#xd;
9 &amp;amp; [var=x9] \\&lt;br /&gt;&#xd;
10 &amp;amp; [var=x10] \\&lt;br /&gt;&#xd;
\end{matrix}$&lt;br /&gt;&#xd;
&lt;br /&gt;&#xd;
Berechnen Sie f&amp;uuml;r diesen Datensatz den Median der absoluten Abweichungen vom arithmetischen Mittel! Nehmen Sie dazu an, dass $X$ stetig ist!&lt;br /&gt;&#xd;
&lt;br /&gt;&#xd;
&lt;strong&gt;Einreichung:&lt;/strong&gt;&lt;br /&gt;&#xd;
&lt;br /&gt;&#xd;
$a_{\bar{x}} = \,$ &lt;input name=&quot;field1&quot; size=&quot;8&quot; type=&quot;text&quot; value=&quot;field1&quot; /&gt;&amp;nbsp;&lt;br /&gt;&#xd;
&lt;br /&gt;&#xd;
&lt;span style=&quot;font-size:12px;&quot;&gt;&lt;em&gt;(Runden Sie Ihre Ergebnisse auf 2 Stellen nach dem Komma und benutzen Sie einen Dezimalpunkt.)&lt;/em&gt;&lt;/span&gt;&#xd;
&lt;p&gt;&lt;a href=&quot;https://rdrr.io/snippets/embed/&quot; onclick=&quot;window.open(&apos;https://rdrr.io/snippets/embed/?code=&apos;,&apos;R Console&apos;,&apos; margin-top: 20px; top=200,left=100,width=480,height=640,menubar=no,toolbar=no,&apos;); return false;&quot; target=&quot;_blank&quot;&gt;&lt;img alt=&quot;R_ Logo&quot; pull-right=&quot;&quot; src=&quot;/econometrics/resource?resource=157444&quot; style=&quot;width: 40px; height: 50px; float: right; margin: 5px&quot; /&gt;&lt;/a&gt;&lt;/p&gt;&#xd;
</taskDescription>
      <skipMessage>Berechnen Sie zuerst das arithmetische Mittel der Daten und anschlie&amp;szlig;end die absoluten Abweichungen der Beobachtungen von diesem. Als letzten Schritt berechnen Sie den Median dieser Abweichungen.</skipMessage>
      <defaultTransition id="7">
        <conditionExpression id="8">
          <domain>MATH</domain>
        </conditionExpression>
        <stageExpression id="9">
          <domain>MATH</domain>
        </stageExpression>
        <isRepeat>true</isRepeat>
      </defaultTransition>
      <skipTransitions id="10">
        <StageTransition id="11">
          <conditionExpression id="12">
            <code></code>
            <domain>MATH</domain>
          </conditionExpression>
          <stageExpression id="13">
            <domain>MATH</domain>
          </stageExpression>
          <targetStage class="FillInStage" id="14">
            <internalName>2</internalName>
            <externalName>Stage 2</externalName>
            <taskDescription>&lt;strong&gt;Aufgabenstellung:&lt;/strong&gt;&lt;br /&gt;&#xd;
&lt;br /&gt;&#xd;
Es wurden folgende Auspr&amp;auml;gungen des Merkmals $X$ beobachtet:&lt;br /&gt;&#xd;
&lt;br /&gt;&#xd;
$\begin{matrix}&lt;br /&gt;&#xd;
i &amp;amp; x_i \\&lt;br /&gt;&#xd;
\hline&lt;br /&gt;&#xd;
1 &amp;amp; [var=y1] \\&lt;br /&gt;&#xd;
2 &amp;amp; [var=y2] \\&lt;br /&gt;&#xd;
3 &amp;amp; [var=y3] \\&lt;br /&gt;&#xd;
4 &amp;amp; [var=y4] \\&lt;br /&gt;&#xd;
5 &amp;amp; [var=y5] \\&lt;br /&gt;&#xd;
6 &amp;amp; [var=y6] \\&lt;br /&gt;&#xd;
7 &amp;amp; [var=y7] \\&lt;br /&gt;&#xd;
8 &amp;amp; [var=y8] \\&lt;br /&gt;&#xd;
9 &amp;amp; [var=y9] \\&lt;br /&gt;&#xd;
10 &amp;amp; [var=y10] \\&lt;br /&gt;&#xd;
\end{matrix}$&lt;br /&gt;&#xd;
&lt;br /&gt;&#xd;
Berechnen Sie f&amp;uuml;r diesen Datensatz den Median der absoluten Abweichungen vom Median!&lt;br /&gt;&#xd;
&lt;br /&gt;&#xd;
&lt;strong&gt;Einreichung:&lt;/strong&gt;&lt;br /&gt;&#xd;
&lt;br /&gt;&#xd;
$a_{Med} = \,$&amp;nbsp;&lt;input name=&quot;field1&quot; size=&quot;8&quot; type=&quot;text&quot; value=&quot;field1&quot; /&gt;&amp;nbsp;&lt;br /&gt;&#xd;
&lt;br /&gt;&#xd;
&lt;span style=&quot;font-size:12px;&quot;&gt;&lt;em&gt;(Runden Sie Ihre Ergebnisse auf 2 Stellen nach dem Komma und benutzen Sie einen Dezimalpunkt.)&lt;/em&gt;&lt;/span&gt;&#xd;
&lt;p&gt;&lt;a href=&quot;https://rdrr.io/snippets/embed/&quot; onclick=&quot;window.open(&apos;https://rdrr.io/snippets/embed/?code=&apos;,&apos;R Console&apos;,&apos; margin-top: 20px; top=200,left=100,width=480,height=640,menubar=no,toolbar=no,&apos;); return false;&quot; target=&quot;_blank&quot;&gt;&lt;img alt=&quot;R_ Logo&quot; pull-right=&quot;&quot; src=&quot;/econometrics/resource?resource=157444&quot; style=&quot;width: 40px; height: 50px; float: right; margin: 5px&quot; /&gt;&lt;/a&gt;&lt;/p&gt;&#xd;
</taskDescription>
            <skipMessage>Berechnen Sie zuerst den Median der Daten und anschlie&amp;szlig;end die absoluten Abweichungen der Beobachtungen von ihrem Median. Als letzten Schritt berechnen Sie den Median dieser Abweichungen. Nutzen Sie innerhalb dieser Aufgabe immer die selbe Rechenforschrift.</skipMessage>
            <defaultTransition id="15">
              <conditionExpression id="16">
                <domain>MATH</domain>
              </conditionExpression>
              <stageExpression id="17">
                <domain>MATH</domain>
              </stageExpression>
              <isRepeat>true</isRepeat>
            </defaultTransition>
            <skipTransitions id="18">
              <StageTransition id="19">
                <conditionExpression id="20">
                  <code></code>
                  <domain>MATH</domain>
                </conditionExpression>
                <stageExpression id="21">
                  <domain>MATH</domain>
                </stageExpression>
                <isRepeat>false</isRepeat>
              </StageTransition>
            </skipTransitions>
            <stageTransitions id="22">
              <StageTransition id="23">
                <conditionExpression id="24">
                  <code></code>
                  <domain>MATH</domain>
                </conditionExpression>
                <stageExpression id="25">
                  <code>[meta=stageCurrentResult]&gt;=100</code>
                  <domain>MATH</domain>
                </stageExpression>
                <isRepeat>false</isRepeat>
              </StageTransition>
            </stageTransitions>
            <hints id="26">
              <StageHint id="27">
                <stagehint__order>0</stagehint__order>
                <text>Berechnen Sie zuerst den Median der Daten! Beachten Sie, dass Sie dazu wie in Aufgabenteil 1 zwei Möglichkeiten haben.</text>
                <malus>0</malus>
                <stage class="FillInStage" reference="14"/>
              </StageHint>
            </hints>
            <variableUpdatesOnEnter id="28"/>
            <variableUpdatesBeforeCheck id="29"/>
            <variableUpdatesAfterCheck id="30"/>
            <variableUpdatesOnNormalExit id="31"/>
            <variableUpdatesOnRepeat id="32"/>
            <variableUpdatesOnSkip id="33"/>
            <weight>1</weight>
            <orderIndex>1</orderIndex>
            <allowSkip>true</allowSkip>
            <resources id="34"/>
            <rules id="35"/>
            <fillInFields id="36">
              <FillInField id="37">
                <name>field1</name>
                <orderIndex>0</orderIndex>
                <size>8</size>
                <formularEditorType>NUMBER</formularEditorType>
              </FillInField>
            </fillInFields>
            <dropDownFields id="38"/>
            <formularEditorPalette>MATHDOX_FORMULAR_EDITOR_BASIC</formularEditorPalette>
            <defaultFeedback>Leider falsch.&lt;br /&gt;
&lt;br /&gt;
Berechnen Sie zuerst den Median der Daten und anschlie&amp;szlig;end die absoluten Abweichungen der Beobachtungen von ihrem Median. Als letzten Schritt berechnen Sie den Median dieser Abweichungen. Nutzen Sie innerhalb dieser Aufgabe immer die selbe Rechenforschrift.</defaultFeedback>
            <correctAnswerRules id="39">
              <Rule id="40">
                <name>CorrectAnswer1</name>
                <orderIndex>1</orderIndex>
                <validationExpression id="41">
                  <code>!isEmpty([input=field1])&amp;&amp;isRealNumber([input=field1])&amp;&amp;[input=field1]==[var=amedalt]</code>
                  <domain>MATH</domain>
                </validationExpression>
                <points>0</points>
                <terminal>false</terminal>
              </Rule>
              <Rule id="42">
                <name>Feedback 2</name>
                <orderIndex>2</orderIndex>
                <validationExpression id="43">
                  <code>!isEmpty([input=field1])&amp;&amp;isRealNumber([input=field1])&amp;&amp;[input=field1]==[var=amed]</code>
                  <domain>MATH</domain>
                </validationExpression>
                <points>0</points>
                <terminal>false</terminal>
              </Rule>
            </correctAnswerRules>
            <correctAnswerFeedback>Richtig.&lt;br /&gt;
&lt;br /&gt;
Beachten Sie jedoch das der Median nicht eindeutig definiert ist! Bei stetigen statistischen Variablen wird manchmal anstelle der Beobachtung n/2 das Mittel der Beobachtungen n/2 und (n/2)+1 gebildet. Diese L&amp;ouml;sung ist ebenfalls zul&amp;auml;ssig.</correctAnswerFeedback>
            <defaultResult>0</defaultResult>
          </targetStage>
          <isRepeat>false</isRepeat>
        </StageTransition>
      </skipTransitions>
      <stageTransitions id="44">
        <StageTransition id="45">
          <conditionExpression id="46">
            <code></code>
            <domain>MATH</domain>
          </conditionExpression>
          <stageExpression id="47">
            <code>[meta=stageCurrentResult]&gt;=100</code>
            <domain>MATH</domain>
          </stageExpression>
          <targetStage class="FillInStage" reference="14"/>
          <isRepeat>false</isRepeat>
        </StageTransition>
      </stageTransitions>
      <hints id="48">
        <StageHint id="49">
          <stagehint__order>0</stagehint__order>
          <text>Berechnen Sie zuerst das arithmetische Mittel der Daten!</text>
          <malus>0</malus>
          <stage class="FillInStage" reference="6"/>
        </StageHint>
      </hints>
      <variableUpdatesOnEnter id="50"/>
      <variableUpdatesBeforeCheck id="51"/>
      <variableUpdatesAfterCheck id="52"/>
      <variableUpdatesOnNormalExit id="53"/>
      <variableUpdatesOnRepeat id="54"/>
      <variableUpdatesOnSkip id="55"/>
      <weight>1</weight>
      <orderIndex>0</orderIndex>
      <allowSkip>true</allowSkip>
      <resources id="56"/>
      <rules id="57">
        <Rule id="58">
          <name>Feedback_3</name>
          <orderIndex>3</orderIndex>
          <validationExpression id="59">
            <code>!isEmpty([input=field1])&amp;&amp;isRealNumber([input=field1])&amp;&amp;[input=field1]&gt;(0.975*[var=axbar])&amp;&amp;[input=field1]&lt;(1.025*[var=axbar])</code>
            <domain>MATH</domain>
          </validationExpression>
          <feedbackText>Nah dran. Tipp- oder Rechenfehler?</feedbackText>
          <points>0</points>
          <terminal>false</terminal>
        </Rule>
        <Rule id="60">
          <name>Feedback_2</name>
          <orderIndex>2</orderIndex>
          <validationExpression id="61">
            <code>!isEmpty([input=field1])&amp;&amp;isRealNumber([input=field1])&amp;&amp;[input=field1]&lt;(0.975*[var=axbar])||!isEmpty([input=field1])&amp;&amp;isRealNumber([input=field1])&amp;&amp;[input=field1]&gt;(1.025*[var=axbar])</code>
            <domain>MATH</domain>
          </validationExpression>
          <feedbackText>Leider nicht korrekt.</feedbackText>
          <points>0</points>
          <terminal>false</terminal>
        </Rule>
        <Rule id="62">
          <name>Feedback_1</name>
          <orderIndex>1</orderIndex>
          <validationExpression id="63">
            <code>!isEmpty([input=field1])&amp;&amp;isRealNumber([input=field1])&amp;&amp;[input=field1]==[var=devxbar3]||!isEmpty([input=field1])&amp;&amp;isRealNumber([input=field1])&amp;&amp;[input=field1]==[var=devxbar8]</code>
            <domain>MATH</domain>
          </validationExpression>
          <feedbackText>Nahezu richtig. Achten Sie beim nächsten mal darauf, dass Ihnen stetige Daten vorliegen.</feedbackText>
          <points>100</points>
          <terminal>false</terminal>
        </Rule>
      </rules>
      <fillInFields id="64">
        <FillInField id="65">
          <name>field1</name>
          <orderIndex>0</orderIndex>
          <size>8</size>
          <formularEditorType>NUMBER</formularEditorType>
        </FillInField>
      </fillInFields>
      <dropDownFields id="66"/>
      <formularEditorPalette>MATHDOX_FORMULAR_EDITOR_BASIC</formularEditorPalette>
      <defaultFeedback>Leider falsch.&lt;br /&gt;
&lt;br /&gt;
Berechnen Sie zuerst das arithmetische Mittel der Daten und anschlie&amp;szlig;end die absoluten Abweichungen der Beobachtungen von diesem. Als letzten Schritt berechnen Sie den Median dieser Abweichungen</defaultFeedback>
      <correctAnswerRules id="67">
        <Rule id="68">
          <name>CorrectAnswer2</name>
          <orderIndex>2</orderIndex>
          <validationExpression id="69">
            <code>!isEmpty([input=field1])&amp;&amp;isRealNumber([input=field1])&amp;&amp;[input=field1]==[var=axbaralt]</code>
            <domain>MATH</domain>
          </validationExpression>
          <points>0</points>
          <terminal>false</terminal>
        </Rule>
        <Rule id="70">
          <name>CorrectAnswer1</name>
          <orderIndex>1</orderIndex>
          <validationExpression id="71">
            <code>!isEmpty([input=field1])&amp;&amp;isRealNumber([input=field1])&amp;&amp;[input=field1]==[var=axbar]</code>
            <domain>MATH</domain>
          </validationExpression>
          <points>0</points>
          <terminal>false</terminal>
        </Rule>
      </correctAnswerRules>
      <correctAnswerFeedback>Richtig. Beachten Sie jedoch das der Median nicht eindeutig definiert ist! Bei stetigen statistischen Variablen wird manchmal anstelle der Beobachtung n/2 das Mittel der Beobachtungen n/2 und (n/2)+1 gebildet. Diese Lösung ist ebenfalls zulässig.</correctAnswerFeedback>
      <defaultResult>0</defaultResult>
    </FillInStage>
    <FillInStage reference="14"/>
  </stages>
  <startStage class="FillInStage" reference="6"/>
  <variableDeclarations id="72">
    <VariableDeclaration id="73">
      <name>i1</name>
      <initializationCode id="74">
        <code>randomIntegerBetween(1000,2000)</code>
        <domain>MATH</domain>
      </initializationCode>
    </VariableDeclaration>
    <VariableDeclaration id="75">
      <name>i2</name>
      <initializationCode id="76">
        <code>randomIntegerBetween(1000,2000)</code>
        <domain>MATH</domain>
      </initializationCode>
    </VariableDeclaration>
    <VariableDeclaration id="77">
      <name>i3</name>
      <initializationCode id="78">
        <code>randomIntegerBetween(2001,3000)</code>
        <domain>MATH</domain>
      </initializationCode>
    </VariableDeclaration>
    <VariableDeclaration id="79">
      <name>i4</name>
      <initializationCode id="80">
        <code>randomIntegerBetween(3001,4000)</code>
        <domain>MATH</domain>
      </initializationCode>
    </VariableDeclaration>
    <VariableDeclaration id="81">
      <name>i5</name>
      <initializationCode id="82">
        <code>randomIntegerBetween(4001,5000)</code>
        <domain>MATH</domain>
      </initializationCode>
    </VariableDeclaration>
    <VariableDeclaration id="83">
      <name>i6</name>
      <initializationCode id="84">
        <code>randomIntegerBetween(5001,6000)</code>
        <domain>MATH</domain>
      </initializationCode>
    </VariableDeclaration>
    <VariableDeclaration id="85">
      <name>i7</name>
      <initializationCode id="86">
        <code>randomIntegerBetween(6001,7000)</code>
        <domain>MATH</domain>
      </initializationCode>
    </VariableDeclaration>
    <VariableDeclaration id="87">
      <name>i8</name>
      <initializationCode id="88">
        <code>randomIntegerBetween(7001,8000)</code>
        <domain>MATH</domain>
      </initializationCode>
    </VariableDeclaration>
    <VariableDeclaration id="89">
      <name>i9</name>
      <initializationCode id="90">
        <code>randomIntegerBetween(8001,9000)</code>
        <domain>MATH</domain>
      </initializationCode>
    </VariableDeclaration>
    <VariableDeclaration id="91">
      <name>i10</name>
      <initializationCode id="92">
        <code>randomIntegerBetween(8001,9000)</code>
        <domain>MATH</domain>
      </initializationCode>
    </VariableDeclaration>
    <VariableDeclaration id="93">
      <name>rand</name>
      <initializationCode id="94">
        <code>randomIntegerBetween(0,9)</code>
        <domain>MATH</domain>
      </initializationCode>
    </VariableDeclaration>
    <VariableDeclaration id="95">
      <name>x1</name>
      <initializationCode id="96">
        <code>getFromList([var=rand], list([var=i1],[var=i2],[var=i3],[var=i4],[var=i5],[var=i6],[var=i7],[var=i8],[var=i9],[var=i10]))</code>
        <domain>MATH</domain>
      </initializationCode>
    </VariableDeclaration>
    <VariableDeclaration id="97">
      <name>x2</name>
      <initializationCode id="98">
        <code>chooseFromComplement(list([var=i1],[var=i2],[var=i3],[var=i4],[var=i5],[var=i6],[var=i7],[var=i8],[var=i9],[var=i10]), list([var=x1]))</code>
        <domain>MATH</domain>
      </initializationCode>
    </VariableDeclaration>
    <VariableDeclaration id="99">
      <name>x3</name>
      <initializationCode id="100">
        <code>chooseFromComplement(list([var=i1],[var=i2],[var=i3],[var=i4],[var=i5],[var=i6],[var=i7],[var=i8],[var=i9],[var=i10]), list([var=x1],[var=x2]))</code>
        <domain>MATH</domain>
      </initializationCode>
    </VariableDeclaration>
    <VariableDeclaration id="101">
      <name>x4</name>
      <initializationCode id="102">
        <code>chooseFromComplement(list([var=i1],[var=i2],[var=i3],[var=i4],[var=i5],[var=i6],[var=i7],[var=i8],[var=i9],[var=i10]), list([var=x1],[var=x2],[var=x3]))</code>
        <domain>MATH</domain>
      </initializationCode>
    </VariableDeclaration>
    <VariableDeclaration id="103">
      <name>x5</name>
      <initializationCode id="104">
        <code>chooseFromComplement(list([var=i1],[var=i2],[var=i3],[var=i4],[var=i5],[var=i6],[var=i7],[var=i8],[var=i9],[var=i10]), list([var=x1],[var=x2],[var=x3],[var=x4]))</code>
        <domain>MATH</domain>
      </initializationCode>
    </VariableDeclaration>
    <VariableDeclaration id="105">
      <name>x6</name>
      <initializationCode id="106">
        <code>chooseFromComplement(list([var=i1],[var=i2],[var=i3],[var=i4],[var=i5],[var=i6],[var=i7],[var=i8],[var=i9],[var=i10]), list([var=x1],[var=x2],[var=x3],[var=x4],[var=x5]))</code>
        <domain>MATH</domain>
      </initializationCode>
    </VariableDeclaration>
    <VariableDeclaration id="107">
      <name>x7</name>
      <initializationCode id="108">
        <code>chooseFromComplement(list([var=i1],[var=i2],[var=i3],[var=i4],[var=i5],[var=i6],[var=i7],[var=i8],[var=i9],[var=i10]), list([var=x1],[var=x2],[var=x3],[var=x4],[var=x5],[var=x6]))</code>
        <domain>MATH</domain>
      </initializationCode>
    </VariableDeclaration>
    <VariableDeclaration id="109">
      <name>x8</name>
      <initializationCode id="110">
        <code>chooseFromComplement(list([var=i1],[var=i2],[var=i3],[var=i4],[var=i5],[var=i6],[var=i7],[var=i8],[var=i9],[var=i10]), list([var=x1],[var=x2],[var=x3],[var=x4],[var=x5],[var=x6],[var=x7]))</code>
        <domain>MATH</domain>
      </initializationCode>
    </VariableDeclaration>
    <VariableDeclaration id="111">
      <name>x9</name>
      <initializationCode id="112">
        <code>chooseFromComplement(list([var=i1],[var=i2],[var=i3],[var=i4],[var=i5],[var=i6],[var=i7],[var=i8],[var=i9],[var=i10]), list([var=x1],[var=x2],[var=x3],[var=x4],[var=x5],[var=x6],[var=x7],[var=x8]))</code>
        <domain>MATH</domain>
      </initializationCode>
    </VariableDeclaration>
    <VariableDeclaration id="113">
      <name>x10</name>
      <initializationCode id="114">
        <code>chooseFromComplement(list([var=i1],[var=i2],[var=i3],[var=i4],[var=i5],[var=i6],[var=i7],[var=i8],[var=i9],[var=i10]), list([var=x1],[var=x2],[var=x3],[var=x4],[var=x5],[var=x6],[var=x7],[var=x8],[var=x9]))</code>
        <domain>MATH</domain>
      </initializationCode>
    </VariableDeclaration>
    <VariableDeclaration id="115">
      <name>j1</name>
      <initializationCode id="116">
        <code>randomIntegerBetween(1000,1250)</code>
        <domain>MATH</domain>
      </initializationCode>
    </VariableDeclaration>
    <VariableDeclaration id="117">
      <name>j2</name>
      <initializationCode id="118">
        <code>randomIntegerBetween(1251,1500)</code>
        <domain>MATH</domain>
      </initializationCode>
    </VariableDeclaration>
    <VariableDeclaration id="119">
      <name>j3</name>
      <initializationCode id="120">
        <code>randomIntegerBetween(1501,1751)</code>
        <domain>MATH</domain>
      </initializationCode>
    </VariableDeclaration>
    <VariableDeclaration id="121">
      <name>j4</name>
      <initializationCode id="122">
        <code>randomIntegerBetween(2001,2500)</code>
        <domain>MATH</domain>
      </initializationCode>
    </VariableDeclaration>
    <VariableDeclaration id="123">
      <name>j5</name>
      <initializationCode id="124">
        <code>randomIntegerBetween(4501,4750)</code>
        <domain>MATH</domain>
      </initializationCode>
    </VariableDeclaration>
    <VariableDeclaration id="125">
      <name>j6</name>
      <initializationCode id="126">
        <code>randomIntegerBetween(4751,5000)</code>
        <domain>MATH</domain>
      </initializationCode>
    </VariableDeclaration>
    <VariableDeclaration id="127">
      <name>j7</name>
      <initializationCode id="128">
        <code>randomIntegerBetween(5001,5250)</code>
        <domain>MATH</domain>
      </initializationCode>
    </VariableDeclaration>
    <VariableDeclaration id="129">
      <name>j8</name>
      <initializationCode id="130">
        <code>randomIntegerBetween(5251,5500)</code>
        <domain>MATH</domain>
      </initializationCode>
    </VariableDeclaration>
    <VariableDeclaration id="131">
      <name>j9</name>
      <initializationCode id="132">
        <code>randomIntegerBetween(5501,5750)</code>
        <domain>MATH</domain>
      </initializationCode>
    </VariableDeclaration>
    <VariableDeclaration id="133">
      <name>j10</name>
      <initializationCode id="134">
        <code>randomIntegerBetween(5751,6000)</code>
        <domain>MATH</domain>
      </initializationCode>
    </VariableDeclaration>
    <VariableDeclaration id="135">
      <name>rand2</name>
      <initializationCode id="136">
        <code>randomIntegerBetween(0,9)</code>
        <domain>MATH</domain>
      </initializationCode>
    </VariableDeclaration>
    <VariableDeclaration id="137">
      <name>y1</name>
      <initializationCode id="138">
        <code>getFromList([var=rand2], list([var=j1],[var=j2],[var=j3],[var=j4],[var=j5],[var=j6],[var=j7],[var=j8],[var=j9],[var=j10]))</code>
        <domain>MATH</domain>
      </initializationCode>
    </VariableDeclaration>
    <VariableDeclaration id="139">
      <name>y2</name>
      <initializationCode id="140">
        <code>chooseFromComplement(list([var=j1],[var=j2],[var=j3],[var=j4],[var=j5],[var=j6],[var=j7],[var=j8],[var=j9],[var=j10]), list([var=y1]))</code>
        <domain>MATH</domain>
      </initializationCode>
    </VariableDeclaration>
    <VariableDeclaration id="141">
      <name>y3</name>
      <initializationCode id="142">
        <code>chooseFromComplement(list([var=j1],[var=j2],[var=j3],[var=j4],[var=j5],[var=j6],[var=j7],[var=j8],[var=j9],[var=j10]), list([var=y1],[var=y2]))</code>
        <domain>MATH</domain>
      </initializationCode>
    </VariableDeclaration>
    <VariableDeclaration id="143">
      <name>y4</name>
      <initializationCode id="144">
        <code>chooseFromComplement(list([var=j1],[var=j2],[var=j3],[var=j4],[var=j5],[var=j6],[var=j7],[var=j8],[var=j9],[var=j10]), list([var=y1],[var=y2],[var=y3]))</code>
        <domain>MATH</domain>
      </initializationCode>
    </VariableDeclaration>
    <VariableDeclaration id="145">
      <name>y5</name>
      <initializationCode id="146">
        <code>chooseFromComplement(list([var=j1],[var=j2],[var=j3],[var=j4],[var=j5],[var=j6],[var=j7],[var=j8],[var=j9],[var=j10]), list([var=y1],[var=y2],[var=y3],[var=y4]))</code>
        <domain>MATH</domain>
      </initializationCode>
    </VariableDeclaration>
    <VariableDeclaration id="147">
      <name>y6</name>
      <initializationCode id="148">
        <code>chooseFromComplement(list([var=j1],[var=j2],[var=j3],[var=j4],[var=j5],[var=j6],[var=j7],[var=j8],[var=j9],[var=j10]), list([var=y1],[var=y2],[var=y3],[var=y4],[var=y5]))</code>
        <domain>MATH</domain>
      </initializationCode>
    </VariableDeclaration>
    <VariableDeclaration id="149">
      <name>y7</name>
      <initializationCode id="150">
        <code>chooseFromComplement(list([var=j1],[var=j2],[var=j3],[var=j4],[var=j5],[var=j6],[var=j7],[var=j8],[var=j9],[var=j10]), list([var=y1],[var=y2],[var=y3],[var=y4],[var=y5],[var=y6]))</code>
        <domain>MATH</domain>
      </initializationCode>
    </VariableDeclaration>
    <VariableDeclaration id="151">
      <name>y8</name>
      <initializationCode id="152">
        <code>chooseFromComplement(list([var=j1],[var=j2],[var=j3],[var=j4],[var=j5],[var=j6],[var=j7],[var=j8],[var=j9],[var=j10]), list([var=y1],[var=y2],[var=y3],[var=y4],[var=y5],[var=y6],[var=y7]))</code>
        <domain>MATH</domain>
      </initializationCode>
    </VariableDeclaration>
    <VariableDeclaration id="153">
      <name>y9</name>
      <initializationCode id="154">
        <code>chooseFromComplement(list([var=j1],[var=j2],[var=j3],[var=j4],[var=j5],[var=j6],[var=j7],[var=j8],[var=j9],[var=j10]), list([var=y1],[var=y2],[var=y3],[var=y4],[var=y5],[var=y6],[var=y7],[var=y8]))</code>
        <domain>MATH</domain>
      </initializationCode>
    </VariableDeclaration>
    <VariableDeclaration id="155">
      <name>y10</name>
      <initializationCode id="156">
        <code>chooseFromComplement(list([var=j1],[var=j2],[var=j3],[var=j4],[var=j5],[var=j6],[var=j7],[var=j8],[var=j9],[var=j10]), list([var=y1],[var=y2],[var=y3],[var=y4],[var=y5],[var=y6],[var=y7],[var=y8],[var=y9]))</code>
        <domain>MATH</domain>
      </initializationCode>
    </VariableDeclaration>
    <VariableDeclaration id="157">
      <name>xbar</name>
      <initializationCode id="158">
        <code>evaluateInR(&apos;0.1*([var=x1]+[var=x2]+[var=x3]+[var=x4]+[var=x5]+[var=x6]+[var=x7]+[var=x8]+[var=x9]+[var=x10])&apos;)</code>
        <domain>MATH</domain>
      </initializationCode>
    </VariableDeclaration>
    <VariableDeclaration id="159">
      <name>median</name>
      <initializationCode id="160">
        <code>evaluateInR(&apos;[var=j5]&apos;)</code>
        <domain>MATH</domain>
      </initializationCode>
    </VariableDeclaration>
    <VariableDeclaration id="161">
      <name>medianalt</name>
      <initializationCode id="162">
        <code>evaluateInR(&apos;([var=j5]+[var=j6])/2&apos;)</code>
        <domain>MATH</domain>
      </initializationCode>
    </VariableDeclaration>
    <VariableDeclaration id="163">
      <name>devxbar1</name>
      <initializationCode id="164">
        <code>evaluateInR(&apos;round(abs([var=i1]-[var=xbar]), 2)&apos;)</code>
        <domain>MATH</domain>
      </initializationCode>
    </VariableDeclaration>
    <VariableDeclaration id="165">
      <name>devxbar2</name>
      <initializationCode id="166">
        <code>evaluateInR(&apos;round(abs([var=i2]-[var=xbar]), 2)&apos;)</code>
        <domain>MATH</domain>
      </initializationCode>
    </VariableDeclaration>
    <VariableDeclaration id="167">
      <name>devxbar3</name>
      <initializationCode id="168">
        <code>evaluateInR(&apos;round(abs([var=i3]-[var=xbar]), 2)&apos;)</code>
        <domain>MATH</domain>
      </initializationCode>
    </VariableDeclaration>
    <VariableDeclaration id="169">
      <name>devxbar4</name>
      <initializationCode id="170">
        <code>evaluateInR(&apos;round(abs([var=i4]-[var=xbar]), 2)&apos;)</code>
        <domain>MATH</domain>
      </initializationCode>
    </VariableDeclaration>
    <VariableDeclaration id="171">
      <name>devxbar5</name>
      <initializationCode id="172">
        <code>evaluateInR(&apos;round(abs([var=i5]-[var=xbar]), 2)&apos;)</code>
        <domain>MATH</domain>
      </initializationCode>
    </VariableDeclaration>
    <VariableDeclaration id="173">
      <name>devxbar6</name>
      <initializationCode id="174">
        <code>evaluateInR(&apos;round(abs([var=i6]-[var=xbar]), 2)&apos;)</code>
        <domain>MATH</domain>
      </initializationCode>
    </VariableDeclaration>
    <VariableDeclaration id="175">
      <name>devxbar7</name>
      <initializationCode id="176">
        <code>evaluateInR(&apos;round(abs([var=i7]-[var=xbar]), 2)&apos;)</code>
        <domain>MATH</domain>
      </initializationCode>
    </VariableDeclaration>
    <VariableDeclaration id="177">
      <name>devxbar8</name>
      <initializationCode id="178">
        <code>evaluateInR(&apos;round(abs([var=i8]-[var=xbar]), 2)&apos;)</code>
        <domain>MATH</domain>
      </initializationCode>
    </VariableDeclaration>
    <VariableDeclaration id="179">
      <name>devxbar9</name>
      <initializationCode id="180">
        <code>evaluateInR(&apos;round(abs([var=i9]-[var=xbar]), 2)&apos;)</code>
        <domain>MATH</domain>
      </initializationCode>
    </VariableDeclaration>
    <VariableDeclaration id="181">
      <name>devxbar10</name>
      <initializationCode id="182">
        <code>evaluateInR(&apos;round(abs([var=i10]-[var=xbar]), 2)&apos;)</code>
        <domain>MATH</domain>
      </initializationCode>
    </VariableDeclaration>
    <VariableDeclaration id="183">
      <name>axbar</name>
      <initializationCode id="184">
        <code>evaluateInR(&apos;0.5*([var=devxbar3]+[var=devxbar8])&apos;)</code>
        <domain>MATH</domain>
      </initializationCode>
    </VariableDeclaration>
    <VariableDeclaration id="185">
      <name>axbaralt</name>
      <initializationCode id="186">
        <code>evaluateInR(&apos;sort(c([var=devxbar1],[var=devxbar2],[var=devxbar3],[var=devxbar4],[var=devxbar5],[var=devxbar6],[var=devxbar7],[var=devxbar8],[var=devxbar9],[var=devxbar10]))[5]&apos;)</code>
        <domain>MATH</domain>
      </initializationCode>
    </VariableDeclaration>
    <VariableDeclaration id="187">
      <name>devmed1</name>
      <initializationCode id="188">
        <code>evaluateInR(&apos;abs([var=j1]-[var=median])&apos;)</code>
        <domain>MATH</domain>
      </initializationCode>
    </VariableDeclaration>
    <VariableDeclaration id="189">
      <name>devmed2</name>
      <initializationCode id="190">
        <code>evaluateInR(&apos;abs([var=j2]-[var=median])&apos;)</code>
        <domain>MATH</domain>
      </initializationCode>
    </VariableDeclaration>
    <VariableDeclaration id="191">
      <name>devmed3</name>
      <initializationCode id="192">
        <code>evaluateInR(&apos;abs([var=j3]-[var=median])&apos;)</code>
        <domain>MATH</domain>
      </initializationCode>
    </VariableDeclaration>
    <VariableDeclaration id="193">
      <name>devmed4</name>
      <initializationCode id="194">
        <code>evaluateInR(&apos;abs([var=j4]-[var=median])&apos;)</code>
        <domain>MATH</domain>
      </initializationCode>
    </VariableDeclaration>
    <VariableDeclaration id="195">
      <name>devmed5</name>
      <initializationCode id="196">
        <code>evaluateInR(&apos;abs([var=j5]-[var=median])&apos;)</code>
        <domain>MATH</domain>
      </initializationCode>
    </VariableDeclaration>
    <VariableDeclaration id="197">
      <name>devmed6</name>
      <initializationCode id="198">
        <code>evaluateInR(&apos;abs([var=j6]-[var=median])&apos;)</code>
        <domain>MATH</domain>
      </initializationCode>
    </VariableDeclaration>
    <VariableDeclaration id="199">
      <name>devmed7</name>
      <initializationCode id="200">
        <code>evaluateInR(&apos;abs([var=j7]-[var=median])&apos;)</code>
        <domain>MATH</domain>
      </initializationCode>
    </VariableDeclaration>
    <VariableDeclaration id="201">
      <name>devmed8</name>
      <initializationCode id="202">
        <code>evaluateInR(&apos;abs([var=j8]-[var=median])&apos;)</code>
        <domain>MATH</domain>
      </initializationCode>
    </VariableDeclaration>
    <VariableDeclaration id="203">
      <name>devmed9</name>
      <initializationCode id="204">
        <code>evaluateInR(&apos;abs([var=j9]-[var=median])&apos;)</code>
        <domain>MATH</domain>
      </initializationCode>
    </VariableDeclaration>
    <VariableDeclaration id="205">
      <name>devmed10</name>
      <initializationCode id="206">
        <code>evaluateInR(&apos;abs([var=j10]-[var=median])&apos;)</code>
        <domain>MATH</domain>
      </initializationCode>
    </VariableDeclaration>
    <VariableDeclaration id="207">
      <name>devmed1alt</name>
      <initializationCode id="208">
        <code>evaluateInR(&apos;abs([var=j1]-[var=medianalt])&apos;)</code>
        <domain>MATH</domain>
      </initializationCode>
    </VariableDeclaration>
    <VariableDeclaration id="209">
      <name>devmed2alt</name>
      <initializationCode id="210">
        <code>evaluateInR(&apos;abs([var=j2]-[var=medianalt])&apos;)</code>
        <domain>MATH</domain>
      </initializationCode>
    </VariableDeclaration>
    <VariableDeclaration id="211">
      <name>devmed3alt</name>
      <initializationCode id="212">
        <code>evaluateInR(&apos;abs([var=j3]-[var=medianalt])&apos;)</code>
        <domain>MATH</domain>
      </initializationCode>
    </VariableDeclaration>
    <VariableDeclaration id="213">
      <name>devmed4alt</name>
      <initializationCode id="214">
        <code>evaluateInR(&apos;abs([var=j4]-[var=medianalt])&apos;)</code>
        <domain>MATH</domain>
      </initializationCode>
    </VariableDeclaration>
    <VariableDeclaration id="215">
      <name>devmed5alt</name>
      <initializationCode id="216">
        <code>evaluateInR(&apos;abs([var=j5]-[var=medianalt])&apos;)</code>
        <domain>MATH</domain>
      </initializationCode>
    </VariableDeclaration>
    <VariableDeclaration id="217">
      <name>devmed6alt</name>
      <initializationCode id="218">
        <code>evaluateInR(&apos;abs([var=j6]-[var=medianalt])&apos;)</code>
        <domain>MATH</domain>
      </initializationCode>
    </VariableDeclaration>
    <VariableDeclaration id="219">
      <name>devmed7alt</name>
      <initializationCode id="220">
        <code>evaluateInR(&apos;abs([var=j7]-[var=medianalt])&apos;)</code>
        <domain>MATH</domain>
      </initializationCode>
    </VariableDeclaration>
    <VariableDeclaration id="221">
      <name>devmed8alt</name>
      <initializationCode id="222">
        <code>evaluateInR(&apos;abs([var=j8]-[var=medianalt])&apos;)</code>
        <domain>MATH</domain>
      </initializationCode>
    </VariableDeclaration>
    <VariableDeclaration id="223">
      <name>devmed9alt</name>
      <initializationCode id="224">
        <code>evaluateInR(&apos;abs([var=j9]-[var=medianalt])&apos;)</code>
        <domain>MATH</domain>
      </initializationCode>
    </VariableDeclaration>
    <VariableDeclaration id="225">
      <name>devmed10alt</name>
      <initializationCode id="226">
        <code>evaluateInR(&apos;abs([var=j10]-[var=medianalt])&apos;)</code>
        <domain>MATH</domain>
      </initializationCode>
    </VariableDeclaration>
    <VariableDeclaration id="227">
      <name>amed</name>
      <initializationCode id="228">
        <code>evaluateInR(&apos;sort(c([var=devmed1],[var=devmed2],[var=devmed3],[var=devmed4],[var=devmed5],[var=devmed6],[var=devmed7],[var=devmed8],[var=devmed9],[var=devmed10]))[5]&apos;)</code>
        <domain>MATH</domain>
      </initializationCode>
    </VariableDeclaration>
    <VariableDeclaration id="229">
      <name>devmedsalt</name>
      <initializationCode id="230">
        <code>evaluateInR(&apos;sort(c([var=devmed1alt],[var=devmed2alt],[var=devmed3alt],[var=devmed4alt],[var=devmed5alt],[var=devmed6alt],[var=devmed7alt],[var=devmed8alt],[var=devmed9alt],[var=devmed10alt]))&apos;)</code>
        <domain>MATH</domain>
      </initializationCode>
    </VariableDeclaration>
    <VariableDeclaration id="231">
      <name>amedalt</name>
      <initializationCode id="232">
        <code>evaluateInR(&apos;([var=devmedsalt][5]+[var=devmedsalt][6])/2&apos;)</code>
        <domain>MATH</domain>
      </initializationCode>
    </VariableDeclaration>
  </variableDeclarations>
  <jSXGraphs id="233"/>
  <dynamicMolecules id="234"/>
  <resultFeedbackMappings id="235"/>
</Exercise>