<Exercise id="1">
  <name>DS2-03 Eindimensionale Häufigkeitsverteilungen 3</name>
  <publicDescription></publicDescription>
  <internalNotes>Stage 1: Unterschied mindestens, mehr als, weniger, höchstens
Stage 2: absolute Häufigkeitssummenfunktion (Taschenrechner eventuell verwirrend)
Stage 3: Bedeutung der absoluten Häufigkeitssummenfunktion

Die  Materialien sind lizenziert unter CC BY-NC-SA 4.0. Eine Kopie dieser Lizenz finden Sie unter http://creativecommons.org/licenses/by-nc-sa/4.0/

The materials are licensed under CC BY-NC-SA 4.0. You can find a copy of this license at http://creativecommons.org/licenses/by-nc-sa/4.0/</internalNotes>
  <language>de</language>
  <difficulty>1</difficulty>
  <tags id="2">
    <Tag id="3">
      <name>Desk_22</name>
    </Tag>
  </tags>
  <resources id="4"/>
  <stages id="5">
    <FillInStage id="6">
      <internalName>1</internalName>
      <externalName>Stage 1</externalName>
      <taskDescription>&lt;strong&gt;Aufgabenstellung:&lt;/strong&gt;&lt;br /&gt;&#xd;
&lt;br /&gt;&#xd;
In einer Klausur erreichen die Teilnehmer folgende Punktzahlen:&lt;br /&gt;&#xd;
&lt;br /&gt;&#xd;
$$\begin{matrix}&lt;br /&gt;&#xd;
[var=x6] &amp;amp; [var=x4] &amp;amp; [var=x3] &amp;amp; [var=x2] &amp;amp; [var=x5] &amp;amp; [var=x1] &amp;amp; [var=x7] &amp;amp; [var=x8] &amp;amp; [var=x9] &amp;amp; [var=x10] \\&lt;br /&gt;&#xd;
\end{matrix}$$.&lt;br /&gt;&#xd;
&lt;br /&gt;&#xd;
Entscheiden Sie, ob die folgenden Aussagen richtig oder falsch sind:&lt;br /&gt;&#xd;
&lt;br /&gt;&#xd;
&amp;quot;Kein Student hat mehr als 85 Punkte erreicht.&amp;quot; &amp;nbsp;&lt;select name=&quot;dropdown1&quot;&gt;&lt;option value=&quot;0&quot;&gt;dropdown1&lt;/option&gt;&lt;/select&gt;&amp;nbsp;&lt;br /&gt;&#xd;
&lt;br /&gt;&#xd;
&amp;quot;Zwei Studenten haben h&amp;ouml;chstens 25 Punkte erreicht.&amp;quot; &amp;nbsp;&lt;select name=&quot;dropdown2&quot;&gt;&lt;option value=&quot;0&quot;&gt;dropdown2&lt;/option&gt;&lt;/select&gt;&amp;nbsp;&lt;br /&gt;&#xd;
&lt;br /&gt;&#xd;
&amp;quot;Zwei Studenten haben mindestens 75 Punkte erreicht.&amp;quot; &amp;nbsp;&lt;select name=&quot;dropdown3&quot;&gt;&lt;option value=&quot;0&quot;&gt;dropdown3&lt;/option&gt;&lt;/select&gt;&amp;nbsp;&lt;br /&gt;&#xd;
&lt;br /&gt;&#xd;
&amp;quot;Kein Student hat unter 20 Punkten erreicht.&amp;quot; &amp;nbsp;&lt;select name=&quot;dropdown4&quot;&gt;&lt;option value=&quot;0&quot;&gt;dropdown4&lt;/option&gt;&lt;/select&gt;&amp;nbsp;&lt;br /&gt;&#xd;
&amp;nbsp;&amp;nbsp;&amp;nbsp;&amp;nbsp;&amp;nbsp;</taskDescription>
      <skipMessage>Die Aussage &amp;quot;Kein Student hat mehr als 85 Punkte erreicht&amp;quot; ist [var=antwort11].&lt;br /&gt;
Die Aussage &amp;quot;Zwei Studenten haben h&amp;ouml;chstes 25 Punkte erreicht&amp;quot; ist [var=antwort12].&lt;br /&gt;
Die Aussage &amp;quot;Zwei Studenten haben mindestens 75 Punkte erreicht&amp;quot; ist [var=antwort13].&lt;br /&gt;
Die Aussage &amp;quot;Kein Student hat unter 20 Punkten erreicht&amp;quot; ist [var=antwort14].</skipMessage>
      <defaultTransition id="7">
        <conditionExpression id="8">
          <domain>MATH</domain>
        </conditionExpression>
        <stageExpression id="9">
          <domain>MATH</domain>
        </stageExpression>
        <isRepeat>true</isRepeat>
      </defaultTransition>
      <skipTransitions id="10">
        <StageTransition id="11">
          <conditionExpression id="12">
            <code></code>
            <domain>MATH</domain>
          </conditionExpression>
          <stageExpression id="13">
            <domain>MATH</domain>
          </stageExpression>
          <targetStage class="FillInStage" id="14">
            <internalName>2</internalName>
            <externalName>Stage 2</externalName>
            <taskDescription>&lt;strong&gt;Aufgabenstellung:&lt;/strong&gt;&lt;br /&gt;&#xd;
&lt;br /&gt;&#xd;
Die absolute H&amp;auml;ufigkeitssummenfunktion an der Stelle 30, also $N(30)$ ist in diesem Fall gegeben durch &amp;nbsp;&lt;input name=&quot;field1&quot; size=&quot;6&quot; type=&quot;text&quot; value=&quot;field1&quot; /&gt;&amp;nbsp;.&#xd;
&lt;p&gt;&lt;a href=&quot;https://rdrr.io/snippets/embed/&quot; onclick=&quot;window.open(&apos;https://rdrr.io/snippets/embed/?code=&apos;,&apos;R Console&apos;,&apos; margin-top: 20px; top=200,left=100,width=480,height=640,menubar=no,toolbar=no,&apos;); return false;&quot; target=&quot;_blank&quot;&gt;&lt;img alt=&quot;R_ Logo&quot; pull-right=&quot;&quot; src=&quot;/econometrics/resource?resource=157444&quot; style=&quot;width: 40px; height: 50px; float: right; margin: 5px&quot; /&gt;&lt;/a&gt;&lt;/p&gt;&#xd;
</taskDescription>
            <skipMessage>F&amp;uuml;r die absolute H&amp;auml;ufigkeitssummenfunktion $N(x)$ gilt $N\,(x)= 0$ f&amp;uuml;r $x \le x_{i=1}$ (kleinste Auspr&amp;auml;gung) $N(x) = N\,(X\leq x_{i})$ f&amp;uuml;r $x_{i}\leq x\le x_{i+1},\; i=1,\ldots,m-1$ $N(x) = n$ f&amp;uuml;r $x\geq x_{i=m}$ (gr&amp;ouml;&amp;szlig;te Auspr&amp;auml;gung).&lt;br /&gt;
&lt;br /&gt;
Zur Bestimmung von $N(30)$ mu&amp;szlig; also gez&amp;auml;hlt werden, wie h&amp;auml;ufig eine Merkmalsauspr&amp;auml;gung von h&amp;ouml;chstens 30 Punkten vorkommt. In diesem Fall ist daher $N(30) = [var=b2]$, da genau [var=b2] Studenten h&amp;ouml;chstens 30 Punkte erzielt haben.</skipMessage>
            <defaultTransition id="15">
              <conditionExpression id="16">
                <domain>MATH</domain>
              </conditionExpression>
              <stageExpression id="17">
                <domain>MATH</domain>
              </stageExpression>
              <isRepeat>true</isRepeat>
            </defaultTransition>
            <skipTransitions id="18">
              <StageTransition id="19">
                <conditionExpression id="20">
                  <code></code>
                  <domain>MATH</domain>
                </conditionExpression>
                <stageExpression id="21">
                  <domain>MATH</domain>
                </stageExpression>
                <targetStage class="MCStage" id="22">
                  <internalName>3</internalName>
                  <externalName>Stage 3</externalName>
                  <taskDescription>&lt;strong&gt;Aufgabenstellung:&amp;nbsp; &lt;/strong&gt;&lt;br /&gt;&#xd;
&lt;br /&gt;&#xd;
Nehmen Sie an, die absolute H&amp;auml;ufigkeitsummenfunktion an der Stelle 30 ist 2, also N(30) = 2. Dies bedeutet inhaltlich:&amp;nbsp;</taskDescription>
                  <skipMessage> Zwei Studenten haben höchstens 30 Punkte erreicht.  </skipMessage>
                  <defaultTransition id="23">
                    <conditionExpression id="24">
                      <domain>MATH</domain>
                    </conditionExpression>
                    <stageExpression id="25">
                      <domain>MATH</domain>
                    </stageExpression>
                    <isRepeat>true</isRepeat>
                  </defaultTransition>
                  <skipTransitions id="26">
                    <StageTransition id="27">
                      <conditionExpression id="28">
                        <code></code>
                        <domain>MATH</domain>
                      </conditionExpression>
                      <stageExpression id="29">
                        <domain>MATH</domain>
                      </stageExpression>
                      <isRepeat>false</isRepeat>
                    </StageTransition>
                  </skipTransitions>
                  <stageTransitions id="30">
                    <StageTransition id="31">
                      <conditionExpression id="32">
                        <code></code>
                        <domain>MATH</domain>
                      </conditionExpression>
                      <stageExpression id="33">
                        <code>[meta=stageCurrentResult]&gt;=100</code>
                        <domain>MATH</domain>
                      </stageExpression>
                      <isRepeat>false</isRepeat>
                    </StageTransition>
                  </stageTransitions>
                  <hints id="34">
                    <StageHint id="35">
                      <stagehint__order>0</stagehint__order>
                      <text>F&amp;uuml;r die absolute H&amp;auml;ufigkeitssummenfunktion $N(x)$ gilt $N\,(x)= 0$ f&amp;uuml;r $x \le x_{i=1}$ (kleinste Auspr&amp;auml;gung) $N(x) = N\,(X\leq x_{i})$ f&amp;uuml;r $x_{i}\leq x\le x_{i+1},\; i=1,\ldots,m-1$ $N(x) = n$ f&amp;uuml;r $x\geq x_{i=m}$ (gr&amp;ouml;&amp;szlig;te Auspr&amp;auml;gung).&lt;br /&gt;
&lt;br /&gt;
&lt;em&gt;(Es ist ein weiterer Hinweis vorhanden)&lt;/em&gt;</text>
                      <malus>0</malus>
                      <stage class="MCStage" reference="22"/>
                    </StageHint>
                    <StageHint id="36">
                      <stagehint__order>1</stagehint__order>
                      <text>Die absolute H&amp;auml;ufigkeitssummenfunktion an der Stelle $x$ gibt daher an, wieviele der Merkmalstr&amp;auml;ger eine Merkmalsauspr&amp;auml;gung von h&amp;ouml;chstens $x$ annehmen.&lt;br /&gt;
&lt;br /&gt;
&lt;em&gt;(Dies war der letzte Hinweis.)&lt;/em&gt;</text>
                      <malus>0</malus>
                      <stage class="MCStage" reference="22"/>
                    </StageHint>
                  </hints>
                  <variableUpdatesOnEnter id="37"/>
                  <variableUpdatesBeforeCheck id="38"/>
                  <variableUpdatesAfterCheck id="39"/>
                  <variableUpdatesOnNormalExit id="40"/>
                  <variableUpdatesOnRepeat id="41"/>
                  <variableUpdatesOnSkip id="42"/>
                  <weight>1</weight>
                  <orderIndex>2</orderIndex>
                  <allowSkip>true</allowSkip>
                  <resources id="43"/>
                  <answerOptions id="44">
                    <MCAnswer id="45">
                      <order>0</order>
                      <rule>CORRECT</rule>
                      <text>Zwei Studierende haben h&amp;ouml;chstens 30 Punkte erreicht</text>
                      <variableName></variableName>
                      <mcstage reference="22"/>
                    </MCAnswer>
                    <MCAnswer id="46">
                      <order>1</order>
                      <rule>WRONG</rule>
                      <text>Zwei Studierende haben weniger als 30 Punkte erreicht</text>
                      <variableName></variableName>
                      <mcstage reference="22"/>
                    </MCAnswer>
                    <MCAnswer id="47">
                      <order>2</order>
                      <rule>WRONG</rule>
                      <text>Zwei Studierende haben mehr als 30 Punkte erreicht</text>
                      <variableName></variableName>
                      <mcstage reference="22"/>
                    </MCAnswer>
                    <MCAnswer id="48">
                      <order>3</order>
                      <rule>WRONG</rule>
                      <text>Zwei Studierende haben mindestens 30 Punkte erreicht</text>
                      <variableName></variableName>
                      <mcstage reference="22"/>
                    </MCAnswer>
                    <MCAnswer id="49">
                      <order>4</order>
                      <rule>WRONG</rule>
                      <text>30 Studierende haben weniger als zwei Punkte erreicht</text>
                      <variableName></variableName>
                      <mcstage reference="22"/>
                    </MCAnswer>
                    <MCAnswer id="50">
                      <order>5</order>
                      <rule>WRONG</rule>
                      <text>30 Studierende haben mehr als zwei Punkte erreicht</text>
                      <variableName></variableName>
                      <mcstage reference="22"/>
                    </MCAnswer>
                  </answerOptions>
                  <randomize>true</randomize>
                  <singleChoice>false</singleChoice>
                  <correctAnswerFeedback>Richtig!</correctAnswerFeedback>
                  <defaultFeedback>  Leider nicht richtig. </defaultFeedback>
                  <defaultResult>0</defaultResult>
                  <extraFeedbacks id="51"/>
                </targetStage>
                <isRepeat>false</isRepeat>
              </StageTransition>
            </skipTransitions>
            <stageTransitions id="52">
              <StageTransition id="53">
                <conditionExpression id="54">
                  <code></code>
                  <domain>MATH</domain>
                </conditionExpression>
                <stageExpression id="55">
                  <code>[meta=stageCurrentResult]&gt;=100</code>
                  <domain>MATH</domain>
                </stageExpression>
                <targetStage class="MCStage" reference="22"/>
                <isRepeat>false</isRepeat>
              </StageTransition>
            </stageTransitions>
            <hints id="56">
              <StageHint id="57">
                <stagehint__order>0</stagehint__order>
                <text>F&amp;uuml;r die absolute H&amp;auml;ufigkeitssummenfunktion $N(x)$ gilt $N\,(x)= 0$ f&amp;uuml;r $x \le x_{i=1}$ (kleinste Auspr&amp;auml;gung) $N(x) = N\,(X\leq x_{i})$ f&amp;uuml;r $x_{i}\leq x\le x_{i+1},\; i=1,\ldots,m-1; \quad N(x) = n$ f&amp;uuml;r $x\geq x_{i=m}$ (gr&amp;ouml;&amp;szlig;te Auspr&amp;auml;gung).&lt;br /&gt;
&lt;br /&gt;
&lt;em&gt;(Es ist ein weiterer Hinweis vorhanden)&lt;/em&gt;</text>
                <malus>0</malus>
                <stage class="FillInStage" reference="14"/>
              </StageHint>
              <StageHint id="58">
                <stagehint__order>1</stagehint__order>
                <text>Zur Bestimmung von $N(30)$ mu&amp;szlig; also gez&amp;auml;hlt werden, wie h&amp;auml;ufig eine Merkmalsauspr&amp;auml;gung von h&amp;ouml;chstens 30 Punkten vorkommt.&lt;br /&gt;
&lt;br /&gt;
&lt;em&gt;(Dies war der letzte Hinweis.)&lt;/em&gt;</text>
                <malus>0</malus>
                <stage class="FillInStage" reference="14"/>
              </StageHint>
            </hints>
            <variableUpdatesOnEnter id="59"/>
            <variableUpdatesBeforeCheck id="60"/>
            <variableUpdatesAfterCheck id="61"/>
            <variableUpdatesOnNormalExit id="62"/>
            <variableUpdatesOnRepeat id="63"/>
            <variableUpdatesOnSkip id="64"/>
            <weight>1</weight>
            <orderIndex>1</orderIndex>
            <allowSkip>true</allowSkip>
            <resources id="65"/>
            <rules id="66"/>
            <fillInFields id="67">
              <FillInField id="68">
                <name>field1</name>
                <orderIndex>0</orderIndex>
                <size>8</size>
                <formularEditorType>NUMBER</formularEditorType>
              </FillInField>
            </fillInFields>
            <dropDownFields id="69"/>
            <formularEditorPalette>MATHDOX_FORMULAR_EDITOR_BASIC</formularEditorPalette>
            <defaultFeedback>Leider nicht korrekt!</defaultFeedback>
            <correctAnswerRules id="70">
              <Rule id="71">
                <name>CorrectAnswer1</name>
                <orderIndex>1</orderIndex>
                <validationExpression id="72">
                  <code>!isEmpty([input=field1])&amp;&amp;isRealNumber([input=field1])&amp;&amp;[var=b2]==[input=field1]</code>
                  <domain>MATH</domain>
                </validationExpression>
                <points>0</points>
                <terminal>false</terminal>
              </Rule>
            </correctAnswerRules>
            <correctAnswerFeedback>Richtig.</correctAnswerFeedback>
            <defaultResult>0</defaultResult>
          </targetStage>
          <isRepeat>false</isRepeat>
        </StageTransition>
      </skipTransitions>
      <stageTransitions id="73">
        <StageTransition id="74">
          <conditionExpression id="75">
            <code></code>
            <domain>MATH</domain>
          </conditionExpression>
          <stageExpression id="76">
            <code>[meta=stageCurrentResult]&gt;=100</code>
            <domain>MATH</domain>
          </stageExpression>
          <targetStage class="FillInStage" reference="14"/>
          <isRepeat>false</isRepeat>
        </StageTransition>
      </stageTransitions>
      <hints id="77">
        <StageHint id="78">
          <stagehint__order>0</stagehint__order>
          <text>Achten Sie auf die genaue Bedeutung der Ausdr&amp;uuml;cke &amp;quot;mehr als&amp;quot;, &amp;quot;mindestens&amp;quot;, &amp;quot;h&amp;ouml;chstens&amp;quot; und &amp;quot;unter&amp;quot;. Z.B. hei&amp;szlig;t mindestens 75 Punkte (im Gegensatz zu &amp;quot;mehr als&amp;quot;), dass ein Wert von 75 Punkten mitgez&amp;auml;hlt wird. Das gleiche gilt analog f&amp;uuml;r &amp;quot;h&amp;ouml;chstens&amp;quot; und &amp;quot;unter&amp;quot;.&lt;br /&gt;
&lt;br /&gt;
&lt;em&gt;(Dies war der einzige und letzte Hinweis.)&lt;/em&gt;</text>
          <malus>0</malus>
          <stage class="FillInStage" reference="6"/>
        </StageHint>
      </hints>
      <variableUpdatesOnEnter id="79"/>
      <variableUpdatesBeforeCheck id="80"/>
      <variableUpdatesAfterCheck id="81"/>
      <variableUpdatesOnNormalExit id="82"/>
      <variableUpdatesOnRepeat id="83"/>
      <variableUpdatesOnSkip id="84"/>
      <weight>1</weight>
      <orderIndex>0</orderIndex>
      <allowSkip>true</allowSkip>
      <resources id="85"/>
      <rules id="86"/>
      <fillInFields id="87"/>
      <dropDownFields id="88">
        <de.uni__due.s3.jack3.entities.stagetypes.fillin.DropDownField id="89">
          <name>dropdown4</name>
          <orderIndex>3</orderIndex>
          <randomize>false</randomize>
          <items id="90">
            <string>falsch</string>
            <string>richtig</string>
          </items>
        </de.uni__due.s3.jack3.entities.stagetypes.fillin.DropDownField>
        <de.uni__due.s3.jack3.entities.stagetypes.fillin.DropDownField id="91">
          <name>dropdown1</name>
          <orderIndex>0</orderIndex>
          <randomize>false</randomize>
          <items id="92">
            <string>falsch</string>
            <string>richtig</string>
          </items>
        </de.uni__due.s3.jack3.entities.stagetypes.fillin.DropDownField>
        <de.uni__due.s3.jack3.entities.stagetypes.fillin.DropDownField id="93">
          <name>dropdown2</name>
          <orderIndex>1</orderIndex>
          <randomize>false</randomize>
          <items id="94">
            <string>falsch</string>
            <string>richtig</string>
          </items>
        </de.uni__due.s3.jack3.entities.stagetypes.fillin.DropDownField>
        <de.uni__due.s3.jack3.entities.stagetypes.fillin.DropDownField id="95">
          <name>dropdown3</name>
          <orderIndex>2</orderIndex>
          <randomize>false</randomize>
          <items id="96">
            <string>falsch</string>
            <string>richtig</string>
          </items>
        </de.uni__due.s3.jack3.entities.stagetypes.fillin.DropDownField>
      </dropDownFields>
      <formularEditorPalette>MATHDOX_FORMULAR_EDITOR_NO_PALETTE</formularEditorPalette>
      <defaultFeedback>Leider nicht korrekt!</defaultFeedback>
      <correctAnswerRules id="97">
        <Rule id="98">
          <name>Feedback 1</name>
          <orderIndex>1</orderIndex>
          <validationExpression id="99">
            <code>[input=dropdown1]=[var=pp1]&amp;&amp;[input=dropdown2]=[var=pp2]&amp;&amp;[input=dropdown3]=[var=pp3]&amp;&amp;[input=dropdown4]=[var=pp4]</code>
            <domain>MATH</domain>
          </validationExpression>
          <points>0</points>
          <terminal>false</terminal>
        </Rule>
      </correctAnswerRules>
      <correctAnswerFeedback> Richtig. </correctAnswerFeedback>
      <defaultResult>0</defaultResult>
    </FillInStage>
    <FillInStage reference="14"/>
    <MCStage reference="22"/>
  </stages>
  <startStage class="FillInStage" reference="6"/>
  <variableDeclarations id="100">
    <VariableDeclaration id="101">
      <name>y1</name>
      <initializationCode id="102">
        <code>randomIntegerBetween(0,100)</code>
        <domain>MATH</domain>
      </initializationCode>
    </VariableDeclaration>
    <VariableDeclaration id="103">
      <name>x1</name>
      <initializationCode id="104">
        <code>randomIntegerBetween(0,30)</code>
        <domain>MATH</domain>
      </initializationCode>
    </VariableDeclaration>
    <VariableDeclaration id="105">
      <name>x2</name>
      <initializationCode id="106">
        <code>randomIntegerBetween(0,30)</code>
        <domain>MATH</domain>
      </initializationCode>
    </VariableDeclaration>
    <VariableDeclaration id="107">
      <name>x3</name>
      <initializationCode id="108">
        <code>randomIntegerBetween(26,70)</code>
        <domain>MATH</domain>
      </initializationCode>
    </VariableDeclaration>
    <VariableDeclaration id="109">
      <name>x4</name>
      <initializationCode id="110">
        <code>randomIntegerBetween(26,70)</code>
        <domain>MATH</domain>
      </initializationCode>
    </VariableDeclaration>
    <VariableDeclaration id="111">
      <name>x5</name>
      <initializationCode id="112">
        <code>randomIntegerBetween(26,70)</code>
        <domain>MATH</domain>
      </initializationCode>
    </VariableDeclaration>
    <VariableDeclaration id="113">
      <name>x6</name>
      <initializationCode id="114">
        <code>randomIntegerBetween(26,70)</code>
        <domain>MATH</domain>
      </initializationCode>
    </VariableDeclaration>
    <VariableDeclaration id="115">
      <name>x7</name>
      <initializationCode id="116">
        <code>randomIntegerBetween(26,70)</code>
        <domain>MATH</domain>
      </initializationCode>
    </VariableDeclaration>
    <VariableDeclaration id="117">
      <name>x8</name>
      <initializationCode id="118">
        <code>randomIntegerBetween(26,70)</code>
        <domain>MATH</domain>
      </initializationCode>
    </VariableDeclaration>
    <VariableDeclaration id="119">
      <name>x9</name>
      <initializationCode id="120">
        <code>randomIntegerBetween(60,100)</code>
        <domain>MATH</domain>
      </initializationCode>
    </VariableDeclaration>
    <VariableDeclaration id="121">
      <name>x10</name>
      <initializationCode id="122">
        <code>randomIntegerBetween(60,100)</code>
        <domain>MATH</domain>
      </initializationCode>
    </VariableDeclaration>
    <VariableDeclaration id="123">
      <name>p1</name>
      <initializationCode id="124">
        <code>ifthenelse([var=x10]&lt;86&amp;&amp;[var=x9]&lt;86, 10, 01)</code>
        <domain>MATH</domain>
      </initializationCode>
    </VariableDeclaration>
    <VariableDeclaration id="125">
      <name>p2</name>
      <initializationCode id="126">
        <code>ifthenelse([var=x1]&lt;26&amp;&amp;[var=x2]&lt;26, 10, 01)</code>
        <domain>MATH</domain>
      </initializationCode>
    </VariableDeclaration>
    <VariableDeclaration id="127">
      <name>p3</name>
      <initializationCode id="128">
        <code>ifthenelse([var=x10]&gt;74&amp;&amp;[var=x9]&gt;74, 10, 01)</code>
        <domain>MATH</domain>
      </initializationCode>
    </VariableDeclaration>
    <VariableDeclaration id="129">
      <name>p4</name>
      <initializationCode id="130">
        <code>ifthenelse([var=x1]&gt;19&amp;&amp;[var=x2]&gt;19, 10, 01)</code>
        <domain>MATH</domain>
      </initializationCode>
    </VariableDeclaration>
    <VariableDeclaration id="131">
      <name>pp1</name>
      <initializationCode id="132">
        <code>ifthenelse(equals([var=p1], 10), 1, 0)</code>
        <domain>MATH</domain>
      </initializationCode>
    </VariableDeclaration>
    <VariableDeclaration id="133">
      <name>pp2</name>
      <initializationCode id="134">
        <code>ifthenelse(equals([var=p2], 10), 1, 0)</code>
        <domain>MATH</domain>
      </initializationCode>
    </VariableDeclaration>
    <VariableDeclaration id="135">
      <name>pp3</name>
      <initializationCode id="136">
        <code>ifthenelse(equals([var=p3], 10), 1, 0)</code>
        <domain>MATH</domain>
      </initializationCode>
    </VariableDeclaration>
    <VariableDeclaration id="137">
      <name>pp4</name>
      <initializationCode id="138">
        <code>ifthenelse(equals([var=p4], 10), 1, 0)</code>
        <domain>MATH</domain>
      </initializationCode>
    </VariableDeclaration>
    <VariableDeclaration id="139">
      <name>a1</name>
      <initializationCode id="140">
        <code>ifthenelse([var=x3]&gt;30, 0, 1)</code>
        <domain>MATH</domain>
      </initializationCode>
    </VariableDeclaration>
    <VariableDeclaration id="141">
      <name>a2</name>
      <initializationCode id="142">
        <code>ifthenelse([var=x4]&gt;30, 0, 1)</code>
        <domain>MATH</domain>
      </initializationCode>
    </VariableDeclaration>
    <VariableDeclaration id="143">
      <name>a3</name>
      <initializationCode id="144">
        <code>ifthenelse([var=x5]&gt;30, 0, 1)</code>
        <domain>MATH</domain>
      </initializationCode>
    </VariableDeclaration>
    <VariableDeclaration id="145">
      <name>a4</name>
      <initializationCode id="146">
        <code>ifthenelse([var=x6]&gt;30, 0, 1)</code>
        <domain>MATH</domain>
      </initializationCode>
    </VariableDeclaration>
    <VariableDeclaration id="147">
      <name>a5</name>
      <initializationCode id="148">
        <code>ifthenelse([var=x7]&gt;30, 0, 1)</code>
        <domain>MATH</domain>
      </initializationCode>
    </VariableDeclaration>
    <VariableDeclaration id="149">
      <name>a6</name>
      <initializationCode id="150">
        <code>ifthenelse([var=x8]&gt;30, 0, 1)</code>
        <domain>MATH</domain>
      </initializationCode>
    </VariableDeclaration>
    <VariableDeclaration id="151">
      <name>b1</name>
      <initializationCode id="152">
        <code>[var=a1]+[var=a2]+[var=a3]+[var=a4]+[var=a5]+[var=a6]+2</code>
        <domain>MATH</domain>
      </initializationCode>
    </VariableDeclaration>
    <VariableDeclaration id="153">
      <name>b2</name>
      <initializationCode id="154">
        <code>ifthenelse([var=x3]&gt;30&amp;&amp;[var=x4]&gt;30&amp;&amp;[var=x5]&gt;30&amp;&amp;[var=x6]&gt;30&amp;&amp;[var=x7]&gt;30&amp;&amp;[var=x8]&gt;30, 2, [var=b1])</code>
        <domain>MATH</domain>
      </initializationCode>
    </VariableDeclaration>
    <VariableDeclaration id="155">
      <name>antwort11</name>
      <initializationCode id="156">
        <code>ifthenelse(equals([var=pp1],1),&quot;richtig&quot;,&quot;falsch&quot;)</code>
        <domain>MATH</domain>
      </initializationCode>
    </VariableDeclaration>
    <VariableDeclaration id="157">
      <name>antwort12</name>
      <initializationCode id="158">
        <code>ifthenelse(equals([var=pp2],1),&quot;richtig&quot;,&quot;falsch&quot;)</code>
        <domain>MATH</domain>
      </initializationCode>
    </VariableDeclaration>
    <VariableDeclaration id="159">
      <name>antwort13</name>
      <initializationCode id="160">
        <code>ifthenelse(equals([var=pp3],1),&quot;richtig&quot;,&quot;falsch&quot;)</code>
        <domain>MATH</domain>
      </initializationCode>
    </VariableDeclaration>
    <VariableDeclaration id="161">
      <name>antwort14</name>
      <initializationCode id="162">
        <code>ifthenelse(equals([var=pp4],1),&quot;richtig&quot;,&quot;falsch&quot;)</code>
        <domain>MATH</domain>
      </initializationCode>
    </VariableDeclaration>
  </variableDeclarations>
  <jSXGraphs id="163"/>
  <dynamicMolecules id="164"/>
  <resultFeedbackMappings id="165"/>
</Exercise>