<Exercise id="1">
  <name>DS2-R04 Eindimensionale Häufigkeitsverteilungen R4</name>
  <publicDescription></publicDescription>
  <internalNotes>Informationen über Histogramm gewinnen

Die  Materialien sind lizenziert unter CC BY-NC-SA 4.0. Eine Kopie dieser Lizenz finden Sie unter http://creativecommons.org/licenses/by-nc-sa/4.0/

The materials are licensed under CC BY-NC-SA 4.0. You can find a copy of this license at http://creativecommons.org/licenses/by-nc-sa/4.0/</internalNotes>
  <language>de</language>
  <difficulty>0</difficulty>
  <tags id="2">
    <Tag id="3">
      <name>Desk_22</name>
    </Tag>
  </tags>
  <resources id="4">
    <ExerciseResource id="5">
      <content id="6">dXJsaXN0ZSA8LSBjKDExLDEzLDE1LDE2LDEyLDE4LDE0LDE1LDE3LDE0LDEyLDE2LDEzLDE1LDE3LDE2LDE1LDE0LDEzLDE1KQ==</content>
      <uploadTimestamp>2022-03-02T16:07:10.86314</uploadTimestamp>
      <filename>source.r</filename>
      <description></description>
      <replacePlaceholder>false</replacePlaceholder>
    </ExerciseResource>
  </resources>
  <stages id="7">
    <RStage id="8">
      <internalName>#1</internalName>
      <externalName></externalName>
      <taskDescription>&lt;strong&gt;Aufgabenstellung:&lt;/strong&gt;&lt;br /&gt;&#xd;
&lt;br /&gt;&#xd;
Es ist zwar leider (noch) nicht m&amp;ouml;glich, Grafiken in JACK anzuzeigen, allerdings lassen einige Funktionen in R es zu, dass man sich f&amp;uuml;r die Erstellung der Grafik relevante Informationen anzeigen lassen kann.&lt;br /&gt;&#xd;
Tun Sie dies hier f&amp;uuml;r ein Histogramm der gegebenen Daten, in dem Sie die $\verb|hist()|$-Funktion auf $\verb|urliste|$ anwenden. Was wird Ihnen ausgegeben? K&amp;ouml;nnen Sie die angezeigten Informationen interpretieren?&lt;br /&gt;&#xd;
Was sagt Ihnen z.B. $\verb|density|$? Vergleichen Sie diese Werte mit der L&amp;ouml;sung von Aufgabe 3. Warum unterscheiden sich beide L&amp;ouml;sungen?&lt;br /&gt;&#xd;
&lt;br /&gt;&#xd;
&lt;em&gt;(Hinweis: Wenn Sie R auf Ihrem PC oder Notebook verwenden, m&amp;uuml;ssen Sie in der &lt;/em&gt;$\verb|hist()|$&lt;em&gt;-Funktion zus&amp;auml;tzlich &lt;/em&gt;$\verb|plot=F|$&lt;em&gt; angeben, damit kein Histogramm geplottet wird und Sie die Informationen angezeigt bekommen. Da JACK allerdings noch keine Grafiken zeichnen kann, m&amp;uuml;ssen Sie diese Angabe hier nicht zwingend t&amp;auml;tigen.)&lt;/em&gt;&lt;br /&gt;&#xd;
&lt;br /&gt;&#xd;
&lt;em&gt;(Bevor Sie den Code abschicken, k&amp;ouml;nnen Sie &amp;uuml;ber den Button &amp;quot;Auswerten&amp;quot; ihren geschriebenen R-Code ausf&amp;uuml;hren und in der R-Konsole anzeigen lassen.)&lt;/em&gt;</taskDescription>
      <defaultTransition id="9">
        <conditionExpression id="10">
          <domain>MATH</domain>
        </conditionExpression>
        <stageExpression id="11">
          <domain>MATH</domain>
        </stageExpression>
        <isRepeat>false</isRepeat>
      </defaultTransition>
      <skipTransitions id="12"/>
      <stageTransitions id="13"/>
      <hints id="14">
        <StageHint id="15">
          <stagehint__order>0</stagehint__order>
          <text>Wenden Sie die $\verb|hist()|$-Funktion auf $\verb|urliste|$ an.&lt;br /&gt;
&lt;br /&gt;
(Dies war der einzige und letzte Hinweis.)</text>
          <malus>0</malus>
          <stage class="RStage" reference="8"/>
        </StageHint>
      </hints>
      <variableUpdatesOnEnter id="16"/>
      <variableUpdatesBeforeCheck id="17"/>
      <variableUpdatesAfterCheck id="18"/>
      <variableUpdatesOnNormalExit id="19"/>
      <variableUpdatesOnRepeat id="20"/>
      <variableUpdatesOnSkip id="21"/>
      <weight>1</weight>
      <orderIndex>0</orderIndex>
      <allowSkip>false</allowSkip>
      <resources id="22"/>
      <initialCode>urliste &lt;- c(11,13,15,16,12,18,14,15,17,14,12,16,13,15,17,16,15,14,13,15)</initialCode>
      <finalResultComputationString></finalResultComputationString>
      <testCasetuples id="23">
        <TestCaseTuple id="24">
          <testCases id="25">
            <StaticRTestCase id="26">
              <points>100</points>
              <pointsMode>GAIN</pointsMode>
              <name>imported testcase</name>
              <feedbackIfFailed>Leider nicht richtig! Achten Sie darauf, dass sie die $\verb|hist()|$-Funktion benutzen.</feedbackIfFailed>
              <ruleMode>PRESENCE</ruleMode>
              <queries class="linked-list" id="27">
                <RGReQLQuery id="28">
                  <query>		from hist:V{FunctionCall}, url:V{Variable} with
                hist.name=&quot;hist&quot; and
                hist --&gt;* url and
                url.name=&quot;urliste&quot;
                report 0 end
		</query>
                </RGReQLQuery>
                <RGReQLQuery id="29">
                  <query>		from hist:V{FunctionCall}, x,url:V{Variable}, lao3:V{LeftAssignmentOperator3}, rh:E{RightHandSide}, lh:E{LeftHandSide} with
                hist.name=&quot;hist&quot; and
                hist --&gt;* lao3 and
                lao3 -- lh -&gt; x and
                x.name=&quot;x&quot; and
                lao3 -- rh -&gt; url and
                url.name=&quot;urliste&quot;
                report 0 end</query>
                </RGReQLQuery>
                <RGReQLQuery id="30">
                  <query>		from hist:V{FunctionCall}, x,url,plot:V{Variable}, fal:V{BooleanLiteral}, lao3,lao4:V{LeftAssignmentOperator3}, rh1,rh2:E{RightHandSide}, lh1,lh2:E{LeftHandSide} with
                hist.name=&quot;hist&quot; and
                hist --&gt;* lao3 and
                lao3 -- lh1 -&gt; x and
                x.name=&quot;x&quot; and
                lao3 -- rh1 -&gt; url and
                url.name=&quot;urliste&quot; and
                hist --&gt;* lao4 and
                lao4 -- lh2 -&gt; plot and
                plot.name=&quot;plot&quot; and
                lao4 -- rh2 -&gt; fal and
                fal.value=false
                report 0 end</query>
                </RGReQLQuery>
                <RGReQLQuery id="31">
                  <query>		from hist:V{FunctionCall}, url,plot:V{Variable}, fal:V{BooleanLiteral}, lao3:V{LeftAssignmentOperator3}, rh:E{RightHandSide}, lh:E{LeftHandSide} with
                hist.name=&quot;hist&quot; and
                hist --&gt;* url and
                url.name=&quot;urliste&quot; and
                hist --&gt;* lao3 and
                lao3 -- lh -&gt; plot and
                plot.name=&quot;plot&quot; and
                lao3 -- rh -&gt; fal and
                fal.value=false
                report 0 end</query>
                </RGReQLQuery>
              </queries>
            </StaticRTestCase>
          </testCases>
          <checkerConfiguration id="32">
            <isActive>false</isActive>
            <hasVisibleResult>false</hasVisibleResult>
            <hasVisibleFeedback>false</hasVisibleFeedback>
            <isAsync>false</isAsync>
            <weight>1</weight>
            <persistentReference>17599</persistentReference>
          </checkerConfiguration>
        </TestCaseTuple>
      </testCasetuples>
    </RStage>
  </stages>
  <startStage class="RStage" reference="8"/>
  <variableDeclarations id="33"/>
  <jSXGraphs id="34"/>
  <dynamicMolecules id="35"/>
  <resultFeedbackMappings id="36"/>
</Exercise>