<Exercise id="1">
  <name>DS2-R02 Eindimensionale Häufigkeitsverteilungen R2</name>
  <publicDescription></publicDescription>
  <internalNotes>table()-Befehl auf Urliste anwenden

Die  Materialien sind lizenziert unter CC BY-NC-SA 4.0. Eine Kopie dieser Lizenz finden Sie unter http://creativecommons.org/licenses/by-nc-sa/4.0/

The materials are licensed under CC BY-NC-SA 4.0. You can find a copy of this license at http://creativecommons.org/licenses/by-nc-sa/4.0/</internalNotes>
  <language>de</language>
  <difficulty>0</difficulty>
  <tags id="2">
    <Tag id="3">
      <name>Desk_22</name>
    </Tag>
  </tags>
  <resources id="4">
    <ExerciseResource id="5">
      <content id="6">dXJsaXN0ZSA8LSBjKDExLDEzLDE1LDE2LDEyLDE4LDE0LDE1LDE3LDE0LDEyLDE2LDEzLDE1LDE3LDE2LDE1LDE0LDEzLDE1KQ==</content>
      <uploadTimestamp>2022-03-02T15:58:53.415766</uploadTimestamp>
      <filename>source.r</filename>
      <description></description>
      <replacePlaceholder>false</replacePlaceholder>
    </ExerciseResource>
  </resources>
  <stages id="7">
    <RStage id="8">
      <internalName>#1</internalName>
      <externalName></externalName>
      <taskDescription>&lt;strong&gt;Aufgabenstellung:&lt;/strong&gt;&lt;br /&gt;&#xd;
&lt;br /&gt;&#xd;
Nachdem Sie nun alle Beobachtungen in einem Vektor abgespeichert haben, ist es nun Zeit sich einen ersten Eindruck vom Datensatz zu machen. Dazu lassen Sie sich bitte die absoluten H&amp;auml;ufigkeiten f&amp;uuml;r jede Merkmalsauspr&amp;auml;gung (siehe Folie 2-7) ausgeben.&lt;br /&gt;&#xd;
&lt;br /&gt;&#xd;
&lt;em&gt;(Hinweis: Die Variable $\verb|urliste|$ steht bereits im Environment zur Verf&amp;uuml;gung und muss nicht neu erstellt werden.)&lt;/em&gt;&lt;br /&gt;&#xd;
&lt;br /&gt;&#xd;
&lt;em&gt;(Bevor Sie den Code abschicken, k&amp;ouml;nnen Sie &amp;uuml;ber den Button &amp;quot;Auswerten&amp;quot; ihren geschriebenen R-Code ausf&amp;uuml;hren und in der R-Konsole anzeigen lassen.)&lt;/em&gt;</taskDescription>
      <defaultTransition id="9">
        <conditionExpression id="10">
          <domain>MATH</domain>
        </conditionExpression>
        <stageExpression id="11">
          <domain>MATH</domain>
        </stageExpression>
        <isRepeat>false</isRepeat>
      </defaultTransition>
      <skipTransitions id="12"/>
      <stageTransitions id="13"/>
      <hints id="14">
        <StageHint id="15">
          <stagehint__order>0</stagehint__order>
          <text>Absolute H&amp;auml;ufigkeitstabellen k&amp;ouml;nnen mit dem $\verb|table()|$-Befehl erzeugt werden.&lt;br /&gt;
&lt;br /&gt;
&lt;em&gt;(Dies war der einzige und letzte Hinweis.)&lt;/em&gt;</text>
          <malus>0</malus>
          <stage class="RStage" reference="8"/>
        </StageHint>
      </hints>
      <variableUpdatesOnEnter id="16"/>
      <variableUpdatesBeforeCheck id="17"/>
      <variableUpdatesAfterCheck id="18"/>
      <variableUpdatesOnNormalExit id="19"/>
      <variableUpdatesOnRepeat id="20"/>
      <variableUpdatesOnSkip id="21"/>
      <weight>1</weight>
      <orderIndex>0</orderIndex>
      <allowSkip>false</allowSkip>
      <resources id="22"/>
      <initialCode>urliste &lt;- c(11, 13, 15, 16, 12, 18, 14, 15, 17, 14, 12, 16, 13, 15, 17, 16, 15, 14, 13, 15)</initialCode>
      <finalResultComputationString></finalResultComputationString>
      <testCasetuples id="23">
        <TestCaseTuple id="24">
          <testCases id="25">
            <StaticRTestCase id="26">
              <points>100</points>
              <pointsMode>GAIN</pointsMode>
              <name>imported testcase</name>
              <feedbackIfFailed>Leider nicht richtig! Achten Sie darauf, dass sie die $\verb|table()|$-Funktion benutzen und den richtigen Variablennamen benutzen.</feedbackIfFailed>
              <ruleMode>PRESENCE</ruleMode>
              <queries class="linked-list" id="27">
                <RGReQLQuery id="28">
                  <query>		from tab:V{FunctionCall}, url:V{Variable} with
                tab.name=&quot;table&quot; and
                tab --&gt;* url and
                url.name=&quot;urliste&quot;
                report 0 end
		</query>
                </RGReQLQuery>
                <RGReQLQuery id="29">
                  <query>		from tab:V{FunctionCall}, x,url:V{Variable}, lao3:V{LeftAssignmentOperator3}, rh:E{RightHandSide}, lh:E{LeftHandSide} with
                tab.name=&quot;table&quot; and
                tab --&gt;* lao3 and
                lao3 -- lh -&gt; x and
                x.name=&quot;x&quot; and
                lao3 -- rh -&gt; url and
                url.name=&quot;urliste&quot;
                report 0 end</query>
                </RGReQLQuery>
              </queries>
            </StaticRTestCase>
          </testCases>
          <checkerConfiguration id="30">
            <isActive>false</isActive>
            <hasVisibleResult>false</hasVisibleResult>
            <hasVisibleFeedback>false</hasVisibleFeedback>
            <isAsync>false</isAsync>
            <weight>1</weight>
            <persistentReference>17526</persistentReference>
          </checkerConfiguration>
        </TestCaseTuple>
      </testCasetuples>
    </RStage>
  </stages>
  <startStage class="RStage" reference="8"/>
  <variableDeclarations id="31"/>
  <jSXGraphs id="32"/>
  <dynamicMolecules id="33"/>
  <resultFeedbackMappings id="34"/>
</Exercise>