<Exercise id="1">
  <name>IS10-04 Konfidenzintervalle 4</name>
  <publicDescription></publicDescription>
  <internalNotes>Ankunftszeiten Dozent

weitere Evaluierungen in Stage 2 einfügen

Die  Materialien sind lizenziert unter CC BY-NC-SA 4.0. Eine Kopie dieser Lizenz finden Sie unter http://creativecommons.org/licenses/by-nc-sa/4.0/

The materials are licensed under CC BY-NC-SA 4.0. You can find a copy of this license at http://creativecommons.org/licenses/by-nc-sa/4.0/</internalNotes>
  <language>de</language>
  <difficulty>0</difficulty>
  <tags id="2">
    <Tag id="3">
      <name>IndStat</name>
    </Tag>
    <Tag id="4">
      <name>TR_neu</name>
    </Tag>
    <Tag id="5">
      <name>TR</name>
    </Tag>
  </tags>
  <resources id="6"/>
  <stages id="7">
    <FillInStage id="8">
      <internalName>1</internalName>
      <externalName>Stage 1</externalName>
      <taskDescription>&lt;strong&gt;Aufgabenstellung:&lt;/strong&gt;&lt;br /&gt;&#xd;
&lt;br /&gt;&#xd;
F&amp;uuml;r die bisherigen Vorlesungen einer Veranstaltung des Sommersemesters liegen die Ankunftszeiten des Dozenten vor.&lt;br /&gt;&#xd;
Laut Vorlesungsverzeichnis beginnt die Vorlesung um 12:15 Uhr. In der folgenden Urliste ist die Zeit notiert,&lt;br /&gt;&#xd;
die der Dozent zu fr&amp;uuml;h, bzw. zu sp&amp;auml;t zur Vorlesung erschienen ist (in Minuten):&lt;br /&gt;&#xd;
&lt;br /&gt;&#xd;
$$ X = [var=sample,latex]$$&lt;br /&gt;&#xd;
&lt;br /&gt;&#xd;
Berechnen Sie die Sch&amp;auml;tzer f&amp;uuml;r den Mittelwert $\bar{x}$ und die Varianz $s^2$ f&amp;uuml;r die Verteilung der vorliegenden Daten.&lt;br /&gt;&#xd;
&lt;br /&gt;&#xd;
&lt;strong&gt;Einreichung:&lt;/strong&gt;&lt;br /&gt;&#xd;
&lt;br /&gt;&#xd;
$\bar{X}=\:$&amp;nbsp;&lt;input name=&quot;field1&quot; size=&quot;8&quot; type=&quot;text&quot; value=&quot;field1&quot; /&gt;&amp;nbsp;$\quad$ $S^2=\:$&amp;nbsp;&lt;input name=&quot;field2&quot; size=&quot;8&quot; type=&quot;text&quot; value=&quot;field2&quot; /&gt;&amp;nbsp;&lt;br /&gt;&#xd;
&lt;br /&gt;&#xd;
&lt;em&gt;(Runden Sie, falls n&amp;ouml;tig, auf die vierte Nachkommastelle und verwenden Sie einen Dezimalpunkt.)&lt;/em&gt;&#xd;
&lt;p&gt;&lt;a href=&quot;https://webrtaschenrechner.netlify.app/&quot; onclick=&quot;window.open(&apos;https://webrtaschenrechner.netlify.app/&apos;,&apos;R Console&apos;,&apos;top=320, left=1525, width=400,height=600,menubar=no,toolbar=no,&apos;); return false;&quot; target=&quot;_blank&quot;&gt;&lt;img alt=&quot;R_ Logo&quot; pull-right=&quot;&quot; src=&quot;/econometrics/resource?resource=157444&quot; style=&quot;width: 40px; height: 50px; float: right; margin: 5px&quot; /&gt;&lt;/a&gt;&lt;/p&gt;&#xd;
</taskDescription>
      <skipMessage>$\bar{X}=[var=sol11,latex]$&lt;br /&gt;
$S^2 = [var=sol12,latex]$</skipMessage>
      <defaultTransition id="9">
        <conditionExpression id="10">
          <domain>MATH</domain>
        </conditionExpression>
        <stageExpression id="11">
          <domain>MATH</domain>
        </stageExpression>
        <isRepeat>true</isRepeat>
      </defaultTransition>
      <skipTransitions id="12">
        <StageTransition id="13">
          <conditionExpression id="14">
            <code></code>
            <domain>MATH</domain>
          </conditionExpression>
          <stageExpression id="15">
            <domain>MATH</domain>
          </stageExpression>
          <targetStage class="FillInStage" id="16">
            <internalName>2</internalName>
            <externalName>Stage 2</externalName>
            <taskDescription>&lt;strong&gt;Aufgabenstellung:&lt;/strong&gt;&lt;br /&gt;&#xd;
&lt;br /&gt;&#xd;
Nehmen Sie an die Versp&amp;auml;tungszeiten sind normalverteilt.&lt;br /&gt;&#xd;
&lt;br /&gt;&#xd;
Bestimmen Sie das Konfidenzintervall f&amp;uuml;r den Mittelwert f&amp;uuml;r die Fehlerwahrscheinlichkeiten&lt;br /&gt;&#xd;
&lt;br /&gt;&#xd;
$\alpha=$1%, 5% und 10%.&lt;br /&gt;&#xd;
&lt;br /&gt;&#xd;
&lt;strong&gt;Einreichung:&lt;/strong&gt;&lt;br /&gt;&#xd;
&lt;br /&gt;&#xd;
1%: $\quad\mu \in [$&amp;nbsp;&lt;input name=&quot;field1&quot; size=&quot;6&quot; type=&quot;text&quot; value=&quot;field1&quot; /&gt;&amp;nbsp;; &amp;nbsp;&lt;input name=&quot;field2&quot; size=&quot;6&quot; type=&quot;text&quot; value=&quot;field2&quot; /&gt;&amp;nbsp;$]$&lt;br /&gt;&#xd;
5%: $\quad\mu \in [$&amp;nbsp;&lt;input name=&quot;field3&quot; size=&quot;6&quot; type=&quot;text&quot; value=&quot;field3&quot; /&gt;&amp;nbsp;; &amp;nbsp;&lt;input name=&quot;field4&quot; size=&quot;6&quot; type=&quot;text&quot; value=&quot;field4&quot; /&gt;&amp;nbsp;$]$&lt;br /&gt;&#xd;
10%:$\quad\mu \in [$&amp;nbsp;&lt;input name=&quot;field5&quot; size=&quot;6&quot; type=&quot;text&quot; value=&quot;field5&quot; /&gt;&amp;nbsp;; &amp;nbsp;&lt;input name=&quot;field6&quot; size=&quot;6&quot; type=&quot;text&quot; value=&quot;field6&quot; /&gt;&amp;nbsp;$]$&lt;br /&gt;&#xd;
&lt;br /&gt;&#xd;
&lt;em&gt;(Runden Sie, falls n&amp;ouml;tig, auf die vierte Nachkommastelle und verwenden Sie einen Dezimalpunkt.)&lt;/em&gt;&#xd;
&lt;p&gt;&lt;a href=&quot;https://webrtaschenrechner.netlify.app/&quot; onclick=&quot;window.open(&apos;https://webrtaschenrechner.netlify.app/&apos;,&apos;R Console&apos;,&apos;top=320, left=1525, width=400,height=600,menubar=no,toolbar=no,&apos;); return false;&quot; target=&quot;_blank&quot;&gt;&lt;img alt=&quot;R_ Logo&quot; pull-right=&quot;&quot; src=&quot;/econometrics/resource?resource=157444&quot; style=&quot;width: 40px; height: 50px; float: right; margin: 5px&quot; /&gt;&lt;/a&gt;&lt;/p&gt;&#xd;
</taskDescription>
            <skipMessage></skipMessage>
            <defaultTransition id="17">
              <conditionExpression id="18">
                <domain>MATH</domain>
              </conditionExpression>
              <stageExpression id="19">
                <domain>MATH</domain>
              </stageExpression>
              <isRepeat>false</isRepeat>
            </defaultTransition>
            <skipTransitions id="20">
              <StageTransition id="21">
                <conditionExpression id="22">
                  <code></code>
                  <domain>MATH</domain>
                </conditionExpression>
                <stageExpression id="23">
                  <domain>MATH</domain>
                </stageExpression>
                <isRepeat>false</isRepeat>
              </StageTransition>
            </skipTransitions>
            <stageTransitions id="24">
              <StageTransition id="25">
                <conditionExpression id="26">
                  <code></code>
                  <domain>MATH</domain>
                </conditionExpression>
                <stageExpression id="27">
                  <code>[meta=stageCurrentResult]&gt;=100</code>
                  <domain>MATH</domain>
                </stageExpression>
                <isRepeat>false</isRepeat>
              </StageTransition>
            </stageTransitions>
            <hints id="28">
              <StageHint id="29">
                <stagehint__order>0</stagehint__order>
                <text>Machen Sie sich noch einmal klar, wie ein Konfidenzintervall zu interpretieren ist!&lt;br /&gt;
&lt;br /&gt;
(Es ist ein weiterer Hinweis vorhanden)</text>
                <malus>0</malus>
                <stage class="FillInStage" reference="16"/>
              </StageHint>
              <StageHint id="30">
                <stagehint__order>1</stagehint__order>
                <text>&amp;Uuml;berlegen Sie einmal, was Sie &amp;uuml;ber die Grundgesamtheit wissen bzw. welche Voraussetzungen f&amp;uuml;r die Berechnung gegeben sind und welche nicht! Alle notwendigen Informationen finden Sie in der Aufgabenstellung.&lt;br /&gt;
&lt;br /&gt;
(Es ist ein weiterer Hinweis vorhanden)</text>
                <malus>0</malus>
                <stage class="FillInStage" reference="16"/>
              </StageHint>
              <StageHint id="31">
                <stagehint__order>2</stagehint__order>
                <text>        Da $\sigma^2$ hier nur als Schätzung vorliegt und $n$ nicht $\ge 30$ ist, muss das Konfidenzintervall hier über die t-Verteilung berechnet werden. 
    </text>
                <malus>0</malus>
                <stage class="FillInStage" reference="16"/>
              </StageHint>
            </hints>
            <variableUpdatesOnEnter id="32"/>
            <variableUpdatesBeforeCheck id="33"/>
            <variableUpdatesAfterCheck id="34"/>
            <variableUpdatesOnNormalExit id="35"/>
            <variableUpdatesOnRepeat id="36"/>
            <variableUpdatesOnSkip id="37"/>
            <weight>1</weight>
            <orderIndex>1</orderIndex>
            <allowSkip>true</allowSkip>
            <resources id="38"/>
            <rules id="39">
              <Rule id="40">
                <name>Feedback </name>
                <orderIndex>2</orderIndex>
                <validationExpression id="41">
                  <code>!isEmpty([input=field5])&amp;&amp;isRealNumber([input=field5])&amp;&amp;!isEmpty([input=field6])&amp;&amp;isRealNumber([input=field6])&amp;&amp;[input=field5]&gt;[var=sol25]-0.0011&amp;&amp;[input=field5]&lt;[var=sol25]+0.0011&amp;&amp;[input=field6]&gt;[var=sol26]-0.0011&amp;&amp;[input=field6]&lt;[var=sol26]+0.0011</code>
                  <domain>MATH</domain>
                </validationExpression>
                <feedbackText>Die Werte f&amp;uuml;r das 10%-Konfidenzintervall sind korrekt.</feedbackText>
                <points>20</points>
                <terminal>false</terminal>
              </Rule>
              <Rule id="42">
                <name>Feedback </name>
                <orderIndex>0</orderIndex>
                <validationExpression id="43">
                  <code>!isEmpty([input=field1])&amp;&amp;isRealNumber([input=field1])&amp;&amp;!isEmpty([input=field2])&amp;&amp;isRealNumber([input=field2])&amp;&amp;[input=field1]&gt;[var=sol21]-0.0011&amp;&amp;[input=field1]&lt;[var=sol21]+0.0011&amp;&amp;[input=field2]&gt;[var=sol22]-0.0011&amp;&amp;[input=field2]&lt;[var=sol22]+0.0011</code>
                  <domain>MATH</domain>
                </validationExpression>
                <feedbackText>Die Werte f&amp;uuml;r das 1%-Konfidenzintervall sind korrekt.</feedbackText>
                <points>20</points>
                <terminal>false</terminal>
              </Rule>
              <Rule id="44">
                <name>Feedback </name>
                <orderIndex>1</orderIndex>
                <validationExpression id="45">
                  <code>!isEmpty([input=field3])&amp;&amp;isRealNumber([input=field3])&amp;&amp;!isEmpty([input=field4])&amp;&amp;isRealNumber([input=field4])&amp;&amp;[input=field3]&gt;[var=sol23]-0.0011&amp;&amp;[input=field3]&lt;[var=sol23]+0.0011&amp;&amp;[input=field4]&gt;[var=sol24]-0.0011&amp;&amp;[input=field4]&lt;[var=sol24]+0.0011</code>
                  <domain>MATH</domain>
                </validationExpression>
                <feedbackText>Die Werte f&amp;uuml;r das 5%-Konfidenzintervall sind korrekt.</feedbackText>
                <points>20</points>
                <terminal>false</terminal>
              </Rule>
            </rules>
            <fillInFields id="46">
              <FillInField id="47">
                <name>field6</name>
                <orderIndex>5</orderIndex>
                <size>6</size>
                <formularEditorType>NUMBER</formularEditorType>
              </FillInField>
              <FillInField id="48">
                <name>field4</name>
                <orderIndex>3</orderIndex>
                <size>6</size>
                <formularEditorType>NUMBER</formularEditorType>
              </FillInField>
              <FillInField id="49">
                <name>field5</name>
                <orderIndex>4</orderIndex>
                <size>6</size>
                <formularEditorType>NUMBER</formularEditorType>
              </FillInField>
              <FillInField id="50">
                <name>field2</name>
                <orderIndex>1</orderIndex>
                <size>6</size>
                <formularEditorType>NUMBER</formularEditorType>
              </FillInField>
              <FillInField id="51">
                <name>field3</name>
                <orderIndex>2</orderIndex>
                <size>6</size>
                <formularEditorType>NUMBER</formularEditorType>
              </FillInField>
              <FillInField id="52">
                <name>field1</name>
                <orderIndex>0</orderIndex>
                <size>6</size>
                <formularEditorType>NUMBER</formularEditorType>
              </FillInField>
            </fillInFields>
            <dropDownFields id="53"/>
            <formularEditorPalette>MATHDOX_FORMULAR_EDITOR_NO_PALETTE</formularEditorPalette>
            <defaultFeedback>Leider nicht korrekt.</defaultFeedback>
            <correctAnswerRules id="54">
              <Rule id="55">
                <name>CorrectAnswer1</name>
                <orderIndex>1</orderIndex>
                <validationExpression id="56">
                  <code>!isEmpty([input=field1])&amp;&amp;isRealNumber([input=field1])&amp;&amp;!isEmpty([input=field2])&amp;&amp;isRealNumber([input=field2])&amp;&amp;!isEmpty([input=field3])&amp;&amp;isRealNumber([input=field3])&amp;&amp;!isEmpty([input=field4])&amp;&amp;isRealNumber([input=field4])&amp;&amp;!isEmpty([input=field5])&amp;&amp;isRealNumber([input=field5])&amp;&amp;!isEmpty([input=field6])&amp;&amp;isRealNumber([input=field6])&amp;&amp;[input=field1]&gt;[var=sol21]-0.0021&amp;&amp;[input=field1]&lt;[var=sol21]+0.0011&amp;&amp;[input=field2]&gt;[var=sol22]-0.0011&amp;&amp;[input=field2]&lt;[var=sol22]+0.0011&amp;&amp;[input=field3]&gt;[var=sol23]-0.0011&amp;&amp;[input=field3]&lt;[var=sol23]+0.0011&amp;&amp;[input=field4]&gt;[var=sol24]-0.0011&amp;&amp;[input=field4]&lt;[var=sol24]+0.0011&amp;&amp;[input=field5]&gt;[var=sol25]-0.0011&amp;&amp;[input=field5]&lt;[var=sol25]+0.0011&amp;&amp;[input=field6]&gt;[var=sol26]-0.0011&amp;&amp;[input=field6]&lt;[var=sol26]+0.0011</code>
                  <domain>MATH</domain>
                </validationExpression>
                <points>0</points>
                <terminal>false</terminal>
              </Rule>
            </correctAnswerRules>
            <correctAnswerFeedback>Richtig.</correctAnswerFeedback>
            <defaultResult>0</defaultResult>
          </targetStage>
          <isRepeat>false</isRepeat>
        </StageTransition>
      </skipTransitions>
      <stageTransitions id="57">
        <StageTransition id="58">
          <conditionExpression id="59">
            <code></code>
            <domain>MATH</domain>
          </conditionExpression>
          <stageExpression id="60">
            <code>[meta=stageCurrentResult]&gt;=100</code>
            <domain>MATH</domain>
          </stageExpression>
          <targetStage class="FillInStage" reference="16"/>
          <isRepeat>false</isRepeat>
        </StageTransition>
      </stageTransitions>
      <hints id="61">
        <StageHint id="62">
          <stagehint__order>0</stagehint__order>
          <text>Schauen Sie sich die Formeln zur Berechnung der Sch&amp;auml;tzer f&amp;uuml;r $\bar{X}$ und $S^2$ nochmal genau an!&lt;br /&gt;
&lt;br /&gt;
(Es ist ein weiterer Hinweis vorhanden)</text>
          <malus>0</malus>
          <stage class="FillInStage" reference="8"/>
        </StageHint>
        <StageHint id="63">
          <stagehint__order>1</stagehint__order>
          <text>        Alle benötigten Werte sind in der Aufgabe gegeben.
        Beachten Sie bei der Berechnung von $S^2$, dass Sie nur $\bar{X}$ der Stichprobe kennen!
        Der Wert für die GG ist demnach unbekannt.
    </text>
          <malus>0</malus>
          <stage class="FillInStage" reference="8"/>
        </StageHint>
      </hints>
      <variableUpdatesOnEnter id="64"/>
      <variableUpdatesBeforeCheck id="65"/>
      <variableUpdatesAfterCheck id="66"/>
      <variableUpdatesOnNormalExit id="67"/>
      <variableUpdatesOnRepeat id="68"/>
      <variableUpdatesOnSkip id="69"/>
      <weight>1</weight>
      <orderIndex>0</orderIndex>
      <allowSkip>true</allowSkip>
      <resources id="70"/>
      <rules id="71">
        <Rule id="72">
          <name>Feedback_1</name>
          <orderIndex>1</orderIndex>
          <validationExpression id="73">
            <code>!isEmpty([input=field2])&amp;&amp;isRealNumber([input=field2])&amp;&amp;[input=field2]&gt;[var=sol12]-0.0011&amp;&amp;[input=field2]&lt;[var=sol12]+0.0011</code>
            <domain>MATH</domain>
          </validationExpression>
          <feedbackText>        Die Schätzung des Mittelwerts ist nicht korrekt!
        </feedbackText>
          <points>50</points>
          <terminal>false</terminal>
        </Rule>
        <Rule id="74">
          <name>Feedback_2</name>
          <orderIndex>2</orderIndex>
          <validationExpression id="75">
            <code>!isEmpty([input=field1])&amp;&amp;isRealNumber([input=field1])&amp;&amp;[input=field1]&gt;[var=sol11]-0.0011&amp;&amp;[input=field1]&lt;[var=sol11]+0.0011</code>
            <domain>MATH</domain>
          </validationExpression>
          <feedbackText>        Die Schätzung der Varianz ist nicht korrekt!
        </feedbackText>
          <points>50</points>
          <terminal>false</terminal>
        </Rule>
      </rules>
      <fillInFields id="76">
        <FillInField id="77">
          <name>field1</name>
          <orderIndex>0</orderIndex>
          <size>8</size>
          <formularEditorType>NUMBER</formularEditorType>
        </FillInField>
        <FillInField id="78">
          <name>field2</name>
          <orderIndex>1</orderIndex>
          <size>8</size>
          <formularEditorType>NUMBER</formularEditorType>
        </FillInField>
      </fillInFields>
      <dropDownFields id="79"/>
      <formularEditorPalette>MATHDOX_FORMULAR_EDITOR_NO_PALETTE</formularEditorPalette>
      <defaultFeedback>Leider nicht korrekt.&lt;br /&gt;
&lt;br /&gt;
$\bar{X}=[var=sol11,latex]$&lt;br /&gt;
$S^2 = [var=sol12,latex]$</defaultFeedback>
      <correctAnswerRules id="80">
        <Rule id="81">
          <name>CorrectAnswer1</name>
          <orderIndex>1</orderIndex>
          <validationExpression id="82">
            <code>!isEmpty([input=field1])&amp;&amp;isRealNumber([input=field1])&amp;&amp;!isEmpty([input=field2])&amp;&amp;isRealNumber([input=field2])&amp;&amp;[input=field1]&gt;[var=sol11]-0.0011&amp;&amp;[input=field1]&lt;[var=sol11]+0.0011&amp;&amp;[input=field2]&gt;[var=sol12]-0.0011&amp;&amp;[input=field2]&lt;[var=sol12]+0.0011</code>
            <domain>MATH</domain>
          </validationExpression>
          <points>0</points>
          <terminal>false</terminal>
        </Rule>
      </correctAnswerRules>
      <correctAnswerFeedback>Richtig.</correctAnswerFeedback>
      <defaultResult>0</defaultResult>
    </FillInStage>
    <FillInStage reference="16"/>
  </stages>
  <startStage class="FillInStage" reference="8"/>
  <variableDeclarations id="83">
    <VariableDeclaration id="84">
      <name>sample</name>
      <initializationCode id="85">
        <code>evaluateInR(&apos;round(runif(8, -10, 10), 0)&apos;)</code>
        <domain>MATH</domain>
      </initializationCode>
    </VariableDeclaration>
    <VariableDeclaration id="86">
      <name>sol11</name>
      <initializationCode id="87">
        <code>evaluateInR(&apos;round(mean([var=sample]), 4)&apos;)</code>
        <domain>MATH</domain>
      </initializationCode>
    </VariableDeclaration>
    <VariableDeclaration id="88">
      <name>sol12</name>
      <initializationCode id="89">
        <code>evaluateInR(&apos;round(var([var=sample]), 4)&apos;)</code>
        <domain>MATH</domain>
      </initializationCode>
    </VariableDeclaration>
    <VariableDeclaration id="90">
      <name>sol21</name>
      <initializationCode id="91">
        <code>evaluateInR(&apos;round([var=sol11] - qt(0.995,7) * sqrt([var=sol12]/8),4)&apos;)</code>
        <domain>MATH</domain>
      </initializationCode>
    </VariableDeclaration>
    <VariableDeclaration id="92">
      <name>sol22</name>
      <initializationCode id="93">
        <code>evaluateInR(&apos;round([var=sol11] + qt(0.995,7) * sqrt([var=sol12]/8),4)&apos;)</code>
        <domain>MATH</domain>
      </initializationCode>
    </VariableDeclaration>
    <VariableDeclaration id="94">
      <name>sol23</name>
      <initializationCode id="95">
        <code>evaluateInR(&apos;round([var=sol11] - qt(0.975,7) * sqrt([var=sol12]/8),4)&apos;)</code>
        <domain>MATH</domain>
      </initializationCode>
    </VariableDeclaration>
    <VariableDeclaration id="96">
      <name>sol24</name>
      <initializationCode id="97">
        <code>evaluateInR(&apos;round([var=sol11] + qt(0.975,7) * sqrt([var=sol12]/8),4)&apos;)</code>
        <domain>MATH</domain>
      </initializationCode>
    </VariableDeclaration>
    <VariableDeclaration id="98">
      <name>sol25</name>
      <initializationCode id="99">
        <code>evaluateInR(&apos;round([var=sol11] - qt(0.95,7) * sqrt([var=sol12]/8),4)&apos;)</code>
        <domain>MATH</domain>
      </initializationCode>
    </VariableDeclaration>
    <VariableDeclaration id="100">
      <name>sol26</name>
      <initializationCode id="101">
        <code>evaluateInR(&apos;round([var=sol11] + qt(0.95,7) * sqrt([var=sol12]/8),4)&apos;)</code>
        <domain>MATH</domain>
      </initializationCode>
    </VariableDeclaration>
  </variableDeclarations>
  <jSXGraphs id="102"/>
  <dynamicMolecules id="103"/>
  <resultFeedbackMappings id="104"/>
</Exercise>