<Exercise id="1">
  <name>IS10-01 Konfidenzintervalle 1</name>
  <publicDescription></publicDescription>
  <internalNotes>Konfidenzintervall für normal-verteilte Stichprobe mit und ohne bekannter Varianz

Die  Materialien sind lizenziert unter CC BY-NC-SA 4.0. Eine Kopie dieser Lizenz finden Sie unter http://creativecommons.org/licenses/by-nc-sa/4.0/

The materials are licensed under CC BY-NC-SA 4.0. You can find a copy of this license at http://creativecommons.org/licenses/by-nc-sa/4.0/</internalNotes>
  <language>de</language>
  <difficulty>0</difficulty>
  <tags id="2">
    <Tag id="3">
      <name>IndStat</name>
    </Tag>
    <Tag id="4">
      <name>TR_neu</name>
    </Tag>
    <Tag id="5">
      <name>TR</name>
    </Tag>
  </tags>
  <resources id="6"/>
  <stages id="7">
    <FillInStage id="8">
      <internalName>1</internalName>
      <externalName>Stage 1</externalName>
      <taskDescription>&lt;strong&gt;Aufgabenstellung:&lt;/strong&gt;&lt;br /&gt;&#xd;
&lt;br /&gt;&#xd;
Sei $X \sim \mathcal{N}(\mu,\sigma^2=[var=v])$.&lt;br /&gt;&#xd;
&lt;br /&gt;&#xd;
Eine Stichprobe der Gr&amp;ouml;&amp;szlig;e $n=[var=n]$ ergibt: $\bar{x}=[var=xquer]$.&lt;br /&gt;&#xd;
&lt;br /&gt;&#xd;
Berechnen Sie das Konfidenzintervall f&amp;uuml;r $\mu$ zum Konfidenzniveau $1-\alpha=[var=niv]$.&lt;br /&gt;&#xd;
&lt;br /&gt;&#xd;
&lt;strong&gt;Einreichung:&lt;/strong&gt;&lt;br /&gt;&#xd;
&lt;br /&gt;&#xd;
$\displaystyle [$&amp;nbsp;&lt;input name=&quot;field1&quot; size=&quot;6&quot; type=&quot;text&quot; value=&quot;field1&quot; /&gt;&amp;nbsp;$,$&amp;nbsp;&lt;input name=&quot;field2&quot; size=&quot;6&quot; type=&quot;text&quot; value=&quot;field2&quot; /&gt;&amp;nbsp;$\displaystyle ]$&lt;br /&gt;&#xd;
&lt;br /&gt;&#xd;
&lt;em&gt;(Runden Sie, falls n&amp;ouml;tig, auf die vierte Nachkommastelle und verwenden Sie einen Dezimalpunkt.)&lt;/em&gt;&#xd;
&lt;p&gt;&lt;a href=&quot;https://webrtaschenrechner.netlify.app/&quot; onclick=&quot;window.open(&apos;https://webrtaschenrechner.netlify.app/&apos;,&apos;R Console&apos;,&apos;top=320, left=1525, width=400,height=600,menubar=no,toolbar=no,&apos;); return false;&quot; target=&quot;_blank&quot;&gt;&lt;img alt=&quot;R_ Logo&quot; pull-right=&quot;&quot; src=&quot;/econometrics/resource?resource=157444&quot; style=&quot;width: 40px; height: 50px; float: right; margin: 5px&quot; /&gt;&lt;/a&gt;&lt;/p&gt;&#xd;
</taskDescription>
      <skipMessage>$\displaystyle [[var=u_KI],[var=o_KI]]$</skipMessage>
      <defaultTransition id="9">
        <conditionExpression id="10">
          <domain>MATH</domain>
        </conditionExpression>
        <stageExpression id="11">
          <domain>MATH</domain>
        </stageExpression>
        <isRepeat>true</isRepeat>
      </defaultTransition>
      <skipTransitions id="12">
        <StageTransition id="13">
          <conditionExpression id="14">
            <code></code>
            <domain>MATH</domain>
          </conditionExpression>
          <stageExpression id="15">
            <domain>MATH</domain>
          </stageExpression>
          <targetStage class="FillInStage" id="16">
            <internalName>2</internalName>
            <externalName>Stage 2</externalName>
            <taskDescription>&lt;strong&gt;Aufgabenstellung:&lt;/strong&gt;&lt;br /&gt;&#xd;
&lt;br /&gt;&#xd;
Sei jetzt $X \sim \mathcal{N}(\mu,\sigma^2)$. ($\sigma^2$ unbekannt)&lt;br /&gt;&#xd;
&lt;br /&gt;&#xd;
Eine Stichprobe der Gr&amp;ouml;&amp;szlig;e $n=[var=bn]$ ergibt: $\bar{x}=[var=bxquer]$, sowie $s^2=[var=bv]$.&lt;br /&gt;&#xd;
&lt;br /&gt;&#xd;
Berechnen Sie das Konfidenzintervall f&amp;uuml;r $\mu$ zum Konfidenzniveau $1-\alpha=[var=bniv]$.&lt;br /&gt;&#xd;
&lt;br /&gt;&#xd;
$\displaystyle [$&amp;nbsp;&lt;input name=&quot;field1&quot; size=&quot;8&quot; type=&quot;text&quot; value=&quot;field1&quot; /&gt;&amp;nbsp;$,$&amp;nbsp;&lt;input name=&quot;field2&quot; size=&quot;8&quot; type=&quot;text&quot; value=&quot;field2&quot; /&gt;&amp;nbsp;$\displaystyle ]$&lt;br /&gt;&#xd;
&lt;br /&gt;&#xd;
&lt;em&gt;(Runden Sie, falls n&amp;ouml;tig, auf die vierte Nachkommastelle und verwenden Sie einen Dezimalpunkt.)&lt;/em&gt;&#xd;
&lt;p&gt;&lt;a href=&quot;https://webrtaschenrechner.netlify.app/&quot; onclick=&quot;window.open(&apos;https://webrtaschenrechner.netlify.app/&apos;,&apos;R Console&apos;,&apos;top=320, left=1525, width=400,height=600,menubar=no,toolbar=no,&apos;); return false;&quot; target=&quot;_blank&quot;&gt;&lt;img alt=&quot;R_ Logo&quot; pull-right=&quot;&quot; src=&quot;/econometrics/resource?resource=157444&quot; style=&quot;width: 40px; height: 50px; float: right; margin: 5px&quot; /&gt;&lt;/a&gt;&lt;/p&gt;&#xd;
</taskDescription>
            <skipMessage>$\displaystyle [[var=bu_KI],[var=bo_KI]]$</skipMessage>
            <defaultTransition id="17">
              <conditionExpression id="18">
                <domain>MATH</domain>
              </conditionExpression>
              <stageExpression id="19">
                <domain>MATH</domain>
              </stageExpression>
              <isRepeat>true</isRepeat>
            </defaultTransition>
            <skipTransitions id="20">
              <StageTransition id="21">
                <conditionExpression id="22">
                  <code></code>
                  <domain>MATH</domain>
                </conditionExpression>
                <stageExpression id="23">
                  <domain>MATH</domain>
                </stageExpression>
                <isRepeat>false</isRepeat>
              </StageTransition>
            </skipTransitions>
            <stageTransitions id="24">
              <StageTransition id="25">
                <conditionExpression id="26">
                  <code></code>
                  <domain>MATH</domain>
                </conditionExpression>
                <stageExpression id="27">
                  <code>[meta=stageCurrentResult]&gt;=100</code>
                  <domain>MATH</domain>
                </stageExpression>
                <isRepeat>false</isRepeat>
              </StageTransition>
            </stageTransitions>
            <hints id="28">
              <StageHint id="29">
                <stagehint__order>0</stagehint__order>
                <text>Das Konfidenzintervall f&amp;uuml;r $\mu$ einer Normalverteilung bei unbekannter Varianz wird analog dem bei bekannter Varainz konstruiert, indem man die unbekannte Varianz $\sigma^2$ einen Sch&amp;auml;tzer einsetzt. Das Stichprobenmittel ist dann nicht mehr standard-normalverteilt, sondern es besitzt eine $t$-Verteilung mit $n-1$ Freiheitsgraden.&lt;br /&gt;
&lt;br /&gt;
(Es ist ein weiterer Hinweis vorhanden.)</text>
                <malus>0</malus>
                <stage class="FillInStage" reference="16"/>
              </StageHint>
              <StageHint id="30">
                <stagehint__order>1</stagehint__order>
                <text>In R lassen sich die Schwankungen um den Mittelwert mit Hilfe des folgendem Befehl berechnen: $\verb|qt((1-(1-[var=bniv])/2), df = [var=bn] - 1) * sqrt([var=bv]/[var=bn])|$</text>
                <malus>0</malus>
                <stage class="FillInStage" reference="16"/>
              </StageHint>
            </hints>
            <variableUpdatesOnEnter id="31"/>
            <variableUpdatesBeforeCheck id="32"/>
            <variableUpdatesAfterCheck id="33"/>
            <variableUpdatesOnNormalExit id="34"/>
            <variableUpdatesOnRepeat id="35"/>
            <variableUpdatesOnSkip id="36"/>
            <weight>1</weight>
            <orderIndex>1</orderIndex>
            <allowSkip>true</allowSkip>
            <resources id="37"/>
            <rules id="38">
              <Rule id="39">
                <name>Feedback_2</name>
                <orderIndex>2</orderIndex>
                <validationExpression id="40">
                  <code>!isEmpty([input=field2])&amp;&amp;isRealNumber([input=field2])&amp;&amp;[input=field2]&gt;[var=bo_KI]-0.011&amp;&amp;[input=field2]&lt;[var=bo_KI]+0.011</code>
                  <domain>MATH</domain>
                </validationExpression>
                <feedbackText>            Obere Grenze des Konfidenzintervall korrekt
        </feedbackText>
                <points>50</points>
                <terminal>false</terminal>
              </Rule>
              <Rule id="41">
                <name>Feedback_1</name>
                <orderIndex>1</orderIndex>
                <validationExpression id="42">
                  <code>!isEmpty([input=field1])&amp;&amp;isRealNumber([input=field1])&amp;&amp;[input=field1]&gt;[var=bu_KI]-0.011&amp;&amp;[input=field1]&lt;[var=bu_KI]+0.011</code>
                  <domain>MATH</domain>
                </validationExpression>
                <feedbackText>            Untere Grenze des Konfidenzintervall korrekt
        </feedbackText>
                <points>50</points>
                <terminal>false</terminal>
              </Rule>
            </rules>
            <fillInFields id="43">
              <FillInField id="44">
                <name>field2</name>
                <orderIndex>1</orderIndex>
                <size>8</size>
                <formularEditorType>NUMBER</formularEditorType>
              </FillInField>
              <FillInField id="45">
                <name>field1</name>
                <orderIndex>0</orderIndex>
                <size>8</size>
                <formularEditorType>NUMBER</formularEditorType>
              </FillInField>
            </fillInFields>
            <dropDownFields id="46"/>
            <formularEditorPalette>MATHDOX_FORMULAR_EDITOR_BASIC</formularEditorPalette>
            <defaultFeedback>Leider nicht korrekt.&lt;br /&gt;
&lt;br /&gt;
$\displaystyle [[var=bu_KI],[var=bo_KI]]$</defaultFeedback>
            <correctAnswerRules id="47">
              <Rule id="48">
                <name>CorrectAnswer1</name>
                <orderIndex>1</orderIndex>
                <validationExpression id="49">
                  <code>!isEmpty([input=field1])&amp;&amp;isRealNumber([input=field1])&amp;&amp;!isEmpty([input=field2])&amp;&amp;isRealNumber([input=field2])&amp;&amp;[input=field1]&gt;[var=bu_KI]-0.011&amp;&amp;[input=field1]&lt;[var=bu_KI]+0.011&amp;&amp;[input=field2]&gt;[var=bo_KI]-0.011&amp;&amp;[input=field2]&lt;[var=bo_KI]+0.011</code>
                  <domain>MATH</domain>
                </validationExpression>
                <points>0</points>
                <terminal>false</terminal>
              </Rule>
            </correctAnswerRules>
            <correctAnswerFeedback>Richtig.</correctAnswerFeedback>
            <defaultResult>0</defaultResult>
          </targetStage>
          <isRepeat>false</isRepeat>
        </StageTransition>
      </skipTransitions>
      <stageTransitions id="50">
        <StageTransition id="51">
          <conditionExpression id="52">
            <code></code>
            <domain>MATH</domain>
          </conditionExpression>
          <stageExpression id="53">
            <code>[meta=stageCurrentResult]&gt;=100</code>
            <domain>MATH</domain>
          </stageExpression>
          <targetStage class="FillInStage" reference="16"/>
          <isRepeat>false</isRepeat>
        </StageTransition>
      </stageTransitions>
      <hints id="54">
        <StageHint id="55">
          <stagehint__order>0</stagehint__order>
          <text>$\displaystyle P(\bar{X}-z_{1-\alpha/2}\frac{\sigma}{\sqrt{n}}\leq\mu\leq\bar{X}+z_{1-\alpha/2}\frac{\sigma}{\sqrt{n}})=1-\alpha$&lt;br /&gt;
&lt;br /&gt;
(Es ist ein weiterer Hinweis vorhanden.)</text>
          <malus>0</malus>
          <stage class="FillInStage" reference="8"/>
        </StageHint>
        <StageHint id="56">
          <stagehint__order>1</stagehint__order>
          <text>$z_{1-\alpha/2}=[var=u]$&lt;br /&gt;
&lt;br /&gt;
(Es ist ein weiterer Hinweis vorhanden.)</text>
          <malus>0</malus>
          <stage class="FillInStage" reference="8"/>
        </StageHint>
        <StageHint id="57">
          <stagehint__order>2</stagehint__order>
          <text>In R l&amp;auml;sst sich die Aufgabe mit folgendem Befehl l&amp;ouml;sen $\verb|qnorm((1-(1-[var=niv])/2)) * sqrt([var=v]/[var=n])|$</text>
          <malus>0</malus>
          <stage class="FillInStage" reference="8"/>
        </StageHint>
      </hints>
      <variableUpdatesOnEnter id="58"/>
      <variableUpdatesBeforeCheck id="59"/>
      <variableUpdatesAfterCheck id="60"/>
      <variableUpdatesOnNormalExit id="61"/>
      <variableUpdatesOnRepeat id="62"/>
      <variableUpdatesOnSkip id="63"/>
      <weight>1</weight>
      <orderIndex>0</orderIndex>
      <allowSkip>true</allowSkip>
      <resources id="64"/>
      <rules id="65">
        <Rule id="66">
          <name>Feedback_2</name>
          <orderIndex>2</orderIndex>
          <validationExpression id="67">
            <code>!isEmpty([input=field2])&amp;&amp;isRealNumber([input=field2])&amp;&amp;[input=field2]&gt;[var=o_KI]-0.0011&amp;&amp;[input=field2]&lt;[var=o_KI]+0.0011</code>
            <domain>MATH</domain>
          </validationExpression>
          <feedbackText>            Obere Grenze des Konfidenzintervall korrekt
        </feedbackText>
          <points>50</points>
          <terminal>false</terminal>
        </Rule>
        <Rule id="68">
          <name>Feedback_1</name>
          <orderIndex>1</orderIndex>
          <validationExpression id="69">
            <code>!isEmpty([input=field1])&amp;&amp;isRealNumber([input=field1])&amp;&amp;[input=field1]&gt;[var=u_KI]-0.0011&amp;&amp;[input=field1]&lt;[var=u_KI]+0.0011</code>
            <domain>MATH</domain>
          </validationExpression>
          <feedbackText>            Untere Grenze des Konfidenzintervall korrekt
        </feedbackText>
          <points>50</points>
          <terminal>false</terminal>
        </Rule>
      </rules>
      <fillInFields id="70">
        <FillInField id="71">
          <name>field1</name>
          <orderIndex>0</orderIndex>
          <size>6</size>
          <formularEditorType>NUMBER</formularEditorType>
        </FillInField>
        <FillInField id="72">
          <name>field2</name>
          <orderIndex>1</orderIndex>
          <size>6</size>
          <formularEditorType>NUMBER</formularEditorType>
        </FillInField>
      </fillInFields>
      <dropDownFields id="73"/>
      <formularEditorPalette>MATHDOX_FORMULAR_EDITOR_BASIC</formularEditorPalette>
      <defaultFeedback>Leider nicht korrekt.&lt;br /&gt;
&lt;br /&gt;
Korrekt ist: $\displaystyle [[var=u_KI],[var=o_KI]]$</defaultFeedback>
      <correctAnswerRules id="74">
        <Rule id="75">
          <name>CorrectAnswer1</name>
          <orderIndex>1</orderIndex>
          <validationExpression id="76">
            <code>!isEmpty([input=field1])&amp;&amp;isRealNumber([input=field1])&amp;&amp;!isEmpty([input=field2])&amp;&amp;isRealNumber([input=field2])&amp;&amp;[input=field1]&gt;[var=u_KI]-0.0011&amp;&amp;[input=field1]&lt;[var=u_KI]+0.0011&amp;&amp;[input=field2]&gt;[var=o_KI]-0.0011&amp;&amp;[input=field2]&lt;[var=o_KI]+0.0011</code>
            <domain>MATH</domain>
          </validationExpression>
          <points>0</points>
          <terminal>false</terminal>
        </Rule>
      </correctAnswerRules>
      <correctAnswerFeedback>Richtig.</correctAnswerFeedback>
      <defaultResult>0</defaultResult>
    </FillInStage>
    <FillInStage reference="16"/>
  </stages>
  <startStage class="FillInStage" reference="8"/>
  <variableDeclarations id="77">
    <VariableDeclaration id="78">
      <name>n</name>
      <initializationCode id="79">
        <code>randomIntegerBetween(15,65)</code>
        <domain>MATH</domain>
      </initializationCode>
    </VariableDeclaration>
    <VariableDeclaration id="80">
      <name>v</name>
      <initializationCode id="81">
        <code>evaluateInR(&apos;round(runif(1, 0.05, 0.99), 2)&apos;)</code>
        <domain>MATH</domain>
      </initializationCode>
    </VariableDeclaration>
    <VariableDeclaration id="82">
      <name>niv</name>
      <initializationCode id="83">
        <code>evaluateInR(&apos;round(runif(1, 0.85, 0.99), 2)&apos;)</code>
        <domain>MATH</domain>
      </initializationCode>
    </VariableDeclaration>
    <VariableDeclaration id="84">
      <name>u</name>
      <initializationCode id="85">
        <code>evaluateInR(&apos;qnorm((1-(1-[var=niv])/2))&apos;)</code>
        <domain>MATH</domain>
      </initializationCode>
    </VariableDeclaration>
    <VariableDeclaration id="86">
      <name>xquer</name>
      <initializationCode id="87">
        <code>evaluateInR(&apos;round(runif(1, 2, 9.9), 2)&apos;)</code>
        <domain>MATH</domain>
      </initializationCode>
    </VariableDeclaration>
    <VariableDeclaration id="88">
      <name>u_KI</name>
      <initializationCode id="89">
        <code>evaluateInR(&apos;round([var=xquer]-[var=u]*sqrt([var=v]/[var=n]), 4)&apos;)</code>
        <domain>MATH</domain>
      </initializationCode>
    </VariableDeclaration>
    <VariableDeclaration id="90">
      <name>o_KI</name>
      <initializationCode id="91">
        <code>evaluateInR(&apos;round([var=xquer]+[var=u]*sqrt([var=v]/[var=n]), 4)&apos;)</code>
        <domain>MATH</domain>
      </initializationCode>
    </VariableDeclaration>
    <VariableDeclaration id="92">
      <name>bv</name>
      <initializationCode id="93">
        <code>evaluateInR(&apos;round(runif(1, 4.4, 9.9), 2)&apos;)</code>
        <domain>MATH</domain>
      </initializationCode>
    </VariableDeclaration>
    <VariableDeclaration id="94">
      <name>bn</name>
      <initializationCode id="95">
        <code>randomIntegerBetween(5,20)</code>
        <domain>MATH</domain>
      </initializationCode>
    </VariableDeclaration>
    <VariableDeclaration id="96">
      <name>bi</name>
      <initializationCode id="97">
        <code>randomIntegerBetween(0,3)</code>
        <domain>MATH</domain>
      </initializationCode>
    </VariableDeclaration>
    <VariableDeclaration id="98">
      <name>bniv</name>
      <initializationCode id="99">
        <code>getFromList([var=bi], list(0.8,0.9,0.95,0.99))</code>
        <domain>MATH</domain>
      </initializationCode>
    </VariableDeclaration>
    <VariableDeclaration id="100">
      <name>bu</name>
      <initializationCode id="101">
        <code>evaluateInR(&apos;qt((1-(1-[var=bniv])/2), ([var=bn]-1))&apos;)</code>
        <domain>MATH</domain>
      </initializationCode>
    </VariableDeclaration>
    <VariableDeclaration id="102">
      <name>bxquer</name>
      <initializationCode id="103">
        <code>evaluateInR(&apos;round(runif(1, 5, 40), 0)&apos;)</code>
        <domain>MATH</domain>
      </initializationCode>
    </VariableDeclaration>
    <VariableDeclaration id="104">
      <name>bu_KI</name>
      <initializationCode id="105">
        <code>evaluateInR(&apos;round([var=bxquer]-[var=bu]*sqrt([var=bv]/[var=bn]), 4)&apos;)</code>
        <domain>MATH</domain>
      </initializationCode>
    </VariableDeclaration>
    <VariableDeclaration id="106">
      <name>bo_KI</name>
      <initializationCode id="107">
        <code>evaluateInR(&apos;round([var=bxquer]+[var=bu]*sqrt([var=bv]/[var=bn]), 4)&apos;)</code>
        <domain>MATH</domain>
      </initializationCode>
    </VariableDeclaration>
  </variableDeclarations>
  <jSXGraphs id="108"/>
  <dynamicMolecules id="109"/>
  <resultFeedbackMappings id="110"/>
</Exercise>