<Exercise id="1">
  <name>IS10-02 Konfidenzintervalle 2</name>
  <publicDescription></publicDescription>
  <internalNotes>Telefonrechnung, Konfidenzintervall NV

Die  Materialien sind lizenziert unter CC BY-NC-SA 4.0. Eine Kopie dieser Lizenz finden Sie unter http://creativecommons.org/licenses/by-nc-sa/4.0/

The materials are licensed under CC BY-NC-SA 4.0. You can find a copy of this license at http://creativecommons.org/licenses/by-nc-sa/4.0/
</internalNotes>
  <language>de</language>
  <difficulty>0</difficulty>
  <tags id="2">
    <Tag id="3">
      <name>IndStat</name>
    </Tag>
    <Tag id="4">
      <name>TR_neu</name>
    </Tag>
    <Tag id="5">
      <name>TR</name>
    </Tag>
  </tags>
  <resources id="6"/>
  <stages id="7">
    <FillInStage id="8">
      <internalName>1</internalName>
      <externalName>Stage 1</externalName>
      <taskDescription>&lt;strong&gt;Aufgabenstellung:&lt;/strong&gt;&lt;br /&gt;&#xd;
&lt;br /&gt;&#xd;
Ein Telefonanbieter w&amp;auml;hlt 100 seiner Kunden zuf&amp;auml;llig aus (einfache Zufallsstichprobe) und befragt sie nach der H&amp;ouml;he $X$ ihrer monatlichen Telefonrechnung (in Euro).&lt;br /&gt;&#xd;
&lt;br /&gt;&#xd;
Aus der Umfrage liegen folgende Ergebnisse vor:&lt;br /&gt;&#xd;
&lt;br /&gt;&#xd;
$\displaystyle\sum\limits_{i=1}^{100} x_i=[var=sumx]$&lt;br /&gt;&#xd;
&lt;br /&gt;&#xd;
$\displaystyle\sum\limits_{i=1}^{100} (x_i-\bar{x})^2=[var=sumsqdif]$.&lt;br /&gt;&#xd;
&lt;br /&gt;&#xd;
Gehen Sie davon aus, dass die H&amp;ouml;he der monatlichen Telefonrechnung $X$, eine normalverteilte Gr&amp;ouml;&amp;szlig;e ist.&lt;br /&gt;&#xd;
&lt;br /&gt;&#xd;
Geben Sie ein 95% Konfidenzintervall f&amp;uuml;r den Erwartungswert der H&amp;ouml;he der monatlichen Telefonrechnung an.&lt;br /&gt;&#xd;
&lt;br /&gt;&#xd;
&lt;strong&gt;Einreichung:&lt;/strong&gt;&lt;br /&gt;&#xd;
&lt;br /&gt;&#xd;
$\displaystyle[$&amp;nbsp;&lt;input name=&quot;field1&quot; size=&quot;8&quot; type=&quot;text&quot; value=&quot;field1&quot; /&gt;&amp;nbsp;; &amp;nbsp;&lt;input name=&quot;field2&quot; size=&quot;8&quot; type=&quot;text&quot; value=&quot;field2&quot; /&gt;&amp;nbsp;$\displaystyle]$&lt;br /&gt;&#xd;
&lt;br /&gt;&#xd;
&lt;em&gt;(Runden Sie, falls n&amp;ouml;tig, auf die zweite Nachkommastelle und verwenden Sie einen Dezimalpunkt.)&lt;/em&gt;&#xd;
&lt;p&gt;&lt;a href=&quot;https://webrtaschenrechner.netlify.app/&quot; onclick=&quot;window.open(&apos;https://webrtaschenrechner.netlify.app/&apos;,&apos;R Console&apos;,&apos;top=320, left=1525, width=400,height=600,menubar=no,toolbar=no,&apos;); return false;&quot; target=&quot;_blank&quot;&gt;&lt;img alt=&quot;R_ Logo&quot; pull-right=&quot;&quot; src=&quot;/econometrics/resource?resource=157444&quot; style=&quot;width: 40px; height: 50px; float: right; margin: 5px&quot; /&gt;&lt;/a&gt;&lt;/p&gt;</taskDescription>
      <skipMessage>Als Wert des Konfidenzintervalls ergibt sich: $\displaystyle[[var=u_KI];[var=o_KI]]$&lt;br /&gt;
&lt;br /&gt;
(Beachten Sie, dass dieser Wert mit dem Quantil der t-Verteilung berechnet wurde. Dieses lautet:$t_{99,0.975}\approx 1.984217$.)</skipMessage>
      <defaultTransition id="9">
        <conditionExpression id="10">
          <domain>MATH</domain>
        </conditionExpression>
        <stageExpression id="11">
          <domain>MATH</domain>
        </stageExpression>
        <isRepeat>true</isRepeat>
      </defaultTransition>
      <skipTransitions id="12">
        <StageTransition id="13">
          <conditionExpression id="14">
            <code></code>
            <domain>MATH</domain>
          </conditionExpression>
          <stageExpression id="15">
            <domain>MATH</domain>
          </stageExpression>
          <isRepeat>false</isRepeat>
        </StageTransition>
      </skipTransitions>
      <stageTransitions id="16">
        <StageTransition id="17">
          <conditionExpression id="18">
            <code></code>
            <domain>MATH</domain>
          </conditionExpression>
          <stageExpression id="19">
            <code>[meta=stageCurrentResult]&gt;=100</code>
            <domain>MATH</domain>
          </stageExpression>
          <isRepeat>false</isRepeat>
        </StageTransition>
      </stageTransitions>
      <hints id="20">
        <StageHint id="21">
          <stagehint__order>0</stagehint__order>
          <text>$X\sim \mathcal{N}(\mu,\sigma^2)$, wobei $\sigma^2$ unbekannt.&lt;br /&gt;
&lt;br /&gt;
(Es ist ein weiterer Hinweis vorhanden.)</text>
          <malus>0</malus>
          <stage class="FillInStage" reference="8"/>
        </StageHint>
        <StageHint id="22">
          <stagehint__order>1</stagehint__order>
          <text>Ist das Stichprobenmittel in diesem Fall auch normalverteilt?&lt;br /&gt;
&lt;br /&gt;
(Es ist ein weiterer Hinweis vorhanden.)</text>
          <malus>0</malus>
          <stage class="FillInStage" reference="8"/>
        </StageHint>
        <StageHint id="23">
          <stagehint__order>2</stagehint__order>
          <text>Da $\sigma^2$ unbekannt ist und gesch&amp;auml;tzt wird, ist $\sqrt{n}\frac{\bar{X}}{S}$ $t$-verteilt mit 99 Freiheitsgraden.&lt;br /&gt;
&lt;br /&gt;
(Es ist ein weiterer Hinweis vorhanden.)</text>
          <malus>0</malus>
          <stage class="FillInStage" reference="8"/>
        </StageHint>
        <StageHint id="24">
          <stagehint__order>3</stagehint__order>
          <text>$P\left(\bar{X} - t_{1-\alpha / 2} \cdot \frac{\sigma}{\sqrt{n}} \le \mu \le \bar{X} + t_{1-\alpha / 2} \cdot \frac{\sigma}{\sqrt{n}} \right)$ wobei $t_{1-\alpha / 2}$ das $1-\alpha / 2$-Quantil der $t$-Verteilung mit $n-1$ Freiheitsgraden ist.&lt;br /&gt;
&lt;br /&gt;
(Der n&amp;auml;chste und letzte Hinweis zeigt Ihnen, wie Sie die Aufgabe mit R l&amp;ouml;sen k&amp;ouml;nnen)</text>
          <malus>0</malus>
          <stage class="FillInStage" reference="8"/>
        </StageHint>
        <StageHint id="25">
          <stagehint__order>4</stagehint__order>
          <text>Mit dem folgenden Befehl lassen sich die Schwankungen um $\bar{X}$ in R bestimmen:&lt;br /&gt;
$\verb|qt(p, df) * sqrt([var=sumsqdif] / 99 / 100)|$ wobei $\verb|p|=0.975$ und $\verb|df|=99$.</text>
          <malus>0</malus>
          <stage class="FillInStage" reference="8"/>
        </StageHint>
      </hints>
      <variableUpdatesOnEnter id="26"/>
      <variableUpdatesBeforeCheck id="27"/>
      <variableUpdatesAfterCheck id="28"/>
      <variableUpdatesOnNormalExit id="29"/>
      <variableUpdatesOnRepeat id="30"/>
      <variableUpdatesOnSkip id="31"/>
      <weight>1</weight>
      <orderIndex>0</orderIndex>
      <allowSkip>true</allowSkip>
      <resources id="32"/>
      <rules id="33"/>
      <fillInFields id="34">
        <FillInField id="35">
          <name>field2</name>
          <orderIndex>1</orderIndex>
          <size>8</size>
          <formularEditorType>NUMBER</formularEditorType>
        </FillInField>
        <FillInField id="36">
          <name>field1</name>
          <orderIndex>0</orderIndex>
          <size>8</size>
          <formularEditorType>NUMBER</formularEditorType>
        </FillInField>
      </fillInFields>
      <dropDownFields id="37"/>
      <formularEditorPalette>MATHDOX_FORMULAR_EDITOR_BASIC</formularEditorPalette>
      <defaultFeedback>Leider nicht korrekt.&lt;br /&gt;
&lt;br /&gt;
Als Wert des Konfidenzintervalls ergibt sich: $\displaystyle[[var=u_KI];[var=o_KI]]$&lt;br /&gt;
(Beachten Sie, dass dieser Wert mit dem Quantil der t-Verteilung berechnet wurde. Dieses lautet:$t_{99,0.975}\approx 1.984217$.)</defaultFeedback>
      <correctAnswerRules id="38">
        <Rule id="39">
          <name>CorrectAnswer1</name>
          <orderIndex>1</orderIndex>
          <validationExpression id="40">
            <code>!isEmpty([input=field1])&amp;&amp;isRealNumber([input=field1])&amp;&amp;!isEmpty([input=field2])&amp;&amp;isRealNumber([input=field2])&amp;&amp;[input=field1]&gt;[var=u_KI]-0.11&amp;&amp;[input=field1]&lt;[var=u_KI]+0.11&amp;&amp;[input=field2]&gt;[var=o_KI]-0.11&amp;&amp;[input=field2]&lt;[var=o_KI]+0.11</code>
            <domain>MATH</domain>
          </validationExpression>
          <points>0</points>
          <terminal>false</terminal>
        </Rule>
      </correctAnswerRules>
      <correctAnswerFeedback>Richtig.</correctAnswerFeedback>
      <defaultResult>0</defaultResult>
    </FillInStage>
  </stages>
  <startStage class="FillInStage" reference="8"/>
  <variableDeclarations id="41">
    <VariableDeclaration id="42">
      <name>sumx</name>
      <initializationCode id="43">
        <code>randomIntegerBetween(2000,4000)</code>
        <domain>MATH</domain>
      </initializationCode>
    </VariableDeclaration>
    <VariableDeclaration id="44">
      <name>sumsqdif</name>
      <initializationCode id="45">
        <code>randomIntegerBetween(8548,11423)</code>
        <domain>MATH</domain>
      </initializationCode>
    </VariableDeclaration>
    <VariableDeclaration id="46">
      <name>xquer</name>
      <initializationCode id="47">
        <code>evaluateInR(&apos;round([var=sumx]/100, 4)&apos;)</code>
        <domain>MATH</domain>
      </initializationCode>
    </VariableDeclaration>
    <VariableDeclaration id="48">
      <name>sigma</name>
      <initializationCode id="49">
        <code>evaluateInR(&apos;round([var=sumsqdif]/99, 4)&apos;)</code>
        <domain>MATH</domain>
      </initializationCode>
    </VariableDeclaration>
    <VariableDeclaration id="50">
      <name>u_KI</name>
      <initializationCode id="51">
        <code>evaluateInR(&apos;round([var=xquer]-qt(0.975, 99)*(sqrt([var=sigma])/10), 2)&apos;)</code>
        <domain>MATH</domain>
      </initializationCode>
    </VariableDeclaration>
    <VariableDeclaration id="52">
      <name>o_KI</name>
      <initializationCode id="53">
        <code>evaluateInR(&apos;round([var=xquer]+qt(0.975, 99)*(sqrt([var=sigma])/10), 2)&apos;)</code>
        <domain>MATH</domain>
      </initializationCode>
    </VariableDeclaration>
  </variableDeclarations>
  <jSXGraphs id="54"/>
  <dynamicMolecules id="55"/>
  <resultFeedbackMappings id="56"/>
</Exercise>