<Exercise id="1">
  <name>IS10-05 Konfidenzintervalle 5</name>
  <publicDescription></publicDescription>
  <internalNotes>No-Show Quoten Airline

Die  Materialien sind lizenziert unter CC BY-NC-SA 4.0. Eine Kopie dieser Lizenz finden Sie unter http://creativecommons.org/licenses/by-nc-sa/4.0/

The materials are licensed under CC BY-NC-SA 4.0. You can find a copy of this license at http://creativecommons.org/licenses/by-nc-sa/4.0/</internalNotes>
  <language>de</language>
  <difficulty>0</difficulty>
  <tags id="2">
    <Tag id="3">
      <name>IndStat</name>
    </Tag>
    <Tag id="4">
      <name>TR_neu</name>
    </Tag>
    <Tag id="5">
      <name>TR</name>
    </Tag>
  </tags>
  <resources id="6"/>
  <stages id="7">
    <FillInStage id="8">
      <internalName>1</internalName>
      <externalName>Stage 1</externalName>
      <taskDescription>&lt;strong&gt;Aufgabenstellung:&lt;/strong&gt;&lt;br /&gt;&#xd;
&lt;br /&gt;&#xd;
Auf einer bestimmen Flugroute wird ein Flugzeug mit $182$ Sitzen eingesetzt.&lt;br /&gt;&#xd;
Langfristige Untersuchungen zeigen, dass die &amp;quot;No-Show Quoten&amp;quot;, d.h. die relative H&amp;auml;ufigkeit $f$ der Pasagiere, die gebucht haben, aber nicht beim Check-In auftauchen im Mittel bei $[var=f]$ liegen.&lt;br /&gt;&#xd;
&lt;br /&gt;&#xd;
Wie viele Passagiere (von den bisherigen Fl&amp;uuml;gen) m&amp;uuml;ssen erfasst werden, damit das $\alpha=5\%$ Konfidenzintervall f&amp;uuml;r den Anteilswert $\theta$ durch $\theta\in[f-[var=d],f+[var=d]]$ gegeben ist?&lt;br /&gt;&#xd;
&lt;br /&gt;&#xd;
&lt;strong&gt;Einreichung:&lt;/strong&gt; &lt;input name=&quot;field1&quot; size=&quot;6&quot; type=&quot;text&quot; value=&quot;field1&quot; /&gt;&amp;nbsp;&lt;br /&gt;&#xd;
&lt;br /&gt;&#xd;
&lt;em&gt;(Runden Sie, falls n&amp;ouml;tig, auf ganze Zahlen.)&lt;/em&gt;&#xd;
&lt;p&gt;&lt;a href=&quot;https://webrtaschenrechner.netlify.app/&quot; onclick=&quot;window.open(&apos;https://webrtaschenrechner.netlify.app/&apos;,&apos;R Console&apos;,&apos;top=320, left=1525, width=400,height=600,menubar=no,toolbar=no,&apos;); return false;&quot; target=&quot;_blank&quot;&gt;&lt;img alt=&quot;R_ Logo&quot; pull-right=&quot;&quot; src=&quot;/econometrics/resource?resource=157444&quot; style=&quot;width: 40px; height: 50px; float: right; margin: 5px&quot; /&gt;&lt;/a&gt;&lt;/p&gt;</taskDescription>
      <skipMessage>Es m&amp;uuml;ssten $[var=sol1]$ Passagiere erfasst werden.</skipMessage>
      <defaultTransition id="9">
        <conditionExpression id="10">
          <domain>MATH</domain>
        </conditionExpression>
        <stageExpression id="11">
          <domain>MATH</domain>
        </stageExpression>
        <isRepeat>true</isRepeat>
      </defaultTransition>
      <skipTransitions id="12">
        <StageTransition id="13">
          <conditionExpression id="14">
            <code></code>
            <domain>MATH</domain>
          </conditionExpression>
          <stageExpression id="15">
            <domain>MATH</domain>
          </stageExpression>
          <targetStage class="FillInStage" id="16">
            <internalName>2</internalName>
            <externalName>Stage 2</externalName>
            <taskDescription>&lt;strong&gt;Aufgabenstellung:&lt;/strong&gt;&lt;br /&gt;&#xd;
&lt;br /&gt;&#xd;
Aufgrund der &amp;quot;No-Show Quoten&amp;quot; &amp;uuml;berlegt die Fluggesellschaft mehr Karten zu verkaufen, als Sitze vorhanden sind. Jedes Ticket bringt einen Gewinn von $100$ Euro, jedoch ergeben sich Kosten von $500$ Euro, falls ein Passagier keinen Platz mehr erh&amp;auml;lt, obwohl er ein Ticket erworben hat.&lt;br /&gt;&#xd;
&lt;br /&gt;&#xd;
Wie hoch ist der finanzielle Vorteil der Fluggesellschaft, wenn Sie das Flugzeug mit $[var=ueber]$ Tickets &amp;uuml;berbucht?&lt;br /&gt;&#xd;
Nehmen Sie dabei an, dass der Sch&amp;auml;tzfehler von $\theta$ vernachl&amp;auml;ssigbar klein ist. &amp;nbsp;&lt;br /&gt;&#xd;
&lt;br /&gt;&#xd;
&lt;strong&gt;Einreichung:&lt;/strong&gt;&lt;br /&gt;&#xd;
&lt;br /&gt;&#xd;
&lt;input name=&quot;field1&quot; size=&quot;6&quot; type=&quot;text&quot; value=&quot;field1&quot; /&gt;&amp;nbsp; Euro&lt;br /&gt;&#xd;
&lt;br /&gt;&#xd;
&lt;em&gt;(Runden Sie, falls n&amp;ouml;tig, auf die zweite Nachkommastelle und verwenden Sie einen Dezimalpunkt.)&lt;/em&gt;&#xd;
&lt;p&gt;&lt;a href=&quot;https://webrtaschenrechner.netlify.app/&quot; onclick=&quot;window.open(&apos;https://webrtaschenrechner.netlify.app/&apos;,&apos;R Console&apos;,&apos;top=320, left=1525, width=400,height=600,menubar=no,toolbar=no,&apos;); return false;&quot; target=&quot;_blank&quot;&gt;&lt;img alt=&quot;R_ Logo&quot; pull-right=&quot;&quot; src=&quot;/econometrics/resource?resource=157444&quot; style=&quot;width: 40px; height: 50px; float: right; margin: 5px&quot; /&gt;&lt;/a&gt;&lt;/p&gt;</taskDescription>
            <skipMessage>Der zus&amp;auml;tzliche Gewinn betr&amp;auml;gt $[var=sol2]$ Euro.&lt;br /&gt;
Durch die Approximation durch die Normalverteilung betr&amp;auml;gt der zus&amp;auml;tzliche Gewinn $[var=approx]$ Euro.</skipMessage>
            <defaultTransition id="17">
              <conditionExpression id="18">
                <domain>MATH</domain>
              </conditionExpression>
              <stageExpression id="19">
                <domain>MATH</domain>
              </stageExpression>
              <isRepeat>true</isRepeat>
            </defaultTransition>
            <skipTransitions id="20">
              <StageTransition id="21">
                <conditionExpression id="22">
                  <code></code>
                  <domain>MATH</domain>
                </conditionExpression>
                <stageExpression id="23">
                  <domain>MATH</domain>
                </stageExpression>
                <isRepeat>false</isRepeat>
              </StageTransition>
            </skipTransitions>
            <stageTransitions id="24">
              <StageTransition id="25">
                <conditionExpression id="26">
                  <code></code>
                  <domain>MATH</domain>
                </conditionExpression>
                <stageExpression id="27">
                  <code>[meta=stageCurrentResult]&gt;=100</code>
                  <domain>MATH</domain>
                </stageExpression>
                <isRepeat>false</isRepeat>
              </StageTransition>
            </stageTransitions>
            <hints id="28">
              <StageHint id="29">
                <stagehint__order>0</stagehint__order>
                <text>Wenn $u$ die Zahl der &amp;uuml;berbuchten Pl&amp;auml;tze bezeichnet, dann ist die Zufallsvariable $G$ &amp;quot;zus&amp;auml;tzlicher Gewinn&amp;quot; gegeben durch $G(X)= \begin{cases} gu - k_s(X-182) &amp;amp; X &amp;gt; 182 \\ gu &amp;amp; X \leq 182 \end{cases}$ mit $g=100$ (Euro), $k_s=500$ Euro und $u=[var=ueber]$ Tickets.&lt;br /&gt;
Der zus&amp;auml;tzliche Gewinn h&amp;auml;ngt also von der Zufallsvariable $X$ &amp;quot;Zahl der erschienenen Flugg&amp;auml;ste&amp;quot; ab, welcher einer Binomialverteilung folgt. Diese kann zwecks Vereinfachung mit der Normalverteilung approximiert werden. Daraus berechnet sich nun der erwartete &amp;quot;zus&amp;auml;tzliche Gewinn&amp;quot;.</text>
                <malus>0</malus>
                <stage class="FillInStage" reference="16"/>
              </StageHint>
            </hints>
            <variableUpdatesOnEnter id="30"/>
            <variableUpdatesBeforeCheck id="31"/>
            <variableUpdatesAfterCheck id="32"/>
            <variableUpdatesOnNormalExit id="33"/>
            <variableUpdatesOnRepeat id="34"/>
            <variableUpdatesOnSkip id="35"/>
            <weight>1</weight>
            <orderIndex>1</orderIndex>
            <allowSkip>true</allowSkip>
            <resources id="36"/>
            <rules id="37"/>
            <fillInFields id="38">
              <FillInField id="39">
                <name>field1</name>
                <orderIndex>0</orderIndex>
                <size>6</size>
                <formularEditorType>NUMBER</formularEditorType>
              </FillInField>
            </fillInFields>
            <dropDownFields id="40"/>
            <formularEditorPalette>MATHDOX_FORMULAR_EDITOR_BASIC</formularEditorPalette>
            <defaultFeedback>Leider nicht korrekt.&lt;br /&gt;
&lt;br /&gt;
Der zus&amp;auml;tzliche Gewinn betr&amp;auml;gt $[var=sol2]$ Euro.&lt;br /&gt;
Durch die Approximation durch die Normalverteilung betr&amp;auml;gt der zus&amp;auml;tzliche Gewinn $[var=approx]$ Euro.</defaultFeedback>
            <correctAnswerRules id="41">
              <Rule id="42">
                <name>CorrectAnswer1</name>
                <orderIndex>1</orderIndex>
                <validationExpression id="43">
                  <code>!isEmpty([input=field1])&amp;&amp;isRealNumber([input=field1])&amp;&amp;[input=field1]&gt;[var=sol2]-[var=tol]-0.1&amp;&amp;[input=field1]&lt;[var=sol2]+[var=tol]+0.1</code>
                  <domain>MATH</domain>
                </validationExpression>
                <points>0</points>
                <terminal>false</terminal>
              </Rule>
            </correctAnswerRules>
            <correctAnswerFeedback>Richtig.</correctAnswerFeedback>
            <defaultResult>0</defaultResult>
          </targetStage>
          <isRepeat>false</isRepeat>
        </StageTransition>
      </skipTransitions>
      <stageTransitions id="44">
        <StageTransition id="45">
          <conditionExpression id="46">
            <code></code>
            <domain>MATH</domain>
          </conditionExpression>
          <stageExpression id="47">
            <code>[meta=stageCurrentResult]&gt;=100</code>
            <domain>MATH</domain>
          </stageExpression>
          <targetStage class="FillInStage" reference="16"/>
          <isRepeat>false</isRepeat>
        </StageTransition>
      </stageTransitions>
      <hints id="48"/>
      <variableUpdatesOnEnter id="49"/>
      <variableUpdatesBeforeCheck id="50"/>
      <variableUpdatesAfterCheck id="51"/>
      <variableUpdatesOnNormalExit id="52"/>
      <variableUpdatesOnRepeat id="53"/>
      <variableUpdatesOnSkip id="54"/>
      <weight>1</weight>
      <orderIndex>0</orderIndex>
      <allowSkip>true</allowSkip>
      <resources id="55"/>
      <rules id="56"/>
      <fillInFields id="57">
        <FillInField id="58">
          <name>field1</name>
          <orderIndex>0</orderIndex>
          <size>6</size>
          <formularEditorType>NUMBER</formularEditorType>
        </FillInField>
      </fillInFields>
      <dropDownFields id="59"/>
      <formularEditorPalette>MATHDOX_FORMULAR_EDITOR_BASIC</formularEditorPalette>
      <defaultFeedback>Leider nicht korrekt.&lt;br /&gt;
&lt;br /&gt;
Es m&amp;uuml;ssten $[var=sol1]$ Passagiere erfasst werden.</defaultFeedback>
      <correctAnswerRules id="60">
        <Rule id="61">
          <name>CorrectAnswer1</name>
          <orderIndex>1</orderIndex>
          <validationExpression id="62">
            <code>!isEmpty([input=field1])&amp;&amp;isRealNumber([input=field1])&amp;&amp;[input=field1]&gt;[var=sol1]-1.1&amp;&amp;[input=field1]&lt;[var=sol1]+1.1</code>
            <domain>MATH</domain>
          </validationExpression>
          <points>0</points>
          <terminal>false</terminal>
        </Rule>
      </correctAnswerRules>
      <correctAnswerFeedback>Richtig.</correctAnswerFeedback>
      <defaultResult>0</defaultResult>
    </FillInStage>
    <FillInStage reference="16"/>
  </stages>
  <startStage class="FillInStage" reference="8"/>
  <variableDeclarations id="63">
    <VariableDeclaration id="64">
      <name>f</name>
      <initializationCode id="65">
        <code>evaluateInR(&apos;round(runif(1, 0.09, 0.14), 2)&apos;)</code>
        <domain>MATH</domain>
      </initializationCode>
    </VariableDeclaration>
    <VariableDeclaration id="66">
      <name>d</name>
      <initializationCode id="67">
        <code>evaluateInR(&apos;round(runif(1, 0.01, 0.04), 2)&apos;)</code>
        <domain>MATH</domain>
      </initializationCode>
    </VariableDeclaration>
    <VariableDeclaration id="68">
      <name>v</name>
      <initializationCode id="69">
        <code>([var=f])*(1-([var=f]))</code>
        <domain>MATH</domain>
      </initializationCode>
    </VariableDeclaration>
    <VariableDeclaration id="70">
      <name>sol1</name>
      <initializationCode id="71">
        <code>evaluateInR(&apos;round(([var=v]*qnorm(0.975)^2)/[var=d]^2, 0)&apos;)</code>
        <domain>MATH</domain>
      </initializationCode>
    </VariableDeclaration>
    <VariableDeclaration id="72">
      <name>ueber</name>
      <initializationCode id="73">
        <code>randomIntegerBetween(10,30)</code>
        <domain>MATH</domain>
      </initializationCode>
    </VariableDeclaration>
    <VariableDeclaration id="74">
      <name>n</name>
      <initializationCode id="75">
        <code>182+[var=ueber]</code>
        <domain>MATH</domain>
      </initializationCode>
    </VariableDeclaration>
    <VariableDeclaration id="76">
      <name>sol2u</name>
      <initializationCode id="77">
        <code>evaluateInR(&apos;([var=ueber]*100-sum(dbinom(183:[var=n], [var=n], 1-[var=f])*cumsum(rep(500, [var=ueber]))))&apos;)</code>
        <domain>MATH</domain>
      </initializationCode>
    </VariableDeclaration>
    <VariableDeclaration id="78">
      <name>sol2</name>
      <initializationCode id="79">
        <code>evaluateInR(&apos;round([var=sol2u], 2)&apos;)</code>
        <domain>MATH</domain>
      </initializationCode>
    </VariableDeclaration>
    <VariableDeclaration id="80">
      <name>approxu</name>
      <initializationCode id="81">
        <code>evaluateInR(&apos;([var=ueber]*100-sum(dnorm(183:[var=n],mean = [var=n]*(1-[var=f]), sd=sqrt([var=n]*[var=v])) * cumsum(rep(500, [var=ueber]))))&apos;)</code>
        <domain>MATH</domain>
      </initializationCode>
    </VariableDeclaration>
    <VariableDeclaration id="82">
      <name>approx</name>
      <initializationCode id="83">
        <code>evaluateInR(&apos;round([var=approxu], 2)&apos;)</code>
        <domain>MATH</domain>
      </initializationCode>
    </VariableDeclaration>
    <VariableDeclaration id="84">
      <name>tol</name>
      <initializationCode id="85">
        <code>evaluateInR(&apos;abs(([var=approxu])-([var=sol2u]))&apos;)</code>
        <domain>MATH</domain>
      </initializationCode>
    </VariableDeclaration>
  </variableDeclarations>
  <jSXGraphs id="86"/>
  <dynamicMolecules id="87"/>
  <resultFeedbackMappings id="88"/>
</Exercise>