<Exercise id="1">
  <name>IS10-03 Konfidenzintervalle 3</name>
  <publicDescription></publicDescription>
  <internalNotes>Tschebyscheff KI

Die  Materialien sind lizenziert unter CC BY-NC-SA 4.0. Eine Kopie dieser Lizenz finden Sie unter http://creativecommons.org/licenses/by-nc-sa/4.0/

The materials are licensed under CC BY-NC-SA 4.0. You can find a copy of this license at http://creativecommons.org/licenses/by-nc-sa/4.0/</internalNotes>
  <language>de</language>
  <difficulty>0</difficulty>
  <tags id="2">
    <Tag id="3">
      <name>IndStat</name>
    </Tag>
    <Tag id="4">
      <name>TR_neu</name>
    </Tag>
    <Tag id="5">
      <name>TR</name>
    </Tag>
  </tags>
  <resources id="6"/>
  <stages id="7">
    <FillInStage id="8">
      <internalName>1</internalName>
      <externalName>Stage 1</externalName>
      <taskDescription>&lt;strong&gt;Aufgabenstellung:&lt;/strong&gt;&lt;br /&gt;&#xd;
&lt;br /&gt;&#xd;
F&amp;uuml;r die L&amp;ouml;sung einer Statistikklausuraufgabe ben&amp;ouml;tigten $n=9$ Studenten eines Semesters mit mehr als $200$ Studenten im Durchschnitt $[var=mit]$ Minuten. Die Standardabweichung in der Grundgesamtheit betr&amp;auml;gt $[var=st]$ Minuten.&lt;br /&gt;&#xd;
&lt;br /&gt;&#xd;
Berechnen Sie das $95\%$-Konfidenzintervall f&amp;uuml;r die mittlere L&amp;ouml;sungszeit aller Studenten dieses Semesters f&amp;uuml;r die Klausuraufgabe unter Verwendung der Ungleichung von Tschebyscheff.&lt;br /&gt;&#xd;
&lt;br /&gt;&#xd;
&lt;strong&gt;Einreichung:&lt;/strong&gt;&lt;br /&gt;&#xd;
&lt;br /&gt;&#xd;
$\displaystyle P($&amp;nbsp;&lt;input name=&quot;field1&quot; size=&quot;6&quot; type=&quot;text&quot; value=&quot;field1&quot; /&gt;&amp;nbsp;$\displaystyle \leq \mu\leq$&amp;nbsp;&lt;input name=&quot;field2&quot; size=&quot;6&quot; type=&quot;text&quot; value=&quot;field2&quot; /&gt;&amp;nbsp;$\displaystyle )\geq 0.95.$&lt;br /&gt;&#xd;
&lt;br /&gt;&#xd;
&lt;em&gt;(Runden Sie, falls n&amp;ouml;tig, auf die zweite Nachkommastelle und verwenden Sie einen Dezimalpunkt.)&lt;/em&gt;&#xd;
&lt;p&gt;&lt;a href=&quot;https://webrtaschenrechner.netlify.app/&quot; onclick=&quot;window.open(&apos;https://webrtaschenrechner.netlify.app/&apos;,&apos;R Console&apos;,&apos;top=320, left=1525, width=400,height=600,menubar=no,toolbar=no,&apos;); return false;&quot; target=&quot;_blank&quot;&gt;&lt;img alt=&quot;R_ Logo&quot; pull-right=&quot;&quot; src=&quot;/econometrics/resource?resource=157444&quot; style=&quot;width: 40px; height: 50px; float: right; margin: 5px&quot; /&gt;&lt;/a&gt;&lt;/p&gt;</taskDescription>
      <skipMessage>$P(|[var=mit]-\mu|\leq [var=d])\geq 0.95$ bzw. $P([var=u_KI]\leq \mu\leq [var=o_KI])\geq 0.95$</skipMessage>
      <defaultTransition id="9">
        <conditionExpression id="10">
          <domain>MATH</domain>
        </conditionExpression>
        <stageExpression id="11">
          <domain>MATH</domain>
        </stageExpression>
        <isRepeat>true</isRepeat>
      </defaultTransition>
      <skipTransitions id="12">
        <StageTransition id="13">
          <conditionExpression id="14">
            <code></code>
            <domain>MATH</domain>
          </conditionExpression>
          <stageExpression id="15">
            <domain>MATH</domain>
          </stageExpression>
          <targetStage class="FillInStage" id="16">
            <internalName>2</internalName>
            <externalName>Stage 2</externalName>
            <taskDescription>&lt;strong&gt;Aufgabenstellung:&lt;/strong&gt;&lt;br /&gt;&#xd;
&lt;br /&gt;&#xd;
Berechnen Sie das $95\%$-Konfidenzintervall f&amp;uuml;r die mittlere L&amp;ouml;sungszeit aller Studenten dieses Semesters f&amp;uuml;r die Klausuraufgabe unter Ber&amp;uuml;cksichtigung der zus&amp;auml;tzlichen Information, dass das zu untersuchende Merkmal normalverteilt ist.&lt;br /&gt;&#xd;
Au&amp;szlig;erdem ist die Varianz der Grundgesamtheit unbekannt und wurde mit $[var=Vg] \text{Min}^{2}$ gesch&amp;auml;tzt!&lt;br /&gt;&#xd;
&lt;br /&gt;&#xd;
&lt;strong&gt;Einreichung:&lt;/strong&gt;&lt;br /&gt;&#xd;
&lt;br /&gt;&#xd;
$\displaystyle P($&amp;nbsp;&lt;input name=&quot;field1&quot; size=&quot;6&quot; type=&quot;text&quot; value=&quot;field1&quot; /&gt;&amp;nbsp;$\displaystyle \leq \mu\leq$&amp;nbsp;&lt;input name=&quot;field2&quot; size=&quot;6&quot; type=&quot;text&quot; value=&quot;field2&quot; /&gt;&amp;nbsp;$\displaystyle )= 0.95.$&lt;br /&gt;&#xd;
&lt;br /&gt;&#xd;
&lt;em&gt;(Runden Sie, falls n&amp;ouml;tig, auf die zweite Nachkommastelle und verwenden Sie einen Dezimalpunkt.)&lt;/em&gt;&#xd;
&lt;p&gt;&lt;a href=&quot;https://webrtaschenrechner.netlify.app/&quot; onclick=&quot;window.open(&apos;https://webrtaschenrechner.netlify.app/&apos;,&apos;R Console&apos;,&apos;top=320, left=1525, width=400,height=600,menubar=no,toolbar=no,&apos;); return false;&quot; target=&quot;_blank&quot;&gt;&lt;img alt=&quot;R_ Logo&quot; pull-right=&quot;&quot; src=&quot;/econometrics/resource?resource=157444&quot; style=&quot;width: 40px; height: 50px; float: right; margin: 5px&quot; /&gt;&lt;/a&gt;&lt;/p&gt;</taskDescription>
            <skipMessage>$P([var=buKI] \leq \mu \leq [var=boKI])=0.95.$</skipMessage>
            <defaultTransition id="17">
              <conditionExpression id="18">
                <domain>MATH</domain>
              </conditionExpression>
              <stageExpression id="19">
                <domain>MATH</domain>
              </stageExpression>
              <isRepeat>true</isRepeat>
            </defaultTransition>
            <skipTransitions id="20">
              <StageTransition id="21">
                <conditionExpression id="22">
                  <code></code>
                  <domain>MATH</domain>
                </conditionExpression>
                <stageExpression id="23">
                  <domain>MATH</domain>
                </stageExpression>
                <isRepeat>false</isRepeat>
              </StageTransition>
            </skipTransitions>
            <stageTransitions id="24">
              <StageTransition id="25">
                <conditionExpression id="26">
                  <code></code>
                  <domain>MATH</domain>
                </conditionExpression>
                <stageExpression id="27">
                  <code>[meta=stageCurrentResult]&gt;=100</code>
                  <domain>MATH</domain>
                </stageExpression>
                <isRepeat>false</isRepeat>
              </StageTransition>
            </stageTransitions>
            <hints id="28">
              <StageHint id="29">
                <stagehint__order>0</stagehint__order>
                <text>Gegeben: $X:N(\mu,\sigma^2)\quad \bar{x}=[var=mit] ;\quad s^2=[var=Vg]; \quad n=9$.&lt;br /&gt;
$\sigma^2$ unbekannt und wurde gesch&amp;auml;tzt $\Rightarrow Z=\dfrac{\bar{X}-\mu}{\frac{S}{\sqrt{n}}} :\quad t(n-1)$-verteilt&lt;br /&gt;
Konfidenzintervall : $P\left[-t(1- \frac{\alpha}{2};n-1)\leq Z \leq t(1-\frac{\alpha}{2};n-1)\right]=1- \alpha$</text>
                <malus>0</malus>
                <stage class="FillInStage" reference="16"/>
              </StageHint>
            </hints>
            <variableUpdatesOnEnter id="30"/>
            <variableUpdatesBeforeCheck id="31"/>
            <variableUpdatesAfterCheck id="32"/>
            <variableUpdatesOnNormalExit id="33"/>
            <variableUpdatesOnRepeat id="34"/>
            <variableUpdatesOnSkip id="35"/>
            <weight>1</weight>
            <orderIndex>1</orderIndex>
            <allowSkip>true</allowSkip>
            <resources id="36"/>
            <rules id="37">
              <Rule id="38">
                <name>Feedback_2</name>
                <orderIndex>2</orderIndex>
                <validationExpression id="39">
                  <code>!isEmpty([input=field2])&amp;&amp;isRealNumber([input=field2])&amp;&amp;[input=field2]&gt;[var=boKI]-0.011&amp;&amp;[input=field2]&lt;[var=boKI]+0.011</code>
                  <domain>MATH</domain>
                </validationExpression>
                <feedbackText>Obere Grenze des Konfidenzintervall korrekt</feedbackText>
                <points>50</points>
                <terminal>false</terminal>
              </Rule>
              <Rule id="40">
                <name>Feedback_1</name>
                <orderIndex>1</orderIndex>
                <validationExpression id="41">
                  <code>!isEmpty([input=field1])&amp;&amp;isRealNumber([input=field1])&amp;&amp;[input=field1]&gt;[var=buKI]-0.011&amp;&amp;[input=field1]&lt;[var=buKI]+0.011</code>
                  <domain>MATH</domain>
                </validationExpression>
                <feedbackText>Untere Grenze des Konfidenzintervall korrekt</feedbackText>
                <points>50</points>
                <terminal>false</terminal>
              </Rule>
            </rules>
            <fillInFields id="42">
              <FillInField id="43">
                <name>field2</name>
                <orderIndex>1</orderIndex>
                <size>6</size>
                <formularEditorType>NUMBER</formularEditorType>
              </FillInField>
              <FillInField id="44">
                <name>field1</name>
                <orderIndex>0</orderIndex>
                <size>6</size>
                <formularEditorType>NUMBER</formularEditorType>
              </FillInField>
            </fillInFields>
            <dropDownFields id="45"/>
            <formularEditorPalette>MATHDOX_FORMULAR_EDITOR_BASIC</formularEditorPalette>
            <defaultFeedback>Leider nicht korrekt.&lt;br /&gt;
&lt;br /&gt;
$P([var=buKI] \leq \mu \leq [var=boKI])=0.95.$</defaultFeedback>
            <correctAnswerRules id="46">
              <Rule id="47">
                <name>CorrectAnswer1</name>
                <orderIndex>1</orderIndex>
                <validationExpression id="48">
                  <code>!isEmpty([input=field1])&amp;&amp;isRealNumber([input=field1])&amp;&amp;!isEmpty([input=field2])&amp;&amp;isRealNumber([input=field2])&amp;&amp;[input=field1]&gt;[var=buKI]-0.011&amp;&amp;[input=field1]&lt;[var=buKI]+0.011&amp;&amp;[input=field2]&gt;[var=boKI]-0.011&amp;&amp;[input=field2]&lt;[var=boKI]+0.011</code>
                  <domain>MATH</domain>
                </validationExpression>
                <points>0</points>
                <terminal>false</terminal>
              </Rule>
            </correctAnswerRules>
            <correctAnswerFeedback>Richtig.</correctAnswerFeedback>
            <defaultResult>0</defaultResult>
          </targetStage>
          <isRepeat>false</isRepeat>
        </StageTransition>
      </skipTransitions>
      <stageTransitions id="49">
        <StageTransition id="50">
          <conditionExpression id="51">
            <code></code>
            <domain>MATH</domain>
          </conditionExpression>
          <stageExpression id="52">
            <code>[meta=stageCurrentResult]&gt;=100</code>
            <domain>MATH</domain>
          </stageExpression>
          <targetStage class="FillInStage" reference="16"/>
          <isRepeat>false</isRepeat>
        </StageTransition>
      </stageTransitions>
      <hints id="53">
        <StageHint id="54">
          <stagehint__order>0</stagehint__order>
          <text>Gegeben: $\bar{x}=[var=mit]; \quad n=9; \quad \sigma=[var=st]$.&lt;br /&gt;
&lt;br /&gt;
Ungleichung von Tschebyscheff bezogen auf den Stichprobenmittelwert:&lt;br /&gt;
$P(|\bar{X}-\mu|\leq k\sigma_{\bar{X}})\geq 1-\frac{1}{k^2}$&lt;br /&gt;
&lt;br /&gt;
(Es ist ein weiterer Hinweis vorhanden.)</text>
          <malus>0</malus>
          <stage class="FillInStage" reference="8"/>
        </StageHint>
        <StageHint id="55">
          <stagehint__order>1</stagehint__order>
          <text>Berechnen Sie zuerst den Wert f&amp;uuml;r $k$. Formen Sie anschlie&amp;szlig;end die Wahrscheinlichkeit auf der linken Seite der Gleichung um.&lt;br /&gt;
&lt;br /&gt;
(Es ist ein weiterer Hinweis vorhanden.)</text>
          <malus>0</malus>
          <stage class="FillInStage" reference="8"/>
        </StageHint>
        <StageHint id="56">
          <stagehint__order>2</stagehint__order>
          <text>Aus $1-\frac{1}{k^2} = 0.95$ folgt $k = \sqrt{20}$. Somit gilt $P(|[var=mit]-\mu|\leq \sqrt{20} \cdot \frac{[var=st]}{\sqrt{9}}) \geq 0.95$</text>
          <malus>0</malus>
          <stage class="FillInStage" reference="8"/>
        </StageHint>
      </hints>
      <variableUpdatesOnEnter id="57"/>
      <variableUpdatesBeforeCheck id="58"/>
      <variableUpdatesAfterCheck id="59"/>
      <variableUpdatesOnNormalExit id="60"/>
      <variableUpdatesOnRepeat id="61"/>
      <variableUpdatesOnSkip id="62"/>
      <weight>1</weight>
      <orderIndex>0</orderIndex>
      <allowSkip>true</allowSkip>
      <resources id="63"/>
      <rules id="64">
        <Rule id="65">
          <name>Feedback_2</name>
          <orderIndex>2</orderIndex>
          <validationExpression id="66">
            <code>!isEmpty([input=field2])&amp;&amp;isRealNumber([input=field2])&amp;&amp;[input=field2]&gt;[var=o_KI]-0.011&amp;&amp;[input=field2]&lt;[var=o_KI]+0.011</code>
            <domain>MATH</domain>
          </validationExpression>
          <feedbackText>          Obere Grenze des Konfidenzintervall korrekt
        </feedbackText>
          <points>50</points>
          <terminal>false</terminal>
        </Rule>
        <Rule id="67">
          <name>Feedback_1</name>
          <orderIndex>1</orderIndex>
          <validationExpression id="68">
            <code>!isEmpty([input=field1])&amp;&amp;isRealNumber([input=field1])&amp;&amp;[input=field1]&gt;[var=u_KI]-0.011&amp;&amp;[input=field1]&lt;[var=u_KI]+0.011</code>
            <domain>MATH</domain>
          </validationExpression>
          <feedbackText>          Untere Grenze des Konfidenzintervall korrekt
        </feedbackText>
          <points>50</points>
          <terminal>false</terminal>
        </Rule>
      </rules>
      <fillInFields id="69">
        <FillInField id="70">
          <name>field2</name>
          <orderIndex>1</orderIndex>
          <size>6</size>
          <formularEditorType>NUMBER</formularEditorType>
        </FillInField>
        <FillInField id="71">
          <name>field1</name>
          <orderIndex>0</orderIndex>
          <size>6</size>
          <formularEditorType>NUMBER</formularEditorType>
        </FillInField>
      </fillInFields>
      <dropDownFields id="72"/>
      <formularEditorPalette>MATHDOX_FORMULAR_EDITOR_BASIC</formularEditorPalette>
      <defaultFeedback>Leider nicht korrekt.&lt;br /&gt;
&lt;br /&gt;
$P(|[var=mit]-\mu|\leq [var=d])\geq 0.95$ bzw. $P([var=u_KI]\leq \mu\leq [var=o_KI])\geq 0.95$</defaultFeedback>
      <correctAnswerRules id="73">
        <Rule id="74">
          <name>CorrectAnswer1</name>
          <orderIndex>1</orderIndex>
          <validationExpression id="75">
            <code>!isEmpty([input=field1])&amp;&amp;isRealNumber([input=field1])&amp;&amp;!isEmpty([input=field2])&amp;&amp;isRealNumber([input=field2])&amp;&amp;[input=field1]&gt;[var=u_KI]-0.011&amp;&amp;[input=field1]&lt;[var=u_KI]+0.011&amp;&amp;[input=field2]&gt;[var=o_KI]-0.011&amp;&amp;[input=field2]&lt;[var=o_KI]+0.011</code>
            <domain>MATH</domain>
          </validationExpression>
          <points>0</points>
          <terminal>false</terminal>
        </Rule>
      </correctAnswerRules>
      <correctAnswerFeedback>Richtig.</correctAnswerFeedback>
      <defaultResult>0</defaultResult>
    </FillInStage>
    <FillInStage reference="16"/>
  </stages>
  <startStage class="FillInStage" reference="8"/>
  <variableDeclarations id="76">
    <VariableDeclaration id="77">
      <name>k</name>
      <initializationCode id="78">
        <code>evaluateInR(&apos;sqrt(20)&apos;)</code>
        <domain>MATH</domain>
      </initializationCode>
    </VariableDeclaration>
    <VariableDeclaration id="79">
      <name>st</name>
      <initializationCode id="80">
        <code>evaluateInR(&apos;round(runif(1, 3, 5), 1)&apos;)</code>
        <domain>MATH</domain>
      </initializationCode>
    </VariableDeclaration>
    <VariableDeclaration id="81">
      <name>mit</name>
      <initializationCode id="82">
        <code>evaluateInR(&apos;round(runif(1, 14, 22), 1)&apos;)</code>
        <domain>MATH</domain>
      </initializationCode>
    </VariableDeclaration>
    <VariableDeclaration id="83">
      <name>d</name>
      <initializationCode id="84">
        <code>evaluateInR(&apos;round(([var=k]*[var=st])/3, 4)&apos;)</code>
        <domain>MATH</domain>
      </initializationCode>
    </VariableDeclaration>
    <VariableDeclaration id="85">
      <name>u_KI</name>
      <initializationCode id="86">
        <code>evaluateInR(&apos;round([var=mit]-[var=d], 2)&apos;)</code>
        <domain>MATH</domain>
      </initializationCode>
    </VariableDeclaration>
    <VariableDeclaration id="87">
      <name>o_KI</name>
      <initializationCode id="88">
        <code>evaluateInR(&apos;round([var=mit]+[var=d], 2)&apos;)</code>
        <domain>MATH</domain>
      </initializationCode>
    </VariableDeclaration>
    <VariableDeclaration id="89">
      <name>V</name>
      <initializationCode id="90">
        <code>evaluateInR(&apos;runif(1, 3, 5)^2&apos;)</code>
        <domain>MATH</domain>
      </initializationCode>
    </VariableDeclaration>
    <VariableDeclaration id="91">
      <name>Vg</name>
      <initializationCode id="92">
        <code>evaluateInR(&apos;round([var=V], 4)&apos;)</code>
        <domain>MATH</domain>
      </initializationCode>
    </VariableDeclaration>
    <VariableDeclaration id="93">
      <name>st2</name>
      <initializationCode id="94">
        <code>evaluateInR(&apos;sqrt([var=Vg])&apos;)</code>
        <domain>MATH</domain>
      </initializationCode>
    </VariableDeclaration>
    <VariableDeclaration id="95">
      <name>buKI</name>
      <initializationCode id="96">
        <code>evaluateInR(&apos;round([var=mit]-qt(0.975, 8)*[var=st2]/3, 2)&apos;)</code>
        <domain>MATH</domain>
      </initializationCode>
    </VariableDeclaration>
    <VariableDeclaration id="97">
      <name>boKI</name>
      <initializationCode id="98">
        <code>evaluateInR(&apos;round([var=mit]+qt(0.975, 8)*[var=st2]/3, 2)&apos;)</code>
        <domain>MATH</domain>
      </initializationCode>
    </VariableDeclaration>
  </variableDeclarations>
  <jSXGraphs id="99"/>
  <dynamicMolecules id="100"/>
  <resultFeedbackMappings id="101"/>
</Exercise>