<Exercise id="1">
  <name>IS12-01 Zweidimensionale Zufallsvariablen 1</name>
  <publicDescription></publicDescription>
  <internalNotes>Vierfeldertafel

Die  Materialien sind lizenziert unter CC BY-NC-SA 4.0. Eine Kopie dieser Lizenz finden Sie unter http://creativecommons.org/licenses/by-nc-sa/4.0/

The materials are licensed under CC BY-NC-SA 4.0. You can find a copy of this license at http://creativecommons.org/licenses/by-nc-sa/4.0/</internalNotes>
  <language>de</language>
  <difficulty>0</difficulty>
  <tags id="2"/>
  <resources id="3"/>
  <stages id="4">
    <FillInStage id="5">
      <internalName>1</internalName>
      <externalName>Stage 1</externalName>
      <taskDescription>&lt;table border=&quot;0&quot; cellpadding=&quot;1&quot; cellspacing=&quot;1&quot; style=&quot;width:675px;&quot;&gt;&#xd;
	&lt;tbody&gt;&#xd;
		&lt;tr&gt;&#xd;
			&lt;td&gt;&lt;strong&gt;Aufgabenstellung:&lt;/strong&gt;&lt;/td&gt;&#xd;
		&lt;/tr&gt;&#xd;
	&lt;/tbody&gt;&#xd;
&lt;/table&gt;&#xd;
&lt;br /&gt;&#xd;
Eine Urne enth&amp;auml;lt $[var=n_Kugeln,latex]$ Kugeln, von denen $[var=n_leicht,latex]$ Kugeln 10 Gramm und $[var=n_schwer,latex]$ Kugeln 40 Gramm wiegen. Es werden zwei Kugeln nacheinander durch Ziehen ohne Zur&amp;uuml;cklegen aus der Urne entnommen. Die Zufallsvariable $X$ erfasst das Gewicht der ersten Kugel, die Zufallsvariable $Y$ das Gewicht der zweiten Kugel. Sind beide Kugeln gleich schwer, nehmen $X$ und $Y$ denselben Wert an. Bestimmen Sie die gemeinsame Wahrscheinlichkeitsfunktion der zweidimensionalen Zufallsvariablen $(X,Y)$!&amp;nbsp;&lt;br /&gt;&#xd;
&amp;nbsp;&#xd;
&lt;table border=&quot;0.1&quot; cellpadding=&quot;0.3&quot; cellspacing=&quot;0&quot; style=&quot;width:500px;&quot;&gt;&#xd;
	&lt;tbody&gt;&#xd;
		&lt;tr&gt;&#xd;
			&lt;td&gt;&lt;strong&gt;$(X,Y)$&lt;/strong&gt;&lt;/td&gt;&#xd;
			&lt;td&gt;&lt;strong&gt;$10$&lt;/strong&gt;&lt;/td&gt;&#xd;
			&lt;td&gt;&lt;strong&gt;$40$&lt;/strong&gt;&lt;/td&gt;&#xd;
			&lt;td&gt;&lt;strong&gt;$f_X (x)$&lt;/strong&gt;&lt;/td&gt;&#xd;
		&lt;/tr&gt;&#xd;
		&lt;tr&gt;&#xd;
			&lt;td&gt;&lt;strong&gt;$10$&lt;/strong&gt;&lt;br /&gt;&#xd;
			&amp;nbsp;&lt;/td&gt;&#xd;
			&lt;td&gt;&amp;nbsp;&lt;input name=&quot;fillin1&quot; size=&quot;4&quot; type=&quot;text&quot; value=&quot;fillin1&quot; /&gt;&amp;nbsp;&lt;/td&gt;&#xd;
			&lt;td&gt;&amp;nbsp;&lt;input name=&quot;fillin2&quot; size=&quot;4&quot; type=&quot;text&quot; value=&quot;fillin2&quot; /&gt;&amp;nbsp;&lt;/td&gt;&#xd;
			&lt;td&gt;&amp;nbsp;&lt;input name=&quot;fillin3&quot; size=&quot;4&quot; type=&quot;text&quot; value=&quot;fillin3&quot; /&gt;&amp;nbsp;&lt;/td&gt;&#xd;
		&lt;/tr&gt;&#xd;
		&lt;tr&gt;&#xd;
			&lt;td&gt;&lt;strong&gt;$40$&lt;/strong&gt;&lt;br /&gt;&#xd;
			&amp;nbsp;&lt;/td&gt;&#xd;
			&lt;td&gt;&amp;nbsp;&lt;input name=&quot;fillin4&quot; size=&quot;4&quot; type=&quot;text&quot; value=&quot;fillin4&quot; /&gt;&amp;nbsp;&lt;/td&gt;&#xd;
			&lt;td&gt;&amp;nbsp;&lt;input name=&quot;fillin5&quot; size=&quot;4&quot; type=&quot;text&quot; value=&quot;fillin5&quot; /&gt;&amp;nbsp;&lt;/td&gt;&#xd;
			&lt;td&gt;&amp;nbsp;&lt;input name=&quot;fillin6&quot; size=&quot;4&quot; type=&quot;text&quot; value=&quot;fillin6&quot; /&gt;&amp;nbsp;&lt;/td&gt;&#xd;
		&lt;/tr&gt;&#xd;
		&lt;tr&gt;&#xd;
			&lt;td&gt;&lt;strong&gt;$f_Y(y)$&lt;/strong&gt;&lt;br /&gt;&#xd;
			&amp;nbsp;&lt;/td&gt;&#xd;
			&lt;td&gt;&amp;nbsp;&lt;input name=&quot;fillin7&quot; size=&quot;4&quot; type=&quot;text&quot; value=&quot;fillin7&quot; /&gt;&amp;nbsp;&lt;/td&gt;&#xd;
			&lt;td&gt;&amp;nbsp;&lt;input name=&quot;fillin8&quot; size=&quot;4&quot; type=&quot;text&quot; value=&quot;fillin8&quot; /&gt;&amp;nbsp;&lt;/td&gt;&#xd;
			&lt;td&gt;&amp;nbsp;&lt;input name=&quot;fillin9&quot; size=&quot;4&quot; type=&quot;text&quot; value=&quot;fillin9&quot; /&gt;&amp;nbsp;&lt;/td&gt;&#xd;
		&lt;/tr&gt;&#xd;
	&lt;/tbody&gt;&#xd;
&lt;/table&gt;&#xd;
&lt;br /&gt;&#xd;
&lt;br /&gt;&#xd;
&lt;em&gt;(Runden Sie, falls n&amp;ouml;tig, auf die zweite Nachkommastelle und verwenden Sie einen Dezimalpunkt.)&lt;/em&gt;</taskDescription>
      <defaultTransition id="6">
        <conditionExpression id="7">
          <domain>MATH</domain>
        </conditionExpression>
        <stageExpression id="8">
          <domain>MATH</domain>
        </stageExpression>
        <isRepeat>false</isRepeat>
      </defaultTransition>
      <skipTransitions id="9"/>
      <stageTransitions id="10"/>
      <hints id="11"/>
      <variableUpdatesOnEnter id="12"/>
      <variableUpdatesBeforeCheck id="13"/>
      <variableUpdatesAfterCheck id="14"/>
      <variableUpdatesOnNormalExit id="15"/>
      <variableUpdatesOnRepeat id="16"/>
      <variableUpdatesOnSkip id="17"/>
      <weight>1</weight>
      <orderIndex>0</orderIndex>
      <allowSkip>false</allowSkip>
      <resources id="18"/>
      <rules id="19"/>
      <fillInFields id="20">
        <FillInField id="21">
          <name>fillin3</name>
          <orderIndex>2</orderIndex>
          <size>4</size>
          <formularEditorType>NUMBER</formularEditorType>
        </FillInField>
        <FillInField id="22">
          <name>fillin2</name>
          <orderIndex>1</orderIndex>
          <size>4</size>
          <formularEditorType>NUMBER</formularEditorType>
        </FillInField>
        <FillInField id="23">
          <name>fillin5</name>
          <orderIndex>4</orderIndex>
          <size>4</size>
          <formularEditorType>NUMBER</formularEditorType>
        </FillInField>
        <FillInField id="24">
          <name>fillin4</name>
          <orderIndex>3</orderIndex>
          <size>4</size>
          <formularEditorType>NUMBER</formularEditorType>
        </FillInField>
        <FillInField id="25">
          <name>fillin7</name>
          <orderIndex>6</orderIndex>
          <size>4</size>
          <formularEditorType>NUMBER</formularEditorType>
        </FillInField>
        <FillInField id="26">
          <name>fillin6</name>
          <orderIndex>5</orderIndex>
          <size>4</size>
          <formularEditorType>NUMBER</formularEditorType>
        </FillInField>
        <FillInField id="27">
          <name>fillin9</name>
          <orderIndex>8</orderIndex>
          <size>4</size>
          <formularEditorType>NUMBER</formularEditorType>
        </FillInField>
        <FillInField id="28">
          <name>fillin8</name>
          <orderIndex>7</orderIndex>
          <size>4</size>
          <formularEditorType>NUMBER</formularEditorType>
        </FillInField>
        <FillInField id="29">
          <name>fillin1</name>
          <orderIndex>0</orderIndex>
          <size>4</size>
          <formularEditorType>NUMBER</formularEditorType>
        </FillInField>
      </fillInFields>
      <dropDownFields id="30"/>
      <formularEditorPalette>MATHDOX_FORMULAR_EDITOR_NO_PALETTE</formularEditorPalette>
      <defaultFeedback></defaultFeedback>
      <correctAnswerRules id="31">
        <Rule id="32">
          <name>Feedback 1</name>
          <orderIndex>1</orderIndex>
          <validationExpression id="33">
            <code>!isEmpty([input=fillin1]) &amp;&amp; isRealNumber([input=fillin1]) &amp;&amp;
abs(
([input=fillin1])-([var=x1_y1])
) &lt;= 0.0011 &amp;&amp;

!isEmpty([input=fillin2]) &amp;&amp; isRealNumber([input=fillin2]) &amp;&amp;
abs(
([input=fillin2])-([var=x1_y2])
) &lt;= 0.0011 &amp;&amp;

!isEmpty([input=fillin3]) &amp;&amp; isRealNumber([input=fillin3]) &amp;&amp;
abs(
([input=fillin3])-([var=x1_y1])-([var=x1_y2])
) &lt;= 0.0011 &amp;&amp;

!isEmpty([input=fillin4]) &amp;&amp; isRealNumber([input=fillin4]) &amp;&amp;
abs(
([input=fillin4])-([var=x1_y2])
) &lt;= 0.0011 &amp;&amp;

!isEmpty([input=fillin5]) &amp;&amp; isRealNumber([input=fillin5]) &amp;&amp;
abs(
([input=fillin5])-([var=x2_y2])
) &lt;= 0.0011 &amp;&amp;

!isEmpty([input=fillin6]) &amp;&amp; isRealNumber([input=fillin6]) &amp;&amp;
abs(
([input=fillin6])-([var=x2_y2])-([var=x1_y2])
) &lt;= 0.0011 &amp;&amp;

!isEmpty([input=fillin7]) &amp;&amp; isRealNumber([input=fillin7]) &amp;&amp;
abs(
([input=fillin7])-([var=x1_y1])-([var=x1_y2])
) &lt;= 0.0011 &amp;&amp;

!isEmpty([input=fillin8]) &amp;&amp; isRealNumber([input=fillin8]) &amp;&amp;
abs(
([input=fillin8])-([var=x2_y2])-([var=x1_y2])
) &lt;= 0.0011 &amp;&amp;

!isEmpty([input=fillin9]) &amp;&amp; isRealNumber([input=fillin9]) &amp;&amp;
abs(
([input=fillin9])-1
) &lt;= 0.0011 </code>
            <domain>MATH</domain>
          </validationExpression>
          <points>0</points>
          <terminal>false</terminal>
        </Rule>
      </correctAnswerRules>
      <correctAnswerFeedback></correctAnswerFeedback>
      <defaultResult>0</defaultResult>
    </FillInStage>
  </stages>
  <startStage class="FillInStage" reference="5"/>
  <variableDeclarations id="34">
    <VariableDeclaration id="35">
      <name>n_Kugeln</name>
      <initializationCode id="36">
        <code>randomIntegerBetween(1, 3) * 10</code>
        <domain>MATH</domain>
      </initializationCode>
    </VariableDeclaration>
    <VariableDeclaration id="37">
      <name>n_leicht</name>
      <initializationCode id="38">
        <code>randomIntegerBetween(2, 8)</code>
        <domain>MATH</domain>
      </initializationCode>
    </VariableDeclaration>
    <VariableDeclaration id="39">
      <name>n_schwer</name>
      <initializationCode id="40">
        <code>[var=n_Kugeln] - ([var=n_leicht])</code>
        <domain>MATH</domain>
      </initializationCode>
    </VariableDeclaration>
    <VariableDeclaration id="41">
      <name>nenner_2malZoZ</name>
      <initializationCode id="42">
        <code>[var=n_Kugeln] * ([var=n_Kugeln] - 1)</code>
        <domain>MATH</domain>
      </initializationCode>
    </VariableDeclaration>
    <VariableDeclaration id="43">
      <name>x1_y1</name>
      <initializationCode id="44">
        <code>round(
[var=n_leicht] * ([var=n_leicht] - 1) / [var=nenner_2malZoZ], 2
)</code>
        <domain>MATH</domain>
      </initializationCode>
    </VariableDeclaration>
    <VariableDeclaration id="45">
      <name>x1_y2</name>
      <initializationCode id="46">
        <code>round(
[var=n_leicht] * [var=n_schwer] / [var=nenner_2malZoZ], 2
)</code>
        <domain>MATH</domain>
      </initializationCode>
    </VariableDeclaration>
    <VariableDeclaration id="47">
      <name>x2_y2</name>
      <initializationCode id="48">
        <code>round(
[var=n_schwer] * ([var=n_schwer] - 1) / [var=nenner_2malZoZ], 2
)</code>
        <domain>MATH</domain>
      </initializationCode>
    </VariableDeclaration>
  </variableDeclarations>
  <jSXGraphs id="49"/>
  <dynamicMolecules id="50"/>
  <resultFeedbackMappings id="51"/>
</Exercise>