<Exercise id="1">
  <name>DS6-R09 Konzentrations- und Disparitätsmessung 9</name>
  <publicDescription></publicDescription>
  <internalNotes>Normierten Gini-Koeffizienten berechnen

Die  Materialien sind lizenziert unter CC BY-NC-SA 4.0. Eine Kopie dieser Lizenz finden Sie unter http://creativecommons.org/licenses/by-nc-sa/4.0/

The materials are licensed under CC BY-NC-SA 4.0. You can find a copy of this license at http://creativecommons.org/licenses/by-nc-sa/4.0/</internalNotes>
  <language>de</language>
  <difficulty>0</difficulty>
  <tags id="2">
    <Tag id="3">
      <name>Desk_22</name>
    </Tag>
  </tags>
  <resources id="4">
    <ExerciseResource id="5">
      <content id="6">bWFya3QgPC0gYygyMCw1MCwyMDAsMzAsMzUwKQ==</content>
      <uploadTimestamp>2022-03-22T12:27:58.1246</uploadTimestamp>
      <filename>source.r</filename>
      <description></description>
      <replacePlaceholder>false</replacePlaceholder>
    </ExerciseResource>
  </resources>
  <stages id="7">
    <RStage id="8">
      <internalName>#1</internalName>
      <externalName></externalName>
      <taskDescription>&lt;strong&gt;Aufgabenstellung:&lt;/strong&gt;&lt;br /&gt;&#xd;
&lt;br /&gt;&#xd;
Berechnen Sie nun den normierten Gini-Koeffizienten, um ein Konzentrationsma&amp;szlig; im Intervall $[0,1]$ zu bekommen.&amp;nbsp;Der Vektor $\verb|markt|$ steht weiterhin im Environment zur Vef&amp;uuml;gung.&lt;br /&gt;&#xd;
&lt;br /&gt;&#xd;
&lt;em&gt;(Bevor Sie den Code abschicken, k&amp;ouml;nnen Sie &amp;uuml;ber den Button &amp;quot;Code testen&amp;quot; ihren geschriebenen R-Code ausf&amp;uuml;hren und in der R-Konsole anzeigen lassen.)&lt;/em&gt;</taskDescription>
      <defaultTransition id="9">
        <conditionExpression id="10">
          <domain>MATH</domain>
        </conditionExpression>
        <stageExpression id="11">
          <domain>MATH</domain>
        </stageExpression>
        <isRepeat>false</isRepeat>
      </defaultTransition>
      <skipTransitions id="12"/>
      <stageTransitions id="13"/>
      <hints id="14">
        <StageHint id="15">
          <stagehint__order>0</stagehint__order>
          <text>Wenden Sie erneut den $\verb|Gini()|$-Befehl auf $\verb|markt|$ an, beachten Sie diesmal aber den Normierungsfaktor $\frac{n}{n-1}$.&lt;br /&gt;
&lt;em&gt;(Es ist ein weiterer Hinweis vorhanden.)&lt;/em&gt;</text>
          <malus>0</malus>
          <stage class="RStage" reference="8"/>
        </StageHint>
        <StageHint id="16">
          <stagehint__order>1</stagehint__order>
          <text>Um den normierten Gini-Koeffizienten zu berechnen, m&amp;uuml;ssen Sie $\verb|corr=T|$ innerhalb des $\verb|Gini()|$-Befehls setzen.</text>
          <malus>0</malus>
          <stage class="RStage" reference="8"/>
        </StageHint>
      </hints>
      <variableUpdatesOnEnter id="17"/>
      <variableUpdatesBeforeCheck id="18"/>
      <variableUpdatesAfterCheck id="19"/>
      <variableUpdatesOnNormalExit id="20"/>
      <variableUpdatesOnRepeat id="21"/>
      <variableUpdatesOnSkip id="22"/>
      <weight>1</weight>
      <orderIndex>0</orderIndex>
      <allowSkip>false</allowSkip>
      <resources id="23"/>
      <initialCode>markt &lt;- c(20, 50, 200, 30, 350)</initialCode>
      <finalResultComputationString>min(#{c24004},#{c24003})</finalResultComputationString>
      <testCasetuples id="24">
        <TestCaseTuple id="25">
          <testCases id="26">
            <StaticRTestCase id="27">
              <points>100</points>
              <pointsMode>GAIN</pointsMode>
              <name>imported testcase</name>
              <feedbackIfFailed>Leider nicht richtig! Benutzen Sie die Funktion $\verb|Gini()|$ sowie die vordefinierte Variable $\verb|markt|$.</feedbackIfFailed>
              <ruleMode>PRESENCE</ruleMode>
              <queries class="linked-list" id="28">
                <RGReQLQuery id="29">
                  <query>		from gini:V{FunctionCall}, markt:V{Variable}  with 
                gini.name=&quot;Gini&quot; and
                gini --&gt;* markt and
                markt.name=&quot;markt&quot;
                report 0 end
		</query>
                </RGReQLQuery>
              </queries>
            </StaticRTestCase>
          </testCases>
          <checkerConfiguration id="30">
            <isActive>false</isActive>
            <hasVisibleResult>false</hasVisibleResult>
            <hasVisibleFeedback>false</hasVisibleFeedback>
            <isAsync>false</isAsync>
            <weight>1</weight>
            <persistentReference>24003</persistentReference>
          </checkerConfiguration>
        </TestCaseTuple>
        <TestCaseTuple id="31">
          <testCases id="32">
            <DynamicRTestCase id="33">
              <points>100</points>
              <pointsMode>GAIN</pointsMode>
              <name>imported testcase</name>
              <feedbackIfFailed>Leider nicht richtig! Benutzen Sie die Funktion $Gini()$, setzen Sie $corr=T$ und verwenden Sie die vordefinierte Variable $markt$.</feedbackIfFailed>
              <ruleMode>PRESENCE</ruleMode>
              <postCode>testFunc &lt;- function(){}</postCode>
              <expectedOutput>Gini(c(20,50,200,30,350),corr=T)</expectedOutput>
              <postprocessingFunction></postprocessingFunction>
              <tolerance>-4</tolerance>
            </DynamicRTestCase>
          </testCases>
          <checkerConfiguration id="34">
            <isActive>false</isActive>
            <hasVisibleResult>false</hasVisibleResult>
            <hasVisibleFeedback>false</hasVisibleFeedback>
            <isAsync>false</isAsync>
            <weight>1</weight>
            <persistentReference>24004</persistentReference>
          </checkerConfiguration>
        </TestCaseTuple>
      </testCasetuples>
    </RStage>
  </stages>
  <startStage class="RStage" reference="8"/>
  <variableDeclarations id="35"/>
  <jSXGraphs id="36"/>
  <dynamicMolecules id="37"/>
  <resultFeedbackMappings id="38"/>
</Exercise>