<Exercise id="1">
  <name>DS6-01 Konzentrations- und Disparitätsmessung 1</name>
  <publicDescription></publicDescription>
  <internalNotes>Stage1: Anteile und Konzentrationsraten berechnen
Stage2: Herfindahl- und Exponentialindex berechnen

Die  Materialien sind lizenziert unter CC BY-NC-SA 4.0. Eine Kopie dieser Lizenz finden Sie unter http://creativecommons.org/licenses/by-nc-sa/4.0/

The materials are licensed under CC BY-NC-SA 4.0. You can find a copy of this license at http://creativecommons.org/licenses/by-nc-sa/4.0/</internalNotes>
  <language>de</language>
  <difficulty>2</difficulty>
  <tags id="2">
    <Tag id="3">
      <name>Desk_22</name>
    </Tag>
  </tags>
  <resources id="4"/>
  <stages id="5">
    <FillInStage id="6">
      <internalName>1</internalName>
      <externalName>Stage 1</externalName>
      <taskDescription>&lt;strong&gt;Aufgabenstellung:&lt;/strong&gt;&lt;br /&gt;&#xd;
&lt;br /&gt;&#xd;
F&amp;uuml;nf Unternehmen einer Branche erzielten folgende Ums&amp;auml;tze:&lt;br /&gt;&#xd;
Vervollst&amp;auml;ndigen Sie die Tabelle um die einzelnen Anteile der Merkmalstr&amp;auml;ger und um die Konzentrationsraten.&lt;br /&gt;&#xd;
&lt;br /&gt;&#xd;
Rechnen Sie die Konzentrationsraten mit den bereits gerundeten Werten aus und vernachl&amp;auml;ssigen Sie evtentuelle Rundungsfehler.&lt;br /&gt;&#xd;
&lt;br /&gt;&#xd;
&lt;strong&gt;Einreichung:&lt;/strong&gt;&lt;br /&gt;&#xd;
&amp;nbsp;&#xd;
&lt;table border=&quot;0&quot; cellpadding=&quot;1&quot; cellspacing=&quot;1&quot; style=&quot;width:600px;&quot;&gt;&#xd;
	&lt;tbody&gt;&#xd;
		&lt;tr&gt;&#xd;
			&lt;td&gt;&lt;br /&gt;&#xd;
			Unternehmen&lt;br /&gt;&#xd;
			&amp;nbsp;&lt;/td&gt;&#xd;
			&lt;td style=&quot;text-align: center;&quot;&gt;A&lt;/td&gt;&#xd;
			&lt;td style=&quot;text-align: center;&quot;&gt;B&lt;/td&gt;&#xd;
			&lt;td style=&quot;text-align: center;&quot;&gt;C&lt;/td&gt;&#xd;
			&lt;td style=&quot;text-align: center;&quot;&gt;D&lt;/td&gt;&#xd;
			&lt;td style=&quot;text-align: center;&quot;&gt;E&lt;/td&gt;&#xd;
		&lt;/tr&gt;&#xd;
		&lt;tr&gt;&#xd;
			&lt;td&gt;&lt;br /&gt;&#xd;
			Umsatz&lt;br /&gt;&#xd;
			&amp;nbsp;&lt;/td&gt;&#xd;
			&lt;td style=&quot;text-align: center;&quot;&gt;&amp;nbsp;$[var=$A]$&lt;/td&gt;&#xd;
			&lt;td style=&quot;text-align: center;&quot;&gt;$[var=$B]$&lt;/td&gt;&#xd;
			&lt;td style=&quot;text-align: center;&quot;&gt;$[var=$C]$&lt;/td&gt;&#xd;
			&lt;td style=&quot;text-align: center;&quot;&gt;$[var=$D]$&lt;/td&gt;&#xd;
			&lt;td style=&quot;text-align: center;&quot;&gt;$[var=$Ee]$&lt;/td&gt;&#xd;
		&lt;/tr&gt;&#xd;
		&lt;tr&gt;&#xd;
			&lt;td&gt;Anteil $c_j$&lt;/td&gt;&#xd;
			&lt;td style=&quot;text-align: center;&quot;&gt;&lt;input name=&quot;field1&quot; size=&quot;12&quot; type=&quot;text&quot; value=&quot;field1&quot; /&gt;&lt;/td&gt;&#xd;
			&lt;td style=&quot;text-align: center;&quot;&gt;&amp;nbsp;&lt;input name=&quot;field2&quot; size=&quot;12&quot; type=&quot;text&quot; value=&quot;field2&quot; /&gt;&amp;nbsp;&amp;nbsp;&lt;/td&gt;&#xd;
			&lt;td style=&quot;text-align: center;&quot;&gt;&lt;input name=&quot;field3&quot; size=&quot;12&quot; type=&quot;text&quot; value=&quot;field3&quot; /&gt;&lt;/td&gt;&#xd;
			&lt;td style=&quot;text-align: center;&quot;&gt;&lt;input name=&quot;field4&quot; size=&quot;12&quot; type=&quot;text&quot; value=&quot;field4&quot; /&gt;&lt;/td&gt;&#xd;
			&lt;td style=&quot;text-align: center;&quot;&gt;&lt;input name=&quot;field5&quot; size=&quot;12&quot; type=&quot;text&quot; value=&quot;field5&quot; /&gt;&lt;/td&gt;&#xd;
		&lt;/tr&gt;&#xd;
		&lt;tr&gt;&#xd;
			&lt;td&gt;Anteil $C_j$&lt;/td&gt;&#xd;
			&lt;td style=&quot;text-align: center;&quot;&gt;&lt;input name=&quot;field6&quot; size=&quot;12&quot; type=&quot;text&quot; value=&quot;field6&quot; /&gt;&lt;/td&gt;&#xd;
			&lt;td style=&quot;text-align: center;&quot;&gt;&lt;input name=&quot;field7&quot; size=&quot;12&quot; type=&quot;text&quot; value=&quot;field7&quot; /&gt;&lt;/td&gt;&#xd;
			&lt;td style=&quot;text-align: center;&quot;&gt;&lt;input name=&quot;field8&quot; size=&quot;6&quot; type=&quot;text&quot; value=&quot;field8&quot; /&gt;&amp;nbsp;&lt;/td&gt;&#xd;
			&lt;td style=&quot;text-align: center;&quot;&gt;&lt;input name=&quot;field9&quot; size=&quot;12&quot; type=&quot;text&quot; value=&quot;field9&quot; /&gt;&lt;/td&gt;&#xd;
			&lt;td style=&quot;text-align: center;&quot;&gt;&lt;input name=&quot;field10&quot; size=&quot;12&quot; type=&quot;text&quot; value=&quot;field10&quot; /&gt;&lt;/td&gt;&#xd;
		&lt;/tr&gt;&#xd;
	&lt;/tbody&gt;&#xd;
&lt;/table&gt;&#xd;
&lt;br /&gt;&#xd;
&lt;span style=&quot;font-size:12px;&quot;&gt;&lt;em&gt;(Runden Sie, falls n&amp;ouml;tig, auf die &lt;strong&gt;dritte&lt;/strong&gt; Nachkommastelle und verwenden Sie einen Dezimalpunkt)&lt;/em&gt;&amp;nbsp;&amp;nbsp;&lt;/span&gt;&lt;br /&gt;&#xd;
&amp;nbsp;&#xd;
&lt;p&gt;&lt;a href=&quot;https://rdrr.io/snippets/embed/&quot; onclick=&quot;window.open(&apos;https://rdrr.io/snippets/embed/?code=&apos;,&apos;R Console&apos;,&apos; margin-top: 20px; top=200,left=100,width=480,height=640,menubar=no,toolbar=no,&apos;); return false;&quot; target=&quot;_blank&quot;&gt;&lt;img alt=&quot;R_ Logo&quot; pull-right=&quot;&quot; src=&quot;/econometrics/resource?resource=157444&quot; style=&quot;width: 40px; height: 50px; float: right; margin: 5px&quot; /&gt;&lt;/a&gt;&lt;/p&gt;&#xd;
</taskDescription>
      <skipMessage>$$\begin{matrix}&lt;br /&gt;
\hline&lt;br /&gt;
\textrm{Unternehmen } \quad &amp;amp; \textrm{A} \quad &amp;amp; \textrm{B} \quad &amp;amp; \textrm{C} \quad &amp;amp; \textrm{D} \quad &amp;amp; \textrm{E} \quad \\&lt;br /&gt;
\hline&lt;br /&gt;
\textrm{Umsatz} \enspace \enspace \quad &amp;amp; [var=A] \quad &amp;amp; [var=B] \quad &amp;amp; [var=C] \quad &amp;amp; [var=D] \quad &amp;amp; [var=Ee] \quad \\&lt;br /&gt;
\textrm{Anteil}\enspace c_j \quad &amp;amp; [var=c1] \quad &amp;amp; [var=c2] \quad &amp;amp; [var=c3] \quad &amp;amp; [var=c4] \quad &amp;amp; [var=c5] \quad \\&lt;br /&gt;
\textrm{Konzentrationsrate} \enspace C_j &amp;amp; [var=c1] \quad &amp;amp; [var=cc2] \quad &amp;amp; [var=cc3] \quad &amp;amp; [var=cc4] \quad &amp;amp; 1 \quad \\&lt;br /&gt;
\end{matrix}$$&lt;br /&gt;
&lt;br /&gt;
Beachten Sie, dass aufgrund von Rundungen es dazu kommen kann, das ihre Summe den Wert $0,99$ bzw. $1,01$ annehmen kann. Dies wird als richtig bewertet</skipMessage>
      <defaultTransition id="7">
        <conditionExpression id="8">
          <domain>MATH</domain>
        </conditionExpression>
        <stageExpression id="9">
          <domain>MATH</domain>
        </stageExpression>
        <isRepeat>true</isRepeat>
      </defaultTransition>
      <skipTransitions id="10">
        <StageTransition id="11">
          <conditionExpression id="12">
            <code></code>
            <domain>MATH</domain>
          </conditionExpression>
          <stageExpression id="13">
            <domain>MATH</domain>
          </stageExpression>
          <targetStage class="FillInStage" id="14">
            <internalName>2</internalName>
            <externalName>Stage 2</externalName>
            <taskDescription>&lt;strong&gt;Aufgabenstellung:&lt;/strong&gt;&lt;br /&gt;&#xd;
&lt;br /&gt;&#xd;
$$\begin{matrix}&lt;br /&gt;&#xd;
\textrm{Unternehmen } \quad &amp;amp; \textrm{A} \quad &amp;amp; \textrm{B} \quad &amp;amp; \textrm{C} \quad &amp;amp; \textrm{D}\quad &amp;amp; \textrm{E}&amp;nbsp;\quad \\&lt;br /&gt;&#xd;
\hline&lt;br /&gt;&#xd;
\textrm{Umsatz} \quad &amp;amp; [var=$A] \quad &amp;amp; [var=$B] \quad &amp;amp; [var=$C] \quad &amp;amp; [var=$D] \quad &amp;amp; [var=$Ee] \quad \\&lt;br /&gt;&#xd;
&lt;br /&gt;&#xd;
\textrm{Anteil} c_j \quad &amp;amp; [var=$c1] \quad &amp;amp; [var=$c2] \quad &amp;amp; [var=$c3] \quad &amp;amp; [var=$c4] \quad &amp;amp; [var=$c5] \quad \\&lt;br /&gt;&#xd;
&lt;br /&gt;&#xd;
\textrm{Konzentrationsrate} \ C_j \quad &amp;amp; [var=$c1] \quad &amp;amp; [var=$cc2] \quad &amp;amp; [var=$cc3] \quad &amp;amp; [var=$cc4] \quad &amp;amp; 1 \quad \\&lt;br /&gt;&#xd;
&lt;br /&gt;&#xd;
\end{matrix}$$&lt;br /&gt;&#xd;
&lt;br /&gt;&#xd;
Berechnen Sie den Herfindahl- und Exponentialindex mit den in dieser Tabelle berechneten Daten!&lt;br /&gt;&#xd;
&lt;br /&gt;&#xd;
&lt;strong&gt;Einreichung:&lt;/strong&gt;&lt;br /&gt;&#xd;
&lt;br /&gt;&#xd;
$C_H=$&amp;nbsp;&lt;input name=&quot;field1&quot; size=&quot;8&quot; type=&quot;text&quot; value=&quot;field1&quot; /&gt;&amp;nbsp;&lt;br /&gt;&#xd;
$C_E=$&amp;nbsp;&lt;input name=&quot;field2&quot; size=&quot;8&quot; type=&quot;text&quot; value=&quot;field2&quot; /&gt;&amp;nbsp;&lt;br /&gt;&#xd;
&lt;br /&gt;&#xd;
&lt;em&gt;(Runden Sie, falls n&amp;ouml;tig, auf die&amp;nbsp; $\textbf{vierte}&amp;nbsp; Nachkommastelle$ und verwenden Sie einen Dezimalpunkt)&lt;/em&gt;</taskDescription>
            <skipMessage>$C_H=[var=$ch]$&lt;br /&gt;
$C_E=[var=$ce]$ .</skipMessage>
            <defaultTransition id="15">
              <conditionExpression id="16">
                <domain>MATH</domain>
              </conditionExpression>
              <stageExpression id="17">
                <domain>MATH</domain>
              </stageExpression>
              <isRepeat>true</isRepeat>
            </defaultTransition>
            <skipTransitions id="18">
              <StageTransition id="19">
                <conditionExpression id="20">
                  <code></code>
                  <domain>MATH</domain>
                </conditionExpression>
                <stageExpression id="21">
                  <domain>MATH</domain>
                </stageExpression>
                <isRepeat>false</isRepeat>
              </StageTransition>
            </skipTransitions>
            <stageTransitions id="22">
              <StageTransition id="23">
                <conditionExpression id="24">
                  <code></code>
                  <domain>MATH</domain>
                </conditionExpression>
                <stageExpression id="25">
                  <code>[meta=stageCurrentResult]&gt;=100</code>
                  <domain>MATH</domain>
                </stageExpression>
                <isRepeat>false</isRepeat>
              </StageTransition>
            </stageTransitions>
            <hints id="26">
              <StageHint id="27">
                <stagehint__order>0</stagehint__order>
                <text>$C_{H}$, definiert als Summe der quadrierten Anteilswerte $c_{j}$: \[C_{H}=\sum_{j=1}^{n}c_{j}^{2}.\]&lt;br /&gt;
Der Exponentialindex beschreibt \[C_{E}=\prod_{j=1}^{n}c_{j}^{c_{j}}\]</text>
                <malus>0</malus>
                <stage class="FillInStage" reference="14"/>
              </StageHint>
            </hints>
            <variableUpdatesOnEnter id="28"/>
            <variableUpdatesBeforeCheck id="29"/>
            <variableUpdatesAfterCheck id="30"/>
            <variableUpdatesOnNormalExit id="31"/>
            <variableUpdatesOnRepeat id="32"/>
            <variableUpdatesOnSkip id="33"/>
            <weight>1</weight>
            <orderIndex>1</orderIndex>
            <allowSkip>true</allowSkip>
            <resources id="34"/>
            <rules id="35"/>
            <fillInFields id="36">
              <FillInField id="37">
                <name>field2</name>
                <orderIndex>1</orderIndex>
                <size>8</size>
                <formularEditorType>NUMBER</formularEditorType>
              </FillInField>
              <FillInField id="38">
                <name>field1</name>
                <orderIndex>0</orderIndex>
                <size>8</size>
                <formularEditorType>NUMBER</formularEditorType>
              </FillInField>
            </fillInFields>
            <dropDownFields id="39"/>
            <formularEditorPalette>MATHDOX_FORMULAR_EDITOR_BASIC</formularEditorPalette>
            <defaultFeedback>Leider falsch.
&lt;br /&gt;
&lt;br /&gt;
$C_H=[var=$ch]$&lt;br /&gt;
$C_E=[var=$ce]$ .</defaultFeedback>
            <correctAnswerRules id="40">
              <Rule id="41">
                <name>CorrectAnswer1</name>
                <orderIndex>1</orderIndex>
                <validationExpression id="42">
                  <code>!isEmpty([input=field1])&amp;&amp;isRealNumber([input=field1])&amp;&amp;!isEmpty([input=field2])&amp;&amp;isRealNumber([input=field2])&amp;&amp;[input=field1]&gt;[var=ch]-0.011&amp;&amp;[input=field1]&lt;[var=ch]+0.011&amp;&amp;[input=field2]&gt;[var=ce]-0.011&amp;&amp;[input=field2]&lt;[var=ce]+0.011</code>
                  <domain>MATH</domain>
                </validationExpression>
                <points>0</points>
                <terminal>false</terminal>
              </Rule>
            </correctAnswerRules>
            <correctAnswerFeedback>Richtig.</correctAnswerFeedback>
            <defaultResult>0</defaultResult>
          </targetStage>
          <isRepeat>false</isRepeat>
        </StageTransition>
      </skipTransitions>
      <stageTransitions id="43">
        <StageTransition id="44">
          <conditionExpression id="45">
            <code></code>
            <domain>MATH</domain>
          </conditionExpression>
          <stageExpression id="46">
            <code>[meta=stageCurrentResult]&gt;=100</code>
            <domain>MATH</domain>
          </stageExpression>
          <targetStage class="FillInStage" reference="14"/>
          <isRepeat>false</isRepeat>
        </StageTransition>
      </stageTransitions>
      <hints id="47">
        <StageHint id="48">
          <stagehint__order>0</stagehint__order>
          <text>Die Merkmalssumme des Datensatzes ist $\sum_{j=1}^{n}x_{j} = n \bar{x} $; der auf den $j$-ten Merkmalstr&amp;auml;ger entfallende Anteil $c_{j}$ der Merkmalssumme ist \[c_{j}=\frac{x_{j}}{n \bar{x}}.\]&lt;br /&gt;
&lt;em&gt;(Es ist ein weiterer Hinweis vorhanden)&lt;/em&gt;</text>
          <malus>0</malus>
          <stage class="FillInStage" reference="6"/>
        </StageHint>
        <StageHint id="49">
          <stagehint__order>1</stagehint__order>
          <text>Addieren der Anteile der $j$ Merkmalstr&amp;auml;ger mit den gr&amp;ouml;&amp;szlig;ten Anteilen liefert ihren Merkmalssummenanteil \[C_{j}=\sum_{r=1}^{j}c_{r},\quad j=1,\ldots,n.\]&lt;br /&gt;
&lt;em&gt;(Es ist ein weiterer Hinweis vorhanden)&lt;/em&gt;</text>
          <malus>0</malus>
          <stage class="FillInStage" reference="6"/>
        </StageHint>
        <StageHint id="50">
          <stagehint__order>2</stagehint__order>
          <text>$C_{j}$ bezeichnet man als $\textbf{Konzentrationsrate}$ (-koeffizient). F&amp;uuml;r diesen gilt $(1) \quad C_{j}=\sum_{r=1}^{j-1}c_{r}+c_{j} \qquad \text{und} \qquad (2) \quad C_{n}=\sum_{r=1}^{n}c_{r}=1.$</text>
          <malus>0</malus>
          <stage class="FillInStage" reference="6"/>
        </StageHint>
      </hints>
      <variableUpdatesOnEnter id="51"/>
      <variableUpdatesBeforeCheck id="52"/>
      <variableUpdatesAfterCheck id="53"/>
      <variableUpdatesOnNormalExit id="54"/>
      <variableUpdatesOnRepeat id="55"/>
      <variableUpdatesOnSkip id="56"/>
      <weight>1</weight>
      <orderIndex>0</orderIndex>
      <allowSkip>true</allowSkip>
      <resources id="57"/>
      <rules id="58"/>
      <fillInFields id="59">
        <FillInField id="60">
          <name>fillin12</name>
          <orderIndex>11</orderIndex>
          <size>10</size>
          <formularEditorType>NONE</formularEditorType>
        </FillInField>
        <FillInField id="61">
          <name>field10</name>
          <orderIndex>9</orderIndex>
          <size>6</size>
          <formularEditorType>NUMBER</formularEditorType>
        </FillInField>
        <FillInField id="62">
          <name>field9</name>
          <orderIndex>8</orderIndex>
          <size>6</size>
          <formularEditorType>NUMBER</formularEditorType>
        </FillInField>
        <FillInField id="63">
          <name>fillin11</name>
          <orderIndex>10</orderIndex>
          <size>10</size>
          <formularEditorType>NONE</formularEditorType>
        </FillInField>
        <FillInField id="64">
          <name>field8</name>
          <orderIndex>7</orderIndex>
          <size>6</size>
          <formularEditorType>NUMBER</formularEditorType>
        </FillInField>
        <FillInField id="65">
          <name>field7</name>
          <orderIndex>6</orderIndex>
          <size>6</size>
          <formularEditorType>NUMBER</formularEditorType>
        </FillInField>
        <FillInField id="66">
          <name>field6</name>
          <orderIndex>5</orderIndex>
          <size>6</size>
          <formularEditorType>NUMBER</formularEditorType>
        </FillInField>
        <FillInField id="67">
          <name>field5</name>
          <orderIndex>4</orderIndex>
          <size>6</size>
          <formularEditorType>NUMBER</formularEditorType>
        </FillInField>
        <FillInField id="68">
          <name>field4</name>
          <orderIndex>3</orderIndex>
          <size>6</size>
          <formularEditorType>NUMBER</formularEditorType>
        </FillInField>
        <FillInField id="69">
          <name>field3</name>
          <orderIndex>2</orderIndex>
          <size>6</size>
          <formularEditorType>NUMBER</formularEditorType>
        </FillInField>
        <FillInField id="70">
          <name>field2</name>
          <orderIndex>1</orderIndex>
          <size>6</size>
          <formularEditorType>NUMBER</formularEditorType>
        </FillInField>
        <FillInField id="71">
          <name>field1</name>
          <orderIndex>0</orderIndex>
          <size>6</size>
          <formularEditorType>NUMBER</formularEditorType>
        </FillInField>
      </fillInFields>
      <dropDownFields id="72"/>
      <formularEditorPalette>MATHDOX_FORMULAR_EDITOR_BASIC</formularEditorPalette>
      <defaultFeedback>Leider falsch.&lt;br /&gt;
&lt;br /&gt;
$$\begin{matrix}&lt;br /&gt;
\hline&lt;br /&gt;
\textrm{Unternehmen } \quad &amp;amp; \textrm{A} \quad &amp;amp; \textrm{B} \quad &amp;amp; \textrm{C} \quad &amp;amp; \textrm{D} \quad &amp;amp; \textrm{E} \quad \\&lt;br /&gt;
\hline&lt;br /&gt;
\textrm{Umsatz} \enspace \enspace \quad &amp;amp; [var=A] \quad &amp;amp; [var=B] \quad &amp;amp; [var=C] \quad &amp;amp; [var=D] \quad &amp;amp; [var=Ee] \quad \\&lt;br /&gt;
\textrm{Anteil}\enspace c_j \quad &amp;amp; [var=c1] \quad &amp;amp; [var=c2] \quad &amp;amp; [var=c3] \quad &amp;amp; [var=c4] \quad &amp;amp; [var=c5] \quad \\&lt;br /&gt;
\textrm{Konzentrationsrate} \enspace C_j &amp;amp; [var=c1] \quad &amp;amp; [var=cc2] \quad &amp;amp; [var=cc3] \quad &amp;amp; [var=cc4] \quad &amp;amp; 1 \quad \\&lt;br /&gt;
\end{matrix}$$&lt;br /&gt;
&lt;br /&gt;
Beachten Sie, dass aufgrund von Rundungen es dazu kommen kann, das ihre Summe den Wert $0,99$ bzw. $1,01$ annehmen kann. Dies wird als richtig bewertet</defaultFeedback>
      <correctAnswerRules id="73">
        <Rule id="74">
          <name>CorrectAnswer1</name>
          <orderIndex>1</orderIndex>
          <validationExpression id="75">
            <code>!isEmpty([input=field1])&amp;&amp;isRealNumber([input=field1])&amp;&amp;!isEmpty([input=field2])&amp;&amp;isRealNumber([input=field2])&amp;&amp;!isEmpty([input=field3])&amp;&amp;isRealNumber([input=field3])&amp;&amp;!isEmpty([input=field4])&amp;&amp;isRealNumber([input=field4])&amp;&amp;!isEmpty([input=field5])&amp;&amp;isRealNumber([input=field5])&amp;&amp;!isEmpty([input=field6])&amp;&amp;isRealNumber([input=field6])&amp;&amp;!isEmpty([input=field7])&amp;&amp;isRealNumber([input=field7])&amp;&amp;!isEmpty([input=field8])&amp;&amp;isRealNumber([input=field8])&amp;&amp;!isEmpty([input=field9])&amp;&amp;isRealNumber([input=field9])&amp;&amp;!isEmpty([input=field10])&amp;&amp;isRealNumber([input=field10])&amp;&amp;[input=field1]&lt;[var=c1]+0.011&amp;&amp;[input=field1]&gt;[var=c1]-0.011&amp;&amp;[input=field2]&lt;[var=c2]+0.011&amp;&amp;[input=field2]&gt;[var=c2]-0.011&amp;&amp;[input=field3]&lt;[var=c3]+0.011&amp;&amp;[input=field3]&gt;[var=c3]-0.011&amp;&amp;[input=field4]&lt;[var=c4]+0.011&amp;&amp;[input=field4]&gt;[var=c4]-0.011&amp;&amp;[input=field5]&lt;[var=c5]+0.011&amp;&amp;[input=field5]&gt;[var=c5]-0.011&amp;&amp;[input=field6]&lt;[var=c1]+0.011&amp;&amp;[input=field6]&gt;[var=c1]-0.011&amp;&amp;[input=field7]&lt;[var=cc2]+0.011&amp;&amp;[input=field7]&gt;[var=cc2]-0.011&amp;&amp;[input=field8]&lt;[var=cc3]+0.011&amp;&amp;[input=field8]&gt;[var=cc3]-0.011&amp;&amp;[input=field9]&lt;[var=cc4]+0.011&amp;&amp;[input=field9]&gt;[var=cc4]-0.011&amp;&amp;[input=field10]&lt;1.011&amp;&amp;[input=field10]&gt;0.989</code>
            <domain>MATH</domain>
          </validationExpression>
          <points>0</points>
          <terminal>false</terminal>
        </Rule>
      </correctAnswerRules>
      <correctAnswerFeedback>Richtig.</correctAnswerFeedback>
      <defaultResult>0</defaultResult>
    </FillInStage>
    <FillInStage reference="14"/>
  </stages>
  <startStage class="FillInStage" reference="6"/>
  <variableDeclarations id="76">
    <VariableDeclaration id="77">
      <name>A</name>
      <initializationCode id="78">
        <code>randomIntegerBetween(400,500)</code>
        <domain>MATH</domain>
      </initializationCode>
    </VariableDeclaration>
    <VariableDeclaration id="79">
      <name>B</name>
      <initializationCode id="80">
        <code>randomIntegerBetween(300,399)</code>
        <domain>MATH</domain>
      </initializationCode>
    </VariableDeclaration>
    <VariableDeclaration id="81">
      <name>C</name>
      <initializationCode id="82">
        <code>randomIntegerBetween(200,299)</code>
        <domain>MATH</domain>
      </initializationCode>
    </VariableDeclaration>
    <VariableDeclaration id="83">
      <name>D</name>
      <initializationCode id="84">
        <code>randomIntegerBetween(150,199)</code>
        <domain>MATH</domain>
      </initializationCode>
    </VariableDeclaration>
    <VariableDeclaration id="85">
      <name>Ee</name>
      <initializationCode id="86">
        <code>randomIntegerBetween(80,149)</code>
        <domain>MATH</domain>
      </initializationCode>
    </VariableDeclaration>
    <VariableDeclaration id="87">
      <name>Summe</name>
      <initializationCode id="88">
        <code>evaluateInR(&apos;[var=A]+[var=B]+[var=C]+[var=D]+[var=Ee]&apos;)</code>
        <domain>MATH</domain>
      </initializationCode>
    </VariableDeclaration>
    <VariableDeclaration id="89">
      <name>c11</name>
      <initializationCode id="90">
        <code>evaluateInR(&apos;[var=A]/[var=Summe]&apos;)</code>
        <domain>MATH</domain>
      </initializationCode>
    </VariableDeclaration>
    <VariableDeclaration id="91">
      <name>c22</name>
      <initializationCode id="92">
        <code>evaluateInR(&apos;[var=B]/[var=Summe]&apos;)</code>
        <domain>MATH</domain>
      </initializationCode>
    </VariableDeclaration>
    <VariableDeclaration id="93">
      <name>c33</name>
      <initializationCode id="94">
        <code>evaluateInR(&apos;[var=C]/[var=Summe]&apos;)</code>
        <domain>MATH</domain>
      </initializationCode>
    </VariableDeclaration>
    <VariableDeclaration id="95">
      <name>c44</name>
      <initializationCode id="96">
        <code>evaluateInR(&apos;[var=D]/[var=Summe]&apos;)</code>
        <domain>MATH</domain>
      </initializationCode>
    </VariableDeclaration>
    <VariableDeclaration id="97">
      <name>c55</name>
      <initializationCode id="98">
        <code>evaluateInR(&apos;[var=Ee]/[var=Summe]&apos;)</code>
        <domain>MATH</domain>
      </initializationCode>
    </VariableDeclaration>
    <VariableDeclaration id="99">
      <name>c1</name>
      <initializationCode id="100">
        <code>evaluateInR(&apos;round([var=c11], 3)&apos;)</code>
        <domain>MATH</domain>
      </initializationCode>
    </VariableDeclaration>
    <VariableDeclaration id="101">
      <name>c2</name>
      <initializationCode id="102">
        <code>evaluateInR(&apos;round([var=c22], 3)&apos;)</code>
        <domain>MATH</domain>
      </initializationCode>
    </VariableDeclaration>
    <VariableDeclaration id="103">
      <name>c3</name>
      <initializationCode id="104">
        <code>evaluateInR(&apos;round([var=c33], 3)&apos;)</code>
        <domain>MATH</domain>
      </initializationCode>
    </VariableDeclaration>
    <VariableDeclaration id="105">
      <name>c4</name>
      <initializationCode id="106">
        <code>evaluateInR(&apos;round([var=c44], 3)&apos;)</code>
        <domain>MATH</domain>
      </initializationCode>
    </VariableDeclaration>
    <VariableDeclaration id="107">
      <name>c5</name>
      <initializationCode id="108">
        <code>evaluateInR(&apos;round([var=c55], 3)&apos;)</code>
        <domain>MATH</domain>
      </initializationCode>
    </VariableDeclaration>
    <VariableDeclaration id="109">
      <name>ccc2</name>
      <initializationCode id="110">
        <code>evaluateInR(&apos;[var=c1]+[var=c2]&apos;)</code>
        <domain>MATH</domain>
      </initializationCode>
    </VariableDeclaration>
    <VariableDeclaration id="111">
      <name>ccc3</name>
      <initializationCode id="112">
        <code>evaluateInR(&apos;[var=ccc2]+[var=c3]&apos;)</code>
        <domain>MATH</domain>
      </initializationCode>
    </VariableDeclaration>
    <VariableDeclaration id="113">
      <name>ccc4</name>
      <initializationCode id="114">
        <code>evaluateInR(&apos;[var=ccc3]+[var=c4]&apos;)</code>
        <domain>MATH</domain>
      </initializationCode>
    </VariableDeclaration>
    <VariableDeclaration id="115">
      <name>cc2</name>
      <initializationCode id="116">
        <code>evaluateInR(&apos;round([var=ccc2], 3)&apos;)</code>
        <domain>MATH</domain>
      </initializationCode>
    </VariableDeclaration>
    <VariableDeclaration id="117">
      <name>cc3</name>
      <initializationCode id="118">
        <code>evaluateInR(&apos;round([var=ccc3], 3)&apos;)</code>
        <domain>MATH</domain>
      </initializationCode>
    </VariableDeclaration>
    <VariableDeclaration id="119">
      <name>cc4</name>
      <initializationCode id="120">
        <code>evaluateInR(&apos;round([var=ccc4], 3)&apos;)</code>
        <domain>MATH</domain>
      </initializationCode>
    </VariableDeclaration>
    <VariableDeclaration id="121">
      <name>chh</name>
      <initializationCode id="122">
        <code>pow([var=c1], 2)+pow([var=c2], 2)+pow([var=c3], 2)+pow([var=c4], 2)+pow([var=c5], 2)</code>
        <domain>MATH</domain>
      </initializationCode>
    </VariableDeclaration>
    <VariableDeclaration id="123">
      <name>cee</name>
      <initializationCode id="124">
        <code>pow([var=c1], [var=c1])*pow([var=c2], [var=c2])*pow([var=c3], [var=c3])*pow([var=c4], [var=c4])*pow([var=c5], [var=c5])</code>
        <domain>MATH</domain>
      </initializationCode>
    </VariableDeclaration>
    <VariableDeclaration id="125">
      <name>ch</name>
      <initializationCode id="126">
        <code>evaluateInR(&apos;round([var=chh], 3)&apos;)</code>
        <domain>MATH</domain>
      </initializationCode>
    </VariableDeclaration>
    <VariableDeclaration id="127">
      <name>ce</name>
      <initializationCode id="128">
        <code>evaluateInR(&apos;round([var=cee], 3)&apos;)</code>
        <domain>MATH</domain>
      </initializationCode>
    </VariableDeclaration>
  </variableDeclarations>
  <jSXGraphs id="129"/>
  <dynamicMolecules id="130"/>
  <resultFeedbackMappings id="131"/>
</Exercise>