<Exercise id="1">
  <name>DS6-R07 Konzentrations- und Disparitätsmessung 7</name>
  <publicDescription></publicDescription>
  <internalNotes>Informationen zur Lorenzkurve ausgeben lassen

Die  Materialien sind lizenziert unter CC BY-NC-SA 4.0. Eine Kopie dieser Lizenz finden Sie unter http://creativecommons.org/licenses/by-nc-sa/4.0/

The materials are licensed under CC BY-NC-SA 4.0. You can find a copy of this license at http://creativecommons.org/licenses/by-nc-sa/4.0/</internalNotes>
  <language>de</language>
  <difficulty>0</difficulty>
  <tags id="2">
    <Tag id="3">
      <name>Desk_22</name>
    </Tag>
  </tags>
  <resources id="4">
    <ExerciseResource id="5">
      <content id="6">bWFya3QgPC0gYygyMCw1MCwyMDAsMzAsMzUwKQ==</content>
      <uploadTimestamp>2022-03-22T12:27:58.107225</uploadTimestamp>
      <filename>source.r</filename>
      <description></description>
      <replacePlaceholder>false</replacePlaceholder>
    </ExerciseResource>
  </resources>
  <stages id="7">
    <RStage id="8">
      <internalName>#1</internalName>
      <externalName></externalName>
      <taskDescription>&lt;strong&gt;Aufgabenstellung:&lt;/strong&gt;&lt;br /&gt;&#xd;
&lt;br /&gt;&#xd;
Lassen Sie sich, f&amp;uuml;r die Zeichnung der Lorenzkurve, relevante Informationen anzeigen, in dem Sie den $\verb|Lc()|$-Befehl benutzen.&lt;br /&gt;&#xd;
Was bedeuten insbesondere die Werte bei den Parametern $\verb|p|$ und $\verb|L|$?&amp;nbsp;Der Vektor $\verb|markt|$ steht weiterhin im Environment zur Verf&amp;uuml;gung.&lt;br /&gt;&#xd;
&lt;br /&gt;&#xd;
&lt;em&gt;(Bevor Sie den Code abschicken, k&amp;ouml;nnen Sie &amp;uuml;ber den Button &amp;quot;Code testen&amp;quot; ihren geschriebenen R-Code ausf&amp;uuml;hren und in der R-Konsole anzeigen lassen.)&lt;/em&gt;</taskDescription>
      <defaultTransition id="9">
        <conditionExpression id="10">
          <domain>MATH</domain>
        </conditionExpression>
        <stageExpression id="11">
          <domain>MATH</domain>
        </stageExpression>
        <isRepeat>false</isRepeat>
      </defaultTransition>
      <skipTransitions id="12"/>
      <stageTransitions id="13"/>
      <hints id="14">
        <StageHint id="15">
          <stagehint__order>0</stagehint__order>
          <text>Wenden Sie den Befehl $\verb|Lc()|$ auf den Vektor $\verb|markt|$ an.</text>
          <malus>0</malus>
          <stage class="RStage" reference="8"/>
        </StageHint>
      </hints>
      <variableUpdatesOnEnter id="16"/>
      <variableUpdatesBeforeCheck id="17"/>
      <variableUpdatesAfterCheck id="18"/>
      <variableUpdatesOnNormalExit id="19"/>
      <variableUpdatesOnRepeat id="20"/>
      <variableUpdatesOnSkip id="21"/>
      <weight>1</weight>
      <orderIndex>0</orderIndex>
      <allowSkip>false</allowSkip>
      <resources id="22"/>
      <initialCode>markt &lt;- c(20, 50, 200, 30, 350)</initialCode>
      <finalResultComputationString>#{c23976}</finalResultComputationString>
      <testCasetuples id="23">
        <TestCaseTuple id="24">
          <testCases id="25">
            <StaticRTestCase id="26">
              <points>50</points>
              <pointsMode>GAIN</pointsMode>
              <name>imported testcase</name>
              <feedbackIfFailed>Leider nicht richtig! Benutzen Sie die Funktion $\verb|Lc()|$ und achten Sie darauf, die vordefinierte Variable $markt$ zu verwenden.</feedbackIfFailed>
              <ruleMode>PRESENCE</ruleMode>
              <queries class="linked-list" id="27">
                <RGReQLQuery id="28">
                  <query>		from lc:V{FunctionCall}, markt:V{Variable} with 
                lc.name=&quot;Lc&quot; and
                lc --&gt;* markt and
                markt.name=&quot;markt&quot;
                report 0 end
		</query>
                </RGReQLQuery>
              </queries>
            </StaticRTestCase>
            <DynamicRTestCase id="29">
              <points>50</points>
              <pointsMode>GAIN</pointsMode>
              <name>imported testcase</name>
              <feedbackIfFailed>Benutzen Sie nur den Befehl $\verb|Lc()|$ auf den Vektor $markt$  und interpretieren Sie die in der Aufgabe genannten Parameter.</feedbackIfFailed>
              <ruleMode>PRESENCE</ruleMode>
              <postCode>postprocess &lt;- function(student_output){
x &lt;- as.numeric(unlist(student_output)[1:12])
return(round(x,4))
}</postCode>
              <expectedOutput>c(0.0,0.2,0.4,0.6,0.8,1.0,0.0, 0.0308, 0.0769, 0.1538, 0.4615, 1.0000)</expectedOutput>
              <postprocessingFunction>postprocess</postprocessingFunction>
              <tolerance>-4</tolerance>
            </DynamicRTestCase>
          </testCases>
          <checkerConfiguration id="30">
            <isActive>false</isActive>
            <hasVisibleResult>false</hasVisibleResult>
            <hasVisibleFeedback>false</hasVisibleFeedback>
            <isAsync>false</isAsync>
            <weight>1</weight>
            <persistentReference>23976</persistentReference>
          </checkerConfiguration>
        </TestCaseTuple>
      </testCasetuples>
    </RStage>
  </stages>
  <startStage class="RStage" reference="8"/>
  <variableDeclarations id="31"/>
  <jSXGraphs id="32"/>
  <dynamicMolecules id="33"/>
  <resultFeedbackMappings id="34"/>
</Exercise>