<Exercise id="1">
  <name>DS5-01 Schiefe- und Kurtosisparameter 1</name>
  <publicDescription></publicDescription>
  <internalNotes>Variationskoeffizient; absolute, relative und zentrierte Kurtosis

Die  Materialien sind lizenziert unter CC BY-NC-SA 4.0. Eine Kopie dieser Lizenz finden Sie unter http://creativecommons.org/licenses/by-nc-sa/4.0/

The materials are licensed under CC BY-NC-SA 4.0. You can find a copy of this license at http://creativecommons.org/licenses/by-nc-sa/4.0/</internalNotes>
  <language>de</language>
  <difficulty>3</difficulty>
  <tags id="2">
    <Tag id="3">
      <name>Desk_22</name>
    </Tag>
  </tags>
  <resources id="4"/>
  <stages id="5">
    <MCStage id="6">
      <internalName>1</internalName>
      <externalName>Stage 1</externalName>
      <taskDescription>&lt;strong&gt;Aufgabenstellung:&lt;/strong&gt;&lt;br /&gt;&#xd;
&lt;br /&gt;&#xd;
Gegeben sind die Datens&amp;auml;tze der individuellen Kn&amp;ouml;terichnachfrage (Kn&amp;ouml;terichgew&amp;auml;chse sind Samenpflanzen) in Euro $X$ und der Volkswirtschaftlichen Konsumg&amp;uuml;ternachfrage in Mrd. Euro $Y$ :&amp;nbsp;&lt;br /&gt;&#xd;
&lt;br /&gt;&#xd;
$$\begin{matrix}&lt;br /&gt;&#xd;
x_i &amp;amp; n_i &amp;amp; \\&lt;br /&gt;&#xd;
\hline&lt;br /&gt;&#xd;
0.6 &amp;amp; [var=h1,latex] \\&lt;br /&gt;&#xd;
0.7 &amp;amp; [var=h2,latex] \\&lt;br /&gt;&#xd;
0.8 &amp;amp; [var=h3,latex] \\&lt;br /&gt;&#xd;
0.9 &amp;amp; [var=h4,latex] \\&lt;br /&gt;&#xd;
1 &amp;amp; [var=h5,latex] \\&lt;br /&gt;&#xd;
\end{matrix}&lt;br /&gt;&#xd;
\qquad&lt;br /&gt;&#xd;
\begin{matrix}&lt;br /&gt;&#xd;
y_j &amp;amp; n_j \\&lt;br /&gt;&#xd;
\hline&lt;br /&gt;&#xd;
130 &amp;amp; [var=j1,latex] \\&lt;br /&gt;&#xd;
140 &amp;amp; [var=j2,latex] \\&lt;br /&gt;&#xd;
150 &amp;amp; [var=j3,latex] \\&lt;br /&gt;&#xd;
160 &amp;amp; [var=j4,latex] \\&lt;br /&gt;&#xd;
170 &amp;amp; [var=j5,latex] \\&lt;br /&gt;&#xd;
\end{matrix}$$&lt;br /&gt;&#xd;
&lt;br /&gt;&#xd;
Welches ist ein geeignetes Ma&amp;szlig;, um die Streuung der beiden Datens&amp;auml;tze zu vergleichen?&lt;br /&gt;&#xd;
&lt;br /&gt;&#xd;
&lt;strong&gt;Auswahl:&lt;/strong&gt;</taskDescription>
      <skipMessage> 
		Die absolute Streuung ist hier kein geeignetes Maß, da die beiden Datensätze einen starken Niveauunterschied aufweisen (Cent gegenüber Mrd. EUR).
		Deshalb ist ein relatives Streuungsmaß (Variationskoeffizient) zu wählen. 
	</skipMessage>
      <defaultTransition id="7">
        <conditionExpression id="8">
          <domain>MATH</domain>
        </conditionExpression>
        <stageExpression id="9">
          <domain>MATH</domain>
        </stageExpression>
        <isRepeat>true</isRepeat>
      </defaultTransition>
      <skipTransitions id="10">
        <StageTransition id="11">
          <conditionExpression id="12">
            <code></code>
            <domain>MATH</domain>
          </conditionExpression>
          <stageExpression id="13">
            <domain>MATH</domain>
          </stageExpression>
          <targetStage class="FillInStage" id="14">
            <internalName>2</internalName>
            <externalName>Stage 2</externalName>
            <taskDescription>&lt;strong&gt;Aufgabenstellung:&lt;/strong&gt;&lt;br /&gt;&#xd;
&lt;br /&gt;&#xd;
Berechnen Sie den Variationskoeffizient f&amp;uuml;r beide Datens&amp;auml;tze.&lt;br /&gt;&#xd;
&lt;br /&gt;&#xd;
&lt;strong&gt;Einreichung:&lt;/strong&gt;&lt;br /&gt;&#xd;
&lt;br /&gt;&#xd;
$v_x$= &amp;nbsp;&lt;input name=&quot;field1&quot; size=&quot;6&quot; type=&quot;text&quot; value=&quot;field1&quot; /&gt;&amp;nbsp;&lt;br /&gt;&#xd;
&lt;br /&gt;&#xd;
$v_y$= &amp;nbsp;&lt;input name=&quot;field2&quot; size=&quot;6&quot; type=&quot;text&quot; value=&quot;field2&quot; /&gt;&amp;nbsp;&lt;br /&gt;&#xd;
&lt;br /&gt;&#xd;
&lt;em&gt;(Runden Sie, falls n&amp;ouml;tig, auf die vierte Nachkommastelle und verwenden Sie einen Dezimalpunkt!)&lt;/em&gt;&lt;br /&gt;&#xd;
&lt;br /&gt;&#xd;
&amp;nbsp;&#xd;
&lt;p&gt;&lt;a href=&quot;https://rdrr.io/snippets/embed/&quot; onclick=&quot;window.open(&apos;https://rdrr.io/snippets/embed/?code=&apos;,&apos;R Console&apos;,&apos; margin-top: 20px; top=200,left=100,width=480,height=640,menubar=no,toolbar=no,&apos;); return false;&quot; target=&quot;_blank&quot;&gt;&lt;img alt=&quot;R_ Logo&quot; pull-right=&quot;&quot; src=&quot;/econometrics/resource?resource=157444&quot; style=&quot;width: 40px; height: 50px; float: right; margin: 5px&quot; /&gt;&lt;/a&gt;&lt;/p&gt;&#xd;
</taskDescription>
            <skipMessage>Es gilt:&lt;br /&gt;
$\bar x=[var=xquerg,latex]$,&lt;br /&gt;
$\bar y=[var=yquerg,latex]$.&lt;br /&gt;
Au&amp;szlig;erdem ist $s_x=\sqrt{\frac{1}{n}\sum_{i=1}^m x_i^2 n_i - \bar x^2}=[var=sxg,latex]$ und $s_y=\sqrt{\frac{1}{n}\sum_{i=1}^m y_i^2 n_i - \bar y^2}=[var=syg,latex]$.&lt;br /&gt;
Die Variationskoeffizienten sind somit gegeben durch $v_x=\dfrac{{s_x}}{\bar{{x}}}=[var=vxg,latex]$ und $v_y=\dfrac{{s_y}}{\bar{{y}}}=[var=vyg,latex].$</skipMessage>
            <defaultTransition id="15">
              <conditionExpression id="16">
                <domain>MATH</domain>
              </conditionExpression>
              <stageExpression id="17">
                <domain>MATH</domain>
              </stageExpression>
              <isRepeat>true</isRepeat>
            </defaultTransition>
            <skipTransitions id="18">
              <StageTransition id="19">
                <conditionExpression id="20">
                  <code></code>
                  <domain>MATH</domain>
                </conditionExpression>
                <stageExpression id="21">
                  <domain>MATH</domain>
                </stageExpression>
                <targetStage class="FillInStage" id="22">
                  <internalName>3</internalName>
                  <externalName>Stage 3</externalName>
                  <taskDescription>&lt;strong&gt;Aufgabenstellung:&lt;/strong&gt;&lt;br /&gt;&#xd;
&lt;br /&gt;&#xd;
Berechnen Sie die absolute, relative und zentrierte Kurtosis f&amp;uuml;r die Volkswirtschaftliche Konsumg&amp;uuml;ternachfrage in Mrd. Euro $Y$!&lt;br /&gt;&#xd;
&lt;br /&gt;&#xd;
&lt;strong&gt;Einreichung:&lt;/strong&gt;&lt;br /&gt;&#xd;
&amp;nbsp;&#xd;
&lt;table border=&quot;0&quot; cellpadding=&quot;1&quot; cellspacing=&quot;1&quot; style=&quot;width:500px;&quot;&gt;&#xd;
	&lt;tbody&gt;&#xd;
		&lt;tr&gt;&#xd;
			&lt;td&gt;Absolute Kurtosis: $\theta_{W}$ =&lt;/td&gt;&#xd;
			&lt;td&gt;&amp;nbsp;&lt;input name=&quot;field1&quot; size=&quot;8&quot; type=&quot;text&quot; value=&quot;field1&quot; /&gt;&amp;nbsp;&lt;/td&gt;&#xd;
		&lt;/tr&gt;&#xd;
		&lt;tr&gt;&#xd;
			&lt;td&gt;Relative Kurtosis: $\theta^r_{W} $=&lt;/td&gt;&#xd;
			&lt;td&gt;&amp;nbsp;&lt;input name=&quot;field2&quot; size=&quot;8&quot; type=&quot;text&quot; value=&quot;field2&quot; /&gt;&amp;nbsp;&lt;/td&gt;&#xd;
		&lt;/tr&gt;&#xd;
		&lt;tr&gt;&#xd;
			&lt;td&gt;Zentrierte Kurtosis: $\theta^N_{W} $= &amp;nbsp;&lt;/td&gt;&#xd;
			&lt;td&gt;&amp;nbsp;&lt;input name=&quot;field3&quot; size=&quot;8&quot; type=&quot;text&quot; value=&quot;field3&quot; /&gt;&amp;nbsp;&lt;/td&gt;&#xd;
		&lt;/tr&gt;&#xd;
	&lt;/tbody&gt;&#xd;
&lt;/table&gt;&#xd;
&lt;br /&gt;&#xd;
&lt;br /&gt;&#xd;
&lt;em&gt;(Runden Sie, falls n&amp;ouml;tig, auf die vierte Nachkommastelle und verwenden Sie einen Dezimalpunkt!)&lt;/em&gt;&#xd;
&#xd;
&lt;p&gt;&lt;a href=&quot;https://rdrr.io/snippets/embed/&quot; onclick=&quot;window.open(&apos;https://rdrr.io/snippets/embed/?code=&apos;,&apos;R Console&apos;,&apos; margin-top: 20px; top=200,left=100,width=480,height=640,menubar=no,toolbar=no,&apos;); return false;&quot; target=&quot;_blank&quot;&gt;&lt;img alt=&quot;R_ Logo&quot; pull-right=&quot;&quot; src=&quot;/econometrics/resource?resource=157444&quot; style=&quot;width: 40px; height: 50px; float: right; margin: 5px&quot; /&gt;&lt;/a&gt;&lt;/p&gt;&#xd;
</taskDescription>
                  <skipMessage>Es gilt: absolute Kurtosis: $\theta_{W}=\frac{1}{n}\sum_{i=1}^{m}(x_{i}-\bar{x})^{4}n_i$ = [var=thetaWg].&lt;br /&gt;
relative Kurtosis: $\theta_{W}^{r}=\frac{\theta_{W}}{s^{4}}$ = [var=thetaRg].&lt;br /&gt;
zentrierte Kurtosis: $\theta_{W}^{N}=\theta_{W}^{r}-3$ = [var=thetaNg].</skipMessage>
                  <defaultTransition id="23">
                    <conditionExpression id="24">
                      <domain>MATH</domain>
                    </conditionExpression>
                    <stageExpression id="25">
                      <domain>MATH</domain>
                    </stageExpression>
                    <isRepeat>true</isRepeat>
                  </defaultTransition>
                  <skipTransitions id="26">
                    <StageTransition id="27">
                      <conditionExpression id="28">
                        <code></code>
                        <domain>MATH</domain>
                      </conditionExpression>
                      <stageExpression id="29">
                        <domain>MATH</domain>
                      </stageExpression>
                      <targetStage class="MCStage" id="30">
                        <internalName>4</internalName>
                        <externalName>Stage 4</externalName>
                        <taskDescription>&lt;strong&gt;Aufgabenstellung:&lt;/strong&gt;&lt;br /&gt;&#xd;
&lt;br /&gt;&#xd;
Da die absolute und die relative Kurtosis wenig Aussagekraft besitzen, w&amp;auml;hlt man das Ma&amp;szlig; der zentrierten Kurtosis, welches die Abweichung zur Kurtosis der Normalverteilung angibt. Die Kurtosis der Normalverteilung betr&amp;auml;gt 3, also hat&lt;br /&gt;&#xd;
&lt;br /&gt;&#xd;
&lt;strong&gt;Auswahl:&lt;/strong&gt;</taskDescription>
                        <skipMessage>F&amp;uuml;r $\theta_{W}^{N}=0$ hat die Verteilung die gleiche Kurtosis wie die Normalverteilung (mesokurtisch).&lt;br /&gt;
F&amp;uuml;r $\theta_{W}^{N}&amp;gt;0$ liegt st&amp;auml;rkere, f&amp;uuml;r $\theta_{W}^{N}&amp;lt;0$ geringere Kurtosis als bei der Normalverteilung vor (leptokurtisch bzw. platykurtisch).</skipMessage>
                        <defaultTransition id="31">
                          <conditionExpression id="32">
                            <domain>MATH</domain>
                          </conditionExpression>
                          <stageExpression id="33">
                            <domain>MATH</domain>
                          </stageExpression>
                          <isRepeat>true</isRepeat>
                        </defaultTransition>
                        <skipTransitions id="34">
                          <StageTransition id="35">
                            <conditionExpression id="36">
                              <code></code>
                              <domain>MATH</domain>
                            </conditionExpression>
                            <stageExpression id="37">
                              <domain>MATH</domain>
                            </stageExpression>
                            <isRepeat>false</isRepeat>
                          </StageTransition>
                        </skipTransitions>
                        <stageTransitions id="38">
                          <StageTransition id="39">
                            <conditionExpression id="40">
                              <code></code>
                              <domain>MATH</domain>
                            </conditionExpression>
                            <stageExpression id="41">
                              <code>[meta=stageCurrentResult]&gt;=100</code>
                              <domain>MATH</domain>
                            </stageExpression>
                            <isRepeat>false</isRepeat>
                          </StageTransition>
                        </stageTransitions>
                        <hints id="42">
                          <StageHint id="43">
                            <stagehint__order>0</stagehint__order>
                            <text> Betrachten Sie hierzu Folie 17 in Kapitel 5 der Vorlesungsfolien. </text>
                            <malus>0</malus>
                            <stage class="MCStage" reference="30"/>
                          </StageHint>
                        </hints>
                        <variableUpdatesOnEnter id="44"/>
                        <variableUpdatesBeforeCheck id="45">
                          <VariableUpdate id="46">
                            <variableReference id="47">
                              <name>stage_49445_p1_0</name>
                              <initializationCode id="48">
                                <code>&quot;filled later by update&quot;</code>
                                <domain>MATH</domain>
                              </initializationCode>
                            </variableReference>
                            <updateCode id="49">
                              <code>convertBinaryStringToInteger(charAt([var=p1],1))</code>
                              <domain>MATH</domain>
                            </updateCode>
                          </VariableUpdate>
                          <VariableUpdate id="50">
                            <variableReference id="51">
                              <name>stage_49445_p1_1</name>
                              <initializationCode id="52">
                                <code>&quot;filled later by update&quot;</code>
                                <domain>MATH</domain>
                              </initializationCode>
                            </variableReference>
                            <updateCode id="53">
                              <code>convertBinaryStringToInteger(charAt([var=p1],2))</code>
                              <domain>MATH</domain>
                            </updateCode>
                          </VariableUpdate>
                          <VariableUpdate id="54">
                            <variableReference id="55">
                              <name>stage_49445_p1_2</name>
                              <initializationCode id="56">
                                <code>&quot;filled later by update&quot;</code>
                                <domain>MATH</domain>
                              </initializationCode>
                            </variableReference>
                            <updateCode id="57">
                              <code>convertBinaryStringToInteger(charAt([var=p1],3))</code>
                              <domain>MATH</domain>
                            </updateCode>
                          </VariableUpdate>
                          <VariableUpdate id="58">
                            <variableReference id="59">
                              <name>stage_49445_p1_3</name>
                              <initializationCode id="60">
                                <code>&quot;filled later by update&quot;</code>
                                <domain>MATH</domain>
                              </initializationCode>
                            </variableReference>
                            <updateCode id="61">
                              <code>convertBinaryStringToInteger(charAt([var=p1],4))</code>
                              <domain>MATH</domain>
                            </updateCode>
                          </VariableUpdate>
                        </variableUpdatesBeforeCheck>
                        <variableUpdatesAfterCheck id="62"/>
                        <variableUpdatesOnNormalExit id="63"/>
                        <variableUpdatesOnRepeat id="64"/>
                        <variableUpdatesOnSkip id="65"/>
                        <weight>1</weight>
                        <orderIndex>3</orderIndex>
                        <allowSkip>true</allowSkip>
                        <resources id="66"/>
                        <answerOptions id="67">
                          <MCAnswer id="68">
                            <order>0</order>
                            <rule>VARIABLE</rule>
                            <text>die Verteilung eine schwächere Kurtosis als die Normalverteilung (platykurtisch).</text>
                            <variableName>stage_49445_p1_0</variableName>
                            <mcstage reference="30"/>
                          </MCAnswer>
                          <MCAnswer id="69">
                            <order>1</order>
                            <rule>VARIABLE</rule>
                            <text>die Verteilung eine stärkere Kurtosis als die Normalverteilung (leptokurtisch).</text>
                            <variableName>stage_49445_p1_1</variableName>
                            <mcstage reference="30"/>
                          </MCAnswer>
                          <MCAnswer id="70">
                            <order>2</order>
                            <rule>VARIABLE</rule>
                            <text>die Verteilung die gleiche Kurtosis wie die Normalverteilung (mesokurtisch).</text>
                            <variableName>stage_49445_p1_2</variableName>
                            <mcstage reference="30"/>
                          </MCAnswer>
                          <MCAnswer id="71">
                            <order>3</order>
                            <rule>VARIABLE</rule>
                            <text>kein Vergleich möglich, da die Knöterichnachfrage keiner Normalverteilung folgt.</text>
                            <variableName>stage_49445_p1_3</variableName>
                            <mcstage reference="30"/>
                          </MCAnswer>
                        </answerOptions>
                        <randomize>false</randomize>
                        <singleChoice>false</singleChoice>
                        <correctAnswerFeedback> Richtig. </correctAnswerFeedback>
                        <defaultFeedback></defaultFeedback>
                        <defaultResult>0</defaultResult>
                        <extraFeedbacks id="72"/>
                      </targetStage>
                      <isRepeat>false</isRepeat>
                    </StageTransition>
                  </skipTransitions>
                  <stageTransitions id="73">
                    <StageTransition id="74">
                      <conditionExpression id="75">
                        <code></code>
                        <domain>MATH</domain>
                      </conditionExpression>
                      <stageExpression id="76">
                        <code>[meta=stageCurrentResult]&gt;=100</code>
                        <domain>MATH</domain>
                      </stageExpression>
                      <targetStage class="MCStage" reference="30"/>
                      <isRepeat>false</isRepeat>
                    </StageTransition>
                  </stageTransitions>
                  <hints id="77">
                    <StageHint id="78">
                      <stagehint__order>0</stagehint__order>
                      <text>Es gilt:&lt;br /&gt;
absolute Kurtosis: $\theta_{W}=\frac{1}{n}\sum_{i=1}^{m}(x_{i}-\bar{x})^{4}n_i.$&lt;br /&gt;
relative Kurtosis: $\theta_{W}^{r}=\frac{\theta_{W}}{s^{4}}$.&lt;br /&gt;
zentrierte Kurtosis: $\theta_{W}^{N}=\theta_{W}^{r}-3$.</text>
                      <malus>0</malus>
                      <stage class="FillInStage" reference="22"/>
                    </StageHint>
                  </hints>
                  <variableUpdatesOnEnter id="79"/>
                  <variableUpdatesBeforeCheck id="80"/>
                  <variableUpdatesAfterCheck id="81"/>
                  <variableUpdatesOnNormalExit id="82"/>
                  <variableUpdatesOnRepeat id="83"/>
                  <variableUpdatesOnSkip id="84"/>
                  <weight>1</weight>
                  <orderIndex>2</orderIndex>
                  <allowSkip>true</allowSkip>
                  <resources id="85"/>
                  <rules id="86">
                    <Rule id="87">
                      <name>Feedback_1</name>
                      <orderIndex>1</orderIndex>
                      <validationExpression id="88">
                        <code>!isEmpty([input=field1])&amp;&amp;isRealNumber([input=field1])&amp;&amp;[input=field1]&lt;[var=thetaWg]*1.01&amp;&amp;[input=field1]&gt;[var=thetaWg]*0.99</code>
                        <domain>MATH</domain>
                      </validationExpression>
                      <feedbackText>$\theta_{W}$ korrekt</feedbackText>
                      <points>33</points>
                      <terminal>false</terminal>
                    </Rule>
                    <Rule id="89">
                      <name>Feedback_3</name>
                      <orderIndex>3</orderIndex>
                      <validationExpression id="90">
                        <code>!isEmpty([input=field3])&amp;&amp;isRealNumber([input=field3])&amp;&amp;abs([input=field3])&lt;abs([var=thetaNg])*1.01&amp;&amp;abs([input=field3])&gt;abs([var=thetaNg])*0.99</code>
                        <domain>MATH</domain>
                      </validationExpression>
                      <feedbackText>$\theta^N_{W} $ korrekt</feedbackText>
                      <points>34</points>
                      <terminal>false</terminal>
                    </Rule>
                    <Rule id="91">
                      <name>Feedback_2</name>
                      <orderIndex>2</orderIndex>
                      <validationExpression id="92">
                        <code>!isEmpty([input=field2])&amp;&amp;isRealNumber([input=field2])&amp;&amp;[input=field2]&lt;[var=thetaRg]*1.01&amp;&amp;[input=field2]&gt;[var=thetaRg]*0.99</code>
                        <domain>MATH</domain>
                      </validationExpression>
                      <feedbackText>$\theta^r_{W} $ korrekt</feedbackText>
                      <points>33</points>
                      <terminal>false</terminal>
                    </Rule>
                  </rules>
                  <fillInFields id="93">
                    <FillInField id="94">
                      <name>field3</name>
                      <orderIndex>2</orderIndex>
                      <size>8</size>
                      <formularEditorType>NUMBER</formularEditorType>
                    </FillInField>
                    <FillInField id="95">
                      <name>field2</name>
                      <orderIndex>1</orderIndex>
                      <size>8</size>
                      <formularEditorType>NUMBER</formularEditorType>
                    </FillInField>
                    <FillInField id="96">
                      <name>field1</name>
                      <orderIndex>0</orderIndex>
                      <size>8</size>
                      <formularEditorType>NUMBER</formularEditorType>
                    </FillInField>
                  </fillInFields>
                  <dropDownFields id="97"/>
                  <formularEditorPalette>MATHDOX_FORMULAR_EDITOR_NO_PALETTE</formularEditorPalette>
                  <defaultFeedback>Leider falsch.
&lt;br /&gt;
&lt;br /&gt;
Es gilt: absolute Kurtosis: 
 
 = [var=thetaWg].
relative Kurtosis: 
 
 = [var=thetaRg].
zentrierte Kurtosis: 
 = [var=thetaNg].</defaultFeedback>
                  <correctAnswerRules id="98">
                    <Rule id="99">
                      <name>CorrectAnswer1</name>
                      <orderIndex>1</orderIndex>
                      <validationExpression id="100">
                        <code>!isEmpty([input=field1])&amp;&amp;isRealNumber([input=field1])&amp;&amp;!isEmpty([input=field2])&amp;&amp;isRealNumber([input=field2])&amp;&amp;!isEmpty([input=field3])&amp;&amp;isRealNumber([input=field3])&amp;&amp;[input=field1]&lt;[var=thetaWg]*1.01&amp;&amp;[input=field1]&gt;[var=thetaWg]*0.99&amp;&amp;[input=field2]&lt;[var=thetaRg]*1.01&amp;&amp;[input=field2]&gt;[var=thetaRg]*0.99&amp;&amp;abs([input=field3])&lt;abs([var=thetaNg])*1.01&amp;&amp;abs([input=field3])&gt;abs([var=thetaNg])*0.99</code>
                        <domain>MATH</domain>
                      </validationExpression>
                      <points>0</points>
                      <terminal>false</terminal>
                    </Rule>
                  </correctAnswerRules>
                  <correctAnswerFeedback>Richtig.</correctAnswerFeedback>
                  <defaultResult>0</defaultResult>
                </targetStage>
                <isRepeat>false</isRepeat>
              </StageTransition>
            </skipTransitions>
            <stageTransitions id="101">
              <StageTransition id="102">
                <conditionExpression id="103">
                  <code></code>
                  <domain>MATH</domain>
                </conditionExpression>
                <stageExpression id="104">
                  <code>[meta=stageCurrentResult]&gt;=100</code>
                  <domain>MATH</domain>
                </stageExpression>
                <targetStage class="FillInStage" reference="22"/>
                <isRepeat>false</isRepeat>
              </StageTransition>
            </stageTransitions>
            <hints id="105">
              <StageHint id="106">
                <stagehint__order>0</stagehint__order>
                <text>Es gilt:&lt;br /&gt;
$\bar x = [var=xquerg,latex]$,&lt;br /&gt;
$\bar y = [var=yquerg,latex]$.&lt;br /&gt;
Au&amp;szlig;erdem ist $s_x=\sqrt{\frac{1}{n}\sum_{i=1}^m x_i^2 n_i-\bar x^2}$.&lt;br /&gt;
Der Variationskoeffizient berechnet sich durch $v_x=\dfrac{{s}}{\bar{{x}}}.$&lt;br /&gt;
F&amp;uuml;r die Variable $Y$ l&amp;auml;uft die Berechnung analog.</text>
                <malus>0</malus>
                <stage class="FillInStage" reference="14"/>
              </StageHint>
            </hints>
            <variableUpdatesOnEnter id="107"/>
            <variableUpdatesBeforeCheck id="108"/>
            <variableUpdatesAfterCheck id="109"/>
            <variableUpdatesOnNormalExit id="110"/>
            <variableUpdatesOnRepeat id="111"/>
            <variableUpdatesOnSkip id="112"/>
            <weight>1</weight>
            <orderIndex>1</orderIndex>
            <allowSkip>true</allowSkip>
            <resources id="113"/>
            <rules id="114">
              <Rule id="115">
                <name>Feedback_2</name>
                <orderIndex>2</orderIndex>
                <validationExpression id="116">
                  <code>!isEmpty([input=field2])&amp;&amp;isRealNumber([input=field2])&amp;&amp;[input=field2]&lt;[var=vyg]*1.01&amp;&amp;[input=field2]&gt;[var=vyg]*0.99</code>
                  <domain>MATH</domain>
                </validationExpression>
                <feedbackText>$v_y$ korrekt</feedbackText>
                <points>50</points>
                <terminal>false</terminal>
              </Rule>
              <Rule id="117">
                <name>Feedback_1</name>
                <orderIndex>1</orderIndex>
                <validationExpression id="118">
                  <code>!isEmpty([input=field1])&amp;&amp;isRealNumber([input=field1])&amp;&amp;[input=field1]&lt;[var=vxg]*1.01&amp;&amp;[input=field1]&gt;[var=vxg]*0.99</code>
                  <domain>MATH</domain>
                </validationExpression>
                <feedbackText>$v_x$ korrekt</feedbackText>
                <points>50</points>
                <terminal>false</terminal>
              </Rule>
            </rules>
            <fillInFields id="119">
              <FillInField id="120">
                <name>field2</name>
                <orderIndex>1</orderIndex>
                <size>6</size>
                <formularEditorType>NUMBER</formularEditorType>
              </FillInField>
              <FillInField id="121">
                <name>field1</name>
                <orderIndex>0</orderIndex>
                <size>6</size>
                <formularEditorType>NUMBER</formularEditorType>
              </FillInField>
            </fillInFields>
            <dropDownFields id="122"/>
            <formularEditorPalette>MATHDOX_FORMULAR_EDITOR_NO_PALETTE</formularEditorPalette>
            <defaultFeedback>Leider nicht richtig.
&lt;br /&gt;
&lt;br /&gt;
Es gilt:&lt;br /&gt;
$\bar x=[var=xquerg,latex]$,&lt;br /&gt;
$\bar y=[var=yquerg,latex]$.&lt;br /&gt;
Au&amp;szlig;erdem ist $s_x=\sqrt{\frac{1}{n}\sum_{i=1}^m x_i^2 n_i - \bar x^2}=[var=sxg,latex]$ und $s_y=\sqrt{\frac{1}{n}\sum_{i=1}^m y_i^2 n_i - \bar y^2}=[var=syg,latex]$.&lt;br /&gt;
Die Variationskoeffizienten sind somit gegeben durch $v_x=\dfrac{{s_x}}{\bar{{x}}}=[var=vxg,latex]$ und $v_y=\dfrac{{s_y}}{\bar{{y}}}=[var=vyg,latex].$</defaultFeedback>
            <correctAnswerRules id="123">
              <Rule id="124">
                <name>CorrectAnswer1</name>
                <orderIndex>1</orderIndex>
                <validationExpression id="125">
                  <code>!isEmpty([input=field1])&amp;&amp;isRealNumber([input=field1])&amp;&amp;!isEmpty([input=field2])&amp;&amp;isRealNumber([input=field2])&amp;&amp;[input=field1]&lt;[var=vxg]*1.01&amp;&amp;[input=field1]&gt;[var=vxg]*0.99&amp;&amp;[input=field2]&lt;[var=vyg]*1.01&amp;&amp;[input=field2]&gt;[var=vyg]*0.99</code>
                  <domain>MATH</domain>
                </validationExpression>
                <points>0</points>
                <terminal>false</terminal>
              </Rule>
            </correctAnswerRules>
            <correctAnswerFeedback>			Richtig, die Knöterichnachfrage weist also eine größere relative Streuung auf als die Konsumgüternachfrage. Betrachtet man jedoch die
		    Standardabweichung für beide Datensätze, so weist die Knöterichnachfrage eine geringere Streuung auf, da diese von den Einheiten der Variablen 
			$X$ und $Y$ abhängt. Es gilt $s_X = [var=sxg,latex]$ und $s_Y = [var=syg,latex]$.
		</correctAnswerFeedback>
            <defaultResult>0</defaultResult>
          </targetStage>
          <isRepeat>false</isRepeat>
        </StageTransition>
      </skipTransitions>
      <stageTransitions id="126">
        <StageTransition id="127">
          <conditionExpression id="128">
            <code></code>
            <domain>MATH</domain>
          </conditionExpression>
          <stageExpression id="129">
            <code>[meta=stageCurrentResult]&gt;=100</code>
            <domain>MATH</domain>
          </stageExpression>
          <targetStage class="FillInStage" reference="14"/>
          <isRepeat>false</isRepeat>
        </StageTransition>
      </stageTransitions>
      <hints id="130">
        <StageHint id="131">
          <stagehint__order>0</stagehint__order>
          <text> 
			Beachten Sie, dass die beiden Datensätze einen starken Niveauunterschied aufweisen (Cent gegenüber Mrd. EUR).
			Daher sollten sie bedenken, ob Sie ein relatives oder absolutes Streuungsmaß verwenden.
		</text>
          <malus>0</malus>
          <stage class="MCStage" reference="6"/>
        </StageHint>
      </hints>
      <variableUpdatesOnEnter id="132"/>
      <variableUpdatesBeforeCheck id="133"/>
      <variableUpdatesAfterCheck id="134"/>
      <variableUpdatesOnNormalExit id="135"/>
      <variableUpdatesOnRepeat id="136"/>
      <variableUpdatesOnSkip id="137"/>
      <weight>1</weight>
      <orderIndex>0</orderIndex>
      <allowSkip>true</allowSkip>
      <resources id="138"/>
      <answerOptions id="139">
        <MCAnswer id="140">
          <order>0</order>
          <rule>CORRECT</rule>
          <text> relative Streuung (Variationskoeffizient)</text>
          <variableName></variableName>
          <mcstage reference="6"/>
        </MCAnswer>
        <MCAnswer id="141">
          <order>1</order>
          <rule>WRONG</rule>
          <text> Standardabweichung</text>
          <variableName></variableName>
          <mcstage reference="6"/>
        </MCAnswer>
        <MCAnswer id="142">
          <order>2</order>
          <rule>WRONG</rule>
          <text> Varianz</text>
          <variableName></variableName>
          <mcstage reference="6"/>
        </MCAnswer>
        <MCAnswer id="143">
          <order>3</order>
          <rule>WRONG</rule>
          <text> Mittlere absolute Abweichung vom Median</text>
          <variableName></variableName>
          <mcstage reference="6"/>
        </MCAnswer>
      </answerOptions>
      <randomize>true</randomize>
      <singleChoice>false</singleChoice>
      <correctAnswerFeedback> 
			Richtig. Die absolute Streuung ist hier kein geeignetes Maß, da die beiden Datensätze einen starken
			Niveauunterschied aufweisen (Cent gegenüber Mrd. EUR). Deshalb ist ein relatives Streuungsmaß (Variationskoeffizient) zu wählen.
		</correctAnswerFeedback>
      <defaultFeedback>  Leider nicht richtig. 
 &lt;br /&gt;
&lt;br /&gt;
Die absolute Streuung ist hier kein geeignetes Maß, da die beiden Datensätze einen starken Niveauunterschied aufweisen (Cent gegenüber Mrd. EUR).
Deshalb ist ein relatives Streuungsmaß (Variationskoeffizient) zu wählen. 
	</defaultFeedback>
      <defaultResult>0</defaultResult>
      <extraFeedbacks id="144"/>
    </MCStage>
    <FillInStage reference="14"/>
    <FillInStage reference="22"/>
    <MCStage reference="30"/>
  </stages>
  <startStage class="MCStage" reference="6"/>
  <variableDeclarations id="145">
    <VariableDeclaration id="146">
      <name>h1</name>
      <initializationCode id="147">
        <code>randomIntegerBetween(1,11)</code>
        <domain>MATH</domain>
      </initializationCode>
    </VariableDeclaration>
    <VariableDeclaration id="148">
      <name>h2</name>
      <initializationCode id="149">
        <code>randomIntegerBetween(1,41)</code>
        <domain>MATH</domain>
      </initializationCode>
    </VariableDeclaration>
    <VariableDeclaration id="150">
      <name>h5</name>
      <initializationCode id="151">
        <code>randomIntegerBetween(1,101)</code>
        <domain>MATH</domain>
      </initializationCode>
    </VariableDeclaration>
    <VariableDeclaration id="152">
      <name>h4</name>
      <initializationCode id="153">
        <code>randomIntegerBetween(1,41)</code>
        <domain>MATH</domain>
      </initializationCode>
    </VariableDeclaration>
    <VariableDeclaration id="154">
      <name>h3</name>
      <initializationCode id="155">
        <code>evaluateInR(&apos;200-[var=h1]-[var=h2]-[var=h5]-[var=h4]&apos;)</code>
        <domain>MATH</domain>
      </initializationCode>
    </VariableDeclaration>
    <VariableDeclaration id="156">
      <name>j1</name>
      <initializationCode id="157">
        <code>randomIntegerBetween(1,31)</code>
        <domain>MATH</domain>
      </initializationCode>
    </VariableDeclaration>
    <VariableDeclaration id="158">
      <name>j2</name>
      <initializationCode id="159">
        <code>randomIntegerBetween(1,41)</code>
        <domain>MATH</domain>
      </initializationCode>
    </VariableDeclaration>
    <VariableDeclaration id="160">
      <name>j5</name>
      <initializationCode id="161">
        <code>randomIntegerBetween(1,61)</code>
        <domain>MATH</domain>
      </initializationCode>
    </VariableDeclaration>
    <VariableDeclaration id="162">
      <name>j4</name>
      <initializationCode id="163">
        <code>randomIntegerBetween(1,41)</code>
        <domain>MATH</domain>
      </initializationCode>
    </VariableDeclaration>
    <VariableDeclaration id="164">
      <name>j3</name>
      <initializationCode id="165">
        <code>evaluateInR(&apos;200-[var=j1]-[var=j2]-[var=j5]-[var=j4]&apos;)</code>
        <domain>MATH</domain>
      </initializationCode>
    </VariableDeclaration>
    <VariableDeclaration id="166">
      <name>xquer</name>
      <initializationCode id="167">
        <code>evaluateInR(&apos;(0.6*[var=h1]+0.7*[var=h2]+0.8*[var=h3]+0.9*[var=h4]+[var=h5])/200&apos;)</code>
        <domain>MATH</domain>
      </initializationCode>
    </VariableDeclaration>
    <VariableDeclaration id="168">
      <name>yquer</name>
      <initializationCode id="169">
        <code>evaluateInR(&apos;(130*[var=j1]+140*[var=j2]+150*[var=j3]+160*[var=j4]+170*[var=j5])/200&apos;)</code>
        <domain>MATH</domain>
      </initializationCode>
    </VariableDeclaration>
    <VariableDeclaration id="170">
      <name>sxsq</name>
      <initializationCode id="171">
        <code>evaluateInR(&apos;([var=h1]*(0.6-[var=xquer])^2 + [var=h2] * (0.7-[var=xquer])^2 + [var=h3] * (0.8-[var=xquer])^2 + [var=h4] * (0.9-[var=xquer])^2 + [var=h5] * (1-[var=xquer])^2)/200&apos;)</code>
        <domain>MATH</domain>
      </initializationCode>
    </VariableDeclaration>
    <VariableDeclaration id="172">
      <name>sx</name>
      <initializationCode id="173">
        <code>evaluateInR(&apos;sqrt([var=sxsq])&apos;)</code>
        <domain>MATH</domain>
      </initializationCode>
    </VariableDeclaration>
    <VariableDeclaration id="174">
      <name>sysq</name>
      <initializationCode id="175">
        <code>evaluateInR(&apos;([var=j1] * (130-[var=yquer])^2 + [var=j2] * (140-[var=yquer])^2 + [var=j3] * (150-[var=yquer])^2 + [var=j4] * (160-[var=yquer])^2 + [var=j5] * (170-[var=yquer])^2)/200&apos;)</code>
        <domain>MATH</domain>
      </initializationCode>
    </VariableDeclaration>
    <VariableDeclaration id="176">
      <name>sy</name>
      <initializationCode id="177">
        <code>evaluateInR(&apos;sqrt([var=sysq])&apos;)</code>
        <domain>MATH</domain>
      </initializationCode>
    </VariableDeclaration>
    <VariableDeclaration id="178">
      <name>vx</name>
      <initializationCode id="179">
        <code>[var=sx]/[var=xquer]</code>
        <domain>MATH</domain>
      </initializationCode>
    </VariableDeclaration>
    <VariableDeclaration id="180">
      <name>vy</name>
      <initializationCode id="181">
        <code>[var=sy]/[var=yquer]</code>
        <domain>MATH</domain>
      </initializationCode>
    </VariableDeclaration>
    <VariableDeclaration id="182">
      <name>vxg</name>
      <initializationCode id="183">
        <code>evaluateInR(&apos;round([var=vx], 4)&apos;)</code>
        <domain>MATH</domain>
      </initializationCode>
    </VariableDeclaration>
    <VariableDeclaration id="184">
      <name>vyg</name>
      <initializationCode id="185">
        <code>evaluateInR(&apos;round([var=vy], 4)&apos;)</code>
        <domain>MATH</domain>
      </initializationCode>
    </VariableDeclaration>
    <VariableDeclaration id="186">
      <name>sxg</name>
      <initializationCode id="187">
        <code>evaluateInR(&apos;round([var=sx], 4)&apos;)</code>
        <domain>MATH</domain>
      </initializationCode>
    </VariableDeclaration>
    <VariableDeclaration id="188">
      <name>syg</name>
      <initializationCode id="189">
        <code>evaluateInR(&apos;round([var=sy], 4)&apos;)</code>
        <domain>MATH</domain>
      </initializationCode>
    </VariableDeclaration>
    <VariableDeclaration id="190">
      <name>xquerg</name>
      <initializationCode id="191">
        <code>evaluateInR(&apos;round([var=xquer], 4)&apos;)</code>
        <domain>MATH</domain>
      </initializationCode>
    </VariableDeclaration>
    <VariableDeclaration id="192">
      <name>yquerg</name>
      <initializationCode id="193">
        <code>evaluateInR(&apos;round([var=yquer], 4)&apos;)</code>
        <domain>MATH</domain>
      </initializationCode>
    </VariableDeclaration>
    <VariableDeclaration id="194">
      <name>thetaW</name>
      <initializationCode id="195">
        <code>evaluateInR(&apos;([var=j1] * (130-[var=yquer])^4 + [var=j2] * (140-[var=yquer])^4 + [var=j3] * (150-[var=yquer])^4 + [var=j4] * (160-[var=yquer])^4 + [var=j5] * (170-[var=yquer])^4)/200&apos;)</code>
        <domain>MATH</domain>
      </initializationCode>
    </VariableDeclaration>
    <VariableDeclaration id="196">
      <name>thetaWg</name>
      <initializationCode id="197">
        <code>evaluateInR(&apos;round([var=thetaW], 4)&apos;)</code>
        <domain>MATH</domain>
      </initializationCode>
    </VariableDeclaration>
    <VariableDeclaration id="198">
      <name>thetaR</name>
      <initializationCode id="199">
        <code>evaluateInR(&apos;[var=thetaW]/([var=sysq])^2&apos;)</code>
        <domain>MATH</domain>
      </initializationCode>
    </VariableDeclaration>
    <VariableDeclaration id="200">
      <name>thetaRg</name>
      <initializationCode id="201">
        <code>evaluateInR(&apos;round([var=thetaR], 4)&apos;)</code>
        <domain>MATH</domain>
      </initializationCode>
    </VariableDeclaration>
    <VariableDeclaration id="202">
      <name>thetaN</name>
      <initializationCode id="203">
        <code>evaluateInR(&apos;[var=thetaR]-3&apos;)</code>
        <domain>MATH</domain>
      </initializationCode>
    </VariableDeclaration>
    <VariableDeclaration id="204">
      <name>thetaNg</name>
      <initializationCode id="205">
        <code>evaluateInR(&apos;round([var=thetaN], 4)&apos;)</code>
        <domain>MATH</domain>
      </initializationCode>
    </VariableDeclaration>
    <VariableDeclaration id="206">
      <name>p1</name>
      <initializationCode id="207">
        <code>ifthenelse([var=thetaNg]&lt;0, 91000, 90100)</code>
        <domain>MATH</domain>
      </initializationCode>
    </VariableDeclaration>
    <VariableDeclaration id="208">
      <name>stage_49445_p1_0</name>
      <initializationCode id="209">
        <code>&quot;filled later by update&quot;</code>
        <domain>MATH</domain>
      </initializationCode>
    </VariableDeclaration>
    <VariableDeclaration id="210">
      <name>stage_49445_p1_1</name>
      <initializationCode id="211">
        <code>&quot;filled later by update&quot;</code>
        <domain>MATH</domain>
      </initializationCode>
    </VariableDeclaration>
    <VariableDeclaration id="212">
      <name>stage_49445_p1_2</name>
      <initializationCode id="213">
        <code>&quot;filled later by update&quot;</code>
        <domain>MATH</domain>
      </initializationCode>
    </VariableDeclaration>
    <VariableDeclaration id="214">
      <name>stage_49445_p1_3</name>
      <initializationCode id="215">
        <code>&quot;filled later by update&quot;</code>
        <domain>MATH</domain>
      </initializationCode>
    </VariableDeclaration>
  </variableDeclarations>
  <jSXGraphs id="216"/>
  <dynamicMolecules id="217"/>
  <resultFeedbackMappings id="218"/>
</Exercise>