<Exercise id="1">
  <name>IS09-04 Schätztheorie 4</name>
  <publicDescription></publicDescription>
  <internalNotes>Pareto
needs VGAM
Frage 2 entfernt

Die  Materialien sind lizenziert unter CC BY-NC-SA 4.0. Eine Kopie dieser Lizenz finden Sie unter http://creativecommons.org/licenses/by-nc-sa/4.0/

The materials are licensed under CC BY-NC-SA 4.0. You can find a copy of this license at http://creativecommons.org/licenses/by-nc-sa/4.0/</internalNotes>
  <language>de</language>
  <difficulty>0</difficulty>
  <tags id="2">
    <Tag id="3">
      <name>IndStat</name>
    </Tag>
    <Tag id="4">
      <name>TR_neu</name>
    </Tag>
    <Tag id="5">
      <name>TR</name>
    </Tag>
  </tags>
  <resources id="6"/>
  <stages id="7">
    <FillInStage id="8">
      <internalName>1</internalName>
      <externalName>Stage 1</externalName>
      <taskDescription>&lt;strong&gt;Aufgabenstellung:&lt;/strong&gt;&lt;br /&gt;&#xd;
&lt;br /&gt;&#xd;
Ein &amp;uuml;bliches Modell f&amp;uuml;r den Lohn $X$ eines zuf&amp;auml;llig ausgew&amp;auml;hlten Arbeiters einer Branche ist, dass $X$ gem&amp;auml;&amp;szlig; Dichte $f(x)$ verteilt ist, mit&lt;br /&gt;&#xd;
&lt;br /&gt;&#xd;
$f(x)=\begin{cases}\frac{ak^a}{x^{a+1}},&amp;amp; x\ge k\\0,&amp;amp; \text{sonst,}\end{cases}$&lt;br /&gt;&#xd;
&lt;br /&gt;&#xd;
wobei $k$ der Mindestlohn und $a&amp;gt;1$ ein Ma&amp;szlig; daf&amp;uuml;r ist, wie ungleich das Einkommen in der Branche verteilt ist.&lt;br /&gt;&#xd;
&lt;br /&gt;&#xd;
Bei bekanntem $k=[var=k,latex]$, sch&amp;auml;tzen Sie $a$ mit der Maximum-Likelihood-Methode f&amp;uuml;r die Stichprobe $[var=sample,latex]$.&lt;br /&gt;&#xd;
&lt;br /&gt;&#xd;
&lt;strong&gt;Einreichung:&lt;/strong&gt; &lt;input name=&quot;field1&quot; size=&quot;6&quot; type=&quot;text&quot; value=&quot;field1&quot; /&gt;&amp;nbsp;&lt;br /&gt;&#xd;
&lt;br /&gt;&#xd;
&lt;em&gt;(Runden Sie, falls n&amp;ouml;tig, auf die vierte Nachkommastelle und verwenden Sie einen Dezimalpunkt.)&lt;/em&gt;&#xd;
&lt;p&gt;&lt;a href=&quot;https://webrtaschenrechner.netlify.app/&quot; onclick=&quot;window.open(&apos;https://webrtaschenrechner.netlify.app/&apos;,&apos;R Console&apos;,&apos;top=320, left=1525, width=400,height=600,menubar=no,toolbar=no,&apos;); return false;&quot; target=&quot;_blank&quot;&gt;&lt;img alt=&quot;R_ Logo&quot; pull-right=&quot;&quot; src=&quot;/econometrics/resource?resource=157444&quot; style=&quot;width: 40px; height: 50px; float: right; margin: 5px&quot; /&gt;&lt;/a&gt;&lt;/p&gt;&#xd;
</taskDescription>
      <skipMessage>Richtig ist [var=rsol1]</skipMessage>
      <defaultTransition id="9">
        <conditionExpression id="10">
          <domain>MATH</domain>
        </conditionExpression>
        <stageExpression id="11">
          <domain>MATH</domain>
        </stageExpression>
        <isRepeat>true</isRepeat>
      </defaultTransition>
      <skipTransitions id="12">
        <StageTransition id="13">
          <conditionExpression id="14">
            <code></code>
            <domain>MATH</domain>
          </conditionExpression>
          <stageExpression id="15">
            <domain>MATH</domain>
          </stageExpression>
          <isRepeat>false</isRepeat>
        </StageTransition>
      </skipTransitions>
      <stageTransitions id="16">
        <StageTransition id="17">
          <conditionExpression id="18">
            <code></code>
            <domain>MATH</domain>
          </conditionExpression>
          <stageExpression id="19">
            <code>[meta=stageCurrentResult]&gt;=100</code>
            <domain>MATH</domain>
          </stageExpression>
          <isRepeat>false</isRepeat>
        </StageTransition>
      </stageTransitions>
      <hints id="20">
        <StageHint id="21">
          <stagehint__order>0</stagehint__order>
          <text>Versuchen Sie zuerst einmal die Likelihood-Funktion aufzustellen!&lt;br /&gt;
&lt;br /&gt;
(Es ist ein weiterer Hinweis vorhanden)</text>
          <malus>0</malus>
          <stage class="FillInStage" reference="8"/>
        </StageHint>
        <StageHint id="22">
          <stagehint__order>1</stagehint__order>
          <text>Es gilt:&lt;br /&gt;
$L=f(a|x_1,...,x_n)=\prod_{i=1}^n \frac{ak^a}{x_i^{a+1}}$&lt;br /&gt;
&lt;br /&gt;
(Es ist ein weiterer Hinweis vorhanden)</text>
          <malus>0</malus>
          <stage class="FillInStage" reference="8"/>
        </StageHint>
        <StageHint id="23">
          <stagehint__order>2</stagehint__order>
          <text>Um die Berechnung zu vereinfachen, logarithmieren Sie die Likelihood-Funktion! Beachten Sie die Logarithmusgesetze.&lt;br /&gt;
&lt;br /&gt;
(Es ist ein weiterer Hinweis vorhanden)</text>
          <malus>0</malus>
          <stage class="FillInStage" reference="8"/>
        </StageHint>
        <StageHint id="24">
          <stagehint__order>3</stagehint__order>
          <text>            Leiten Sie die logarithmierte Funktion nach dem unbekannten Parameter ab und setzen Sie sie gleich 0, um den Extremwert (Maximum) zu finden!
        </text>
          <malus>0</malus>
          <stage class="FillInStage" reference="8"/>
        </StageHint>
      </hints>
      <variableUpdatesOnEnter id="25"/>
      <variableUpdatesBeforeCheck id="26"/>
      <variableUpdatesAfterCheck id="27"/>
      <variableUpdatesOnNormalExit id="28"/>
      <variableUpdatesOnRepeat id="29"/>
      <variableUpdatesOnSkip id="30"/>
      <weight>1</weight>
      <orderIndex>0</orderIndex>
      <allowSkip>true</allowSkip>
      <resources id="31"/>
      <rules id="32"/>
      <fillInFields id="33">
        <FillInField id="34">
          <name>field1</name>
          <orderIndex>0</orderIndex>
          <size>6</size>
          <formularEditorType>NUMBER</formularEditorType>
        </FillInField>
      </fillInFields>
      <dropDownFields id="35"/>
      <formularEditorPalette>MATHDOX_FORMULAR_EDITOR_NO_PALETTE</formularEditorPalette>
      <defaultFeedback>Leider nicht korrekt.</defaultFeedback>
      <correctAnswerRules id="36">
        <Rule id="37">
          <name>CorrectAnswer1</name>
          <orderIndex>1</orderIndex>
          <validationExpression id="38">
            <code>!isEmpty([input=field1])&amp;&amp;isRealNumber([input=field1])&amp;&amp;[input=field1]&gt;[var=rsol1]-0.0011&amp;&amp;[input=field1]&lt;[var=rsol1]+0.0011</code>
            <domain>MATH</domain>
          </validationExpression>
          <points>0</points>
          <terminal>false</terminal>
        </Rule>
      </correctAnswerRules>
      <correctAnswerFeedback>Richtig.</correctAnswerFeedback>
      <defaultResult>0</defaultResult>
    </FillInStage>
    <FillInStage id="39">
      <internalName>2</internalName>
      <externalName>Stage 2 (deaktiviert)</externalName>
      <taskDescription>&lt;strong&gt;Aufgabenstellung:&lt;/strong&gt;&lt;br /&gt;&#xd;
&lt;br /&gt;&#xd;
Sch&amp;auml;tzen Sie $a$ jetzt mit der Momentenmethode! &amp;nbsp;&lt;br /&gt;&#xd;
&lt;br /&gt;&#xd;
&lt;strong&gt;Einreichung:&lt;/strong&gt; &lt;input name=&quot;field1&quot; size=&quot;6&quot; type=&quot;text&quot; value=&quot;field1&quot; /&gt;&amp;nbsp;&lt;br /&gt;&#xd;
&lt;br /&gt;&#xd;
&lt;em&gt;(Runden Sie, falls n&amp;ouml;tig, auf die vierte Nachkommastelle und verwenden Sie einen Dezimalpunkt.)&lt;/em&gt;</taskDescription>
      <skipMessage>Richtig ist [var=rsol2]</skipMessage>
      <defaultTransition id="40">
        <conditionExpression id="41">
          <domain>MATH</domain>
        </conditionExpression>
        <stageExpression id="42">
          <domain>MATH</domain>
        </stageExpression>
        <isRepeat>true</isRepeat>
      </defaultTransition>
      <skipTransitions id="43">
        <StageTransition id="44">
          <conditionExpression id="45">
            <code></code>
            <domain>MATH</domain>
          </conditionExpression>
          <stageExpression id="46">
            <domain>MATH</domain>
          </stageExpression>
          <isRepeat>false</isRepeat>
        </StageTransition>
      </skipTransitions>
      <stageTransitions id="47">
        <StageTransition id="48">
          <conditionExpression id="49">
            <code></code>
            <domain>MATH</domain>
          </conditionExpression>
          <stageExpression id="50">
            <code>[meta=stageCurrentResult]&gt;=100</code>
            <domain>MATH</domain>
          </stageExpression>
          <isRepeat>false</isRepeat>
        </StageTransition>
      </stageTransitions>
      <hints id="51">
        <StageHint id="52">
          <stagehint__order>0</stagehint__order>
          <text>$a = \frac{ \frac{1}{n} \sum\limits_{i=1}^n x_i} {\frac{1}{n} \sum\limits_{i=1}^n x_i -k} $</text>
          <malus>0</malus>
          <stage class="FillInStage" reference="39"/>
        </StageHint>
      </hints>
      <variableUpdatesOnEnter id="53"/>
      <variableUpdatesBeforeCheck id="54"/>
      <variableUpdatesAfterCheck id="55"/>
      <variableUpdatesOnNormalExit id="56"/>
      <variableUpdatesOnRepeat id="57"/>
      <variableUpdatesOnSkip id="58"/>
      <weight>1</weight>
      <orderIndex>1</orderIndex>
      <allowSkip>true</allowSkip>
      <resources id="59"/>
      <rules id="60"/>
      <fillInFields id="61">
        <FillInField id="62">
          <name>field1</name>
          <orderIndex>0</orderIndex>
          <size>6</size>
          <formularEditorType>NUMBER</formularEditorType>
        </FillInField>
      </fillInFields>
      <dropDownFields id="63"/>
      <formularEditorPalette>MATHDOX_FORMULAR_EDITOR_NO_PALETTE</formularEditorPalette>
      <defaultFeedback>Leider nicht korrekt.</defaultFeedback>
      <correctAnswerRules id="64">
        <Rule id="65">
          <name>CorrectAnswer1</name>
          <orderIndex>1</orderIndex>
          <validationExpression id="66">
            <code>!isEmpty([input=field1])&amp;&amp;isRealNumber([input=field1])&amp;&amp;[input=field1]&gt;[var=rsol2]-0.0011&amp;&amp;[input=field1]&lt;[var=rsol2]+0.0011</code>
            <domain>MATH</domain>
          </validationExpression>
          <points>0</points>
          <terminal>false</terminal>
        </Rule>
      </correctAnswerRules>
      <correctAnswerFeedback>Richtig.</correctAnswerFeedback>
      <defaultResult>0</defaultResult>
    </FillInStage>
  </stages>
  <startStage class="FillInStage" reference="8"/>
  <variableDeclarations id="67">
    <VariableDeclaration id="68">
      <name>k</name>
      <initializationCode id="69">
        <code>randomIntegerBetween(1000,2001)</code>
        <domain>MATH</domain>
      </initializationCode>
    </VariableDeclaration>
    <VariableDeclaration id="70">
      <name>a</name>
      <initializationCode id="71">
        <code>randomIntegerBetween(2,16)</code>
        <domain>MATH</domain>
      </initializationCode>
    </VariableDeclaration>
    <VariableDeclaration id="72">
      <name>sample</name>
      <initializationCode id="73">
        <code>evaluateInR(&apos;c(1655, 1732)&apos;)</code>
        <domain>MATH</domain>
      </initializationCode>
    </VariableDeclaration>
    <VariableDeclaration id="74">
      <name>rsol1</name>
      <initializationCode id="75">
        <code>evaluateInR(&apos;round(1/(0.2 * sum(log(c([var=sample])/[var=k]))), 4)&apos;)</code>
        <domain>MATH</domain>
      </initializationCode>
    </VariableDeclaration>
    <VariableDeclaration id="76">
      <name>rsol2</name>
      <initializationCode id="77">
        <code>evaluateInR(&apos;round(mean(c([var=sample]))/(mean(c([var=sample]))-[var=k]), 4)&apos;)</code>
        <domain>MATH</domain>
      </initializationCode>
    </VariableDeclaration>
  </variableDeclarations>
  <jSXGraphs id="78"/>
  <dynamicMolecules id="79"/>
  <resultFeedbackMappings id="80"/>
</Exercise>