<Exercise id="1">
  <name>IS09-06 Schätztheorie 6</name>
  <publicDescription></publicDescription>
  <internalNotes>ML Schaetzer Schalke Deutscher Meister

Die  Materialien sind lizenziert unter CC BY-NC-SA 4.0. Eine Kopie dieser Lizenz finden Sie unter http://creativecommons.org/licenses/by-nc-sa/4.0/

The materials are licensed under CC BY-NC-SA 4.0. You can find a copy of this license at http://creativecommons.org/licenses/by-nc-sa/4.0/</internalNotes>
  <language>de</language>
  <difficulty>0</difficulty>
  <tags id="2">
    <Tag id="3">
      <name>IndStat</name>
    </Tag>
    <Tag id="4">
      <name>TR_neu</name>
    </Tag>
    <Tag id="5">
      <name>TR</name>
    </Tag>
  </tags>
  <resources id="6"/>
  <stages id="7">
    <FillInStage id="8">
      <internalName>1</internalName>
      <externalName>Stage 1</externalName>
      <taskDescription>&lt;strong&gt;Aufgabenstellung:&lt;/strong&gt;&lt;br /&gt;&#xd;
&lt;br /&gt;&#xd;
Berechnen Sie den Maximum-Likelihood-Sch&amp;auml;tzer f&amp;uuml;r die Wahrscheinlichkeit, dass Schalke 04 in der kommenden Saison Deutscher Meister wird. &amp;nbsp;&lt;br /&gt;&#xd;
&lt;br /&gt;&#xd;
&lt;strong&gt;Einreichung:&lt;/strong&gt; &lt;input name=&quot;field1&quot; size=&quot;6&quot; type=&quot;text&quot; value=&quot;field1&quot; /&gt;&amp;nbsp;&lt;br /&gt;&#xd;
&lt;br /&gt;&#xd;
&lt;em&gt;(Runden Sie, falls n&amp;ouml;tig, auf die vierte Nachkommastelle und verwenden Sie einen Dezimalpunkt.)&lt;/em&gt;&#xd;
&lt;p&gt;&lt;a href=&quot;https://webrtaschenrechner.netlify.app/&quot; onclick=&quot;window.open(&apos;https://webrtaschenrechner.netlify.app/&apos;,&apos;R Console&apos;,&apos;top=320, left=1525, width=400,height=600,menubar=no,toolbar=no,&apos;); return false;&quot; target=&quot;_blank&quot;&gt;&lt;img alt=&quot;R_ Logo&quot; pull-right=&quot;&quot; src=&quot;/econometrics/resource?resource=157444&quot; style=&quot;width: 40px; height: 50px; float: right; margin: 5px&quot; /&gt;&lt;/a&gt;&lt;/p&gt;</taskDescription>
      <skipMessage>Die gesch&amp;auml;tzte Wahrscheinlichkeit ist 0, da Schalke noch nie Bundesligameister wurde.</skipMessage>
      <defaultTransition id="9">
        <conditionExpression id="10">
          <domain>MATH</domain>
        </conditionExpression>
        <stageExpression id="11">
          <domain>MATH</domain>
        </stageExpression>
        <isRepeat>true</isRepeat>
      </defaultTransition>
      <skipTransitions id="12">
        <StageTransition id="13">
          <conditionExpression id="14">
            <code></code>
            <domain>MATH</domain>
          </conditionExpression>
          <stageExpression id="15">
            <domain>MATH</domain>
          </stageExpression>
          <targetStage class="FillInStage" id="16">
            <internalName>2</internalName>
            <externalName>Stage 2</externalName>
            <taskDescription>&lt;strong&gt;Aufgabenstellung:&lt;/strong&gt;&lt;br /&gt;&#xd;
&lt;br /&gt;&#xd;
Seien wir nun etwas optimistischer und gehen davon aus, dass die Wahrscheinlichkeit, dass FC Schalke 04 deutscher Bundesligameister wird, $p=[var=p]$ sei.&lt;br /&gt;&#xd;
Berechnen Sie nun die Wahrscheinlichkeit f&amp;uuml;r mindestens eine Meisterschaft in den n&amp;auml;chsten [var=jahre] Jahren.&lt;br /&gt;&#xd;
&lt;br /&gt;&#xd;
&lt;strong&gt;Einreichung:&lt;/strong&gt; &lt;input name=&quot;field1&quot; size=&quot;6&quot; type=&quot;text&quot; value=&quot;field1&quot; /&gt;&amp;nbsp;&lt;br /&gt;&#xd;
&lt;br /&gt;&#xd;
&lt;em&gt;(Runden Sie, falls n&amp;ouml;tig, auf die vierte Nachkommastelle und verwenden Sie einen Dezimalpunkt.)&lt;/em&gt;&#xd;
&lt;p&gt;&lt;a href=&quot;https://webrtaschenrechner.netlify.app/&quot; onclick=&quot;window.open(&apos;https://webrtaschenrechner.netlify.app/&apos;,&apos;R Console&apos;,&apos;top=320, left=1525, width=400,height=600,menubar=no,toolbar=no,&apos;); return false;&quot; target=&quot;_blank&quot;&gt;&lt;img alt=&quot;R_ Logo&quot; pull-right=&quot;&quot; src=&quot;/econometrics/resource?resource=157444&quot; style=&quot;width: 40px; height: 50px; float: right; margin: 5px&quot; /&gt;&lt;/a&gt;&lt;/p&gt;</taskDescription>
            <skipMessage>Richtig ist [var=sol1].</skipMessage>
            <defaultTransition id="17">
              <conditionExpression id="18">
                <domain>MATH</domain>
              </conditionExpression>
              <stageExpression id="19">
                <domain>MATH</domain>
              </stageExpression>
              <isRepeat>true</isRepeat>
            </defaultTransition>
            <skipTransitions id="20">
              <StageTransition id="21">
                <conditionExpression id="22">
                  <code></code>
                  <domain>MATH</domain>
                </conditionExpression>
                <stageExpression id="23">
                  <domain>MATH</domain>
                </stageExpression>
                <targetStage class="FillInStage" id="24">
                  <internalName>3</internalName>
                  <externalName>Stage 3</externalName>
                  <taskDescription>&lt;strong&gt;Aufgabenstellung:&lt;/strong&gt;&lt;br /&gt;&#xd;
&lt;br /&gt;&#xd;
Berechnen Sie die erwartete Anzahl an Meisterschaften. &amp;nbsp;&lt;br /&gt;&#xd;
&lt;br /&gt;&#xd;
&lt;strong&gt;Einreichung:&lt;/strong&gt; &lt;input name=&quot;field1&quot; size=&quot;6&quot; type=&quot;text&quot; value=&quot;field1&quot; /&gt;&amp;nbsp;&lt;br /&gt;&#xd;
&lt;br /&gt;&#xd;
&lt;strong&gt;Aufgabenstellung:&lt;/strong&gt;&lt;br /&gt;&#xd;
&lt;br /&gt;&#xd;
Berechnen Sie die durchschnittliche erwartete Abweichung von der erwarteten Anzahl an Meisterschaften. &amp;nbsp;&lt;br /&gt;&#xd;
&lt;br /&gt;&#xd;
&lt;strong&gt;Einreichung:&lt;/strong&gt; &lt;input name=&quot;field2&quot; size=&quot;6&quot; type=&quot;text&quot; value=&quot;field2&quot; /&gt;&amp;nbsp;&lt;br /&gt;&#xd;
&lt;br /&gt;&#xd;
&lt;em&gt;(Runden Sie, falls n&amp;ouml;tig, auf die vierte Nachkommastelle und verwenden Sie einen Dezimalpunkt.)&lt;/em&gt;&#xd;
&lt;p&gt;&lt;a href=&quot;https://webrtaschenrechner.netlify.app/&quot; onclick=&quot;window.open(&apos;https://webrtaschenrechner.netlify.app/&apos;,&apos;R Console&apos;,&apos;top=320, left=1525, width=400,height=600,menubar=no,toolbar=no,&apos;); return false;&quot; target=&quot;_blank&quot;&gt;&lt;img alt=&quot;R_ Logo&quot; pull-right=&quot;&quot; src=&quot;/econometrics/resource?resource=157444&quot; style=&quot;width: 40px; height: 50px; float: right; margin: 5px&quot; /&gt;&lt;/a&gt;&lt;/p&gt;</taskDescription>
                  <skipMessage>Richtig ist $E(X)=[var=sol3]$ und $Var(X)=[var=sol4]$.</skipMessage>
                  <defaultTransition id="25">
                    <conditionExpression id="26">
                      <domain>MATH</domain>
                    </conditionExpression>
                    <stageExpression id="27">
                      <domain>MATH</domain>
                    </stageExpression>
                    <isRepeat>true</isRepeat>
                  </defaultTransition>
                  <skipTransitions id="28">
                    <StageTransition id="29">
                      <conditionExpression id="30">
                        <code></code>
                        <domain>MATH</domain>
                      </conditionExpression>
                      <stageExpression id="31">
                        <domain>MATH</domain>
                      </stageExpression>
                      <targetStage class="FillInStage" id="32">
                        <internalName>4</internalName>
                        <externalName>Stage 4</externalName>
                        <taskDescription>&lt;strong&gt;Aufgabenstellung:&lt;/strong&gt;&lt;br /&gt;&#xd;
&lt;br /&gt;&#xd;
Berechnen Sie die Wahrscheinlichkeit, dass FC Schalke 04 erst in [var=wartep1] Jahren Bundesligameister wird. &amp;nbsp;&lt;br /&gt;&#xd;
&lt;br /&gt;&#xd;
&lt;strong&gt;Einreichung:&lt;/strong&gt; &lt;input name=&quot;field1&quot; size=&quot;6&quot; type=&quot;text&quot; value=&quot;field1&quot; /&gt;&amp;nbsp;&lt;br /&gt;&#xd;
&lt;br /&gt;&#xd;
&lt;em&gt;(Runden Sie, falls n&amp;ouml;tig, auf die vierte Nachkommastelle und verwenden Sie einen Dezimalpunkt.)&lt;/em&gt;&#xd;
&lt;p&gt;&lt;a href=&quot;https://webrtaschenrechner.netlify.app/&quot; onclick=&quot;window.open(&apos;https://webrtaschenrechner.netlify.app/&apos;,&apos;R Console&apos;,&apos;top=320, left=1525, width=400,height=600,menubar=no,toolbar=no,&apos;); return false;&quot; target=&quot;_blank&quot;&gt;&lt;img alt=&quot;R_ Logo&quot; pull-right=&quot;&quot; src=&quot;/econometrics/resource?resource=157444&quot; style=&quot;width: 40px; height: 50px; float: right; margin: 5px&quot; /&gt;&lt;/a&gt;&lt;/p&gt;</taskDescription>
                        <skipMessage>Richtig ist [var=sol2].</skipMessage>
                        <defaultTransition id="33">
                          <conditionExpression id="34">
                            <domain>MATH</domain>
                          </conditionExpression>
                          <stageExpression id="35">
                            <domain>MATH</domain>
                          </stageExpression>
                          <isRepeat>true</isRepeat>
                        </defaultTransition>
                        <skipTransitions id="36">
                          <StageTransition id="37">
                            <conditionExpression id="38">
                              <code></code>
                              <domain>MATH</domain>
                            </conditionExpression>
                            <stageExpression id="39">
                              <domain>MATH</domain>
                            </stageExpression>
                            <isRepeat>false</isRepeat>
                          </StageTransition>
                        </skipTransitions>
                        <stageTransitions id="40">
                          <StageTransition id="41">
                            <conditionExpression id="42">
                              <code></code>
                              <domain>MATH</domain>
                            </conditionExpression>
                            <stageExpression id="43">
                              <code>[meta=stageCurrentResult]&gt;=100</code>
                              <domain>MATH</domain>
                            </stageExpression>
                            <isRepeat>false</isRepeat>
                          </StageTransition>
                        </stageTransitions>
                        <hints id="44">
                          <StageHint id="45">
                            <stagehint__order>0</stagehint__order>
                            <text>&amp;Uuml;berlegen Sie sich welche Verteilung hier angebracht ist. Handelt sich es um eine diskrete oder stetige Verteilung?&lt;br /&gt;
&lt;br /&gt;
(Es ist ein weiterer Hinweis vorhanden.)</text>
                            <malus>0</malus>
                            <stage class="FillInStage" reference="32"/>
                          </StageHint>
                          <StageHint id="46">
                            <stagehint__order>1</stagehint__order>
                            <text>Benutzen Sie die geometrische Verteilung.</text>
                            <malus>0</malus>
                            <stage class="FillInStage" reference="32"/>
                          </StageHint>
                        </hints>
                        <variableUpdatesOnEnter id="47"/>
                        <variableUpdatesBeforeCheck id="48"/>
                        <variableUpdatesAfterCheck id="49"/>
                        <variableUpdatesOnNormalExit id="50"/>
                        <variableUpdatesOnRepeat id="51"/>
                        <variableUpdatesOnSkip id="52"/>
                        <weight>1</weight>
                        <orderIndex>3</orderIndex>
                        <allowSkip>true</allowSkip>
                        <resources id="53"/>
                        <rules id="54"/>
                        <fillInFields id="55">
                          <FillInField id="56">
                            <name>field1</name>
                            <orderIndex>0</orderIndex>
                            <size>6</size>
                            <formularEditorType>NUMBER</formularEditorType>
                          </FillInField>
                        </fillInFields>
                        <dropDownFields id="57"/>
                        <formularEditorPalette>MATHDOX_FORMULAR_EDITOR_BASIC</formularEditorPalette>
                        <defaultFeedback>Leider nicht korrekt.&lt;br /&gt;
&lt;br /&gt;
Richtig ist [var=sol2].</defaultFeedback>
                        <correctAnswerRules id="58">
                          <Rule id="59">
                            <name>CorrectAnswer1</name>
                            <orderIndex>1</orderIndex>
                            <validationExpression id="60">
                              <code>!isEmpty([input=field1])&amp;&amp;isRealNumber([input=field1])&amp;&amp;[input=field1]&gt;[var=sol2]-0.0011&amp;&amp;[input=field1]&lt;[var=sol2]+0.0011</code>
                              <domain>MATH</domain>
                            </validationExpression>
                            <points>0</points>
                            <terminal>false</terminal>
                          </Rule>
                        </correctAnswerRules>
                        <correctAnswerFeedback>Richtig.</correctAnswerFeedback>
                        <defaultResult>0</defaultResult>
                      </targetStage>
                      <isRepeat>false</isRepeat>
                    </StageTransition>
                  </skipTransitions>
                  <stageTransitions id="61">
                    <StageTransition id="62">
                      <conditionExpression id="63">
                        <code></code>
                        <domain>MATH</domain>
                      </conditionExpression>
                      <stageExpression id="64">
                        <code>[meta=stageCurrentResult]&gt;=100</code>
                        <domain>MATH</domain>
                      </stageExpression>
                      <targetStage class="FillInStage" reference="32"/>
                      <isRepeat>false</isRepeat>
                    </StageTransition>
                  </stageTransitions>
                  <hints id="65">
                    <StageHint id="66">
                      <stagehint__order>0</stagehint__order>
                      <text>$E(X)=n\cdot p.$&lt;br /&gt;
&lt;br /&gt;
(Es ist ein weiterer Hinweis vorhanden.)</text>
                      <malus>0</malus>
                      <stage class="FillInStage" reference="24"/>
                    </StageHint>
                    <StageHint id="67">
                      <stagehint__order>1</stagehint__order>
                      <text>$Var(X)=n\cdot p\cdot (1-p).$</text>
                      <malus>0</malus>
                      <stage class="FillInStage" reference="24"/>
                    </StageHint>
                  </hints>
                  <variableUpdatesOnEnter id="68"/>
                  <variableUpdatesBeforeCheck id="69"/>
                  <variableUpdatesAfterCheck id="70"/>
                  <variableUpdatesOnNormalExit id="71"/>
                  <variableUpdatesOnRepeat id="72"/>
                  <variableUpdatesOnSkip id="73"/>
                  <weight>1</weight>
                  <orderIndex>2</orderIndex>
                  <allowSkip>true</allowSkip>
                  <resources id="74"/>
                  <rules id="75">
                    <Rule id="76">
                      <name>Feedback_2</name>
                      <orderIndex>2</orderIndex>
                      <validationExpression id="77">
                        <code>!isEmpty([input=field2])&amp;&amp;isRealNumber([input=field2])&amp;&amp;([input=field2]&gt;[var=sol4]-0.0011&amp;&amp;[input=field2]&lt;[var=sol4]+0.0011)</code>
                        <domain>MATH</domain>
                      </validationExpression>
                      <feedbackText>Die erwartete Anzahl an Meisterschaften ist falsch.</feedbackText>
                      <points>50</points>
                      <terminal>false</terminal>
                    </Rule>
                    <Rule id="78">
                      <name>Feedback_1</name>
                      <orderIndex>1</orderIndex>
                      <validationExpression id="79">
                        <code>!isEmpty([input=field1])&amp;&amp;isRealNumber([input=field1])&amp;&amp;([input=field1]&gt;[var=sol3]-0.0011&amp;&amp;[input=field1]&lt;[var=sol3]+0.0011)</code>
                        <domain>MATH</domain>
                      </validationExpression>
                      <feedbackText>Die durchschnittliche erwartete Abweichung von der erwarteten Anzahl an Meisterschaften ist falsch.</feedbackText>
                      <points>50</points>
                      <terminal>false</terminal>
                    </Rule>
                  </rules>
                  <fillInFields id="80">
                    <FillInField id="81">
                      <name>field2</name>
                      <orderIndex>1</orderIndex>
                      <size>6</size>
                      <formularEditorType>NUMBER</formularEditorType>
                    </FillInField>
                    <FillInField id="82">
                      <name>field1</name>
                      <orderIndex>0</orderIndex>
                      <size>6</size>
                      <formularEditorType>NUMBER</formularEditorType>
                    </FillInField>
                  </fillInFields>
                  <dropDownFields id="83"/>
                  <formularEditorPalette>MATHDOX_FORMULAR_EDITOR_BASIC</formularEditorPalette>
                  <defaultFeedback>Leider nicht korrekt.&lt;br /&gt;
&lt;br /&gt;
Richtig ist $E(X)=[var=sol3]$ und $Var(X)=[var=sol4]$.</defaultFeedback>
                  <correctAnswerRules id="84">
                    <Rule id="85">
                      <name>CorrectAnswer1</name>
                      <orderIndex>1</orderIndex>
                      <validationExpression id="86">
                        <code>!isEmpty([input=field1])&amp;&amp;isRealNumber([input=field1])&amp;&amp;!isEmpty([input=field2])&amp;&amp;isRealNumber([input=field2])&amp;&amp;([input=field1]&gt;[var=sol3]-0.0011&amp;&amp;[input=field1]&lt;[var=sol3]+0.0011)&amp;&amp;([input=field2]&gt;[var=sol4]-0.0011&amp;&amp;[input=field2]&lt;[var=sol4]+0.0011)</code>
                        <domain>MATH</domain>
                      </validationExpression>
                      <points>0</points>
                      <terminal>false</terminal>
                    </Rule>
                  </correctAnswerRules>
                  <correctAnswerFeedback>Richtig.</correctAnswerFeedback>
                  <defaultResult>0</defaultResult>
                </targetStage>
                <isRepeat>false</isRepeat>
              </StageTransition>
            </skipTransitions>
            <stageTransitions id="87">
              <StageTransition id="88">
                <conditionExpression id="89">
                  <code></code>
                  <domain>MATH</domain>
                </conditionExpression>
                <stageExpression id="90">
                  <code>[meta=stageCurrentResult]&gt;=100</code>
                  <domain>MATH</domain>
                </stageExpression>
                <targetStage class="FillInStage" reference="24"/>
                <isRepeat>false</isRepeat>
              </StageTransition>
            </stageTransitions>
            <hints id="91">
              <StageHint id="92">
                <stagehint__order>0</stagehint__order>
                <text>Benutzen Sie die Binomialverteilung.&lt;br /&gt;
&lt;br /&gt;
(Es ist ein weiterer Hinweis vorhanden.)</text>
                <malus>0</malus>
                <stage class="FillInStage" reference="16"/>
              </StageHint>
              <StageHint id="93">
                <stagehint__order>1</stagehint__order>
                <text>Überlegen Sie, welches Ereignis Sie ausschließen können.</text>
                <malus>0</malus>
                <stage class="FillInStage" reference="16"/>
              </StageHint>
            </hints>
            <variableUpdatesOnEnter id="94"/>
            <variableUpdatesBeforeCheck id="95"/>
            <variableUpdatesAfterCheck id="96"/>
            <variableUpdatesOnNormalExit id="97"/>
            <variableUpdatesOnRepeat id="98"/>
            <variableUpdatesOnSkip id="99"/>
            <weight>1</weight>
            <orderIndex>1</orderIndex>
            <allowSkip>true</allowSkip>
            <resources id="100"/>
            <rules id="101"/>
            <fillInFields id="102">
              <FillInField id="103">
                <name>field1</name>
                <orderIndex>0</orderIndex>
                <size>6</size>
                <formularEditorType>NUMBER</formularEditorType>
              </FillInField>
            </fillInFields>
            <dropDownFields id="104"/>
            <formularEditorPalette>MATHDOX_FORMULAR_EDITOR_BASIC</formularEditorPalette>
            <defaultFeedback>Leider nicht korrekt.&lt;br /&gt;
&lt;br /&gt;
Richtig ist [var=sol1]</defaultFeedback>
            <correctAnswerRules id="105">
              <Rule id="106">
                <name>CorrectAnswer1</name>
                <orderIndex>1</orderIndex>
                <validationExpression id="107">
                  <code>!isEmpty([input=field1])&amp;&amp;isRealNumber([input=field1])&amp;&amp;[input=field1]&gt;[var=sol1]-0.0011&amp;&amp;[input=field1]&lt;[var=sol1]+0.0011</code>
                  <domain>MATH</domain>
                </validationExpression>
                <points>0</points>
                <terminal>false</terminal>
              </Rule>
            </correctAnswerRules>
            <correctAnswerFeedback>Richtig.</correctAnswerFeedback>
            <defaultResult>0</defaultResult>
          </targetStage>
          <isRepeat>false</isRepeat>
        </StageTransition>
      </skipTransitions>
      <stageTransitions id="108">
        <StageTransition id="109">
          <conditionExpression id="110">
            <code></code>
            <domain>MATH</domain>
          </conditionExpression>
          <stageExpression id="111">
            <code>[meta=stageCurrentResult]&gt;=100</code>
            <domain>MATH</domain>
          </stageExpression>
          <targetStage class="FillInStage" reference="16"/>
          <isRepeat>false</isRepeat>
        </StageTransition>
      </stageTransitions>
      <hints id="112">
        <StageHint id="113">
          <stagehint__order>0</stagehint__order>
          <text>Meister sein ist ein Bernoulliereignis.&lt;br /&gt;
&lt;br /&gt;
(Es ist ein weiterer Hinweis vorhanden.)</text>
          <malus>0</malus>
          <stage class="FillInStage" reference="8"/>
        </StageHint>
        <StageHint id="114">
          <stagehint__order>1</stagehint__order>
          <text>Liste aller bisherigen Bundesliga-Meister: http://www.dfb.de/bundesliga/statistik/bisherige-meister/&lt;br /&gt;
&lt;br /&gt;
(Es ist ein weiterer Hinweis vorhanden.)</text>
          <malus>0</malus>
          <stage class="FillInStage" reference="8"/>
        </StageHint>
        <StageHint id="115">
          <stagehint__order>2</stagehint__order>
          <text>Der ML-Schätzer für die Wahrscheinlichkeit $p$ ist gegegben durch $\widehat{p}=\frac{\sum_{i=1}^{n}x_i}{n}$, wobei $x_i$ für die Meisterschaft in Jahr $i$ steht.</text>
          <malus>0</malus>
          <stage class="FillInStage" reference="8"/>
        </StageHint>
      </hints>
      <variableUpdatesOnEnter id="116"/>
      <variableUpdatesBeforeCheck id="117"/>
      <variableUpdatesAfterCheck id="118"/>
      <variableUpdatesOnNormalExit id="119"/>
      <variableUpdatesOnRepeat id="120"/>
      <variableUpdatesOnSkip id="121"/>
      <weight>1</weight>
      <orderIndex>0</orderIndex>
      <allowSkip>true</allowSkip>
      <resources id="122"/>
      <rules id="123"/>
      <fillInFields id="124">
        <FillInField id="125">
          <name>field1</name>
          <orderIndex>0</orderIndex>
          <size>6</size>
          <formularEditorType>NUMBER</formularEditorType>
        </FillInField>
      </fillInFields>
      <dropDownFields id="126"/>
      <formularEditorPalette>MATHDOX_FORMULAR_EDITOR_BASIC</formularEditorPalette>
      <defaultFeedback>Leider nicht korrekt.&lt;br /&gt;
&lt;br /&gt;
Die gesch&amp;auml;tzte Wahrscheinlichkeit ist 0, da Schalke noch nie Bundesligameister wurde.</defaultFeedback>
      <correctAnswerRules id="127">
        <Rule id="128">
          <name>CorrectAnswer1</name>
          <orderIndex>1</orderIndex>
          <validationExpression id="129">
            <code>!isEmpty([input=field1])&amp;&amp;isRealNumber([input=field1])&amp;&amp;[input=field1]==0</code>
            <domain>MATH</domain>
          </validationExpression>
          <points>0</points>
          <terminal>false</terminal>
        </Rule>
      </correctAnswerRules>
      <correctAnswerFeedback>Richtig.</correctAnswerFeedback>
      <defaultResult>0</defaultResult>
    </FillInStage>
    <FillInStage reference="16"/>
    <FillInStage reference="24"/>
    <FillInStage reference="32"/>
  </stages>
  <startStage class="FillInStage" reference="8"/>
  <variableDeclarations id="130">
    <VariableDeclaration id="131">
      <name>pu</name>
      <initializationCode id="132">
        <code>randomIntegerBetween(10,25)</code>
        <domain>MATH</domain>
      </initializationCode>
    </VariableDeclaration>
    <VariableDeclaration id="133">
      <name>p</name>
      <initializationCode id="134">
        <code>round([var=pu]/1000, 4)</code>
        <domain>MATH</domain>
      </initializationCode>
    </VariableDeclaration>
    <VariableDeclaration id="135">
      <name>jahre</name>
      <initializationCode id="136">
        <code>randomIntegerBetween(20,80)</code>
        <domain>MATH</domain>
      </initializationCode>
    </VariableDeclaration>
    <VariableDeclaration id="137">
      <name>sol1</name>
      <initializationCode id="138">
        <code>evaluateInR(&apos;round(1-dbinom(0, [var=jahre], [var=p]), 4)&apos;)</code>
        <domain>MATH</domain>
      </initializationCode>
    </VariableDeclaration>
    <VariableDeclaration id="139">
      <name>warte</name>
      <initializationCode id="140">
        <code>randomIntegerBetween(5,15)</code>
        <domain>MATH</domain>
      </initializationCode>
    </VariableDeclaration>
    <VariableDeclaration id="141">
      <name>wartep1</name>
      <initializationCode id="142">
        <code>[var=warte]+1</code>
        <domain>MATH</domain>
      </initializationCode>
    </VariableDeclaration>
    <VariableDeclaration id="143">
      <name>sol2</name>
      <initializationCode id="144">
        <code>evaluateInR(&apos;round(dgeom([var=warte], [var=p]), 4)&apos;)</code>
        <domain>MATH</domain>
      </initializationCode>
    </VariableDeclaration>
    <VariableDeclaration id="145">
      <name>sol3</name>
      <initializationCode id="146">
        <code>evaluateInR(&apos;round([var=jahre]*[var=p], 4)&apos;)</code>
        <domain>MATH</domain>
      </initializationCode>
    </VariableDeclaration>
    <VariableDeclaration id="147">
      <name>sol4</name>
      <initializationCode id="148">
        <code>evaluateInR(&apos;round([var=jahre]*[var=p]*(1-[var=p]), 4)&apos;)</code>
        <domain>MATH</domain>
      </initializationCode>
    </VariableDeclaration>
  </variableDeclarations>
  <jSXGraphs id="149"/>
  <dynamicMolecules id="150"/>
  <resultFeedbackMappings id="151"/>
</Exercise>