<Exercise id="1">
  <name>IS09-01 Schätztheorie 1</name>
  <publicDescription></publicDescription>
  <internalNotes>Mean, Varianz der Normalverteilung schätzen

Die  Materialien sind lizenziert unter CC BY-NC-SA 4.0. Eine Kopie dieser Lizenz finden Sie unter http://creativecommons.org/licenses/by-nc-sa/4.0/

The materials are licensed under CC BY-NC-SA 4.0. You can find a copy of this license at http://creativecommons.org/licenses/by-nc-sa/4.0/</internalNotes>
  <language>de</language>
  <difficulty>0</difficulty>
  <tags id="2">
    <Tag id="3">
      <name>IndStat</name>
    </Tag>
    <Tag id="4">
      <name>TR_neu</name>
    </Tag>
    <Tag id="5">
      <name>TR</name>
    </Tag>
  </tags>
  <resources id="6"/>
  <stages id="7">
    <FillInStage id="8">
      <internalName>1</internalName>
      <externalName>Stage 1</externalName>
      <taskDescription>&lt;strong&gt;Aufgabenstellung:&lt;/strong&gt;&lt;br /&gt;&#xd;
&lt;br /&gt;&#xd;
Sei $[var=sample,latex]$ eine unabh&amp;auml;ngige Stichprobe einer normalverteilten Zufallsvariable mit Parametern $\mu$ und $\sigma^2$.&lt;br /&gt;&#xd;
&lt;br /&gt;&#xd;
Sch&amp;auml;tzen Sie $\mu$ erwartungstreu und effizient!&lt;br /&gt;&#xd;
&lt;br /&gt;&#xd;
&lt;strong&gt;Einreichung:&lt;/strong&gt; &lt;input name=&quot;field1&quot; size=&quot;6&quot; type=&quot;text&quot; value=&quot;field1&quot; /&gt;&amp;nbsp;&lt;br /&gt;&#xd;
&lt;br /&gt;&#xd;
&lt;em&gt;(Runden Sie, falls n&amp;ouml;tig, auf die vierte Nachkommastelle und verwenden Sie einen Dezimalpunkt.)&lt;/em&gt;&#xd;
&lt;p&gt;&lt;a href=&quot;https://webrtaschenrechner.netlify.app/&quot; onclick=&quot;window.open(&apos;https://webrtaschenrechner.netlify.app/&apos;,&apos;R Console&apos;,&apos;top=320, left=1525, width=400,height=600,menubar=no,toolbar=no,&apos;); return false;&quot; target=&quot;_blank&quot;&gt;&lt;img alt=&quot;R_ Logo&quot; pull-right=&quot;&quot; src=&quot;/econometrics/resource?resource=157444&quot; style=&quot;width: 40px; height: 50px; float: right; margin: 5px&quot; /&gt;&lt;/a&gt;&lt;/p&gt;&#xd;
</taskDescription>
      <skipMessage>Richtig ist $[var=rsol1,latex]$.</skipMessage>
      <defaultTransition id="9">
        <conditionExpression id="10">
          <domain>MATH</domain>
        </conditionExpression>
        <stageExpression id="11">
          <domain>MATH</domain>
        </stageExpression>
        <isRepeat>true</isRepeat>
      </defaultTransition>
      <skipTransitions id="12">
        <StageTransition id="13">
          <conditionExpression id="14">
            <code></code>
            <domain>MATH</domain>
          </conditionExpression>
          <stageExpression id="15">
            <domain>MATH</domain>
          </stageExpression>
          <targetStage class="FillInStage" id="16">
            <internalName>2</internalName>
            <externalName>Stage 2</externalName>
            <taskDescription>&lt;strong&gt;Aufgabenstellung:&lt;/strong&gt;&lt;br /&gt;&#xd;
&lt;br /&gt;&#xd;
Sch&amp;auml;tzen Sie $\sigma^2$ erwartungstreu und effizient! &amp;nbsp;&lt;br /&gt;&#xd;
&lt;br /&gt;&#xd;
&lt;strong&gt;Einreichung:&lt;/strong&gt; &lt;input name=&quot;field1&quot; size=&quot;8&quot; type=&quot;text&quot; value=&quot;field1&quot; /&gt;&amp;nbsp;&lt;br /&gt;&#xd;
&lt;br /&gt;&#xd;
&lt;em&gt;(Runden Sie, falls n&amp;ouml;tig, auf die vierte Nachkommastelle und verwenden Sie einen Dezimalpunkt.)&lt;/em&gt;&#xd;
&lt;p&gt;&lt;a href=&quot;https://webrtaschenrechner.netlify.app/&quot; onclick=&quot;window.open(&apos;https://webrtaschenrechner.netlify.app/&apos;,&apos;R Console&apos;,&apos;top=320, left=1525, width=400,height=600,menubar=no,toolbar=no,&apos;); return false;&quot; target=&quot;_blank&quot;&gt;&lt;img alt=&quot;R_ Logo&quot; pull-right=&quot;&quot; src=&quot;/econometrics/resource?resource=157444&quot; style=&quot;width: 40px; height: 50px; float: right; margin: 5px&quot; /&gt;&lt;/a&gt;&lt;/p&gt;&#xd;
</taskDescription>
            <skipMessage>Richtig ist $[var=rsol2,latex]$.</skipMessage>
            <defaultTransition id="17">
              <conditionExpression id="18">
                <domain>MATH</domain>
              </conditionExpression>
              <stageExpression id="19">
                <domain>MATH</domain>
              </stageExpression>
              <isRepeat>true</isRepeat>
            </defaultTransition>
            <skipTransitions id="20">
              <StageTransition id="21">
                <conditionExpression id="22">
                  <code></code>
                  <domain>MATH</domain>
                </conditionExpression>
                <stageExpression id="23">
                  <domain>MATH</domain>
                </stageExpression>
                <isRepeat>false</isRepeat>
              </StageTransition>
            </skipTransitions>
            <stageTransitions id="24">
              <StageTransition id="25">
                <conditionExpression id="26">
                  <code></code>
                  <domain>MATH</domain>
                </conditionExpression>
                <stageExpression id="27">
                  <code>[meta=stageCurrentResult]&gt;=100</code>
                  <domain>MATH</domain>
                </stageExpression>
                <isRepeat>false</isRepeat>
              </StageTransition>
            </stageTransitions>
            <hints id="28">
              <StageHint id="29">
                <stagehint__order>0</stagehint__order>
                <text>Welche Sch&amp;auml;tzfunktion wird hier ben&amp;ouml;tigt?&lt;br /&gt;
&lt;br /&gt;
(Es ist ein weiterer Hinweis vorhanden.)</text>
                <malus>0</malus>
                <stage class="FillInStage" reference="16"/>
              </StageHint>
              <StageHint id="30">
                <stagehint__order>1</stagehint__order>
                <text>Denken Sie daran, dass die Stichprobe normalverteilt ist und Ihnen hier nicht das &amp;quot;wahre&amp;quot; $\mu$ vorliegt, sondern nur das gesch&amp;auml;tzte, wodurch ein Freiheitsgrad verloren geht.&lt;br /&gt;
&lt;br /&gt;
(Es ist ein weiterer Hinweis vorhanden.)</text>
                <malus>0</malus>
                <stage class="FillInStage" reference="16"/>
              </StageHint>
              <StageHint id="31">
                <stagehint__order>2</stagehint__order>
                <text>Sie benötigen folgende Schätzfunktion: $S^2 = \frac{1}{n-1}\sum\limits_{j=1}^{n}(X_j-\bar{X})^2$.</text>
                <malus>0</malus>
                <stage class="FillInStage" reference="16"/>
              </StageHint>
            </hints>
            <variableUpdatesOnEnter id="32"/>
            <variableUpdatesBeforeCheck id="33"/>
            <variableUpdatesAfterCheck id="34"/>
            <variableUpdatesOnNormalExit id="35"/>
            <variableUpdatesOnRepeat id="36"/>
            <variableUpdatesOnSkip id="37"/>
            <weight>1</weight>
            <orderIndex>1</orderIndex>
            <allowSkip>true</allowSkip>
            <resources id="38"/>
            <rules id="39"/>
            <fillInFields id="40">
              <FillInField id="41">
                <name>field1</name>
                <orderIndex>0</orderIndex>
                <size>8</size>
                <formularEditorType>NUMBER</formularEditorType>
              </FillInField>
            </fillInFields>
            <dropDownFields id="42"/>
            <formularEditorPalette>MATHDOX_FORMULAR_EDITOR_NO_PALETTE</formularEditorPalette>
            <defaultFeedback>Leider nicht korrekt.&amp;nbsp;&lt;br /&gt;
&lt;br /&gt;
Richtig ist $[var=rsol2,latex]$.</defaultFeedback>
            <correctAnswerRules id="43">
              <Rule id="44">
                <name>CorrectAnswer1</name>
                <orderIndex>1</orderIndex>
                <validationExpression id="45">
                  <code>!isEmpty([input=field1])&amp;&amp;isRealNumber([input=field1])&amp;&amp;[input=field1]&gt;[var=rsol2]-0.0011&amp;&amp;[input=field1]&lt;[var=rsol2]+0.0011</code>
                  <domain>MATH</domain>
                </validationExpression>
                <points>0</points>
                <terminal>false</terminal>
              </Rule>
            </correctAnswerRules>
            <correctAnswerFeedback>Richtig.</correctAnswerFeedback>
            <defaultResult>0</defaultResult>
          </targetStage>
          <isRepeat>false</isRepeat>
        </StageTransition>
      </skipTransitions>
      <stageTransitions id="46">
        <StageTransition id="47">
          <conditionExpression id="48">
            <code></code>
            <domain>MATH</domain>
          </conditionExpression>
          <stageExpression id="49">
            <code>[meta=stageCurrentResult]&gt;=100</code>
            <domain>MATH</domain>
          </stageExpression>
          <targetStage class="FillInStage" reference="16"/>
          <isRepeat>false</isRepeat>
        </StageTransition>
      </stageTransitions>
      <hints id="50">
        <StageHint id="51">
          <stagehint__order>0</stagehint__order>
          <text>Welche Sch&amp;auml;tzfunktion wird hier ben&amp;ouml;tigt?&lt;br /&gt;
&lt;br /&gt;
(Es ist ein weiterer Hinweis vorhanden.)</text>
          <malus>0</malus>
          <stage class="FillInStage" reference="8"/>
        </StageHint>
        <StageHint id="52">
          <stagehint__order>1</stagehint__order>
          <text>Sie benötigen folgende Schätzfunktion: $\bar{X} =  \frac{1}{n}\sum\limits_{j=1}^{n} X_j$.</text>
          <malus>0</malus>
          <stage class="FillInStage" reference="8"/>
        </StageHint>
      </hints>
      <variableUpdatesOnEnter id="53"/>
      <variableUpdatesBeforeCheck id="54"/>
      <variableUpdatesAfterCheck id="55"/>
      <variableUpdatesOnNormalExit id="56"/>
      <variableUpdatesOnRepeat id="57"/>
      <variableUpdatesOnSkip id="58"/>
      <weight>1</weight>
      <orderIndex>0</orderIndex>
      <allowSkip>true</allowSkip>
      <resources id="59"/>
      <rules id="60"/>
      <fillInFields id="61">
        <FillInField id="62">
          <name>field1</name>
          <orderIndex>0</orderIndex>
          <size>6</size>
          <formularEditorType>NUMBER</formularEditorType>
        </FillInField>
      </fillInFields>
      <dropDownFields id="63"/>
      <formularEditorPalette>MATHDOX_FORMULAR_EDITOR_NO_PALETTE</formularEditorPalette>
      <defaultFeedback>Leider nicht korrekt.&lt;br /&gt;
&lt;br /&gt;
Richtig ist $[var=rsol1,latex]$.</defaultFeedback>
      <correctAnswerRules id="64">
        <Rule id="65">
          <name>CorrectAnswer1</name>
          <orderIndex>1</orderIndex>
          <validationExpression id="66">
            <code>!isEmpty([input=field1])&amp;&amp;isRealNumber([input=field1])&amp;&amp;[input=field1]&gt;[var=rsol1]-0.0011&amp;&amp;[input=field1]&lt;[var=rsol1]+0.0011</code>
            <domain>MATH</domain>
          </validationExpression>
          <points>0</points>
          <terminal>false</terminal>
        </Rule>
      </correctAnswerRules>
      <correctAnswerFeedback>Richtig.</correctAnswerFeedback>
      <defaultResult>0</defaultResult>
    </FillInStage>
    <FillInStage reference="16"/>
  </stages>
  <startStage class="FillInStage" reference="8"/>
  <variableDeclarations id="67">
    <VariableDeclaration id="68">
      <name>mu</name>
      <initializationCode id="69">
        <code>evaluateInR(&apos;sample(10:50, 1)&apos;)</code>
        <domain>MATH</domain>
      </initializationCode>
    </VariableDeclaration>
    <VariableDeclaration id="70">
      <name>sigma</name>
      <initializationCode id="71">
        <code>evaluateInR(&apos;sample(20:60, 1)&apos;)</code>
        <domain>MATH</domain>
      </initializationCode>
    </VariableDeclaration>
    <VariableDeclaration id="72">
      <name>sample</name>
      <initializationCode id="73">
        <code>evaluateInR(&apos;round(rnorm(5,[var=mu],[var=sigma]),4)&apos;)</code>
        <domain>MATH</domain>
      </initializationCode>
    </VariableDeclaration>
    <VariableDeclaration id="74">
      <name>rsol1</name>
      <initializationCode id="75">
        <code>evaluateInR(&apos;round(mean(c([var=sample])), 4)&apos;)</code>
        <domain>MATH</domain>
      </initializationCode>
    </VariableDeclaration>
    <VariableDeclaration id="76">
      <name>rsol2</name>
      <initializationCode id="77">
        <code>evaluateInR(&apos;round(var(c([var=sample])), 4)&apos;)</code>
        <domain>MATH</domain>
      </initializationCode>
    </VariableDeclaration>
  </variableDeclarations>
  <jSXGraphs id="78"/>
  <dynamicMolecules id="79"/>
  <resultFeedbackMappings id="80"/>
</Exercise>