<Exercise id="1">
  <name>IS09-05 Schätztheorie 5</name>
  <publicDescription></publicDescription>
  <internalNotes>ML Schätzer

Die  Materialien sind lizenziert unter CC BY-NC-SA 4.0. Eine Kopie dieser Lizenz finden Sie unter http://creativecommons.org/licenses/by-nc-sa/4.0/

The materials are licensed under CC BY-NC-SA 4.0. You can find a copy of this license at http://creativecommons.org/licenses/by-nc-sa/4.0/</internalNotes>
  <language>de</language>
  <difficulty>0</difficulty>
  <tags id="2">
    <Tag id="3">
      <name>IndStat</name>
    </Tag>
    <Tag id="4">
      <name>TR_neu</name>
    </Tag>
    <Tag id="5">
      <name>TR</name>
    </Tag>
  </tags>
  <resources id="6"/>
  <stages id="7">
    <MCStage id="8">
      <internalName>1</internalName>
      <externalName>Stage 1</externalName>
      <taskDescription>&lt;strong&gt;Aufgabenstellung:&lt;/strong&gt;&lt;br /&gt;&#xd;
&lt;br /&gt;&#xd;
In dieser Aufgabe leiten wir den Maximum-Likelihood-Sch&amp;auml;tzer f&amp;uuml;r geometrisch verteilte Zufallsvariablen her:&lt;br /&gt;&#xd;
Bestimmen Sie zun&amp;auml;chst die Wahrscheinlichkeitsfunktion der geometrischen Verteilung f&amp;uuml;r $x \in \mathbb{N}_0$.&lt;br /&gt;&#xd;
&lt;br /&gt;&#xd;
&lt;strong&gt;Auswahl:&lt;/strong&gt;</taskDescription>
      <skipMessage>$p(1-p)^x$ ist korrekt.</skipMessage>
      <defaultTransition id="9">
        <conditionExpression id="10">
          <domain>MATH</domain>
        </conditionExpression>
        <stageExpression id="11">
          <domain>MATH</domain>
        </stageExpression>
        <isRepeat>true</isRepeat>
      </defaultTransition>
      <skipTransitions id="12">
        <StageTransition id="13">
          <conditionExpression id="14">
            <code></code>
            <domain>MATH</domain>
          </conditionExpression>
          <stageExpression id="15">
            <domain>MATH</domain>
          </stageExpression>
          <targetStage class="MCStage" id="16">
            <internalName>2</internalName>
            <externalName>Stage 2</externalName>
            <taskDescription>&lt;strong&gt;Aufgabenstellung:&lt;/strong&gt;&lt;br /&gt;&#xd;
&lt;br /&gt;&#xd;
Bestimmen Sie den Logarithmus der Wahrscheinlichkeitsfunktion.&lt;br /&gt;&#xd;
&lt;br /&gt;&#xd;
&lt;strong&gt;Auswahl:&lt;/strong&gt;</taskDescription>
            <skipMessage>$log(p)+x\cdot log(1-p)$ ist korrekt aufgrund der Logarithmusgesetze.</skipMessage>
            <defaultTransition id="17">
              <conditionExpression id="18">
                <domain>MATH</domain>
              </conditionExpression>
              <stageExpression id="19">
                <domain>MATH</domain>
              </stageExpression>
              <isRepeat>true</isRepeat>
            </defaultTransition>
            <skipTransitions id="20">
              <StageTransition id="21">
                <conditionExpression id="22">
                  <code></code>
                  <domain>MATH</domain>
                </conditionExpression>
                <stageExpression id="23">
                  <domain>MATH</domain>
                </stageExpression>
                <targetStage class="MCStage" id="24">
                  <internalName>3</internalName>
                  <externalName>Stage 3</externalName>
                  <taskDescription>&lt;strong&gt;Aufgabenstellung:&lt;/strong&gt;&lt;br /&gt;&#xd;
&lt;br /&gt;&#xd;
Bestimmen Sie die Log-Likelihood-Funktion.&lt;br /&gt;&#xd;
&lt;br /&gt;&#xd;
&lt;strong&gt;Auswahl:&lt;/strong&gt;</taskDescription>
                  <skipMessage>$n\cdot log(p) + \sum\limits_{i=1}^n x_i log(1-p)$</skipMessage>
                  <defaultTransition id="25">
                    <conditionExpression id="26">
                      <domain>MATH</domain>
                    </conditionExpression>
                    <stageExpression id="27">
                      <domain>MATH</domain>
                    </stageExpression>
                    <isRepeat>true</isRepeat>
                  </defaultTransition>
                  <skipTransitions id="28">
                    <StageTransition id="29">
                      <conditionExpression id="30">
                        <code></code>
                        <domain>MATH</domain>
                      </conditionExpression>
                      <stageExpression id="31">
                        <domain>MATH</domain>
                      </stageExpression>
                      <targetStage class="MCStage" id="32">
                        <internalName>4</internalName>
                        <externalName>Stage 4</externalName>
                        <taskDescription>&lt;strong&gt;Aufgabenstellung:&lt;/strong&gt;&lt;br /&gt;&#xd;
&lt;br /&gt;&#xd;
Bestimmen Sie die Ableitung der Log-Likelihood-Funktion und setzen Sie diese gleich 0.&lt;br /&gt;&#xd;
&lt;br /&gt;&#xd;
&lt;strong&gt;Auswahl:&lt;/strong&gt;</taskDescription>
                        <skipMessage>$\frac{n}{p}=\frac{\sum\limits_{i=1}^n x_i}{1-p}$</skipMessage>
                        <defaultTransition id="33">
                          <conditionExpression id="34">
                            <domain>MATH</domain>
                          </conditionExpression>
                          <stageExpression id="35">
                            <domain>MATH</domain>
                          </stageExpression>
                          <isRepeat>true</isRepeat>
                        </defaultTransition>
                        <skipTransitions id="36">
                          <StageTransition id="37">
                            <conditionExpression id="38">
                              <code></code>
                              <domain>MATH</domain>
                            </conditionExpression>
                            <stageExpression id="39">
                              <domain>MATH</domain>
                            </stageExpression>
                            <targetStage class="MCStage" id="40">
                              <internalName>5</internalName>
                              <externalName>Stage 5</externalName>
                              <taskDescription>&lt;strong&gt;Aufgabenstellung:&lt;/strong&gt;&lt;br /&gt;&#xd;
&lt;br /&gt;&#xd;
Bestimmen Sie den ML-Sch&amp;auml;tzer.&lt;br /&gt;&#xd;
&lt;br /&gt;&#xd;
&lt;strong&gt;Auswahl:&lt;/strong&gt;</taskDescription>
                              <skipMessage>$\displaystyle \hat{p}=(\frac{\sum x_i}{n}+1)^{-1}=\frac{1}{\bar{x}+1}$</skipMessage>
                              <defaultTransition id="41">
                                <conditionExpression id="42">
                                  <domain>MATH</domain>
                                </conditionExpression>
                                <stageExpression id="43">
                                  <domain>MATH</domain>
                                </stageExpression>
                                <isRepeat>true</isRepeat>
                              </defaultTransition>
                              <skipTransitions id="44">
                                <StageTransition id="45">
                                  <conditionExpression id="46">
                                    <code></code>
                                    <domain>MATH</domain>
                                  </conditionExpression>
                                  <stageExpression id="47">
                                    <domain>MATH</domain>
                                  </stageExpression>
                                  <targetStage class="FillInStage" id="48">
                                    <internalName>6</internalName>
                                    <externalName>Stage 6</externalName>
                                    <taskDescription>&lt;strong&gt;Aufgabenstellung:&lt;/strong&gt;&lt;br /&gt;&#xd;
&lt;br /&gt;&#xd;
Berechnen Sie die ML-Sch&amp;auml;tzung f&amp;uuml;r folgende Stichprobe:&lt;br /&gt;&#xd;
&lt;br /&gt;&#xd;
$\{[var=sample,latex]\}$ $\displaystyle \hat{p}$&lt;br /&gt;&#xd;
&lt;br /&gt;&#xd;
&lt;strong&gt;Einreichung:&lt;/strong&gt; &lt;input name=&quot;field1&quot; size=&quot;6&quot; type=&quot;text&quot; value=&quot;field1&quot; /&gt;&amp;nbsp;&lt;br /&gt;&#xd;
&lt;br /&gt;&#xd;
&lt;em&gt;(Runden Sie, falls n&amp;ouml;tig, auf die vierte Nachkommastelle und nutzen Sie einen Dezimalpunkt.)&lt;/em&gt;&#xd;
&lt;p&gt;&lt;a href=&quot;https://webrtaschenrechner.netlify.app/&quot; onclick=&quot;window.open(&apos;https://webrtaschenrechner.netlify.app/&apos;,&apos;R Console&apos;,&apos;top=320, left=1525, width=400,height=600,menubar=no,toolbar=no,&apos;); return false;&quot; target=&quot;_blank&quot;&gt;&lt;img alt=&quot;R_ Logo&quot; pull-right=&quot;&quot; src=&quot;/econometrics/resource?resource=157444&quot; style=&quot;width: 40px; height: 50px; float: right; margin: 5px&quot; /&gt;&lt;/a&gt;&lt;/p&gt;</taskDescription>
                                    <skipMessage>$\displaystyle \hat{p}=[var=p,latex]$</skipMessage>
                                    <defaultTransition id="49">
                                      <conditionExpression id="50">
                                        <domain>MATH</domain>
                                      </conditionExpression>
                                      <stageExpression id="51">
                                        <domain>MATH</domain>
                                      </stageExpression>
                                      <isRepeat>true</isRepeat>
                                    </defaultTransition>
                                    <skipTransitions id="52">
                                      <StageTransition id="53">
                                        <conditionExpression id="54">
                                          <code></code>
                                          <domain>MATH</domain>
                                        </conditionExpression>
                                        <stageExpression id="55">
                                          <domain>MATH</domain>
                                        </stageExpression>
                                        <isRepeat>false</isRepeat>
                                      </StageTransition>
                                    </skipTransitions>
                                    <stageTransitions id="56">
                                      <StageTransition id="57">
                                        <conditionExpression id="58">
                                          <code></code>
                                          <domain>MATH</domain>
                                        </conditionExpression>
                                        <stageExpression id="59">
                                          <code>[meta=stageCurrentResult]&gt;=100</code>
                                          <domain>MATH</domain>
                                        </stageExpression>
                                        <isRepeat>false</isRepeat>
                                      </StageTransition>
                                    </stageTransitions>
                                    <hints id="60">
                                      <StageHint id="61">
                                        <stagehint__order>0</stagehint__order>
                                        <text>Setzen Sie die Stichprobe in den ML-Schätzer ein.</text>
                                        <malus>0</malus>
                                        <stage class="FillInStage" reference="48"/>
                                      </StageHint>
                                    </hints>
                                    <variableUpdatesOnEnter id="62"/>
                                    <variableUpdatesBeforeCheck id="63"/>
                                    <variableUpdatesAfterCheck id="64"/>
                                    <variableUpdatesOnNormalExit id="65"/>
                                    <variableUpdatesOnRepeat id="66"/>
                                    <variableUpdatesOnSkip id="67"/>
                                    <weight>1</weight>
                                    <orderIndex>5</orderIndex>
                                    <allowSkip>true</allowSkip>
                                    <resources id="68"/>
                                    <rules id="69"/>
                                    <fillInFields id="70">
                                      <FillInField id="71">
                                        <name>field1</name>
                                        <orderIndex>0</orderIndex>
                                        <size>6</size>
                                        <formularEditorType>NUMBER</formularEditorType>
                                      </FillInField>
                                    </fillInFields>
                                    <dropDownFields id="72"/>
                                    <formularEditorPalette>MATHDOX_FORMULAR_EDITOR_NO_PALETTE</formularEditorPalette>
                                    <defaultFeedback>Leider nicht korrekt.&lt;br /&gt;
&lt;br /&gt;
$\displaystyle \hat{p}=[var=p,latex]$</defaultFeedback>
                                    <correctAnswerRules id="73">
                                      <Rule id="74">
                                        <name>CorrectAnswer1</name>
                                        <orderIndex>1</orderIndex>
                                        <validationExpression id="75">
                                          <code>!isEmpty([input=field1])&amp;&amp;isRealNumber([input=field1])&amp;&amp;[input=field1]&gt;[var=p]-0.0011&amp;&amp;[input=field1]&lt;[var=p]+0.0011</code>
                                          <domain>MATH</domain>
                                        </validationExpression>
                                        <points>0</points>
                                        <terminal>false</terminal>
                                      </Rule>
                                    </correctAnswerRules>
                                    <correctAnswerFeedback>Richtig.</correctAnswerFeedback>
                                    <defaultResult>0</defaultResult>
                                  </targetStage>
                                  <isRepeat>false</isRepeat>
                                </StageTransition>
                              </skipTransitions>
                              <stageTransitions id="76">
                                <StageTransition id="77">
                                  <conditionExpression id="78">
                                    <code></code>
                                    <domain>MATH</domain>
                                  </conditionExpression>
                                  <stageExpression id="79">
                                    <code>[meta=stageCurrentResult]&gt;=100</code>
                                    <domain>MATH</domain>
                                  </stageExpression>
                                  <targetStage class="FillInStage" reference="48"/>
                                  <isRepeat>false</isRepeat>
                                </StageTransition>
                              </stageTransitions>
                              <hints id="80">
                                <StageHint id="81">
                                  <stagehint__order>0</stagehint__order>
                                  <text>$\frac{n-np}{p} = \sum x_i$&lt;br /&gt;
&lt;br /&gt;
(Es ist ein weiterer Hinweis vorhanden.)</text>
                                  <malus>0</malus>
                                  <stage class="MCStage" reference="40"/>
                                </StageHint>
                                <StageHint id="82">
                                  <stagehint__order>1</stagehint__order>
                                  <text>$\frac{n-np}{p} = \frac{n}{p}-n$</text>
                                  <malus>0</malus>
                                  <stage class="MCStage" reference="40"/>
                                </StageHint>
                              </hints>
                              <variableUpdatesOnEnter id="83"/>
                              <variableUpdatesBeforeCheck id="84"/>
                              <variableUpdatesAfterCheck id="85"/>
                              <variableUpdatesOnNormalExit id="86"/>
                              <variableUpdatesOnRepeat id="87"/>
                              <variableUpdatesOnSkip id="88"/>
                              <weight>1</weight>
                              <orderIndex>4</orderIndex>
                              <allowSkip>true</allowSkip>
                              <resources id="89"/>
                              <answerOptions id="90">
                                <MCAnswer id="91">
                                  <order>0</order>
                                  <rule>CORRECT</rule>
                                  <text> $\displaystyle \hat{p}=(\frac{\sum x_i}{n}+1)^{-1}=\frac{1}{\bar{x}+1}$</text>
                                  <variableName></variableName>
                                  <mcstage reference="40"/>
                                </MCAnswer>
                                <MCAnswer id="92">
                                  <order>1</order>
                                  <rule>WRONG</rule>
                                  <text> $\displaystyle \hat{p}=\frac{1}{\sum x_i}$</text>
                                  <variableName></variableName>
                                  <mcstage reference="40"/>
                                </MCAnswer>
                                <MCAnswer id="93">
                                  <order>2</order>
                                  <rule>WRONG</rule>
                                  <text> $\displaystyle \hat{p}=\frac{n}{\sum x_i}$</text>
                                  <variableName></variableName>
                                  <mcstage reference="40"/>
                                </MCAnswer>
                                <MCAnswer id="94">
                                  <order>3</order>
                                  <rule>WRONG</rule>
                                  <text> $\displaystyle \hat{p}=\frac{\sum x_i}{n}=\bar{x}$</text>
                                  <variableName></variableName>
                                  <mcstage reference="40"/>
                                </MCAnswer>
                                <MCAnswer id="95">
                                  <order>4</order>
                                  <rule>WRONG</rule>
                                  <text> $\displaystyle \hat{p}=(\frac{n}{\sum x_i}+1)^{-1}$</text>
                                  <variableName></variableName>
                                  <mcstage reference="40"/>
                                </MCAnswer>
                                <MCAnswer id="96">
                                  <order>5</order>
                                  <rule>WRONG</rule>
                                  <text> $\displaystyle \hat{p}=(\sum x_i+1)^{-1}$</text>
                                  <variableName></variableName>
                                  <mcstage reference="40"/>
                                </MCAnswer>
                              </answerOptions>
                              <randomize>true</randomize>
                              <singleChoice>false</singleChoice>
                              <correctAnswerFeedback>Richtig.</correctAnswerFeedback>
                              <defaultFeedback>Leider nicht korrekt.&lt;br /&gt;
&lt;br /&gt;
$\displaystyle \hat{p}=(\frac{\sum x_i}{n}+1)^{-1}=\frac{1}{\bar{x}+1}$</defaultFeedback>
                              <defaultResult>0</defaultResult>
                              <extraFeedbacks id="97"/>
                            </targetStage>
                            <isRepeat>false</isRepeat>
                          </StageTransition>
                        </skipTransitions>
                        <stageTransitions id="98">
                          <StageTransition id="99">
                            <conditionExpression id="100">
                              <code></code>
                              <domain>MATH</domain>
                            </conditionExpression>
                            <stageExpression id="101">
                              <code>[meta=stageCurrentResult]&gt;=100</code>
                              <domain>MATH</domain>
                            </stageExpression>
                            <targetStage class="MCStage" reference="40"/>
                            <isRepeat>false</isRepeat>
                          </StageTransition>
                        </stageTransitions>
                        <hints id="102">
                          <StageHint id="103">
                            <stagehint__order>0</stagehint__order>
                            <text>Benutzen Sie die Ihnen bekannten Ableitungsregeln!&lt;br /&gt;
&lt;br /&gt;
(Es ist ein weiterer Hinweis vorhanden.)</text>
                            <malus>0</malus>
                            <stage class="MCStage" reference="32"/>
                          </StageHint>
                          <StageHint id="104">
                            <stagehint__order>1</stagehint__order>
                            <text>$(log(f(x)))&apos; = \frac{1}{f(x)}\cdot f&apos;(x)$</text>
                            <malus>0</malus>
                            <stage class="MCStage" reference="32"/>
                          </StageHint>
                        </hints>
                        <variableUpdatesOnEnter id="105"/>
                        <variableUpdatesBeforeCheck id="106"/>
                        <variableUpdatesAfterCheck id="107"/>
                        <variableUpdatesOnNormalExit id="108"/>
                        <variableUpdatesOnRepeat id="109"/>
                        <variableUpdatesOnSkip id="110"/>
                        <weight>1</weight>
                        <orderIndex>3</orderIndex>
                        <allowSkip>true</allowSkip>
                        <resources id="111"/>
                        <answerOptions id="112">
                          <MCAnswer id="113">
                            <order>0</order>
                            <rule>CORRECT</rule>
                            <text> $\displaystyle\frac{n}{p}=\frac{\sum\limits_{i=1}^n x_i}{1-p}$</text>
                            <variableName></variableName>
                            <mcstage reference="32"/>
                          </MCAnswer>
                          <MCAnswer id="114">
                            <order>1</order>
                            <rule>WRONG</rule>
                            <text> $\displaystyle\frac{n}{p}+\frac{\sum\limits_{i=1}^n x_i}{1-p}=0$</text>
                            <variableName></variableName>
                            <mcstage reference="32"/>
                          </MCAnswer>
                          <MCAnswer id="115">
                            <order>2</order>
                            <rule>WRONG</rule>
                            <text> $\displaystyle\frac{n}{p}=\frac{\sum\limits_{i=1}^n x_i}{p}$</text>
                            <variableName></variableName>
                            <mcstage reference="32"/>
                          </MCAnswer>
                          <MCAnswer id="116">
                            <order>3</order>
                            <rule>WRONG</rule>
                            <text> $\displaystyle\frac{n}{p}=0$</text>
                            <variableName></variableName>
                            <mcstage reference="32"/>
                          </MCAnswer>
                          <MCAnswer id="117">
                            <order>4</order>
                            <rule>WRONG</rule>
                            <text> $\displaystyle\frac{\sum\limits_{i=1}^n x_i}{p}=\frac{\sum\limits_{i=1}^n x_i}{p-1}$</text>
                            <variableName></variableName>
                            <mcstage reference="32"/>
                          </MCAnswer>
                          <MCAnswer id="118">
                            <order>5</order>
                            <rule>WRONG</rule>
                            <text> $\displaystyle\frac{p}{\sum\limits_{i=1}^n x_i}=\frac{\sum\limits_{i=1}^n x_i}{n}$</text>
                            <variableName></variableName>
                            <mcstage reference="32"/>
                          </MCAnswer>
                        </answerOptions>
                        <randomize>true</randomize>
                        <singleChoice>false</singleChoice>
                        <correctAnswerFeedback>Richtig.</correctAnswerFeedback>
                        <defaultFeedback>Leider nicht korrekt.&lt;br /&gt;
&lt;br /&gt;
$\frac{n}{p}=\frac{\sum\limits_{i=1}^n x_i}{1-p}$</defaultFeedback>
                        <defaultResult>0</defaultResult>
                        <extraFeedbacks id="119"/>
                      </targetStage>
                      <isRepeat>false</isRepeat>
                    </StageTransition>
                  </skipTransitions>
                  <stageTransitions id="120">
                    <StageTransition id="121">
                      <conditionExpression id="122">
                        <code></code>
                        <domain>MATH</domain>
                      </conditionExpression>
                      <stageExpression id="123">
                        <code>[meta=stageCurrentResult]&gt;=100</code>
                        <domain>MATH</domain>
                      </stageExpression>
                      <targetStage class="MCStage" reference="32"/>
                      <isRepeat>false</isRepeat>
                    </StageTransition>
                  </stageTransitions>
                  <hints id="124">
                    <StageHint id="125">
                      <stagehint__order>0</stagehint__order>
                      <text>Erweitern Sie die Funktion so, dass sie f&amp;uuml;r n Stichprobenvariablen g&amp;uuml;ltig ist.&lt;br /&gt;
&lt;br /&gt;
(Es ist ein weiterer Hinweis vorhanden.)</text>
                      <malus>0</malus>
                      <stage class="MCStage" reference="24"/>
                    </StageHint>
                    <StageHint id="126">
                      <stagehint__order>1</stagehint__order>
                      <text>Beachten Sie, dass Parameter und Variablen unterschiedlich behandelt werden müssen!</text>
                      <malus>0</malus>
                      <stage class="MCStage" reference="24"/>
                    </StageHint>
                  </hints>
                  <variableUpdatesOnEnter id="127"/>
                  <variableUpdatesBeforeCheck id="128"/>
                  <variableUpdatesAfterCheck id="129"/>
                  <variableUpdatesOnNormalExit id="130"/>
                  <variableUpdatesOnRepeat id="131"/>
                  <variableUpdatesOnSkip id="132"/>
                  <weight>1</weight>
                  <orderIndex>2</orderIndex>
                  <allowSkip>true</allowSkip>
                  <resources id="133"/>
                  <answerOptions id="134">
                    <MCAnswer id="135">
                      <order>0</order>
                      <rule>CORRECT</rule>
                      <text> $n\cdot log(p) + \sum\limits_{i=1}^n x_i log(1-p)$</text>
                      <variableName></variableName>
                      <mcstage reference="24"/>
                    </MCAnswer>
                    <MCAnswer id="136">
                      <order>1</order>
                      <rule>WRONG</rule>
                      <text> $n\cdot log(p) \cdot \sum\limits_{i=1}^n x_i log(1-p)$</text>
                      <variableName></variableName>
                      <mcstage reference="24"/>
                    </MCAnswer>
                    <MCAnswer id="137">
                      <order>2</order>
                      <rule>WRONG</rule>
                      <text> $n\cdot log(p) + \sum\limits_{i=1}^n x_i + log(1-p)$</text>
                      <variableName></variableName>
                      <mcstage reference="24"/>
                    </MCAnswer>
                    <MCAnswer id="138">
                      <order>3</order>
                      <rule>WRONG</rule>
                      <text> $n + log(p) + \sum\limits_{i=1}^n x_i log(1-p)$</text>
                      <variableName></variableName>
                      <mcstage reference="24"/>
                    </MCAnswer>
                    <MCAnswer id="139">
                      <order>4</order>
                      <rule>WRONG</rule>
                      <text> $n + log(p) + \prod \limits_{i=1}^n x_i log(1-p)$</text>
                      <variableName></variableName>
                      <mcstage reference="24"/>
                    </MCAnswer>
                    <MCAnswer id="140">
                      <order>5</order>
                      <rule>WRONG</rule>
                      <text> $n + log(p) + \prod \limits_{i=1}^n x_i + log(1-p)$</text>
                      <variableName></variableName>
                      <mcstage reference="24"/>
                    </MCAnswer>
                  </answerOptions>
                  <randomize>true</randomize>
                  <singleChoice>false</singleChoice>
                  <correctAnswerFeedback>Richtig.</correctAnswerFeedback>
                  <defaultFeedback>Leider nicht korrekt.&lt;br /&gt;
&lt;br /&gt;
$n\cdot log(p) + \sum\limits_{i=1}^n x_i log(1-p)$</defaultFeedback>
                  <defaultResult>0</defaultResult>
                  <extraFeedbacks id="141"/>
                </targetStage>
                <isRepeat>false</isRepeat>
              </StageTransition>
            </skipTransitions>
            <stageTransitions id="142">
              <StageTransition id="143">
                <conditionExpression id="144">
                  <code></code>
                  <domain>MATH</domain>
                </conditionExpression>
                <stageExpression id="145">
                  <code>[meta=stageCurrentResult]&gt;=100</code>
                  <domain>MATH</domain>
                </stageExpression>
                <targetStage class="MCStage" reference="24"/>
                <isRepeat>false</isRepeat>
              </StageTransition>
            </stageTransitions>
            <hints id="146">
              <StageHint id="147">
                <stagehint__order>0</stagehint__order>
                <text>Betrachten Sie nochmal die Logarithmusgesetze!</text>
                <malus>0</malus>
                <stage class="MCStage" reference="16"/>
              </StageHint>
            </hints>
            <variableUpdatesOnEnter id="148"/>
            <variableUpdatesBeforeCheck id="149"/>
            <variableUpdatesAfterCheck id="150"/>
            <variableUpdatesOnNormalExit id="151"/>
            <variableUpdatesOnRepeat id="152"/>
            <variableUpdatesOnSkip id="153"/>
            <weight>1</weight>
            <orderIndex>1</orderIndex>
            <allowSkip>true</allowSkip>
            <resources id="154"/>
            <answerOptions id="155">
              <MCAnswer id="156">
                <order>0</order>
                <rule>CORRECT</rule>
                <text> $log(p)+x\cdot log(1-p)$</text>
                <variableName></variableName>
                <mcstage reference="16"/>
              </MCAnswer>
              <MCAnswer id="157">
                <order>1</order>
                <rule>WRONG</rule>
                <text> $log(p) x log(1-p)$</text>
                <variableName></variableName>
                <mcstage reference="16"/>
              </MCAnswer>
              <MCAnswer id="158">
                <order>2</order>
                <rule>WRONG</rule>
                <text> $log(p)+ log(1-p) + x$</text>
                <variableName></variableName>
                <mcstage reference="16"/>
              </MCAnswer>
              <MCAnswer id="159">
                <order>3</order>
                <rule>WRONG</rule>
                <text> $px+log(1-p)$</text>
                <variableName></variableName>
                <mcstage reference="16"/>
              </MCAnswer>
              <MCAnswer id="160">
                <order>4</order>
                <rule>WRONG</rule>
                <text> $log(1-p)^x\cdot log(p)^{p-1}$</text>
                <variableName></variableName>
                <mcstage reference="16"/>
              </MCAnswer>
              <MCAnswer id="161">
                <order>5</order>
                <rule>WRONG</rule>
                <text> $(1-p)log(x)\cdot p$</text>
                <variableName></variableName>
                <mcstage reference="16"/>
              </MCAnswer>
            </answerOptions>
            <randomize>true</randomize>
            <singleChoice>false</singleChoice>
            <correctAnswerFeedback>Richtig.</correctAnswerFeedback>
            <defaultFeedback>Leider nicht korrekt.&lt;br /&gt;
&lt;br /&gt;
$log(p)+x\cdot log(1-p)$ ist korrekt aufgrund der Logarithmusgesetze.</defaultFeedback>
            <defaultResult>0</defaultResult>
            <extraFeedbacks id="162"/>
          </targetStage>
          <isRepeat>false</isRepeat>
        </StageTransition>
      </skipTransitions>
      <stageTransitions id="163">
        <StageTransition id="164">
          <conditionExpression id="165">
            <code></code>
            <domain>MATH</domain>
          </conditionExpression>
          <stageExpression id="166">
            <code>[meta=stageCurrentResult]&gt;=100</code>
            <domain>MATH</domain>
          </stageExpression>
          <targetStage class="MCStage" reference="16"/>
          <isRepeat>false</isRepeat>
        </StageTransition>
      </stageTransitions>
      <hints id="167">
        <StageHint id="168">
          <stagehint__order>0</stagehint__order>
          <text>Betrachten Sie Vorlesungsfolien. </text>
          <malus>0</malus>
          <stage class="MCStage" reference="8"/>
        </StageHint>
      </hints>
      <variableUpdatesOnEnter id="169"/>
      <variableUpdatesBeforeCheck id="170"/>
      <variableUpdatesAfterCheck id="171"/>
      <variableUpdatesOnNormalExit id="172"/>
      <variableUpdatesOnRepeat id="173"/>
      <variableUpdatesOnSkip id="174"/>
      <weight>1</weight>
      <orderIndex>0</orderIndex>
      <allowSkip>true</allowSkip>
      <resources id="175"/>
      <answerOptions id="176">
        <MCAnswer id="177">
          <order>0</order>
          <rule>CORRECT</rule>
          <text> $p(1-p)^x$</text>
          <variableName></variableName>
          <mcstage reference="8"/>
        </MCAnswer>
        <MCAnswer id="178">
          <order>1</order>
          <rule>WRONG</rule>
          <text> $\frac{p^2}{1-p}$</text>
          <variableName></variableName>
          <mcstage reference="8"/>
        </MCAnswer>
        <MCAnswer id="179">
          <order>2</order>
          <rule>WRONG</rule>
          <text> $(p-1)^x$</text>
          <variableName></variableName>
          <mcstage reference="8"/>
        </MCAnswer>
        <MCAnswer id="180">
          <order>3</order>
          <rule>WRONG</rule>
          <text> $px^{1-p}$</text>
          <variableName></variableName>
          <mcstage reference="8"/>
        </MCAnswer>
        <MCAnswer id="181">
          <order>4</order>
          <rule>WRONG</rule>
          <text> $x(1-x)^p$</text>
          <variableName></variableName>
          <mcstage reference="8"/>
        </MCAnswer>
        <MCAnswer id="182">
          <order>5</order>
          <rule>WRONG</rule>
          <text> $p^{x-1}$</text>
          <variableName></variableName>
          <mcstage reference="8"/>
        </MCAnswer>
      </answerOptions>
      <randomize>true</randomize>
      <singleChoice>false</singleChoice>
      <correctAnswerFeedback>Richtig.</correctAnswerFeedback>
      <defaultFeedback>Leider nicht korrekt.&lt;br /&gt;
&lt;br /&gt;
$p(1-p)^x$ ist korrekt.</defaultFeedback>
      <defaultResult>0</defaultResult>
      <extraFeedbacks id="183"/>
    </MCStage>
    <MCStage reference="16"/>
    <MCStage reference="24"/>
    <MCStage reference="32"/>
    <MCStage reference="40"/>
    <FillInStage reference="48"/>
  </stages>
  <startStage class="MCStage" reference="8"/>
  <variableDeclarations id="184">
    <VariableDeclaration id="185">
      <name>hilf</name>
      <initializationCode id="186">
        <code>randomIntegerBetween(1,50)</code>
        <domain>MATH</domain>
      </initializationCode>
    </VariableDeclaration>
    <VariableDeclaration id="187">
      <name>true</name>
      <initializationCode id="188">
        <code>evaluateInR(&apos;[var=hilf]/100&apos;)</code>
        <domain>MATH</domain>
      </initializationCode>
    </VariableDeclaration>
    <VariableDeclaration id="189">
      <name>sample</name>
      <initializationCode id="190">
        <code>evaluateInR(&apos;rgeom(6,[var=true])&apos;)</code>
        <domain>MATH</domain>
      </initializationCode>
    </VariableDeclaration>
    <VariableDeclaration id="191">
      <name>m1u</name>
      <initializationCode id="192">
        <code>evaluateInR(&apos;mean(c([var=sample]))&apos;)</code>
        <domain>MATH</domain>
      </initializationCode>
    </VariableDeclaration>
    <VariableDeclaration id="193">
      <name>pu</name>
      <initializationCode id="194">
        <code>1/([var=m1u]+1)</code>
        <domain>MATH</domain>
      </initializationCode>
    </VariableDeclaration>
    <VariableDeclaration id="195">
      <name>p</name>
      <initializationCode id="196">
        <code>round([var=pu], 4)</code>
        <domain>MATH</domain>
      </initializationCode>
    </VariableDeclaration>
  </variableDeclarations>
  <jSXGraphs id="197"/>
  <dynamicMolecules id="198"/>
  <resultFeedbackMappings id="199"/>
</Exercise>