<Exercise id="1">
  <name>IS01-01 Grundlagen 1</name>
  <publicDescription></publicDescription>
  <internalNotes>Vereinigung, Schnittmenge usw....

Die  Materialien sind lizenziert unter CC BY-NC-SA 4.0. Eine Kopie dieser Lizenz finden Sie unter http://creativecommons.org/licenses/by-nc-sa/4.0/

The materials are licensed under CC BY-NC-SA 4.0. You can find a copy of this license at http://creativecommons.org/licenses/by-nc-sa/4.0/</internalNotes>
  <language>de</language>
  <difficulty>1</difficulty>
  <tags id="2">
    <Tag id="3">
      <name>IndStat</name>
    </Tag>
  </tags>
  <resources id="4"/>
  <stages id="5">
    <MCStage id="6">
      <internalName>1</internalName>
      <externalName>Stage 1</externalName>
      <taskDescription>&lt;strong&gt;Aufgabenstellung:&lt;/strong&gt;&lt;br /&gt;&#xd;
&lt;br /&gt;&#xd;
Der Stichprobenraum $\Omega$ enth&amp;auml;lt die nat&amp;uuml;rlichen Zahlen von $1$ bis $10$. Er kann in die drei Ereignisse $A_1 = \{2,4,6,8,10\}, \quad A_2 = \{1,3,5,7,9\}, \quad A_3 = \{1,2,9,10\}$ unterteilt werden.&lt;br /&gt;&#xd;
&lt;br /&gt;&#xd;
Wie sieht das Ereignis $B=[var=task1]$ aus?&lt;br /&gt;&#xd;
&lt;br /&gt;&#xd;
&lt;strong&gt;Auswahl:&lt;/strong&gt;</taskDescription>
      <skipMessage>Richtig ist $B=[var=sol]$.</skipMessage>
      <defaultTransition id="7">
        <conditionExpression id="8">
          <domain>MATH</domain>
        </conditionExpression>
        <stageExpression id="9">
          <domain>MATH</domain>
        </stageExpression>
        <isRepeat>true</isRepeat>
      </defaultTransition>
      <skipTransitions id="10">
        <StageTransition id="11">
          <conditionExpression id="12">
            <code></code>
            <domain>MATH</domain>
          </conditionExpression>
          <stageExpression id="13">
            <domain>MATH</domain>
          </stageExpression>
          <isRepeat>false</isRepeat>
        </StageTransition>
      </skipTransitions>
      <stageTransitions id="14">
        <StageTransition id="15">
          <conditionExpression id="16">
            <code></code>
            <domain>MATH</domain>
          </conditionExpression>
          <stageExpression id="17">
            <code>[meta=stageCurrentResult]&gt;=100</code>
            <domain>MATH</domain>
          </stageExpression>
          <isRepeat>false</isRepeat>
        </StageTransition>
      </stageTransitions>
      <hints id="18">
        <StageHint id="19">
          <stagehint__order>0</stagehint__order>
          <text>Bei dem Operator $\cup$ handelt es sich um die &amp;quot;Vereinigung&amp;quot;. Die Schnittmenge wird mit $\cap$ dargestellt. Die Differenzmenge wird dargestellt durch $\setminus$.&lt;br /&gt;
&lt;br /&gt;
(Es ist ein weiterer Hinweis vorhanden.)</text>
          <malus>0</malus>
          <stage class="MCStage" reference="6"/>
        </StageHint>
        <StageHint id="20">
          <stagehint__order>1</stagehint__order>
          <text>Zum Beispiel gilt:&lt;br /&gt;
$\{1,2,3\} \cup \{3,4,5\} = \{1,2,3,4,5\}$,&lt;br /&gt;
$\{1,2,3\} \cap \{3,4,5\} = \{3\}$ und&lt;br /&gt;
$\{1,2,3\} \setminus \{3,4,5\} = \{1,2\}$.</text>
          <malus>0</malus>
          <stage class="MCStage" reference="6"/>
        </StageHint>
      </hints>
      <variableUpdatesOnEnter id="21"/>
      <variableUpdatesBeforeCheck id="22"/>
      <variableUpdatesAfterCheck id="23"/>
      <variableUpdatesOnNormalExit id="24"/>
      <variableUpdatesOnRepeat id="25"/>
      <variableUpdatesOnSkip id="26"/>
      <weight>1</weight>
      <orderIndex>0</orderIndex>
      <allowSkip>true</allowSkip>
      <resources id="27"/>
      <answerOptions id="28">
        <MCAnswer id="29">
          <order>0</order>
          <rule>CORRECT</rule>
          <text>$B = [var=sol]$</text>
          <variableName>sol</variableName>
          <mcstage reference="6"/>
        </MCAnswer>
        <MCAnswer id="30">
          <order>1</order>
          <rule>WRONG</rule>
          <text>$B = [var=f1]$</text>
          <variableName>f1</variableName>
          <mcstage reference="6"/>
        </MCAnswer>
        <MCAnswer id="31">
          <order>2</order>
          <rule>WRONG</rule>
          <text>$B = [var=f2]$</text>
          <variableName>f2</variableName>
          <mcstage reference="6"/>
        </MCAnswer>
        <MCAnswer id="32">
          <order>3</order>
          <rule>WRONG</rule>
          <text>$B = [var=f3]$</text>
          <variableName>f3</variableName>
          <mcstage reference="6"/>
        </MCAnswer>
      </answerOptions>
      <randomize>true</randomize>
      <singleChoice>false</singleChoice>
      <correctAnswerFeedback>Richtig.</correctAnswerFeedback>
      <defaultFeedback>Leider nicht richtig.&lt;br /&gt;
&lt;br /&gt;
Richtig ist $B=[var=sol]$.</defaultFeedback>
      <defaultResult>0</defaultResult>
      <extraFeedbacks id="33">
        <de.uni__due.s3.jack3.entities.stagetypes.mc.MCFeedback id="34">
          <expression id="35">
            <code>![input=mcindex_0]&amp;&amp;[input=mcindex_1]&amp;&amp;![input=mcindex_2]&amp;&amp;![input=mcindex_3]</code>
            <domain>MATH</domain>
          </expression>
          <condition id="36">
            <code></code>
            <domain>MATH</domain>
          </condition>
          <result>0</result>
          <feedbackText>Leider nicht richtig.</feedbackText>
        </de.uni__due.s3.jack3.entities.stagetypes.mc.MCFeedback>
        <de.uni__due.s3.jack3.entities.stagetypes.mc.MCFeedback id="37">
          <expression id="38">
            <code>![input=mcindex_0]&amp;&amp;![input=mcindex_1]&amp;&amp;[input=mcindex_2]&amp;&amp;![input=mcindex_3]</code>
            <domain>MATH</domain>
          </expression>
          <condition id="39">
            <code></code>
            <domain>MATH</domain>
          </condition>
          <result>0</result>
          <feedbackText>Leider nicht richtig.</feedbackText>
        </de.uni__due.s3.jack3.entities.stagetypes.mc.MCFeedback>
        <de.uni__due.s3.jack3.entities.stagetypes.mc.MCFeedback id="40">
          <expression id="41">
            <code>![input=mcindex_0]&amp;&amp;![input=mcindex_1]&amp;&amp;![input=mcindex_2]&amp;&amp;[input=mcindex_3]</code>
            <domain>MATH</domain>
          </expression>
          <condition id="42">
            <code></code>
            <domain>MATH</domain>
          </condition>
          <result>0</result>
          <feedbackText>Leider nicht richtig.</feedbackText>
        </de.uni__due.s3.jack3.entities.stagetypes.mc.MCFeedback>
        <de.uni__due.s3.jack3.entities.stagetypes.mc.MCFeedback id="43">
          <expression id="44">
            <code>![input=mcindex_0]&amp;&amp;![input=mcindex_1]&amp;&amp;![input=mcindex_2]&amp;&amp;![input=mcindex_3]</code>
            <domain>MATH</domain>
          </expression>
          <condition id="45">
            <code></code>
            <domain>MATH</domain>
          </condition>
          <result>0</result>
          <feedbackText>Mindestens eine Antwort ist richtig!</feedbackText>
        </de.uni__due.s3.jack3.entities.stagetypes.mc.MCFeedback>
      </extraFeedbacks>
    </MCStage>
  </stages>
  <startStage class="MCStage" reference="6"/>
  <variableDeclarations id="46">
    <VariableDeclaration id="47">
      <name>a</name>
      <initializationCode id="48">
        <code>randomIntegerBetween(0,3)</code>
        <domain>MATH</domain>
      </initializationCode>
    </VariableDeclaration>
    <VariableDeclaration id="49">
      <name>task1</name>
      <initializationCode id="50">
        <code>getFromList([var=a], list(&apos;(A_1 \cup A_2)\cap A_3&apos;, &apos;(A_2 \cap A_3) \setminus A_1&apos;, &apos;A_1 \cup \overline A_1&apos;, &apos;A_1 \cap A_2 \cap A_3&apos;))</code>
        <domain>MATH</domain>
      </initializationCode>
    </VariableDeclaration>
    <VariableDeclaration id="51">
      <name>a2</name>
      <initializationCode id="52">
        <code>&apos;\{1, 2, 9, 10\}&apos;</code>
        <domain>MATH</domain>
      </initializationCode>
    </VariableDeclaration>
    <VariableDeclaration id="53">
      <name>b</name>
      <initializationCode id="54">
        <code>&apos;\{1,9\}&apos;</code>
        <domain>MATH</domain>
      </initializationCode>
    </VariableDeclaration>
    <VariableDeclaration id="55">
      <name>c</name>
      <initializationCode id="56">
        <code>&apos;\Omega&apos;</code>
        <domain>MATH</domain>
      </initializationCode>
    </VariableDeclaration>
    <VariableDeclaration id="57">
      <name>d</name>
      <initializationCode id="58">
        <code>&apos;\emptyset&apos;</code>
        <domain>MATH</domain>
      </initializationCode>
    </VariableDeclaration>
    <VariableDeclaration id="59">
      <name>sol111</name>
      <initializationCode id="60">
        <code>ifthenelse(equalsExpr(0, [var=a]), [var=a2], &quot;Err&quot;)</code>
        <domain>MATH</domain>
      </initializationCode>
    </VariableDeclaration>
    <VariableDeclaration id="61">
      <name>sol11</name>
      <initializationCode id="62">
        <code>ifthenelse(equalsExpr(1, [var=a]), [var=b], [var=sol111])</code>
        <domain>MATH</domain>
      </initializationCode>
    </VariableDeclaration>
    <VariableDeclaration id="63">
      <name>sol1</name>
      <initializationCode id="64">
        <code>ifthenelse(equalsExpr(2, [var=a]), [var=c], [var=sol11])</code>
        <domain>MATH</domain>
      </initializationCode>
    </VariableDeclaration>
    <VariableDeclaration id="65">
      <name>sol</name>
      <initializationCode id="66">
        <code>ifthenelse(equalsExpr(3, [var=a]), [var=d], [var=sol1])</code>
        <domain>MATH</domain>
      </initializationCode>
    </VariableDeclaration>
    <VariableDeclaration id="67">
      <name>f1</name>
      <initializationCode id="68">
        <code>chooseFromComplement(list([var=a2],[var=b],[var=c],[var=d]), list([var=sol]))</code>
        <domain>MATH</domain>
      </initializationCode>
    </VariableDeclaration>
    <VariableDeclaration id="69">
      <name>f2</name>
      <initializationCode id="70">
        <code>chooseFromComplement(list([var=a2],[var=b],[var=c],[var=d]), list([var=sol],[var=f1]))</code>
        <domain>MATH</domain>
      </initializationCode>
    </VariableDeclaration>
    <VariableDeclaration id="71">
      <name>f3</name>
      <initializationCode id="72">
        <code>chooseFromComplement(list([var=a2],[var=b],[var=c],[var=d]), list([var=sol],[var=f1],[var=f2]))</code>
        <domain>MATH</domain>
      </initializationCode>
    </VariableDeclaration>
  </variableDeclarations>
  <jSXGraphs id="73"/>
  <dynamicMolecules id="74"/>
  <resultFeedbackMappings id="75"/>
</Exercise>