<Exercise id="1">
  <name>IS02-07 Wahrscheinlichkeitsrechnung  7</name>
  <publicDescription></publicDescription>
  <internalNotes>Additionssatz, Multiplikationssatz

Die  Materialien sind lizenziert unter CC BY-NC-SA 4.0. Eine Kopie dieser Lizenz finden Sie unter http://creativecommons.org/licenses/by-nc-sa/4.0/

The materials are licensed under CC BY-NC-SA 4.0. You can find a copy of this license at http://creativecommons.org/licenses/by-nc-sa/4.0/</internalNotes>
  <language>de</language>
  <difficulty>0</difficulty>
  <tags id="2">
    <Tag id="3">
      <name>IndStat</name>
    </Tag>
    <Tag id="4">
      <name>TR_neu</name>
    </Tag>
    <Tag id="5">
      <name>TR</name>
    </Tag>
  </tags>
  <resources id="6"/>
  <stages id="7">
    <FillInStage id="8">
      <internalName>1</internalName>
      <externalName>Stage 1</externalName>
      <taskDescription>&lt;strong&gt;Aufgabenstellung:&lt;/strong&gt;&lt;br /&gt;&#xd;
&lt;br /&gt;&#xd;
Sei $P(A) = [var=Sperc]\%$, $P(B)=[var=Dperc]\%$ und $P(A\cup B)=[var=Fperc]\%$.&lt;br /&gt;&#xd;
&lt;br /&gt;&#xd;
Berechnen Sie: $P(A\cap B)$ &amp;nbsp;&lt;br /&gt;&#xd;
&lt;br /&gt;&#xd;
&lt;strong&gt;Einreichung:&lt;/strong&gt; &lt;input name=&quot;field1&quot; size=&quot;6&quot; type=&quot;text&quot; value=&quot;field1&quot; /&gt;&amp;nbsp;&lt;br /&gt;&#xd;
&lt;br /&gt;&#xd;
&lt;em&gt;(Runden Sie, falls n&amp;ouml;tig, auf die vierte Nachkommastelle und verwenden Sie einen Dezimalpunkt.)&lt;/em&gt;&#xd;
&lt;p&gt;&lt;a href=&quot;https://webrtaschenrechner.netlify.app/&quot; onclick=&quot;window.open(&apos;https://webrtaschenrechner.netlify.app/&apos;,&apos;R Console&apos;,&apos;top=320, left=1525, width=400,height=600,menubar=no,toolbar=no,&apos;); return false;&quot; target=&quot;_blank&quot;&gt;&lt;img alt=&quot;R_ Logo&quot; pull-right=&quot;&quot; src=&quot;/econometrics/resource?resource=157444&quot; style=&quot;width: 40px; height: 50px; float: right; margin: 5px&quot; /&gt;&lt;/a&gt;&lt;/p&gt;&#xd;
</taskDescription>
      <skipMessage>$P(A\cap B)=[var=sol1]$</skipMessage>
      <defaultTransition id="9">
        <conditionExpression id="10">
          <domain>MATH</domain>
        </conditionExpression>
        <stageExpression id="11">
          <domain>MATH</domain>
        </stageExpression>
        <isRepeat>true</isRepeat>
      </defaultTransition>
      <skipTransitions id="12">
        <StageTransition id="13">
          <conditionExpression id="14">
            <code></code>
            <domain>MATH</domain>
          </conditionExpression>
          <stageExpression id="15">
            <domain>MATH</domain>
          </stageExpression>
          <targetStage class="FillInStage" id="16">
            <internalName>2</internalName>
            <externalName>Stage 2</externalName>
            <taskDescription>&lt;strong&gt;Aufgabenstellung:&lt;/strong&gt;&lt;br /&gt;&#xd;
&lt;br /&gt;&#xd;
Berechnen Sie: $P(\overline{A\cup B})$&lt;br /&gt;&#xd;
&lt;br /&gt;&#xd;
&lt;strong&gt;Einreichung:&lt;/strong&gt; &lt;input name=&quot;field1&quot; size=&quot;6&quot; type=&quot;text&quot; value=&quot;field1&quot; /&gt;&amp;nbsp;&lt;br /&gt;&#xd;
&lt;br /&gt;&#xd;
&lt;em&gt;(Runden Sie, falls n&amp;ouml;tig, auf die vierte Nachkommastelle und verwenden Sie einen Dezimalpunkt.)&lt;/em&gt;&#xd;
&lt;p&gt;&lt;a href=&quot;https://webrtaschenrechner.netlify.app/&quot; onclick=&quot;window.open(&apos;https://webrtaschenrechner.netlify.app/&apos;,&apos;R Console&apos;,&apos;top=320, left=1525, width=400,height=600,menubar=no,toolbar=no,&apos;); return false;&quot; target=&quot;_blank&quot;&gt;&lt;img alt=&quot;R_ Logo&quot; pull-right=&quot;&quot; src=&quot;/econometrics/resource?resource=157444&quot; style=&quot;width: 40px; height: 50px; float: right; margin: 5px&quot; /&gt;&lt;/a&gt;&lt;/p&gt;&#xd;
</taskDescription>
            <skipMessage>$P(\overline{A\cup B})=[var=sol2]$</skipMessage>
            <defaultTransition id="17">
              <conditionExpression id="18">
                <domain>MATH</domain>
              </conditionExpression>
              <stageExpression id="19">
                <domain>MATH</domain>
              </stageExpression>
              <isRepeat>true</isRepeat>
            </defaultTransition>
            <skipTransitions id="20">
              <StageTransition id="21">
                <conditionExpression id="22">
                  <code></code>
                  <domain>MATH</domain>
                </conditionExpression>
                <stageExpression id="23">
                  <domain>MATH</domain>
                </stageExpression>
                <targetStage class="FillInStage" id="24">
                  <internalName>3</internalName>
                  <externalName>Stage 3</externalName>
                  <taskDescription>&lt;strong&gt;Aufgabenstellung:&lt;/strong&gt;&lt;br /&gt;&#xd;
&lt;br /&gt;&#xd;
Berechnen Sie: $P((A\cap \bar{B})\cup (\bar{A}\cap B))$ &amp;nbsp;&lt;br /&gt;&#xd;
&lt;br /&gt;&#xd;
&lt;strong&gt;Einreichung:&lt;/strong&gt; &lt;input name=&quot;field1&quot; size=&quot;6&quot; type=&quot;text&quot; value=&quot;field1&quot; /&gt;&amp;nbsp;&lt;br /&gt;&#xd;
&lt;br /&gt;&#xd;
&lt;em&gt;(Runden Sie, falls n&amp;ouml;tig, auf die vierte Nachkommastelle und verwenden Sie einen Dezimalpunkt.)&lt;/em&gt;&#xd;
&lt;p&gt;&lt;a href=&quot;https://webrtaschenrechner.netlify.app/&quot; onclick=&quot;window.open(&apos;https://webrtaschenrechner.netlify.app/&apos;,&apos;R Console&apos;,&apos;top=320, left=1525, width=400,height=600,menubar=no,toolbar=no,&apos;); return false;&quot; target=&quot;_blank&quot;&gt;&lt;img alt=&quot;R_ Logo&quot; pull-right=&quot;&quot; src=&quot;/econometrics/resource?resource=157444&quot; style=&quot;width: 40px; height: 50px; float: right; margin: 5px&quot; /&gt;&lt;/a&gt;&lt;/p&gt;&#xd;
</taskDescription>
                  <skipMessage>$P((A\cap \bar{B})\cup (\bar{A}\cap B))=[var=sol3]$</skipMessage>
                  <defaultTransition id="25">
                    <conditionExpression id="26">
                      <domain>MATH</domain>
                    </conditionExpression>
                    <stageExpression id="27">
                      <domain>MATH</domain>
                    </stageExpression>
                    <isRepeat>true</isRepeat>
                  </defaultTransition>
                  <skipTransitions id="28">
                    <StageTransition id="29">
                      <conditionExpression id="30">
                        <code></code>
                        <domain>MATH</domain>
                      </conditionExpression>
                      <stageExpression id="31">
                        <domain>MATH</domain>
                      </stageExpression>
                      <targetStage class="FillInStage" id="32">
                        <internalName>4</internalName>
                        <externalName>Stage 4</externalName>
                        <taskDescription>&lt;strong&gt;Aufgabenstellung:&lt;/strong&gt;&lt;br /&gt;&#xd;
&lt;br /&gt;&#xd;
Berechnen Sie: $P(A|B)$ &amp;nbsp;&lt;br /&gt;&#xd;
&lt;br /&gt;&#xd;
&lt;strong&gt;Einreichung:&lt;/strong&gt; &lt;input name=&quot;field1&quot; size=&quot;6&quot; type=&quot;text&quot; value=&quot;field1&quot; /&gt;&amp;nbsp;&lt;br /&gt;&#xd;
&lt;br /&gt;&#xd;
&lt;em&gt;(Runden Sie, falls n&amp;ouml;tig, auf die vierte Nachkommastelle und verwenden Sie einen Dezimalpunkt.)&lt;/em&gt;&#xd;
&lt;p&gt;&lt;a href=&quot;https://webrtaschenrechner.netlify.app/&quot; onclick=&quot;window.open(&apos;https://webrtaschenrechner.netlify.app/&apos;,&apos;R Console&apos;,&apos;top=320, left=1525, width=400,height=600,menubar=no,toolbar=no,&apos;); return false;&quot; target=&quot;_blank&quot;&gt;&lt;img alt=&quot;R_ Logo&quot; pull-right=&quot;&quot; src=&quot;/econometrics/resource?resource=157444&quot; style=&quot;width: 40px; height: 50px; float: right; margin: 5px&quot; /&gt;&lt;/a&gt;&lt;/p&gt;&#xd;
</taskDescription>
                        <skipMessage>$P(A|B)=[var=sol4]$</skipMessage>
                        <defaultTransition id="33">
                          <conditionExpression id="34">
                            <domain>MATH</domain>
                          </conditionExpression>
                          <stageExpression id="35">
                            <domain>MATH</domain>
                          </stageExpression>
                          <isRepeat>true</isRepeat>
                        </defaultTransition>
                        <skipTransitions id="36">
                          <StageTransition id="37">
                            <conditionExpression id="38">
                              <code></code>
                              <domain>MATH</domain>
                            </conditionExpression>
                            <stageExpression id="39">
                              <domain>MATH</domain>
                            </stageExpression>
                            <targetStage class="FillInStage" id="40">
                              <internalName>5</internalName>
                              <externalName>Stage 5</externalName>
                              <taskDescription>&lt;strong&gt;Aufgabenstellung:&lt;/strong&gt;&lt;br /&gt;&#xd;
&lt;br /&gt;&#xd;
Berechnen Sie: $P(B\backslash A)$ &amp;nbsp;&lt;br /&gt;&#xd;
&lt;br /&gt;&#xd;
&lt;strong&gt;Einreichung:&lt;/strong&gt; &lt;input name=&quot;field1&quot; size=&quot;6&quot; type=&quot;text&quot; value=&quot;field1&quot; /&gt;&amp;nbsp;&lt;br /&gt;&#xd;
&lt;br /&gt;&#xd;
&lt;em&gt;(Runden Sie, falls n&amp;ouml;tig, auf die vierte Nachkommastelle und verwenden Sie einen Dezimalpunkt.)&lt;/em&gt;&#xd;
&lt;p&gt;&lt;a href=&quot;https://webrtaschenrechner.netlify.app/&quot; onclick=&quot;window.open(&apos;https://webrtaschenrechner.netlify.app/&apos;,&apos;R Console&apos;,&apos;top=320, left=1525, width=400,height=600,menubar=no,toolbar=no,&apos;); return false;&quot; target=&quot;_blank&quot;&gt;&lt;img alt=&quot;R_ Logo&quot; pull-right=&quot;&quot; src=&quot;/econometrics/resource?resource=157444&quot; style=&quot;width: 40px; height: 50px; float: right; margin: 5px&quot; /&gt;&lt;/a&gt;&lt;/p&gt;&#xd;
</taskDescription>
                              <skipMessage>$P(B\backslash A)=[var=sol5]$</skipMessage>
                              <defaultTransition id="41">
                                <conditionExpression id="42">
                                  <domain>MATH</domain>
                                </conditionExpression>
                                <stageExpression id="43">
                                  <domain>MATH</domain>
                                </stageExpression>
                                <isRepeat>true</isRepeat>
                              </defaultTransition>
                              <skipTransitions id="44">
                                <StageTransition id="45">
                                  <conditionExpression id="46">
                                    <code></code>
                                    <domain>MATH</domain>
                                  </conditionExpression>
                                  <stageExpression id="47">
                                    <domain>MATH</domain>
                                  </stageExpression>
                                  <targetStage class="FillInStage" id="48">
                                    <internalName>6</internalName>
                                    <externalName>Stage 6</externalName>
                                    <taskDescription>&lt;strong&gt;Aufgabenstellung:&lt;/strong&gt;&lt;br /&gt;&#xd;
&lt;br /&gt;&#xd;
Berechnen Sie: $P(B\backslash A|A\cup B)$&lt;br /&gt;&#xd;
&lt;br /&gt;&#xd;
&lt;strong&gt;Einreichung:&lt;/strong&gt; &lt;input name=&quot;field1&quot; size=&quot;6&quot; type=&quot;text&quot; value=&quot;field1&quot; /&gt;&amp;nbsp;&lt;br /&gt;&#xd;
&lt;br /&gt;&#xd;
&lt;em&gt;(Runden Sie, falls n&amp;ouml;tig, auf die vierte Nachkommastelle und verwenden Sie einen Dezimalpunkt.)&lt;/em&gt;&#xd;
&lt;p&gt;&lt;a href=&quot;https://webrtaschenrechner.netlify.app/&quot; onclick=&quot;window.open(&apos;https://webrtaschenrechner.netlify.app/&apos;,&apos;R Console&apos;,&apos;top=320, left=1525, width=400,height=600,menubar=no,toolbar=no,&apos;); return false;&quot; target=&quot;_blank&quot;&gt;&lt;img alt=&quot;R_ Logo&quot; pull-right=&quot;&quot; src=&quot;/econometrics/resource?resource=157444&quot; style=&quot;width: 40px; height: 50px; float: right; margin: 5px&quot; /&gt;&lt;/a&gt;&lt;/p&gt;&#xd;
</taskDescription>
                                    <skipMessage>$P(B\backslash A|A\cup B)=[var=sol6]$</skipMessage>
                                    <defaultTransition id="49">
                                      <conditionExpression id="50">
                                        <domain>MATH</domain>
                                      </conditionExpression>
                                      <stageExpression id="51">
                                        <domain>MATH</domain>
                                      </stageExpression>
                                      <isRepeat>true</isRepeat>
                                    </defaultTransition>
                                    <skipTransitions id="52">
                                      <StageTransition id="53">
                                        <conditionExpression id="54">
                                          <code></code>
                                          <domain>MATH</domain>
                                        </conditionExpression>
                                        <stageExpression id="55">
                                          <domain>MATH</domain>
                                        </stageExpression>
                                        <isRepeat>false</isRepeat>
                                      </StageTransition>
                                    </skipTransitions>
                                    <stageTransitions id="56">
                                      <StageTransition id="57">
                                        <conditionExpression id="58">
                                          <code></code>
                                          <domain>MATH</domain>
                                        </conditionExpression>
                                        <stageExpression id="59">
                                          <code>[meta=stageCurrentResult]&gt;=100</code>
                                          <domain>MATH</domain>
                                        </stageExpression>
                                        <isRepeat>false</isRepeat>
                                      </StageTransition>
                                    </stageTransitions>
                                    <hints id="60">
                                      <StageHint id="61">
                                        <stagehint__order>0</stagehint__order>
                                        <text>Schauen Sie sich den &amp;quot;Multiplikationssatz&amp;quot; noch einmal an!&lt;br /&gt;
&lt;br /&gt;
(Es ist ein weiterer Hinweis vorhanden!)</text>
                                        <malus>0</malus>
                                        <stage class="FillInStage" reference="48"/>
                                      </StageHint>
                                      <StageHint id="62">
                                        <stagehint__order>1</stagehint__order>
                                        <text>Es gilt:
$P(A\cap{B})=P(A|B)P(B)$
</text>
                                        <malus>0</malus>
                                        <stage class="FillInStage" reference="48"/>
                                      </StageHint>
                                    </hints>
                                    <variableUpdatesOnEnter id="63"/>
                                    <variableUpdatesBeforeCheck id="64"/>
                                    <variableUpdatesAfterCheck id="65"/>
                                    <variableUpdatesOnNormalExit id="66"/>
                                    <variableUpdatesOnRepeat id="67"/>
                                    <variableUpdatesOnSkip id="68"/>
                                    <weight>1</weight>
                                    <orderIndex>5</orderIndex>
                                    <allowSkip>true</allowSkip>
                                    <resources id="69"/>
                                    <rules id="70"/>
                                    <fillInFields id="71">
                                      <FillInField id="72">
                                        <name>field1</name>
                                        <orderIndex>0</orderIndex>
                                        <size>6</size>
                                        <formularEditorType>NUMBER</formularEditorType>
                                      </FillInField>
                                    </fillInFields>
                                    <dropDownFields id="73"/>
                                    <formularEditorPalette>MATHDOX_FORMULAR_EDITOR_BASIC</formularEditorPalette>
                                    <defaultFeedback>Leider nicht korrekt.&lt;br /&gt;
&lt;br /&gt;
$P(B\backslash A|A\cup B)=[var=sol6]$</defaultFeedback>
                                    <correctAnswerRules id="74">
                                      <Rule id="75">
                                        <name>CorrectAnswer1</name>
                                        <orderIndex>1</orderIndex>
                                        <validationExpression id="76">
                                          <code>!isEmpty([input=field1])&amp;&amp;isRealNumber([input=field1])&amp;&amp;[input=field1]&gt;[var=sol6]-0.0011&amp;&amp;[input=field1]&lt;[var=sol6]+0.0011</code>
                                          <domain>MATH</domain>
                                        </validationExpression>
                                        <points>0</points>
                                        <terminal>false</terminal>
                                      </Rule>
                                    </correctAnswerRules>
                                    <correctAnswerFeedback>Richtig.</correctAnswerFeedback>
                                    <defaultResult>0</defaultResult>
                                  </targetStage>
                                  <isRepeat>false</isRepeat>
                                </StageTransition>
                              </skipTransitions>
                              <stageTransitions id="77">
                                <StageTransition id="78">
                                  <conditionExpression id="79">
                                    <code></code>
                                    <domain>MATH</domain>
                                  </conditionExpression>
                                  <stageExpression id="80">
                                    <code>[meta=stageCurrentResult]&gt;=100</code>
                                    <domain>MATH</domain>
                                  </stageExpression>
                                  <targetStage class="FillInStage" reference="48"/>
                                  <isRepeat>false</isRepeat>
                                </StageTransition>
                              </stageTransitions>
                              <hints id="81">
                                <StageHint id="82">
                                  <stagehint__order>0</stagehint__order>
                                  <text>$P(B\backslash A)$ stellt die Differenzwahrscheinlichkeit dar.&lt;br /&gt;
&lt;br /&gt;
(Es ist ein weiterer Hinweis vorhanden!)</text>
                                  <malus>0</malus>
                                  <stage class="FillInStage" reference="40"/>
                                </StageHint>
                                <StageHint id="83">
                                  <stagehint__order>1</stagehint__order>
                                  <text>Es gilt:
$P(B\backslash A)=P(B)-P(B\cap{A})$
Nun fehlen nur noch die jeweiligen Wahrscheinlichkeiten.</text>
                                  <malus>0</malus>
                                  <stage class="FillInStage" reference="40"/>
                                </StageHint>
                              </hints>
                              <variableUpdatesOnEnter id="84"/>
                              <variableUpdatesBeforeCheck id="85"/>
                              <variableUpdatesAfterCheck id="86"/>
                              <variableUpdatesOnNormalExit id="87"/>
                              <variableUpdatesOnRepeat id="88"/>
                              <variableUpdatesOnSkip id="89"/>
                              <weight>1</weight>
                              <orderIndex>4</orderIndex>
                              <allowSkip>true</allowSkip>
                              <resources id="90"/>
                              <rules id="91"/>
                              <fillInFields id="92">
                                <FillInField id="93">
                                  <name>field1</name>
                                  <orderIndex>0</orderIndex>
                                  <size>6</size>
                                  <formularEditorType>NUMBER</formularEditorType>
                                </FillInField>
                              </fillInFields>
                              <dropDownFields id="94"/>
                              <formularEditorPalette>MATHDOX_FORMULAR_EDITOR_BASIC</formularEditorPalette>
                              <defaultFeedback>Leider nicht korrekt.&lt;br /&gt;
&lt;br /&gt;
$P(B\backslash A)=[var=sol5]$</defaultFeedback>
                              <correctAnswerRules id="95">
                                <Rule id="96">
                                  <name>CorrectAnswer1</name>
                                  <orderIndex>1</orderIndex>
                                  <validationExpression id="97">
                                    <code>!isEmpty([input=field1])&amp;&amp;isRealNumber([input=field1])&amp;&amp;[input=field1]&gt;[var=sol5]-0.0011&amp;&amp;[input=field1]&lt;[var=sol5]+0.0011</code>
                                    <domain>MATH</domain>
                                  </validationExpression>
                                  <points>0</points>
                                  <terminal>false</terminal>
                                </Rule>
                              </correctAnswerRules>
                              <correctAnswerFeedback>Richtig.</correctAnswerFeedback>
                              <defaultResult>0</defaultResult>
                            </targetStage>
                            <isRepeat>false</isRepeat>
                          </StageTransition>
                        </skipTransitions>
                        <stageTransitions id="98">
                          <StageTransition id="99">
                            <conditionExpression id="100">
                              <code></code>
                              <domain>MATH</domain>
                            </conditionExpression>
                            <stageExpression id="101">
                              <code>[meta=stageCurrentResult]&gt;=100</code>
                              <domain>MATH</domain>
                            </stageExpression>
                            <targetStage class="FillInStage" reference="40"/>
                            <isRepeat>false</isRepeat>
                          </StageTransition>
                        </stageTransitions>
                        <hints id="102">
                          <StageHint id="103">
                            <stagehint__order>0</stagehint__order>
                            <text>Schauen Sie sich den &amp;quot;Multiplikationssatz&amp;quot; noch einmal an!&lt;br /&gt;
&lt;br /&gt;
(Es ist ein weiterer Hinweis vorhanden!)</text>
                            <malus>0</malus>
                            <stage class="FillInStage" reference="32"/>
                          </StageHint>
                          <StageHint id="104">
                            <stagehint__order>1</stagehint__order>
                            <text>Es gilt:
$P(A\cap{B})=P(A|B)P(B)$

Sie benötigen die Wahrscheinlichkeit für $P(A\cap{B})$!</text>
                            <malus>0</malus>
                            <stage class="FillInStage" reference="32"/>
                          </StageHint>
                        </hints>
                        <variableUpdatesOnEnter id="105"/>
                        <variableUpdatesBeforeCheck id="106"/>
                        <variableUpdatesAfterCheck id="107"/>
                        <variableUpdatesOnNormalExit id="108"/>
                        <variableUpdatesOnRepeat id="109"/>
                        <variableUpdatesOnSkip id="110"/>
                        <weight>1</weight>
                        <orderIndex>3</orderIndex>
                        <allowSkip>true</allowSkip>
                        <resources id="111"/>
                        <rules id="112"/>
                        <fillInFields id="113">
                          <FillInField id="114">
                            <name>field1</name>
                            <orderIndex>0</orderIndex>
                            <size>6</size>
                            <formularEditorType>NUMBER</formularEditorType>
                          </FillInField>
                        </fillInFields>
                        <dropDownFields id="115"/>
                        <formularEditorPalette>MATHDOX_FORMULAR_EDITOR_BASIC</formularEditorPalette>
                        <defaultFeedback>Leider nicht korrekt.&lt;br /&gt;
&lt;br /&gt;
$P(A|B)=[var=sol4]$</defaultFeedback>
                        <correctAnswerRules id="116">
                          <Rule id="117">
                            <name>CorrectAnswer1</name>
                            <orderIndex>1</orderIndex>
                            <validationExpression id="118">
                              <code>!isEmpty([input=field1])&amp;&amp;isRealNumber([input=field1])&amp;&amp;[input=field1]&gt;[var=sol4]-0.0011&amp;&amp;[input=field1]&lt;[var=sol4]+0.0011</code>
                              <domain>MATH</domain>
                            </validationExpression>
                            <points>0</points>
                            <terminal>false</terminal>
                          </Rule>
                        </correctAnswerRules>
                        <correctAnswerFeedback>Richtig.</correctAnswerFeedback>
                        <defaultResult>0</defaultResult>
                      </targetStage>
                      <isRepeat>false</isRepeat>
                    </StageTransition>
                  </skipTransitions>
                  <stageTransitions id="119">
                    <StageTransition id="120">
                      <conditionExpression id="121">
                        <code></code>
                        <domain>MATH</domain>
                      </conditionExpression>
                      <stageExpression id="122">
                        <code>[meta=stageCurrentResult]&gt;=100</code>
                        <domain>MATH</domain>
                      </stageExpression>
                      <targetStage class="FillInStage" reference="32"/>
                      <isRepeat>false</isRepeat>
                    </StageTransition>
                  </stageTransitions>
                  <hints id="123">
                    <StageHint id="124">
                      <stagehint__order>0</stagehint__order>
                      <text>Versuchen Sie sich die Situation anhand eines Venn-Diagramms zu verdeutlichen!&lt;br /&gt;
&lt;br /&gt;
(Es ist ein weiterer Hinweis vorhanden.)</text>
                      <malus>0</malus>
                      <stage class="FillInStage" reference="24"/>
                    </StageHint>
                    <StageHint id="125">
                      <stagehint__order>1</stagehint__order>
                      <text>Schauen Sie sich den &amp;quot;Additionssatz&amp;quot; noch einmal an! Alle ben&amp;ouml;tigten Wahrscheinlichkeiten sind in der Aufgabe gegeben.&lt;br /&gt;
&lt;br /&gt;
(Es ist ein weiterer Hinweis vorhanden!)</text>
                      <malus>0</malus>
                      <stage class="FillInStage" reference="24"/>
                    </StageHint>
                    <StageHint id="126">
                      <stagehint__order>2</stagehint__order>
                      <text>Es gilt:
$P(A\cup B) = P(A) + P(B) - P(A\cap B)$.</text>
                      <malus>0</malus>
                      <stage class="FillInStage" reference="24"/>
                    </StageHint>
                  </hints>
                  <variableUpdatesOnEnter id="127"/>
                  <variableUpdatesBeforeCheck id="128"/>
                  <variableUpdatesAfterCheck id="129"/>
                  <variableUpdatesOnNormalExit id="130"/>
                  <variableUpdatesOnRepeat id="131"/>
                  <variableUpdatesOnSkip id="132"/>
                  <weight>1</weight>
                  <orderIndex>2</orderIndex>
                  <allowSkip>true</allowSkip>
                  <resources id="133"/>
                  <rules id="134"/>
                  <fillInFields id="135">
                    <FillInField id="136">
                      <name>field1</name>
                      <orderIndex>0</orderIndex>
                      <size>6</size>
                      <formularEditorType>NUMBER</formularEditorType>
                    </FillInField>
                  </fillInFields>
                  <dropDownFields id="137"/>
                  <formularEditorPalette>MATHDOX_FORMULAR_EDITOR_BASIC</formularEditorPalette>
                  <defaultFeedback>Leider nicht korrekt.&lt;br /&gt;
&lt;br /&gt;
$P((A\cap \bar{B})\cup (\bar{A}\cap B))=[var=sol3]$</defaultFeedback>
                  <correctAnswerRules id="138">
                    <Rule id="139">
                      <name>CorrectAnswer1</name>
                      <orderIndex>1</orderIndex>
                      <validationExpression id="140">
                        <code>!isEmpty([input=field1])&amp;&amp;isRealNumber([input=field1])&amp;&amp;[input=field1]&gt;[var=sol3]-0.0011&amp;&amp;[input=field1]&lt;[var=sol3]+0.0011</code>
                        <domain>MATH</domain>
                      </validationExpression>
                      <points>0</points>
                      <terminal>false</terminal>
                    </Rule>
                  </correctAnswerRules>
                  <correctAnswerFeedback>Richtig.</correctAnswerFeedback>
                  <defaultResult>0</defaultResult>
                </targetStage>
                <isRepeat>false</isRepeat>
              </StageTransition>
            </skipTransitions>
            <stageTransitions id="141">
              <StageTransition id="142">
                <conditionExpression id="143">
                  <code></code>
                  <domain>MATH</domain>
                </conditionExpression>
                <stageExpression id="144">
                  <code>[meta=stageCurrentResult]&gt;=100</code>
                  <domain>MATH</domain>
                </stageExpression>
                <targetStage class="FillInStage" reference="24"/>
                <isRepeat>false</isRepeat>
              </StageTransition>
            </stageTransitions>
            <hints id="145">
              <StageHint id="146">
                <stagehint__order>0</stagehint__order>
                <text>Erinnern Sie sich an die Grundlagen komplementärer Wahrscheinlichkeiten!</text>
                <malus>0</malus>
                <stage class="FillInStage" reference="16"/>
              </StageHint>
            </hints>
            <variableUpdatesOnEnter id="147"/>
            <variableUpdatesBeforeCheck id="148"/>
            <variableUpdatesAfterCheck id="149"/>
            <variableUpdatesOnNormalExit id="150"/>
            <variableUpdatesOnRepeat id="151"/>
            <variableUpdatesOnSkip id="152"/>
            <weight>1</weight>
            <orderIndex>1</orderIndex>
            <allowSkip>true</allowSkip>
            <resources id="153"/>
            <rules id="154"/>
            <fillInFields id="155">
              <FillInField id="156">
                <name>field1</name>
                <orderIndex>0</orderIndex>
                <size>6</size>
                <formularEditorType>NUMBER</formularEditorType>
              </FillInField>
            </fillInFields>
            <dropDownFields id="157"/>
            <formularEditorPalette>MATHDOX_FORMULAR_EDITOR_BASIC</formularEditorPalette>
            <defaultFeedback>Leider nicht korrekt.&lt;br /&gt;
&lt;br /&gt;
$P(\overline{A\cup B})=[var=sol2]$</defaultFeedback>
            <correctAnswerRules id="158">
              <Rule id="159">
                <name>CorrectAnswer1</name>
                <orderIndex>1</orderIndex>
                <validationExpression id="160">
                  <code>!isEmpty([input=field1])&amp;&amp;isRealNumber([input=field1])&amp;&amp;[input=field1]&gt;[var=sol2]-0.0011&amp;&amp;[input=field1]&lt;[var=sol2]+0.0011</code>
                  <domain>MATH</domain>
                </validationExpression>
                <points>0</points>
                <terminal>false</terminal>
              </Rule>
            </correctAnswerRules>
            <correctAnswerFeedback>Richtig.</correctAnswerFeedback>
            <defaultResult>0</defaultResult>
          </targetStage>
          <isRepeat>false</isRepeat>
        </StageTransition>
      </skipTransitions>
      <stageTransitions id="161">
        <StageTransition id="162">
          <conditionExpression id="163">
            <code></code>
            <domain>MATH</domain>
          </conditionExpression>
          <stageExpression id="164">
            <code>[meta=stageCurrentResult]&gt;=100</code>
            <domain>MATH</domain>
          </stageExpression>
          <targetStage class="FillInStage" reference="16"/>
          <isRepeat>false</isRepeat>
        </StageTransition>
      </stageTransitions>
      <hints id="165">
        <StageHint id="166">
          <stagehint__order>0</stagehint__order>
          <text>Schauen Sie sich den &amp;quot;Additionssatz&amp;quot; noch einmal an!&lt;br /&gt;
&lt;br /&gt;
(Es ist ein weiterer Hinweis vorhanden)</text>
          <malus>0</malus>
          <stage class="FillInStage" reference="8"/>
        </StageHint>
        <StageHint id="167">
          <stagehint__order>1</stagehint__order>
          <text>Es sind alle ben&amp;ouml;tigten Wahrscheinlichkeiten f&amp;uuml;r den Additionssatz im Text gegeben.&lt;br /&gt;
&lt;br /&gt;
(Es ist ein weiterer Hinweis vorhanden)</text>
          <malus>0</malus>
          <stage class="FillInStage" reference="8"/>
        </StageHint>
        <StageHint id="168">
          <stagehint__order>2</stagehint__order>
          <text>Im Additionssatz gilt: $P(A\cup B) = P(A) + P(B) - P(A\cap B)$.
	Nun fehlen nur noch die Wahrscheinlichkeiten aus dem Text!</text>
          <malus>0</malus>
          <stage class="FillInStage" reference="8"/>
        </StageHint>
      </hints>
      <variableUpdatesOnEnter id="169"/>
      <variableUpdatesBeforeCheck id="170"/>
      <variableUpdatesAfterCheck id="171"/>
      <variableUpdatesOnNormalExit id="172"/>
      <variableUpdatesOnRepeat id="173"/>
      <variableUpdatesOnSkip id="174"/>
      <weight>1</weight>
      <orderIndex>0</orderIndex>
      <allowSkip>true</allowSkip>
      <resources id="175"/>
      <rules id="176"/>
      <fillInFields id="177">
        <FillInField id="178">
          <name>field1</name>
          <orderIndex>0</orderIndex>
          <size>6</size>
          <formularEditorType>NUMBER</formularEditorType>
        </FillInField>
      </fillInFields>
      <dropDownFields id="179"/>
      <formularEditorPalette>MATHDOX_FORMULAR_EDITOR_BASIC</formularEditorPalette>
      <defaultFeedback>Leider nicht korrekt.&lt;br /&gt;
&lt;br /&gt;
$P(A\cap B)=[var=sol1]$</defaultFeedback>
      <correctAnswerRules id="180">
        <Rule id="181">
          <name>CorrectAnswer1</name>
          <orderIndex>1</orderIndex>
          <validationExpression id="182">
            <code>!isEmpty([input=field1])&amp;&amp;isRealNumber([input=field1])&amp;&amp;[input=field1]&gt;[var=sol1]-0.0011&amp;&amp;[input=field1]&lt;[var=sol1]+0.0011</code>
            <domain>MATH</domain>
          </validationExpression>
          <points>0</points>
          <terminal>false</terminal>
        </Rule>
      </correctAnswerRules>
      <correctAnswerFeedback>Richtig.</correctAnswerFeedback>
      <defaultResult>0</defaultResult>
    </FillInStage>
    <FillInStage reference="16"/>
    <FillInStage reference="24"/>
    <FillInStage reference="32"/>
    <FillInStage reference="40"/>
    <FillInStage reference="48"/>
  </stages>
  <startStage class="FillInStage" reference="8"/>
  <variableDeclarations id="183">
    <VariableDeclaration id="184">
      <name>Su</name>
      <initializationCode id="185">
        <code>randomIntegerBetween(6000,7000)</code>
        <domain>MATH</domain>
      </initializationCode>
    </VariableDeclaration>
    <VariableDeclaration id="186">
      <name>Du</name>
      <initializationCode id="187">
        <code>randomIntegerBetween(5000,6000)</code>
        <domain>MATH</domain>
      </initializationCode>
    </VariableDeclaration>
    <VariableDeclaration id="188">
      <name>Fu</name>
      <initializationCode id="189">
        <code>randomIntegerBetween(7050,8000)</code>
        <domain>MATH</domain>
      </initializationCode>
    </VariableDeclaration>
    <VariableDeclaration id="190">
      <name>Sperc</name>
      <initializationCode id="191">
        <code>evaluateInR(&apos;[var=Su]/100&apos;)</code>
        <domain>MATH</domain>
      </initializationCode>
    </VariableDeclaration>
    <VariableDeclaration id="192">
      <name>Dperc</name>
      <initializationCode id="193">
        <code>evaluateInR(&apos;[var=Du]/100&apos;)</code>
        <domain>MATH</domain>
      </initializationCode>
    </VariableDeclaration>
    <VariableDeclaration id="194">
      <name>Fperc</name>
      <initializationCode id="195">
        <code>evaluateInR(&apos;[var=Fu]/100&apos;)</code>
        <domain>MATH</domain>
      </initializationCode>
    </VariableDeclaration>
    <VariableDeclaration id="196">
      <name>S</name>
      <initializationCode id="197">
        <code>evaluateInR(&apos;[var=Su]/10000&apos;)</code>
        <domain>MATH</domain>
      </initializationCode>
    </VariableDeclaration>
    <VariableDeclaration id="198">
      <name>D</name>
      <initializationCode id="199">
        <code>evaluateInR(&apos;[var=Du]/10000&apos;)</code>
        <domain>MATH</domain>
      </initializationCode>
    </VariableDeclaration>
    <VariableDeclaration id="200">
      <name>F</name>
      <initializationCode id="201">
        <code>evaluateInR(&apos;[var=Fu]/10000&apos;)</code>
        <domain>MATH</domain>
      </initializationCode>
    </VariableDeclaration>
    <VariableDeclaration id="202">
      <name>sol1</name>
      <initializationCode id="203">
        <code>round(([var=S]+[var=D]-[var=F]), 4)</code>
        <domain>MATH</domain>
      </initializationCode>
    </VariableDeclaration>
    <VariableDeclaration id="204">
      <name>sol2</name>
      <initializationCode id="205">
        <code>round((1-[var=F]), 4)</code>
        <domain>MATH</domain>
      </initializationCode>
    </VariableDeclaration>
    <VariableDeclaration id="206">
      <name>sol3</name>
      <initializationCode id="207">
        <code>round(([var=F]-[var=sol1]), 4)</code>
        <domain>MATH</domain>
      </initializationCode>
    </VariableDeclaration>
    <VariableDeclaration id="208">
      <name>sol4</name>
      <initializationCode id="209">
        <code>round(([var=sol1]/[var=D]), 4)</code>
        <domain>MATH</domain>
      </initializationCode>
    </VariableDeclaration>
    <VariableDeclaration id="210">
      <name>sol5</name>
      <initializationCode id="211">
        <code>round(([var=F]-[var=S]), 4)</code>
        <domain>MATH</domain>
      </initializationCode>
    </VariableDeclaration>
    <VariableDeclaration id="212">
      <name>sol6</name>
      <initializationCode id="213">
        <code>round(([var=sol5]/[var=F]), 4)</code>
        <domain>MATH</domain>
      </initializationCode>
    </VariableDeclaration>
    <VariableDeclaration id="214">
      <name>FHu</name>
      <initializationCode id="215">
        <code>randomIntegerBetween(4000,6000)</code>
        <domain>MATH</domain>
      </initializationCode>
    </VariableDeclaration>
    <VariableDeclaration id="216">
      <name>FHperc</name>
      <initializationCode id="217">
        <code>evaluateInR(&apos;[var=FHu]/100&apos;)</code>
        <domain>MATH</domain>
      </initializationCode>
    </VariableDeclaration>
    <VariableDeclaration id="218">
      <name>FH</name>
      <initializationCode id="219">
        <code>evaluateInR(&apos;[var=FHu]/10000&apos;)</code>
        <domain>MATH</domain>
      </initializationCode>
    </VariableDeclaration>
    <VariableDeclaration id="220">
      <name>usol7</name>
      <initializationCode id="221">
        <code>([var=F]*4/5)/(([var=F]*4/5)+([var=FH]/5))</code>
        <domain>MATH</domain>
      </initializationCode>
    </VariableDeclaration>
    <VariableDeclaration id="222">
      <name>sol7</name>
      <initializationCode id="223">
        <code>round(([var=usol7]), 4)</code>
        <domain>MATH</domain>
      </initializationCode>
    </VariableDeclaration>
  </variableDeclarations>
  <jSXGraphs id="224"/>
  <dynamicMolecules id="225"/>
  <resultFeedbackMappings id="226"/>
</Exercise>