<Exercise id="1">
  <name>IS02-05 Wahrscheinlichkeitsrechnung  5</name>
  <publicDescription></publicDescription>
  <internalNotes>Wahrscheinlichkeiten von Ereignissen berechnen (Fehler bei Produktion)
4. Stages, Berechnung über Erstellung einer 4-Felder Tabelle

Die  Materialien sind lizenziert unter CC BY-NC-SA 4.0. Eine Kopie dieser Lizenz finden Sie unter http://creativecommons.org/licenses/by-nc-sa/4.0/

The materials are licensed under CC BY-NC-SA 4.0. You can find a copy of this license at http://creativecommons.org/licenses/by-nc-sa/4.0/</internalNotes>
  <language>de</language>
  <difficulty>3</difficulty>
  <tags id="2">
    <Tag id="3">
      <name>IndStat</name>
    </Tag>
    <Tag id="4">
      <name>TR_neu</name>
    </Tag>
    <Tag id="5">
      <name>TR</name>
    </Tag>
  </tags>
  <resources id="6"/>
  <stages id="7">
    <FillInStage id="8">
      <internalName>1</internalName>
      <externalName>Stage 1</externalName>
      <taskDescription>&lt;strong&gt;Aufgabenstellung:&lt;/strong&gt;&lt;br /&gt;&#xd;
&lt;br /&gt;&#xd;
Bei der Produktion eines elektrischen Bauteils k&amp;ouml;nnen die Fehler $F_1$ und $F_2$ auftreten. Es sei bekannt, dass der Fehler $F_1$ mit einer Wahrscheinlichkeit von $10$% auftritt. Die Wahrscheinlichkeit, dass der Fehler $F_2$ auftritt, unter der Bedingung, dass der Fehler $F_1$ schon aufgetreten ist, sei $[var=F1F2dd]$%. $[var=F1_F2_dd]$% der Produktion sei fehlerfrei.&lt;br /&gt;&#xd;
&lt;br /&gt;&#xd;
Wie gro&amp;szlig; ist die Wahrscheinlichkeit, dass beide Fehler gleichzeitig auftreten?&lt;br /&gt;&#xd;
&lt;br /&gt;&#xd;
&lt;strong&gt;Einreichung:&lt;/strong&gt;&lt;br /&gt;&#xd;
&lt;br /&gt;&#xd;
$P(F_1 \cap F_2)=$&amp;nbsp;&lt;input name=&quot;field1&quot; size=&quot;6&quot; type=&quot;text&quot; value=&quot;field1&quot; /&gt;&lt;br /&gt;&#xd;
&lt;br /&gt;&#xd;
&lt;em&gt;(Runden Sie, falls n&amp;ouml;tig, auf die vierte Nachkommastelle und verwenden Sie einen Dezimalpunkt.)&lt;/em&gt;&#xd;
&lt;p&gt;&lt;a href=&quot;https://webrtaschenrechner.netlify.app/&quot; onclick=&quot;window.open(&apos;https://webrtaschenrechner.netlify.app/&apos;,&apos;R Console&apos;,&apos;top=320, left=1525, width=400,height=600,menubar=no,toolbar=no,&apos;); return false;&quot; target=&quot;_blank&quot;&gt;&lt;img alt=&quot;R_ Logo&quot; pull-right=&quot;&quot; src=&quot;/econometrics/resource?resource=157444&quot; style=&quot;width: 40px; height: 50px; float: right; margin: 5px&quot; /&gt;&lt;/a&gt;&lt;/p&gt;</taskDescription>
      <skipMessage>$\frac{[var=F1F2dd]}{100}=\frac{P(F_1 \cap F_2)}{P(F_1)} \rightarrow P(F_1\cap F_2)=[var=F1F2]$</skipMessage>
      <defaultTransition id="9">
        <conditionExpression id="10">
          <domain>MATH</domain>
        </conditionExpression>
        <stageExpression id="11">
          <domain>MATH</domain>
        </stageExpression>
        <isRepeat>true</isRepeat>
      </defaultTransition>
      <skipTransitions id="12">
        <StageTransition id="13">
          <conditionExpression id="14">
            <code></code>
            <domain>MATH</domain>
          </conditionExpression>
          <stageExpression id="15">
            <domain>MATH</domain>
          </stageExpression>
          <targetStage class="FillInStage" id="16">
            <internalName>2</internalName>
            <externalName>Stage 2</externalName>
            <taskDescription>&lt;strong&gt;Aufgabenstellung:&lt;/strong&gt;&lt;br /&gt;&#xd;
&lt;br /&gt;&#xd;
Wie gro&amp;szlig; ist die Wahrscheinlichkeit, dass $F_2$ auftritt?&lt;br /&gt;&#xd;
&lt;br /&gt;&#xd;
&lt;br /&gt;&#xd;
&lt;strong&gt;Einreichung:&lt;/strong&gt;&lt;br /&gt;&#xd;
&lt;br /&gt;&#xd;
$P(F_2)=$ &amp;nbsp;&lt;input name=&quot;field1&quot; size=&quot;6&quot; type=&quot;text&quot; value=&quot;field1&quot; /&gt;&amp;nbsp;&lt;br /&gt;&#xd;
&lt;br /&gt;&#xd;
&lt;em&gt;(Runden Sie, falls n&amp;ouml;tig, auf die vierte Nachkommastelle und verwenden Sie einen Dezimalpunkt.)&lt;/em&gt;&#xd;
&lt;p&gt;&lt;a href=&quot;https://webrtaschenrechner.netlify.app/&quot; onclick=&quot;window.open(&apos;https://webrtaschenrechner.netlify.app/&apos;,&apos;R Console&apos;,&apos;top=320, left=1525, width=400,height=600,menubar=no,toolbar=no,&apos;); return false;&quot; target=&quot;_blank&quot;&gt;&lt;img alt=&quot;R_ Logo&quot; pull-right=&quot;&quot; src=&quot;/econometrics/resource?resource=157444&quot; style=&quot;width: 40px; height: 50px; float: right; margin: 5px&quot; /&gt;&lt;/a&gt;&lt;/p&gt;</taskDescription>
            <skipMessage>$P(F_2)=[var=F2]$</skipMessage>
            <defaultTransition id="17">
              <conditionExpression id="18">
                <domain>MATH</domain>
              </conditionExpression>
              <stageExpression id="19">
                <domain>MATH</domain>
              </stageExpression>
              <isRepeat>true</isRepeat>
            </defaultTransition>
            <skipTransitions id="20">
              <StageTransition id="21">
                <conditionExpression id="22">
                  <code></code>
                  <domain>MATH</domain>
                </conditionExpression>
                <stageExpression id="23">
                  <domain>MATH</domain>
                </stageExpression>
                <targetStage class="FillInStage" id="24">
                  <internalName>3</internalName>
                  <externalName>Stage 3</externalName>
                  <taskDescription>&lt;strong&gt;Aufgabenstellung:&lt;/strong&gt;&lt;br /&gt;&#xd;
&lt;br /&gt;&#xd;
Wie gro&amp;szlig; ist die Wahrscheinlichkeit, dass genau ein Fehler auftritt, aber nicht beide?&lt;br /&gt;&#xd;
&lt;br /&gt;&#xd;
&lt;strong&gt;Einreichung:&lt;/strong&gt;&lt;br /&gt;&#xd;
&lt;br /&gt;&#xd;
$P((F_1 \cap \bar{F_2}) \cup (\bar{F_1} \cap F_2))=$ &amp;nbsp;&lt;input name=&quot;field1&quot; size=&quot;6&quot; type=&quot;text&quot; value=&quot;field1&quot; /&gt;&amp;nbsp;&lt;br /&gt;&#xd;
&lt;br /&gt;&#xd;
&lt;em&gt;(Runden Sie, falls n&amp;ouml;tig, auf die vierte Nachkommastelle und verwenden Sie einen Dezimalpunkt.)&lt;/em&gt;&#xd;
&lt;p&gt;&lt;a href=&quot;https://webrtaschenrechner.netlify.app/&quot; onclick=&quot;window.open(&apos;https://webrtaschenrechner.netlify.app/&apos;,&apos;R Console&apos;,&apos;top=320, left=1525, width=400,height=600,menubar=no,toolbar=no,&apos;); return false;&quot; target=&quot;_blank&quot;&gt;&lt;img alt=&quot;R_ Logo&quot; pull-right=&quot;&quot; src=&quot;/econometrics/resource?resource=157444&quot; style=&quot;width: 40px; height: 50px; float: right; margin: 5px&quot; /&gt;&lt;/a&gt;&lt;/p&gt;</taskDescription>
                  <skipMessage>$P((F_1 \cap \bar{F_2}) \cup (\bar{F_1} \cap F_2))=[var=F1F2_]+[var=F1_F2]=[var=ansc]$</skipMessage>
                  <defaultTransition id="25">
                    <conditionExpression id="26">
                      <domain>MATH</domain>
                    </conditionExpression>
                    <stageExpression id="27">
                      <domain>MATH</domain>
                    </stageExpression>
                    <isRepeat>true</isRepeat>
                  </defaultTransition>
                  <skipTransitions id="28">
                    <StageTransition id="29">
                      <conditionExpression id="30">
                        <code></code>
                        <domain>MATH</domain>
                      </conditionExpression>
                      <stageExpression id="31">
                        <domain>MATH</domain>
                      </stageExpression>
                      <isRepeat>false</isRepeat>
                    </StageTransition>
                  </skipTransitions>
                  <stageTransitions id="32">
                    <StageTransition id="33">
                      <conditionExpression id="34">
                        <code></code>
                        <domain>MATH</domain>
                      </conditionExpression>
                      <stageExpression id="35">
                        <code>[meta=stageCurrentResult]&gt;=100</code>
                        <domain>MATH</domain>
                      </stageExpression>
                      <isRepeat>false</isRepeat>
                    </StageTransition>
                  </stageTransitions>
                  <hints id="36">
                    <StageHint id="37">
                      <stagehint__order>0</stagehint__order>
                      <text>Es ist mit den Angaben m&amp;ouml;glich eine Tabelle der folgenden Form anzufertigen:&lt;br /&gt;
$\begin{vmatrix}&lt;br /&gt;
\hline&lt;br /&gt;
&amp;amp; F_1 &amp;amp; \bar{F_1} &amp;amp; \sum \\&lt;br /&gt;
F_2 &amp;amp; &amp;amp; &amp;amp; \\&lt;br /&gt;
\bar{F_2} &amp;amp; &amp;amp; &amp;amp; \\&lt;br /&gt;
\sum &amp;amp; &amp;amp; &amp;amp; 1 \\&lt;br /&gt;
\hline&lt;br /&gt;
\end{vmatrix}$&lt;br /&gt;
&lt;br /&gt;
(Es ist ein weiterer Hinweis vorhanden)</text>
                      <malus>0</malus>
                      <stage class="FillInStage" reference="24"/>
                    </StageHint>
                    <StageHint id="38">
                      <stagehint__order>1</stagehint__order>
                      <text>$\begin{vmatrix}&lt;br /&gt;
\hline &amp;amp; F_1 &amp;amp; \bar{F_1} &amp;amp; \sum \\&lt;br /&gt;
F_2 &amp;amp; [var=F1F2] &amp;amp; &amp;amp; \\&lt;br /&gt;
\bar{F_2} &amp;amp; &amp;amp; [var=F1_F2_] &amp;amp; \\&lt;br /&gt;
\sum &amp;amp; 0.1 &amp;amp; &amp;amp; 1 \\&lt;br /&gt;
\hline&lt;br /&gt;
\end{vmatrix}$&lt;br /&gt;
&lt;br /&gt;
(Es ist ein weiterer Hinweis vorhanden)</text>
                      <malus>0</malus>
                      <stage class="FillInStage" reference="24"/>
                    </StageHint>
                    <StageHint id="39">
                      <stagehint__order>2</stagehint__order>
                      <text>$\begin{vmatrix}&lt;br /&gt;
\hline&lt;br /&gt;
&amp;amp; F_1 &amp;amp; \bar{F_1} &amp;amp; \sum \\&lt;br /&gt;
F_2 &amp;amp; [var=F1F2] &amp;amp; [var=F1_F2] &amp;amp; [var=F2] \\&lt;br /&gt;
\bar{F_2} &amp;amp; [var=F1F2_] &amp;amp; [var=F1_F2_] &amp;amp; [var=F2_] \\&lt;br /&gt;
\sum &amp;amp; 0.1 &amp;amp; 0.9 &amp;amp; 1 \\&lt;br /&gt;
\hline&lt;br /&gt;
\end{vmatrix}$</text>
                      <malus>0</malus>
                      <stage class="FillInStage" reference="24"/>
                    </StageHint>
                  </hints>
                  <variableUpdatesOnEnter id="40"/>
                  <variableUpdatesBeforeCheck id="41"/>
                  <variableUpdatesAfterCheck id="42"/>
                  <variableUpdatesOnNormalExit id="43"/>
                  <variableUpdatesOnRepeat id="44"/>
                  <variableUpdatesOnSkip id="45"/>
                  <weight>1</weight>
                  <orderIndex>2</orderIndex>
                  <allowSkip>true</allowSkip>
                  <resources id="46"/>
                  <rules id="47"/>
                  <fillInFields id="48">
                    <FillInField id="49">
                      <name>field1</name>
                      <orderIndex>0</orderIndex>
                      <size>6</size>
                      <formularEditorType>NUMBER</formularEditorType>
                    </FillInField>
                  </fillInFields>
                  <dropDownFields id="50"/>
                  <formularEditorPalette>MATHDOX_FORMULAR_EDITOR_BASIC</formularEditorPalette>
                  <defaultFeedback>Leider nicht korrekt.&lt;br /&gt;
&lt;br /&gt;
$P((F_1 \cap \bar{F_2}) \cup (\bar{F_1} \cap F_2))=[var=F1F2_]+[var=F1_F2]=[var=ansc]$</defaultFeedback>
                  <correctAnswerRules id="51">
                    <Rule id="52">
                      <name>CorrectAnswer1</name>
                      <orderIndex>1</orderIndex>
                      <validationExpression id="53">
                        <code>!isEmpty([input=field1])&amp;&amp;isRealNumber([input=field1])&amp;&amp;[input=field1]&gt;[var=ansc]-0.0011&amp;&amp;[input=field1]&lt;[var=ansc]+0.0011</code>
                        <domain>MATH</domain>
                      </validationExpression>
                      <points>0</points>
                      <terminal>false</terminal>
                    </Rule>
                  </correctAnswerRules>
                  <correctAnswerFeedback>Richtig.</correctAnswerFeedback>
                  <defaultResult>0</defaultResult>
                </targetStage>
                <isRepeat>false</isRepeat>
              </StageTransition>
            </skipTransitions>
            <stageTransitions id="54">
              <StageTransition id="55">
                <conditionExpression id="56">
                  <code></code>
                  <domain>MATH</domain>
                </conditionExpression>
                <stageExpression id="57">
                  <code>[meta=stageCurrentResult]&gt;=100</code>
                  <domain>MATH</domain>
                </stageExpression>
                <targetStage class="FillInStage" reference="24"/>
                <isRepeat>false</isRepeat>
              </StageTransition>
            </stageTransitions>
            <hints id="58">
              <StageHint id="59">
                <stagehint__order>0</stagehint__order>
                <text>Es ist mit den Angaben m&amp;ouml;glich eine Tabelle der folgenden Form anzufertigen:&lt;br /&gt;
$\begin{vmatrix}&lt;br /&gt;
\hline&lt;br /&gt;
&amp;amp; F_1 &amp;amp; \bar{F_1} &amp;amp; \sum \\&lt;br /&gt;
F_2 &amp;amp; &amp;amp; &amp;amp; \\&lt;br /&gt;
\bar{F_2} &amp;amp; &amp;amp; &amp;amp; \\&lt;br /&gt;
\sum &amp;amp; &amp;amp; &amp;amp; 1 \\&lt;br /&gt;
\hline&lt;br /&gt;
\end{vmatrix}$&lt;br /&gt;
&lt;br /&gt;
(Es ist ein weiterer Hinweis vorhanden)</text>
                <malus>0</malus>
                <stage class="FillInStage" reference="16"/>
              </StageHint>
              <StageHint id="60">
                <stagehint__order>1</stagehint__order>
                <text>$\begin{vmatrix}&lt;br /&gt;
\hline&lt;br /&gt;
&amp;amp; F_1 &amp;amp; \bar{F_1} &amp;amp; \sum \\&lt;br /&gt;
F_2 &amp;amp; [var=F1F2] &amp;amp; &amp;amp; \\&lt;br /&gt;
\bar{F_2} &amp;amp; &amp;amp; [var=F1_F2_] &amp;amp; \\&lt;br /&gt;
\sum &amp;amp; 0.1 &amp;amp; &amp;amp; 1 \\&lt;br /&gt;
\hline&lt;br /&gt;
\end{vmatrix}$&lt;br /&gt;
&lt;br /&gt;
(Es ist ein weiterer Hinweis vorhanden)</text>
                <malus>0</malus>
                <stage class="FillInStage" reference="16"/>
              </StageHint>
              <StageHint id="61">
                <stagehint__order>2</stagehint__order>
                <text>$\begin{vmatrix}&lt;br /&gt;
\hline&lt;br /&gt;
&amp;amp; F_1 &amp;amp; \bar{F_1} &amp;amp; \sum \\&lt;br /&gt;
F_2 &amp;amp; [var=F1F2] &amp;amp; [var=F1_F2] &amp;amp; [var=F2] \\&lt;br /&gt;
\bar{F_2} &amp;amp; [var=F1F2_] &amp;amp; [var=F1_F2_] &amp;amp; [var=F2_] \\&lt;br /&gt;
\sum &amp;amp; 0.1 &amp;amp; 0.9 &amp;amp; 1 \\&lt;br /&gt;
\hline&lt;br /&gt;
\end{vmatrix}$</text>
                <malus>0</malus>
                <stage class="FillInStage" reference="16"/>
              </StageHint>
            </hints>
            <variableUpdatesOnEnter id="62"/>
            <variableUpdatesBeforeCheck id="63"/>
            <variableUpdatesAfterCheck id="64"/>
            <variableUpdatesOnNormalExit id="65"/>
            <variableUpdatesOnRepeat id="66"/>
            <variableUpdatesOnSkip id="67"/>
            <weight>1</weight>
            <orderIndex>1</orderIndex>
            <allowSkip>true</allowSkip>
            <resources id="68"/>
            <rules id="69"/>
            <fillInFields id="70">
              <FillInField id="71">
                <name>field1</name>
                <orderIndex>0</orderIndex>
                <size>6</size>
                <formularEditorType>NUMBER</formularEditorType>
              </FillInField>
            </fillInFields>
            <dropDownFields id="72"/>
            <formularEditorPalette>MATHDOX_FORMULAR_EDITOR_BASIC</formularEditorPalette>
            <defaultFeedback>Leider nicht korrekt.&lt;br /&gt;
&lt;br /&gt;
$P(F_2)=[var=F2]$</defaultFeedback>
            <correctAnswerRules id="73">
              <Rule id="74">
                <name>CorrectAnswer1</name>
                <orderIndex>1</orderIndex>
                <validationExpression id="75">
                  <code>!isEmpty([input=field1])&amp;&amp;isRealNumber([input=field1])&amp;&amp;[input=field1]&gt;[var=F2]-0.0011&amp;&amp;[input=field1]&lt;[var=F2]+0.0011</code>
                  <domain>MATH</domain>
                </validationExpression>
                <points>0</points>
                <terminal>false</terminal>
              </Rule>
            </correctAnswerRules>
            <correctAnswerFeedback>Richtig.</correctAnswerFeedback>
            <defaultResult>0</defaultResult>
          </targetStage>
          <isRepeat>false</isRepeat>
        </StageTransition>
      </skipTransitions>
      <stageTransitions id="76">
        <StageTransition id="77">
          <conditionExpression id="78">
            <code></code>
            <domain>MATH</domain>
          </conditionExpression>
          <stageExpression id="79">
            <code>[meta=stageCurrentResult]&gt;=100</code>
            <domain>MATH</domain>
          </stageExpression>
          <targetStage class="FillInStage" reference="16"/>
          <isRepeat>false</isRepeat>
        </StageTransition>
      </stageTransitions>
      <hints id="80">
        <StageHint id="81">
          <stagehint__order>0</stagehint__order>
          <text>Es ist bekannt, dass $P(F_1)=0.1$ und $P(F_2|F_1)=\frac{[var=F1F2dd]}{100}=\frac{P(F_1 \cap F_2)}{P(F_1)}$&lt;br /&gt;
&lt;br /&gt;
(Es ist ein weiterer Hinweis vorhanden)</text>
          <malus>0</malus>
          <stage class="FillInStage" reference="8"/>
        </StageHint>
        <StageHint id="82">
          <stagehint__order>1</stagehint__order>
          <text>Es ist mit den Angaben m&amp;ouml;glich eine Tabelle der folgenden Form anzufertigen:&lt;br /&gt;
$\begin{vmatrix}&lt;br /&gt;
\hline&lt;br /&gt;
&amp;amp; F_1 &amp;amp; \bar{F_1} &amp;amp; \sum \\&lt;br /&gt;
F_2 &amp;amp; &amp;amp; &amp;amp; \\&lt;br /&gt;
\bar{F_2} &amp;amp; &amp;amp; &amp;amp; \\&lt;br /&gt;
\sum &amp;amp; &amp;amp; &amp;amp; 1 \\&lt;br /&gt;
\hline&lt;br /&gt;
\end{vmatrix}$</text>
          <malus>0</malus>
          <stage class="FillInStage" reference="8"/>
        </StageHint>
      </hints>
      <variableUpdatesOnEnter id="83"/>
      <variableUpdatesBeforeCheck id="84"/>
      <variableUpdatesAfterCheck id="85"/>
      <variableUpdatesOnNormalExit id="86"/>
      <variableUpdatesOnRepeat id="87"/>
      <variableUpdatesOnSkip id="88"/>
      <weight>1</weight>
      <orderIndex>0</orderIndex>
      <allowSkip>true</allowSkip>
      <resources id="89"/>
      <rules id="90"/>
      <fillInFields id="91">
        <FillInField id="92">
          <name>field1</name>
          <orderIndex>0</orderIndex>
          <size>10</size>
          <formularEditorType>NUMBER</formularEditorType>
        </FillInField>
      </fillInFields>
      <dropDownFields id="93"/>
      <formularEditorPalette>MATHDOX_FORMULAR_EDITOR_BASIC</formularEditorPalette>
      <defaultFeedback>Leider nicht korrekt.&lt;br /&gt;
&lt;br /&gt;
$\frac{[var=F1F2dd]}{100}=\frac{P(F_1 \cap F_2)}{P(F_1)} \rightarrow P(F_1\cap F_2)=[var=F1F2]$</defaultFeedback>
      <correctAnswerRules id="94">
        <Rule id="95">
          <name>CorrectAnswer1</name>
          <orderIndex>1</orderIndex>
          <validationExpression id="96">
            <code>!isEmpty([input=field1])&amp;&amp;isRealNumber([input=field1])&amp;&amp;[input=field1]&gt;[var=F1F2]-0.0011&amp;&amp;[input=field1]&lt;[var=F1F2]+0.0011</code>
            <domain>MATH</domain>
          </validationExpression>
          <points>0</points>
          <terminal>false</terminal>
        </Rule>
      </correctAnswerRules>
      <correctAnswerFeedback>Richtig.</correctAnswerFeedback>
      <defaultResult>0</defaultResult>
    </FillInStage>
    <FillInStage reference="16"/>
    <FillInStage reference="24"/>
  </stages>
  <startStage class="FillInStage" reference="8"/>
  <variableDeclarations id="97">
    <VariableDeclaration id="98">
      <name>F1F2dd</name>
      <initializationCode id="99">
        <code>randomIntegerBetween(5,40)</code>
        <domain>MATH</domain>
      </initializationCode>
    </VariableDeclaration>
    <VariableDeclaration id="100">
      <name>F1F2d</name>
      <initializationCode id="101">
        <code>([var=F1F2dd])/1000</code>
        <domain>MATH</domain>
      </initializationCode>
    </VariableDeclaration>
    <VariableDeclaration id="102">
      <name>F1F2</name>
      <initializationCode id="103">
        <code>round([var=F1F2d], 4)</code>
        <domain>MATH</domain>
      </initializationCode>
    </VariableDeclaration>
    <VariableDeclaration id="104">
      <name>F1_F2_dd</name>
      <initializationCode id="105">
        <code>randomIntegerBetween(60,85)</code>
        <domain>MATH</domain>
      </initializationCode>
    </VariableDeclaration>
    <VariableDeclaration id="106">
      <name>F1_F2_d</name>
      <initializationCode id="107">
        <code>([var=F1_F2_dd])/100</code>
        <domain>MATH</domain>
      </initializationCode>
    </VariableDeclaration>
    <VariableDeclaration id="108">
      <name>F1_F2_</name>
      <initializationCode id="109">
        <code>round([var=F1_F2_d], 2)</code>
        <domain>MATH</domain>
      </initializationCode>
    </VariableDeclaration>
    <VariableDeclaration id="110">
      <name>F1_F2d</name>
      <initializationCode id="111">
        <code>0.9-([var=F1_F2_])</code>
        <domain>MATH</domain>
      </initializationCode>
    </VariableDeclaration>
    <VariableDeclaration id="112">
      <name>F1_F2</name>
      <initializationCode id="113">
        <code>round([var=F1_F2d], 2)</code>
        <domain>MATH</domain>
      </initializationCode>
    </VariableDeclaration>
    <VariableDeclaration id="114">
      <name>F2d</name>
      <initializationCode id="115">
        <code>([var=F1_F2])+([var=F1F2])</code>
        <domain>MATH</domain>
      </initializationCode>
    </VariableDeclaration>
    <VariableDeclaration id="116">
      <name>F2</name>
      <initializationCode id="117">
        <code>round([var=F2d], 4)</code>
        <domain>MATH</domain>
      </initializationCode>
    </VariableDeclaration>
    <VariableDeclaration id="118">
      <name>F2_d</name>
      <initializationCode id="119">
        <code>1-([var=F2])</code>
        <domain>MATH</domain>
      </initializationCode>
    </VariableDeclaration>
    <VariableDeclaration id="120">
      <name>F2_</name>
      <initializationCode id="121">
        <code>round([var=F2_d], 4)</code>
        <domain>MATH</domain>
      </initializationCode>
    </VariableDeclaration>
    <VariableDeclaration id="122">
      <name>F1F2_d</name>
      <initializationCode id="123">
        <code>0.1-([var=F1F2])</code>
        <domain>MATH</domain>
      </initializationCode>
    </VariableDeclaration>
    <VariableDeclaration id="124">
      <name>F1F2_</name>
      <initializationCode id="125">
        <code>round([var=F1F2_d], 4)</code>
        <domain>MATH</domain>
      </initializationCode>
    </VariableDeclaration>
    <VariableDeclaration id="126">
      <name>anscd</name>
      <initializationCode id="127">
        <code>([var=F1F2_])+([var=F1_F2])</code>
        <domain>MATH</domain>
      </initializationCode>
    </VariableDeclaration>
    <VariableDeclaration id="128">
      <name>ansc</name>
      <initializationCode id="129">
        <code>round([var=anscd], 4)</code>
        <domain>MATH</domain>
      </initializationCode>
    </VariableDeclaration>
  </variableDeclarations>
  <jSXGraphs id="130"/>
  <dynamicMolecules id="131"/>
  <resultFeedbackMappings id="132"/>
</Exercise>