<Exercise id="1">
  <name>IS11-08 Hypothesentest 8</name>
  <publicDescription></publicDescription>
  <internalNotes>p-value

Die  Materialien sind lizenziert unter CC BY-NC-SA 4.0. Eine Kopie dieser Lizenz finden Sie unter http://creativecommons.org/licenses/by-nc-sa/4.0/

The materials are licensed under CC BY-NC-SA 4.0. You can find a copy of this license at http://creativecommons.org/licenses/by-nc-sa/4.0/</internalNotes>
  <language>de</language>
  <difficulty>0</difficulty>
  <tags id="2">
    <Tag id="3">
      <name>IndStat</name>
    </Tag>
    <Tag id="4">
      <name>TR_neu</name>
    </Tag>
    <Tag id="5">
      <name>TR</name>
    </Tag>
  </tags>
  <resources id="6"/>
  <stages id="7">
    <FillInStage id="8">
      <internalName>1</internalName>
      <externalName></externalName>
      <taskDescription>&lt;strong&gt;Aufgabenstellung:&lt;/strong&gt;&lt;br /&gt;&#xd;
&lt;br /&gt;&#xd;
Der Hersteller von Nahrungserg&amp;auml;nzungsmitteln, die beim Abnehmen helfen sollen, betreibt eine Studie f&amp;uuml;r eine Marketingstrategie. Dabei nehmen [var=n] Probanden das Nahrungserg&amp;auml;nzungsmittel &amp;uuml;ber 4 Wochen ein und dokumentieren ihren Gewichtsverlust.&lt;br /&gt;&#xd;
&lt;br /&gt;&#xd;
Das Ergebnis ist, dass die Probanden im Schnitt [var=ab] kg an Gewicht verloren haben mit einer bekannten Varianz von [var=abs]. Nun soll das Produkt damit beworben werden, dass man durch die Einnahme innerhalb von 4 Wochen mindestens 2kg abnimmt.&lt;br /&gt;&#xd;
&lt;br /&gt;&#xd;
Nun befindet die Chefin der Marketingabteilung, dass eine einfache Zustimmung oder Verwerfung der Hypothese zum 10% Signifikanzniveau zu wenig aussagekr&amp;auml;ftig ist, da die blo&amp;szlig;e Zustimmung oder Ablehnung nichts &amp;uuml;ber die Sicherheit der Aussage preisgibt.&lt;br /&gt;&#xd;
&lt;br /&gt;&#xd;
Daher sollen Sie das Signifikanzniveau bestimmen, bei welchem die Hypothese gerade noch verworfen werden kann. Damit kann man sowohl die Entscheidung treffen, ob die Hypothese zum 10% Signifikanzniveau verworfen werden kann, also auch die Sicherheit der Entscheidung bestimmen, z.B. w&amp;auml;re die Entscheidung sicherer, wenn man erst ab einem Signifikanzniveau von 1% verwerfen kann, als wenn man schon ab einem Signifikanzniveau von 9% verwerfen kann.&lt;br /&gt;&#xd;
&lt;br /&gt;&#xd;
Das Signifikanzniveau, bei welchem die Hypothese gerade noch verworfen werden kann, nennt man den $p$-Wert.&lt;br /&gt;&#xd;
&lt;br /&gt;&#xd;
Bestimmen Sie den $p$-Wert!&lt;br /&gt;&#xd;
&lt;br /&gt;&#xd;
&lt;strong&gt;Einreichung:&lt;/strong&gt; &lt;input name=&quot;field1&quot; size=&quot;6&quot; type=&quot;text&quot; value=&quot;field1&quot; /&gt;&amp;nbsp;&lt;br /&gt;&#xd;
&lt;br /&gt;&#xd;
&lt;em&gt;(Runden Sie, falls n&amp;ouml;tig, auf die vierte Nachkommastelle und verwenden Sie einen Dezimalpunkt.)&lt;/em&gt;&#xd;
&lt;p&gt;&lt;a href=&quot;https://webrtaschenrechner.netlify.app/&quot; onclick=&quot;window.open(&apos;https://webrtaschenrechner.netlify.app/&apos;,&apos;R Console&apos;,&apos;top=320, left=1525, width=400,height=600,menubar=no,toolbar=no,&apos;); return false;&quot; target=&quot;_blank&quot;&gt;&lt;img alt=&quot;R_ Logo&quot; pull-right=&quot;&quot; src=&quot;/econometrics/resource?resource=157444&quot; style=&quot;width: 40px; height: 50px; float: right; margin: 5px&quot; /&gt;&lt;/a&gt;&lt;/p&gt;</taskDescription>
      <skipMessage>Der $p$-Wert betr&amp;auml;gt [var=sola]. Zu jedem kleineren Signifikanzniveau, kann die Nullhypothese abgelehnt werden.</skipMessage>
      <defaultTransition id="9">
        <conditionExpression id="10">
          <domain>MATH</domain>
        </conditionExpression>
        <stageExpression id="11">
          <domain>MATH</domain>
        </stageExpression>
        <isRepeat>true</isRepeat>
      </defaultTransition>
      <skipTransitions id="12">
        <StageTransition id="13">
          <conditionExpression id="14">
            <code></code>
            <domain>MATH</domain>
          </conditionExpression>
          <stageExpression id="15">
            <domain>MATH</domain>
          </stageExpression>
          <isRepeat>false</isRepeat>
        </StageTransition>
      </skipTransitions>
      <stageTransitions id="16">
        <StageTransition id="17">
          <conditionExpression id="18">
            <code></code>
            <domain>MATH</domain>
          </conditionExpression>
          <stageExpression id="19">
            <code>[meta=stageCurrentResult]&gt;=100</code>
            <domain>MATH</domain>
          </stageExpression>
          <isRepeat>false</isRepeat>
        </StageTransition>
      </stageTransitions>
      <hints id="20">
        <StageHint id="21">
          <stagehint__order>0</stagehint__order>
          <text>      Die Varianz der Stichprobe ist bekannt, daher ist die Teststatistik normalverteilt.
      Statt die Teststatistik mit einem kritischen Wert zu vergleichen, muss diese zur
      Erlangung des $p$-Wertes in die Verteilungsfunktion der Standardnormalveretilung
      eingesetzt werden. Die Teststatistik beträgt [var=T].
  

    </text>
          <malus>0</malus>
          <stage class="FillInStage" reference="8"/>
        </StageHint>
      </hints>
      <variableUpdatesOnEnter id="22"/>
      <variableUpdatesBeforeCheck id="23"/>
      <variableUpdatesAfterCheck id="24"/>
      <variableUpdatesOnNormalExit id="25"/>
      <variableUpdatesOnRepeat id="26"/>
      <variableUpdatesOnSkip id="27"/>
      <weight>1</weight>
      <orderIndex>0</orderIndex>
      <allowSkip>true</allowSkip>
      <resources id="28"/>
      <rules id="29"/>
      <fillInFields id="30">
        <FillInField id="31">
          <name>field1</name>
          <orderIndex>0</orderIndex>
          <size>6</size>
          <formularEditorType>NUMBER</formularEditorType>
        </FillInField>
      </fillInFields>
      <dropDownFields id="32"/>
      <formularEditorPalette>MATHDOX_FORMULAR_EDITOR_BASIC</formularEditorPalette>
      <defaultFeedback>Leider nicht korrekt.&lt;br /&gt;
&lt;br /&gt;
Der $p$-Wert betr&amp;auml;gt [var=sola]. Zu jedem kleineren Signifikanzniveau, kann die Nullhypothese abgelehnt werden</defaultFeedback>
      <correctAnswerRules id="33">
        <Rule id="34">
          <name>CorrectAnswer1</name>
          <orderIndex>1</orderIndex>
          <validationExpression id="35">
            <code>!isEmpty([input=field1])&amp;&amp;isRealNumber([input=field1])&amp;&amp;[input=field1]&gt;[var=sola]-0.005&amp;&amp;[input=field1]&lt;[var=sola]+0.005</code>
            <domain>MATH</domain>
          </validationExpression>
          <points>0</points>
          <terminal>false</terminal>
        </Rule>
      </correctAnswerRules>
      <correctAnswerFeedback>Richtig.</correctAnswerFeedback>
      <defaultResult>0</defaultResult>
    </FillInStage>
  </stages>
  <startStage class="FillInStage" reference="8"/>
  <variableDeclarations id="36">
    <VariableDeclaration id="37">
      <name>n</name>
      <initializationCode id="38">
        <code>evaluateInR(&apos;sample(60:80, 1)&apos;)</code>
        <domain>MATH</domain>
      </initializationCode>
    </VariableDeclaration>
    <VariableDeclaration id="39">
      <name>ab</name>
      <initializationCode id="40">
        <code>evaluateInR(&apos;round(runif(1, 2, 2.25), 2)&apos;)</code>
        <domain>MATH</domain>
      </initializationCode>
    </VariableDeclaration>
    <VariableDeclaration id="41">
      <name>abs</name>
      <initializationCode id="42">
        <code>evaluateInR(&apos;round(runif(1, 0.7, 1.2), 2)&apos;)</code>
        <domain>MATH</domain>
      </initializationCode>
    </VariableDeclaration>
    <VariableDeclaration id="43">
      <name>T</name>
      <initializationCode id="44">
        <code>evaluateInR(&apos;(([var=ab]-2)/sqrt([var=abs]))*sqrt([var=n])&apos;)</code>
        <domain>MATH</domain>
      </initializationCode>
    </VariableDeclaration>
    <VariableDeclaration id="45">
      <name>sola</name>
      <initializationCode id="46">
        <code>evaluateInR(&apos;round(1-pnorm([var=T]), 4)&apos;)</code>
        <domain>MATH</domain>
      </initializationCode>
    </VariableDeclaration>
  </variableDeclarations>
  <jSXGraphs id="47"/>
  <dynamicMolecules id="48"/>
  <resultFeedbackMappings id="49"/>
</Exercise>