<Exercise id="1">
  <name>IS11-01 Hypothesentest 1</name>
  <publicDescription></publicDescription>
  <internalNotes>Bierbrauen
Lösungen werden nicht erkannt --&gt; Ist das immernoch so???

Die  Materialien sind lizenziert unter CC BY-NC-SA 4.0. Eine Kopie dieser Lizenz finden Sie unter http://creativecommons.org/licenses/by-nc-sa/4.0/

The materials are licensed under CC BY-NC-SA 4.0. You can find a copy of this license at http://creativecommons.org/licenses/by-nc-sa/4.0/</internalNotes>
  <language>de</language>
  <difficulty>0</difficulty>
  <tags id="2">
    <Tag id="3">
      <name>IndStat</name>
    </Tag>
    <Tag id="4">
      <name>TR_neu</name>
    </Tag>
    <Tag id="5">
      <name>TR</name>
    </Tag>
  </tags>
  <resources id="6"/>
  <stages id="7">
    <FillInStage id="8">
      <internalName>1</internalName>
      <externalName>Stage 1</externalName>
      <taskDescription>&lt;strong&gt;Aufgabenstellung:&lt;/strong&gt;&lt;br /&gt;&#xd;
&lt;br /&gt;&#xd;
Bei einem Test einer neu angeschafften Flaschenbierabf&amp;uuml;llanlage wird der Brauerei eine mittlere Abf&amp;uuml;llmenge von $0.5l$ bei einer Standardabweichung von $\sigma=[var=st]l$ garantiert.&lt;br /&gt;&#xd;
Eine Stichprobe von $[var=n]$ Flaschen aus einer $10$ min&amp;uuml;tigen Produktionsgesamtheit von $5000$ Flaschen ergab eine durchschnittliche Biermenge pro Flasche von $[var=Ev] l$.&lt;br /&gt;&#xd;
&lt;br /&gt;&#xd;
Kann man mit einer Irrtumswahrscheinlichkeit von $[var=sigP]\%$ davon ausgehen, dass die mittlere Abf&amp;uuml;llmenge geringer ist als vom Hersteller der Anlage angegeben?&lt;br /&gt;&#xd;
&lt;br /&gt;&#xd;
&lt;strong&gt;Einreichung:&lt;/strong&gt;&lt;br /&gt;&#xd;
&lt;br /&gt;&#xd;
Der Wert der Pr&amp;uuml;fgr&amp;ouml;&amp;szlig;e ist &amp;nbsp;&lt;input name=&quot;field1&quot; size=&quot;6&quot; type=&quot;text&quot; value=&quot;field1&quot; /&gt;&amp;nbsp;.&lt;br /&gt;&#xd;
&lt;br /&gt;&#xd;
&lt;em&gt;(Runden Sie, falls n&amp;ouml;tig, auf die vierte Nachkommastelle und verwenden Sie einen Dezimalpunkt.)&lt;/em&gt;&lt;br /&gt;&#xd;
&lt;br /&gt;&#xd;
Damit kann die Hypothese &amp;nbsp;&lt;select name=&quot;field2&quot;&gt;&lt;option value=&quot;0&quot;&gt;field2&lt;/option&gt;&lt;/select&gt;&amp;nbsp; werden.&#xd;
&lt;p&gt;&lt;a href=&quot;https://webrtaschenrechner.netlify.app/&quot; onclick=&quot;window.open(&apos;https://webrtaschenrechner.netlify.app/&apos;,&apos;R Console&apos;,&apos;top=320, left=1525, width=400,height=600,menubar=no,toolbar=no,&apos;); return false;&quot; target=&quot;_blank&quot;&gt;&lt;img alt=&quot;R_ Logo&quot; pull-right=&quot;&quot; src=&quot;/econometrics/resource?resource=157444&quot; style=&quot;width: 40px; height: 50px; float: right; margin: 5px&quot; /&gt;&lt;/a&gt;&lt;/p&gt;</taskDescription>
      <skipMessage>Kritischer Wert: $[var=crit]$. Pr&amp;uuml;fgr&amp;ouml;&amp;szlig;e: $[var=Pg]$. Die Hypothese kann [var=Entstr] werden.</skipMessage>
      <defaultTransition id="9">
        <conditionExpression id="10">
          <domain>MATH</domain>
        </conditionExpression>
        <stageExpression id="11">
          <domain>MATH</domain>
        </stageExpression>
        <isRepeat>true</isRepeat>
      </defaultTransition>
      <skipTransitions id="12">
        <StageTransition id="13">
          <conditionExpression id="14">
            <code></code>
            <domain>MATH</domain>
          </conditionExpression>
          <stageExpression id="15">
            <domain>MATH</domain>
          </stageExpression>
          <targetStage class="FillInStage" id="16">
            <internalName>2</internalName>
            <externalName>Stage 2</externalName>
            <taskDescription>&lt;strong&gt;Aufgabenstellung:&lt;/strong&gt;&lt;br /&gt;&#xd;
&lt;br /&gt;&#xd;
Bestimmen Sie den kritischen $\bar{x}$-Wert!&lt;br /&gt;&#xd;
&lt;br /&gt;&#xd;
&lt;strong&gt;Einreichung:&lt;/strong&gt;&lt;br /&gt;&#xd;
&lt;br /&gt;&#xd;
$\bar{x}_r=$&amp;nbsp;&lt;input name=&quot;field1&quot; size=&quot;6&quot; type=&quot;text&quot; value=&quot;field1&quot; /&gt;&amp;nbsp;.&lt;br /&gt;&#xd;
&lt;br /&gt;&#xd;
&lt;em&gt;(Runden Sie, falls n&amp;ouml;tig, auf die vierte Nachkommastelle und verwenden Sie einen Dezimalpunkt.)&lt;/em&gt;&#xd;
&lt;p&gt;&lt;a href=&quot;https://webrtaschenrechner.netlify.app/&quot; onclick=&quot;window.open(&apos;https://webrtaschenrechner.netlify.app/&apos;,&apos;R Console&apos;,&apos;top=320, left=1525, width=400,height=600,menubar=no,toolbar=no,&apos;); return false;&quot; target=&quot;_blank&quot;&gt;&lt;img alt=&quot;R_ Logo&quot; pull-right=&quot;&quot; src=&quot;/econometrics/resource?resource=157444&quot; style=&quot;width: 40px; height: 50px; float: right; margin: 5px&quot; /&gt;&lt;/a&gt;&lt;/p&gt;</taskDescription>
            <skipMessage>$\bar{x}_r=[var=xkrit]$</skipMessage>
            <defaultTransition id="17">
              <conditionExpression id="18">
                <domain>MATH</domain>
              </conditionExpression>
              <stageExpression id="19">
                <domain>MATH</domain>
              </stageExpression>
              <isRepeat>true</isRepeat>
            </defaultTransition>
            <skipTransitions id="20">
              <StageTransition id="21">
                <conditionExpression id="22">
                  <code></code>
                  <domain>MATH</domain>
                </conditionExpression>
                <stageExpression id="23">
                  <domain>MATH</domain>
                </stageExpression>
                <targetStage class="FillInStage" id="24">
                  <internalName>3</internalName>
                  <externalName>Stage 3</externalName>
                  <taskDescription>&lt;strong&gt;Aufgabenstellung:&lt;/strong&gt;&lt;br /&gt;&#xd;
&lt;br /&gt;&#xd;
Bei welchem $\alpha $-Niveau wird die unter Frage 1 gestellte Hypothese gerade noch abgelehnt? &amp;nbsp;&lt;br /&gt;&#xd;
&lt;br /&gt;&#xd;
&lt;strong&gt;Einreichung:&lt;/strong&gt; &lt;input name=&quot;field1&quot; size=&quot;8&quot; type=&quot;text&quot; value=&quot;field1&quot; /&gt;.&lt;br /&gt;&#xd;
&lt;br /&gt;&#xd;
&lt;em&gt;(Runden Sie, falls n&amp;ouml;tig, auf die vierte Nachkommastelle und verwenden Sie einen Dezimalpunkt.)&lt;/em&gt;&#xd;
&lt;p&gt;&lt;a href=&quot;https://webrtaschenrechner.netlify.app/&quot; onclick=&quot;window.open(&apos;https://webrtaschenrechner.netlify.app/&apos;,&apos;R Console&apos;,&apos;top=320, left=1525, width=400,height=600,menubar=no,toolbar=no,&apos;); return false;&quot; target=&quot;_blank&quot;&gt;&lt;img alt=&quot;R_ Logo&quot; pull-right=&quot;&quot; src=&quot;/econometrics/resource?resource=157444&quot; style=&quot;width: 40px; height: 50px; float: right; margin: 5px&quot; /&gt;&lt;/a&gt;&lt;/p&gt;</taskDescription>
                  <skipMessage>Die Hypothese wird auf dem $\alpha$-Level abgelehnt. Je kleiner das $\alpha$-Level, umso eher f&amp;auml;llt die Teststatistik in den Annahmebereich. Die richtige L&amp;ouml;sung ist $\alpha = [var=niv]$</skipMessage>
                  <defaultTransition id="25">
                    <conditionExpression id="26">
                      <domain>MATH</domain>
                    </conditionExpression>
                    <stageExpression id="27">
                      <domain>MATH</domain>
                    </stageExpression>
                    <isRepeat>true</isRepeat>
                  </defaultTransition>
                  <skipTransitions id="28">
                    <StageTransition id="29">
                      <conditionExpression id="30">
                        <code></code>
                        <domain>MATH</domain>
                      </conditionExpression>
                      <stageExpression id="31">
                        <domain>MATH</domain>
                      </stageExpression>
                      <isRepeat>false</isRepeat>
                    </StageTransition>
                  </skipTransitions>
                  <stageTransitions id="32">
                    <StageTransition id="33">
                      <conditionExpression id="34">
                        <code></code>
                        <domain>MATH</domain>
                      </conditionExpression>
                      <stageExpression id="35">
                        <code>[meta=stageCurrentResult]&gt;=100</code>
                        <domain>MATH</domain>
                      </stageExpression>
                      <isRepeat>false</isRepeat>
                    </StageTransition>
                  </stageTransitions>
                  <hints id="36">
                    <StageHint id="37">
                      <stagehint__order>0</stagehint__order>
                      <text>            $\alpha_r=P(Z\leq z)$
        </text>
                      <malus>0</malus>
                      <stage class="FillInStage" reference="24"/>
                    </StageHint>
                  </hints>
                  <variableUpdatesOnEnter id="38"/>
                  <variableUpdatesBeforeCheck id="39"/>
                  <variableUpdatesAfterCheck id="40"/>
                  <variableUpdatesOnNormalExit id="41"/>
                  <variableUpdatesOnRepeat id="42"/>
                  <variableUpdatesOnSkip id="43"/>
                  <weight>1</weight>
                  <orderIndex>2</orderIndex>
                  <allowSkip>true</allowSkip>
                  <resources id="44"/>
                  <rules id="45"/>
                  <fillInFields id="46">
                    <FillInField id="47">
                      <name>field1</name>
                      <orderIndex>0</orderIndex>
                      <size>8</size>
                      <formularEditorType>NUMBER</formularEditorType>
                    </FillInField>
                  </fillInFields>
                  <dropDownFields id="48"/>
                  <formularEditorPalette>MATHDOX_FORMULAR_EDITOR_BASIC</formularEditorPalette>
                  <defaultFeedback>Leider nicht korrekt.&amp;nbsp;&lt;br /&gt;
&lt;br /&gt;
Die Hypothese wird auf dem $\alpha$-Level abgelehnt. Je kleiner das $\alpha$-Level, umso eher f&amp;auml;llt die Teststatistik in den Annahmebereich. Die richtige L&amp;ouml;sung ist $\alpha = [var=niv]$</defaultFeedback>
                  <correctAnswerRules id="49">
                    <Rule id="50">
                      <name>CorrectAnswer1</name>
                      <orderIndex>1</orderIndex>
                      <validationExpression id="51">
                        <code>!isEmpty([input=field1])&amp;&amp;isRealNumber([input=field1])&amp;&amp;[input=field1]&gt;[var=niv]-0.0011&amp;&amp;[input=field1]&lt;[var=niv]+0.0011</code>
                        <domain>MATH</domain>
                      </validationExpression>
                      <points>0</points>
                      <terminal>false</terminal>
                    </Rule>
                  </correctAnswerRules>
                  <correctAnswerFeedback>Right.</correctAnswerFeedback>
                  <defaultResult>0</defaultResult>
                </targetStage>
                <isRepeat>false</isRepeat>
              </StageTransition>
            </skipTransitions>
            <stageTransitions id="52">
              <StageTransition id="53">
                <conditionExpression id="54">
                  <code></code>
                  <domain>MATH</domain>
                </conditionExpression>
                <stageExpression id="55">
                  <code>[meta=stageCurrentResult]&gt;=100</code>
                  <domain>MATH</domain>
                </stageExpression>
                <targetStage class="FillInStage" reference="24"/>
                <isRepeat>false</isRepeat>
              </StageTransition>
            </stageTransitions>
            <hints id="56">
              <StageHint id="57">
                <stagehint__order>0</stagehint__order>
                <text>            Ab welchem Wert kann man die Hypothese verwerfen?
        </text>
                <malus>0</malus>
                <stage class="FillInStage" reference="16"/>
              </StageHint>
            </hints>
            <variableUpdatesOnEnter id="58"/>
            <variableUpdatesBeforeCheck id="59"/>
            <variableUpdatesAfterCheck id="60"/>
            <variableUpdatesOnNormalExit id="61"/>
            <variableUpdatesOnRepeat id="62"/>
            <variableUpdatesOnSkip id="63"/>
            <weight>1</weight>
            <orderIndex>1</orderIndex>
            <allowSkip>true</allowSkip>
            <resources id="64"/>
            <rules id="65"/>
            <fillInFields id="66">
              <FillInField id="67">
                <name>field1</name>
                <orderIndex>0</orderIndex>
                <size>6</size>
                <formularEditorType>NUMBER</formularEditorType>
              </FillInField>
            </fillInFields>
            <dropDownFields id="68"/>
            <formularEditorPalette>MATHDOX_FORMULAR_EDITOR_BASIC</formularEditorPalette>
            <defaultFeedback>Leider nicht korrekt.&lt;br /&gt;
&lt;br /&gt;
$\bar{x}_r=[var=xkrit]$</defaultFeedback>
            <correctAnswerRules id="69">
              <Rule id="70">
                <name>CorrectAnswer1</name>
                <orderIndex>1</orderIndex>
                <validationExpression id="71">
                  <code>!isEmpty([input=field1])&amp;&amp;isRealNumber([input=field1])&amp;&amp;[input=field1]&gt;[var=xkrit]-0.02&amp;&amp;[input=field1]&lt;[var=xkrit]+0.02</code>
                  <domain>MATH</domain>
                </validationExpression>
                <points>0</points>
                <terminal>false</terminal>
              </Rule>
            </correctAnswerRules>
            <correctAnswerFeedback>Richtig.</correctAnswerFeedback>
            <defaultResult>0</defaultResult>
          </targetStage>
          <isRepeat>false</isRepeat>
        </StageTransition>
      </skipTransitions>
      <stageTransitions id="72">
        <StageTransition id="73">
          <conditionExpression id="74">
            <code></code>
            <domain>MATH</domain>
          </conditionExpression>
          <stageExpression id="75">
            <code>[meta=stageCurrentResult]&gt;=100</code>
            <domain>MATH</domain>
          </stageExpression>
          <targetStage class="FillInStage" reference="16"/>
          <isRepeat>false</isRepeat>
        </StageTransition>
      </stageTransitions>
      <hints id="76">
        <StageHint id="77">
          <stagehint__order>0</stagehint__order>
          <text>(1) Linksseitiger Test $H_0:\;\mu \geq 0.5 \quad H_1:\;\mu &amp;lt; 0.5$&lt;br /&gt;
(2) $\alpha=[var=sig]$&lt;br /&gt;
(3) Bestimmung der Stichprobenverteilung unter $H_0$&lt;br /&gt;
(4) Kritischen Wert bestimmen&lt;br /&gt;
(5) Pr&amp;uuml;fgr&amp;ouml;&amp;szlig;e bestimmen&lt;br /&gt;
(6) Entscheidung treffen</text>
          <malus>0</malus>
          <stage class="FillInStage" reference="8"/>
        </StageHint>
      </hints>
      <variableUpdatesOnEnter id="78"/>
      <variableUpdatesBeforeCheck id="79"/>
      <variableUpdatesAfterCheck id="80"/>
      <variableUpdatesOnNormalExit id="81"/>
      <variableUpdatesOnRepeat id="82"/>
      <variableUpdatesOnSkip id="83"/>
      <weight>1</weight>
      <orderIndex>0</orderIndex>
      <allowSkip>true</allowSkip>
      <resources id="84"/>
      <rules id="85">
        <Rule id="86">
          <name>Feedback_2</name>
          <orderIndex>2</orderIndex>
          <validationExpression id="87">
            <code>!isEmpty([input=field1])&amp;&amp;isRealNumber([input=field1])&amp;&amp;[input=field1]&lt;-1.645&amp;&amp;[input=field2]==0</code>
            <domain>MATH</domain>
          </validationExpression>
          <feedbackText>Ihre Angaben sind nicht konsistent. Ist die Pr&amp;uuml;fgr&amp;ouml;&amp;szlig;e kleiner als $[var=crit]$ kann die Hypothese mit einer Irrtumswahrscheinlichkeit von $[var=sigP]\%$ verworfen werden.</feedbackText>
          <points>0</points>
          <terminal>false</terminal>
        </Rule>
        <Rule id="88">
          <name>Feedback_1</name>
          <orderIndex>1</orderIndex>
          <validationExpression id="89">
            <code>!isEmpty([input=field1])&amp;&amp;isRealNumber([input=field1])&amp;&amp;[input=field1]&gt;-1.645&amp;&amp;[input=field2]==1</code>
            <domain>MATH</domain>
          </validationExpression>
          <feedbackText>Ihre Angaben sind nicht konsistent. Ist die Pr&amp;uuml;fgr&amp;ouml;&amp;szlig;e gr&amp;ouml;&amp;szlig;er als $[var=crit]$ kann die Hypothese mit einer Irrtumswahrscheinlichkeit von $[var=sigP]\%$ nicht verworfen werden.</feedbackText>
          <points>0</points>
          <terminal>false</terminal>
        </Rule>
      </rules>
      <fillInFields id="90">
        <FillInField id="91">
          <name>field1</name>
          <orderIndex>0</orderIndex>
          <size>6</size>
          <formularEditorType>NUMBER</formularEditorType>
        </FillInField>
      </fillInFields>
      <dropDownFields id="92">
        <de.uni__due.s3.jack3.entities.stagetypes.fillin.DropDownField id="93">
          <name>field2</name>
          <orderIndex>1</orderIndex>
          <randomize>false</randomize>
          <items id="94">
            <string>nicht verworfen</string>
            <string>verworfen</string>
          </items>
        </de.uni__due.s3.jack3.entities.stagetypes.fillin.DropDownField>
      </dropDownFields>
      <formularEditorPalette>MATHDOX_FORMULAR_EDITOR_BASIC</formularEditorPalette>
      <defaultFeedback>Leider nicht korrekt.&lt;br /&gt;
&lt;br /&gt;
Kritischer Wert: $[var=crit]$. Pr&amp;uuml;fgr&amp;ouml;&amp;szlig;e: $[var=Pg]$. Die Hypothese kann [var=Entstr] werden.</defaultFeedback>
      <correctAnswerRules id="95">
        <Rule id="96">
          <name>CorrectAnswer1</name>
          <orderIndex>1</orderIndex>
          <validationExpression id="97">
            <code>!isEmpty([input=field1])&amp;&amp;isRealNumber([input=field1])&amp;&amp;[input=field1]&gt;[var=Pg]-0.001&amp;&amp;[input=field1]&lt;[var=Pg]+0.001&amp;&amp;[input=field2]==[var=Ent]</code>
            <domain>MATH</domain>
          </validationExpression>
          <points>0</points>
          <terminal>false</terminal>
        </Rule>
      </correctAnswerRules>
      <correctAnswerFeedback>Richtig.</correctAnswerFeedback>
      <defaultResult>0</defaultResult>
    </FillInStage>
    <FillInStage reference="16"/>
    <FillInStage reference="24"/>
  </stages>
  <startStage class="FillInStage" reference="8"/>
  <variableDeclarations id="98">
    <VariableDeclaration id="99">
      <name>st</name>
      <initializationCode id="100">
        <code>evaluateInR(&apos;sample(5:7/100, 1)&apos;)</code>
        <domain>MATH</domain>
      </initializationCode>
    </VariableDeclaration>
    <VariableDeclaration id="101">
      <name>Ev</name>
      <initializationCode id="102">
        <code>evaluateInR(&apos;sample(47:49/100, 1)&apos;)</code>
        <domain>MATH</domain>
      </initializationCode>
    </VariableDeclaration>
    <VariableDeclaration id="103">
      <name>n</name>
      <initializationCode id="104">
        <code>randomIntegerBetween(25,30)</code>
        <domain>MATH</domain>
      </initializationCode>
    </VariableDeclaration>
    <VariableDeclaration id="105">
      <name>sig</name>
      <initializationCode id="106">
        <code>evaluateInR(&apos;sample(c(0.01, 0.05), 1)&apos;)</code>
        <domain>MATH</domain>
      </initializationCode>
    </VariableDeclaration>
    <VariableDeclaration id="107">
      <name>sigP</name>
      <initializationCode id="108">
        <code>[var=sig]*100</code>
        <domain>MATH</domain>
      </initializationCode>
    </VariableDeclaration>
    <VariableDeclaration id="109">
      <name>crit</name>
      <initializationCode id="110">
        <code>evaluateInR(&apos;round(qnorm([var=sig]), 4)&apos;)</code>
        <domain>MATH</domain>
      </initializationCode>
    </VariableDeclaration>
    <VariableDeclaration id="111">
      <name>P</name>
      <initializationCode id="112">
        <code>evaluateInR(&apos;(([var=Ev])-0.5)/(([var=st])/sqrt(([var=n])))&apos;)</code>
        <domain>MATH</domain>
      </initializationCode>
    </VariableDeclaration>
    <VariableDeclaration id="113">
      <name>Pg</name>
      <initializationCode id="114">
        <code>evaluateInR(&apos;round(([var=P]), 4)&apos;)</code>
        <domain>MATH</domain>
      </initializationCode>
    </VariableDeclaration>
    <VariableDeclaration id="115">
      <name>Ent</name>
      <initializationCode id="116">
        <code>evaluateInR(&apos;ifelse(([var=P])&lt;qnorm(([var=sig])), 1, 0)&apos;)</code>
        <domain>MATH</domain>
      </initializationCode>
    </VariableDeclaration>
    <VariableDeclaration id="117">
      <name>Entstr</name>
      <initializationCode id="118">
        <code>evaluateInR(&apos;ifelse([var=Ent] == 1, &quot;verworfen&quot;, &quot;nicht verworfen&quot;)&apos;)</code>
        <domain>MATH</domain>
      </initializationCode>
    </VariableDeclaration>
    <VariableDeclaration id="119">
      <name>xkrit</name>
      <initializationCode id="120">
        <code>evaluateInR(&apos;round(0.5+qnorm(([var=sig]))*(([var=st])/sqrt(([var=n]))), 4)&apos;)</code>
        <domain>MATH</domain>
      </initializationCode>
    </VariableDeclaration>
    <VariableDeclaration id="121">
      <name>niv</name>
      <initializationCode id="122">
        <code>evaluateInR(&apos;round(pnorm(([var=P])), 4)&apos;)</code>
        <domain>MATH</domain>
      </initializationCode>
    </VariableDeclaration>
  </variableDeclarations>
  <jSXGraphs id="123"/>
  <dynamicMolecules id="124"/>
  <resultFeedbackMappings id="125"/>
</Exercise>