<Exercise id="1">
  <name>IS11-05 Hypothesentest 5</name>
  <publicDescription></publicDescription>
  <internalNotes>Mietpreise

Die  Materialien sind lizenziert unter CC BY-NC-SA 4.0. Eine Kopie dieser Lizenz finden Sie unter http://creativecommons.org/licenses/by-nc-sa/4.0/

The materials are licensed under CC BY-NC-SA 4.0. You can find a copy of this license at http://creativecommons.org/licenses/by-nc-sa/4.0/</internalNotes>
  <language>de</language>
  <difficulty>0</difficulty>
  <tags id="2">
    <Tag id="3">
      <name>IndStat</name>
    </Tag>
    <Tag id="4">
      <name>TR_neu</name>
    </Tag>
    <Tag id="5">
      <name>TR</name>
    </Tag>
  </tags>
  <resources id="6"/>
  <stages id="7">
    <FillInStage id="8">
      <internalName>1</internalName>
      <externalName>Stage 1</externalName>
      <taskDescription>&lt;strong&gt;Aufgabenstellung:&lt;/strong&gt;&lt;br /&gt;&#xd;
&lt;br /&gt;&#xd;
Es sollen die Mietpreise in Essen untersucht werden. Eine Stichprobe von $n=11$ Wohnungen ergab die folgenden Quadratmeterpreise in Euro:&lt;br /&gt;&#xd;
&lt;br /&gt;&#xd;
$$[var=sample,latex]$$&lt;br /&gt;&#xd;
&lt;br /&gt;&#xd;
Nehmen Sie an, die Wohnungspreise seien normalverteilt.&lt;br /&gt;&#xd;
&amp;Uuml;berpr&amp;uuml;fen Sie zum Signifkanzniveau $\alpha$, ob der Quadratmeterpreis in Essen gr&amp;ouml;&amp;szlig;er als 8 Euro ist.&lt;br /&gt;&#xd;
&lt;br /&gt;&#xd;
&lt;strong&gt;Auswahl:&lt;/strong&gt;&lt;br /&gt;&#xd;
Um welche Art Testproblem handelt es sich? &amp;nbsp;&lt;select name=&quot;field1&quot;&gt;&lt;option value=&quot;0&quot;&gt;field1&lt;/option&gt;&lt;/select&gt;&amp;nbsp;</taskDescription>
      <skipMessage>Richtig ist rechtsseitig.</skipMessage>
      <defaultTransition id="9">
        <conditionExpression id="10">
          <domain>MATH</domain>
        </conditionExpression>
        <stageExpression id="11">
          <domain>MATH</domain>
        </stageExpression>
        <isRepeat>true</isRepeat>
      </defaultTransition>
      <skipTransitions id="12">
        <StageTransition id="13">
          <conditionExpression id="14">
            <code></code>
            <domain>MATH</domain>
          </conditionExpression>
          <stageExpression id="15">
            <domain>MATH</domain>
          </stageExpression>
          <targetStage class="FillInStage" id="16">
            <internalName>2</internalName>
            <externalName>Stage 2</externalName>
            <taskDescription>&lt;strong&gt;Aufgabenstellung:&lt;/strong&gt;&lt;br /&gt;&#xd;
&lt;br /&gt;&#xd;
Was ist die Verteilung der Teststatistik?&lt;br /&gt;&#xd;
&lt;br /&gt;&#xd;
&lt;strong&gt;Einreichung:&lt;/strong&gt;&amp;nbsp; &lt;select name=&quot;field1&quot;&gt;&lt;option value=&quot;0&quot;&gt;field1&lt;/option&gt;&lt;/select&gt;&amp;nbsp;</taskDescription>
            <skipMessage>Richtig ist t-Verteilung.</skipMessage>
            <defaultTransition id="17">
              <conditionExpression id="18">
                <domain>MATH</domain>
              </conditionExpression>
              <stageExpression id="19">
                <domain>MATH</domain>
              </stageExpression>
              <isRepeat>true</isRepeat>
            </defaultTransition>
            <skipTransitions id="20">
              <StageTransition id="21">
                <conditionExpression id="22">
                  <code></code>
                  <domain>MATH</domain>
                </conditionExpression>
                <stageExpression id="23">
                  <domain>MATH</domain>
                </stageExpression>
                <targetStage class="FillInStage" id="24">
                  <internalName>3</internalName>
                  <externalName>Stage 3</externalName>
                  <taskDescription>&lt;strong&gt;Aufgabenstellung:&lt;/strong&gt;&lt;br /&gt;&#xd;
&lt;br /&gt;&#xd;
Wie viele Freiheitsgrade hat die Verteilung?&lt;br /&gt;&#xd;
&lt;br /&gt;&#xd;
&lt;strong&gt;Einreichung:&lt;/strong&gt; &lt;input name=&quot;field1&quot; size=&quot;6&quot; type=&quot;text&quot; value=&quot;field1&quot; /&gt;&amp;nbsp;</taskDescription>
                  <skipMessage>Richtig ist 10.</skipMessage>
                  <defaultTransition id="25">
                    <conditionExpression id="26">
                      <domain>MATH</domain>
                    </conditionExpression>
                    <stageExpression id="27">
                      <domain>MATH</domain>
                    </stageExpression>
                    <isRepeat>true</isRepeat>
                  </defaultTransition>
                  <skipTransitions id="28">
                    <StageTransition id="29">
                      <conditionExpression id="30">
                        <code></code>
                        <domain>MATH</domain>
                      </conditionExpression>
                      <stageExpression id="31">
                        <domain>MATH</domain>
                      </stageExpression>
                      <targetStage class="FillInStage" id="32">
                        <internalName>4</internalName>
                        <externalName>Stage 4</externalName>
                        <taskDescription>&lt;strong&gt;Aufgabenstellung:&lt;/strong&gt;&lt;br /&gt;&#xd;
&lt;br /&gt;&#xd;
Berechnen Sie den Wert der Teststatistik.&amp;nbsp;&lt;br /&gt;&#xd;
&lt;br /&gt;&#xd;
&lt;strong&gt;Einreichung:&lt;/strong&gt; &lt;input name=&quot;field1&quot; size=&quot;6&quot; type=&quot;text&quot; value=&quot;field1&quot; /&gt;&amp;nbsp;&lt;br /&gt;&#xd;
&lt;br /&gt;&#xd;
&lt;em&gt;(Runden Sie, falls n&amp;ouml;tig, auf die vierte Nachkommastelle und verwenden Sie einen Dezimalpunkt.)&lt;/em&gt;&#xd;
&lt;p&gt;&lt;a href=&quot;https://webrtaschenrechner.netlify.app/&quot; onclick=&quot;window.open(&apos;https://webrtaschenrechner.netlify.app/&apos;,&apos;R Console&apos;,&apos;top=320, left=1525, width=400,height=600,menubar=no,toolbar=no,&apos;); return false;&quot; target=&quot;_blank&quot;&gt;&lt;img alt=&quot;R_ Logo&quot; pull-right=&quot;&quot; src=&quot;/econometrics/resource?resource=157444&quot; style=&quot;width: 40px; height: 50px; float: right; margin: 5px&quot; /&gt;&lt;/a&gt;&lt;/p&gt;&#xd;
</taskDescription>
                        <skipMessage>Richtig ist [var=T]</skipMessage>
                        <defaultTransition id="33">
                          <conditionExpression id="34">
                            <domain>MATH</domain>
                          </conditionExpression>
                          <stageExpression id="35">
                            <domain>MATH</domain>
                          </stageExpression>
                          <isRepeat>true</isRepeat>
                        </defaultTransition>
                        <skipTransitions id="36">
                          <StageTransition id="37">
                            <conditionExpression id="38">
                              <code></code>
                              <domain>MATH</domain>
                            </conditionExpression>
                            <stageExpression id="39">
                              <domain>MATH</domain>
                            </stageExpression>
                            <targetStage class="FillInStage" id="40">
                              <internalName>5</internalName>
                              <externalName>Stage 5</externalName>
                              <taskDescription>&lt;strong&gt;Aufgabenstellung:&lt;/strong&gt;&lt;br /&gt;&#xd;
&lt;br /&gt;&#xd;
Was ist der kritische Wert zum Signifikanzniveau $\alpha=5\%$?&lt;br /&gt;&#xd;
&lt;br /&gt;&#xd;
&lt;strong&gt;Einreichung:&lt;/strong&gt; &lt;input name=&quot;field1&quot; size=&quot;6&quot; type=&quot;text&quot; value=&quot;field1&quot; /&gt;&amp;nbsp;&lt;br /&gt;&#xd;
&lt;br /&gt;&#xd;
Treffen Sie die Testentscheidung, die Nullhypothese wird &amp;nbsp;&lt;select name=&quot;field2&quot;&gt;&lt;option value=&quot;0&quot;&gt;field2&lt;/option&gt;&lt;/select&gt;&amp;nbsp;&lt;br /&gt;&#xd;
&lt;br /&gt;&#xd;
&lt;em&gt;(Runden Sie, falls n&amp;ouml;tig, auf die vierte Nachkommastelle und verwenden Sie einen Dezimalpunkt.)&lt;/em&gt;&#xd;
&lt;p&gt;&lt;a href=&quot;https://webrtaschenrechner.netlify.app/&quot; onclick=&quot;window.open(&apos;https://webrtaschenrechner.netlify.app/&apos;,&apos;R Console&apos;,&apos;top=320, left=1525, width=400,height=600,menubar=no,toolbar=no,&apos;); return false;&quot; target=&quot;_blank&quot;&gt;&lt;img alt=&quot;R_ Logo&quot; pull-right=&quot;&quot; src=&quot;/econometrics/resource?resource=157444&quot; style=&quot;width: 40px; height: 50px; float: right; margin: 5px&quot; /&gt;&lt;/a&gt;&lt;/p&gt;&#xd;
</taskDescription>
                              <skipMessage>Richtig ist [var=quantile]</skipMessage>
                              <defaultTransition id="41">
                                <conditionExpression id="42">
                                  <domain>MATH</domain>
                                </conditionExpression>
                                <stageExpression id="43">
                                  <domain>MATH</domain>
                                </stageExpression>
                                <isRepeat>true</isRepeat>
                              </defaultTransition>
                              <skipTransitions id="44">
                                <StageTransition id="45">
                                  <conditionExpression id="46">
                                    <code></code>
                                    <domain>MATH</domain>
                                  </conditionExpression>
                                  <stageExpression id="47">
                                    <domain>MATH</domain>
                                  </stageExpression>
                                  <isRepeat>false</isRepeat>
                                </StageTransition>
                              </skipTransitions>
                              <stageTransitions id="48">
                                <StageTransition id="49">
                                  <conditionExpression id="50">
                                    <code></code>
                                    <domain>MATH</domain>
                                  </conditionExpression>
                                  <stageExpression id="51">
                                    <code>[meta=stageCurrentResult]&gt;=100</code>
                                    <domain>MATH</domain>
                                  </stageExpression>
                                  <isRepeat>false</isRepeat>
                                </StageTransition>
                              </stageTransitions>
                              <hints id="52">
                                <StageHint id="53">
                                  <stagehint__order>0</stagehint__order>
                                  <text>            Überlegen Sie, wie bei t-Verteilten Teststatistiken die kritischen Werte berechnet werden!
        </text>
                                  <malus>0</malus>
                                  <stage class="FillInStage" reference="40"/>
                                </StageHint>
                                <StageHint id="54">
                                  <stagehint__order>1</stagehint__order>
                                  <text>            $t_{n-1,1-\alpha }$
        </text>
                                  <malus>0</malus>
                                  <stage class="FillInStage" reference="40"/>
                                </StageHint>
                              </hints>
                              <variableUpdatesOnEnter id="55"/>
                              <variableUpdatesBeforeCheck id="56"/>
                              <variableUpdatesAfterCheck id="57"/>
                              <variableUpdatesOnNormalExit id="58"/>
                              <variableUpdatesOnRepeat id="59"/>
                              <variableUpdatesOnSkip id="60"/>
                              <weight>1</weight>
                              <orderIndex>4</orderIndex>
                              <allowSkip>true</allowSkip>
                              <resources id="61"/>
                              <rules id="62"/>
                              <fillInFields id="63">
                                <FillInField id="64">
                                  <name>field1</name>
                                  <orderIndex>0</orderIndex>
                                  <size>6</size>
                                  <formularEditorType>NUMBER</formularEditorType>
                                </FillInField>
                              </fillInFields>
                              <dropDownFields id="65">
                                <de.uni__due.s3.jack3.entities.stagetypes.fillin.DropDownField id="66">
                                  <name>field2</name>
                                  <orderIndex>1</orderIndex>
                                  <randomize>false</randomize>
                                  <items id="67">
                                    <string>belassen</string>
                                    <string>verworfen</string>
                                  </items>
                                </de.uni__due.s3.jack3.entities.stagetypes.fillin.DropDownField>
                              </dropDownFields>
                              <formularEditorPalette>MATHDOX_FORMULAR_EDITOR_NO_PALETTE</formularEditorPalette>
                              <defaultFeedback>Leider nicht korrekt.</defaultFeedback>
                              <correctAnswerRules id="68">
                                <Rule id="69">
                                  <name>CorrectAnswer1</name>
                                  <orderIndex>1</orderIndex>
                                  <validationExpression id="70">
                                    <code>!isEmpty([input=field1])&amp;&amp;isRealNumber([input=field1])&amp;&amp;[input=field1]&gt;[var=quantile]-0.0011&amp;&amp;[input=field1]&lt;[var=quantile]+0.0011&amp;&amp;[input=field2]==[var=decision]</code>
                                    <domain>MATH</domain>
                                  </validationExpression>
                                  <points>0</points>
                                  <terminal>false</terminal>
                                </Rule>
                              </correctAnswerRules>
                              <correctAnswerFeedback>Richtig!</correctAnswerFeedback>
                              <defaultResult>0</defaultResult>
                            </targetStage>
                            <isRepeat>false</isRepeat>
                          </StageTransition>
                        </skipTransitions>
                        <stageTransitions id="71">
                          <StageTransition id="72">
                            <conditionExpression id="73">
                              <code></code>
                              <domain>MATH</domain>
                            </conditionExpression>
                            <stageExpression id="74">
                              <code>[meta=stageCurrentResult]&gt;=100</code>
                              <domain>MATH</domain>
                            </stageExpression>
                            <targetStage class="FillInStage" reference="40"/>
                            <isRepeat>false</isRepeat>
                          </StageTransition>
                        </stageTransitions>
                        <hints id="75">
                          <StageHint id="76">
                            <stagehint__order>0</stagehint__order>
                            <text>            $\sqrt{n}\frac{\bar{X}-\mu_0}{S}$
        </text>
                            <malus>0</malus>
                            <stage class="FillInStage" reference="32"/>
                          </StageHint>
                        </hints>
                        <variableUpdatesOnEnter id="77"/>
                        <variableUpdatesBeforeCheck id="78"/>
                        <variableUpdatesAfterCheck id="79"/>
                        <variableUpdatesOnNormalExit id="80"/>
                        <variableUpdatesOnRepeat id="81"/>
                        <variableUpdatesOnSkip id="82"/>
                        <weight>1</weight>
                        <orderIndex>3</orderIndex>
                        <allowSkip>true</allowSkip>
                        <resources id="83"/>
                        <rules id="84"/>
                        <fillInFields id="85">
                          <FillInField id="86">
                            <name>field1</name>
                            <orderIndex>0</orderIndex>
                            <size>6</size>
                            <formularEditorType>NUMBER</formularEditorType>
                          </FillInField>
                        </fillInFields>
                        <dropDownFields id="87"/>
                        <formularEditorPalette>MATHDOX_FORMULAR_EDITOR_NO_PALETTE</formularEditorPalette>
                        <defaultFeedback>Leider nicht korrekt.</defaultFeedback>
                        <correctAnswerRules id="88">
                          <Rule id="89">
                            <name>CorrectAnswer1</name>
                            <orderIndex>1</orderIndex>
                            <validationExpression id="90">
                              <code>!isEmpty([input=field1])&amp;&amp;isRealNumber([input=field1])&amp;&amp;[input=field1]&gt;[var=T]-0.0011&amp;&amp;[input=field1]&lt;[var=T]+0.0011</code>
                              <domain>MATH</domain>
                            </validationExpression>
                            <points>0</points>
                            <terminal>false</terminal>
                          </Rule>
                        </correctAnswerRules>
                        <correctAnswerFeedback>Richtig.</correctAnswerFeedback>
                        <defaultResult>0</defaultResult>
                      </targetStage>
                      <isRepeat>false</isRepeat>
                    </StageTransition>
                  </skipTransitions>
                  <stageTransitions id="91">
                    <StageTransition id="92">
                      <conditionExpression id="93">
                        <code></code>
                        <domain>MATH</domain>
                      </conditionExpression>
                      <stageExpression id="94">
                        <code>[meta=stageCurrentResult]&gt;=100</code>
                        <domain>MATH</domain>
                      </stageExpression>
                      <targetStage class="FillInStage" reference="32"/>
                      <isRepeat>false</isRepeat>
                    </StageTransition>
                  </stageTransitions>
                  <hints id="95">
                    <StageHint id="96">
                      <stagehint__order>0</stagehint__order>
                      <text>$Z\sim t(n-1)$</text>
                      <malus>0</malus>
                      <stage class="FillInStage" reference="24"/>
                    </StageHint>
                  </hints>
                  <variableUpdatesOnEnter id="97"/>
                  <variableUpdatesBeforeCheck id="98"/>
                  <variableUpdatesAfterCheck id="99"/>
                  <variableUpdatesOnNormalExit id="100"/>
                  <variableUpdatesOnRepeat id="101"/>
                  <variableUpdatesOnSkip id="102"/>
                  <weight>1</weight>
                  <orderIndex>2</orderIndex>
                  <allowSkip>true</allowSkip>
                  <resources id="103"/>
                  <rules id="104"/>
                  <fillInFields id="105">
                    <FillInField id="106">
                      <name>field1</name>
                      <orderIndex>0</orderIndex>
                      <size>6</size>
                      <formularEditorType>NUMBER</formularEditorType>
                    </FillInField>
                  </fillInFields>
                  <dropDownFields id="107"/>
                  <formularEditorPalette>MATHDOX_FORMULAR_EDITOR_NO_PALETTE</formularEditorPalette>
                  <defaultFeedback>Leider nicht korrekt.</defaultFeedback>
                  <correctAnswerRules id="108">
                    <Rule id="109">
                      <name>CorrectAnswer1</name>
                      <orderIndex>1</orderIndex>
                      <validationExpression id="110">
                        <code>!isEmpty([input=field1])&amp;&amp;isRealNumber([input=field1])&amp;&amp;[input=field1]==10</code>
                        <domain>MATH</domain>
                      </validationExpression>
                      <points>0</points>
                      <terminal>false</terminal>
                    </Rule>
                  </correctAnswerRules>
                  <correctAnswerFeedback>Richtig.</correctAnswerFeedback>
                  <defaultResult>0</defaultResult>
                </targetStage>
                <isRepeat>false</isRepeat>
              </StageTransition>
            </skipTransitions>
            <stageTransitions id="111">
              <StageTransition id="112">
                <conditionExpression id="113">
                  <code></code>
                  <domain>MATH</domain>
                </conditionExpression>
                <stageExpression id="114">
                  <code>[meta=stageCurrentResult]&gt;=100</code>
                  <domain>MATH</domain>
                </stageExpression>
                <targetStage class="FillInStage" reference="24"/>
                <isRepeat>false</isRepeat>
              </StageTransition>
            </stageTransitions>
            <hints id="115">
              <StageHint id="116">
                <stagehint__order>0</stagehint__order>
                <text>Überlegen Sie, was Sie über die Verteilung der Grundgesamtheit wissen!</text>
                <malus>0</malus>
                <stage class="FillInStage" reference="16"/>
              </StageHint>
            </hints>
            <variableUpdatesOnEnter id="117"/>
            <variableUpdatesBeforeCheck id="118"/>
            <variableUpdatesAfterCheck id="119"/>
            <variableUpdatesOnNormalExit id="120"/>
            <variableUpdatesOnRepeat id="121"/>
            <variableUpdatesOnSkip id="122"/>
            <weight>1</weight>
            <orderIndex>1</orderIndex>
            <allowSkip>true</allowSkip>
            <resources id="123"/>
            <rules id="124"/>
            <fillInFields id="125"/>
            <dropDownFields id="126">
              <de.uni__due.s3.jack3.entities.stagetypes.fillin.DropDownField id="127">
                <name>field1</name>
                <orderIndex>0</orderIndex>
                <randomize>false</randomize>
                <items id="128">
                  <string>Standardnormalverteilung</string>
                  <string>t-Verteilung</string>
                  <string>Binomialverteilung</string>
                  <string>Rechteckverteilung</string>
                </items>
              </de.uni__due.s3.jack3.entities.stagetypes.fillin.DropDownField>
            </dropDownFields>
            <formularEditorPalette>MATHDOX_FORMULAR_EDITOR_NO_PALETTE</formularEditorPalette>
            <defaultFeedback>Leider nicht korrekt.</defaultFeedback>
            <correctAnswerRules id="129">
              <Rule id="130">
                <name>CorrectAnswer1</name>
                <orderIndex>1</orderIndex>
                <validationExpression id="131">
                  <code>[input=field1]==1</code>
                  <domain>MATH</domain>
                </validationExpression>
                <points>0</points>
                <terminal>false</terminal>
              </Rule>
            </correctAnswerRules>
            <correctAnswerFeedback>Richtig.</correctAnswerFeedback>
            <defaultResult>0</defaultResult>
          </targetStage>
          <isRepeat>false</isRepeat>
        </StageTransition>
      </skipTransitions>
      <stageTransitions id="132">
        <StageTransition id="133">
          <conditionExpression id="134">
            <code></code>
            <domain>MATH</domain>
          </conditionExpression>
          <stageExpression id="135">
            <code>[meta=stageCurrentResult]&gt;=100</code>
            <domain>MATH</domain>
          </stageExpression>
          <targetStage class="FillInStage" reference="16"/>
          <isRepeat>false</isRepeat>
        </StageTransition>
      </stageTransitions>
      <hints id="136">
        <StageHint id="137">
          <stagehint__order>0</stagehint__order>
          <text>            
            Die Nullhypothese lautet $H_0: \mu \le \mu_0$.
        </text>
          <malus>0</malus>
          <stage class="FillInStage" reference="8"/>
        </StageHint>
      </hints>
      <variableUpdatesOnEnter id="138"/>
      <variableUpdatesBeforeCheck id="139"/>
      <variableUpdatesAfterCheck id="140"/>
      <variableUpdatesOnNormalExit id="141"/>
      <variableUpdatesOnRepeat id="142"/>
      <variableUpdatesOnSkip id="143"/>
      <weight>1</weight>
      <orderIndex>0</orderIndex>
      <allowSkip>true</allowSkip>
      <resources id="144"/>
      <rules id="145"/>
      <fillInFields id="146"/>
      <dropDownFields id="147">
        <de.uni__due.s3.jack3.entities.stagetypes.fillin.DropDownField id="148">
          <name>field1</name>
          <orderIndex>0</orderIndex>
          <randomize>false</randomize>
          <items id="149">
            <string>linksseitigen</string>
            <string>rechtsseitigen</string>
            <string>beidseitigen</string>
          </items>
        </de.uni__due.s3.jack3.entities.stagetypes.fillin.DropDownField>
      </dropDownFields>
      <formularEditorPalette>MATHDOX_FORMULAR_EDITOR_NO_PALETTE</formularEditorPalette>
      <defaultFeedback>Leider nicht korrekt.</defaultFeedback>
      <correctAnswerRules id="150">
        <Rule id="151">
          <name>CorrectAnswer1</name>
          <orderIndex>1</orderIndex>
          <validationExpression id="152">
            <code>[input=field1]==1</code>
            <domain>MATH</domain>
          </validationExpression>
          <points>0</points>
          <terminal>false</terminal>
        </Rule>
      </correctAnswerRules>
      <correctAnswerFeedback>Richtig.</correctAnswerFeedback>
      <defaultResult>0</defaultResult>
    </FillInStage>
    <FillInStage reference="16"/>
    <FillInStage reference="24"/>
    <FillInStage reference="32"/>
    <FillInStage reference="40"/>
  </stages>
  <startStage class="FillInStage" reference="8"/>
  <variableDeclarations id="153">
    <VariableDeclaration id="154">
      <name>sample</name>
      <initializationCode id="155">
        <code>evaluateInR(&apos;round(abs(rnorm(11, 9, 5)),2)&apos;)</code>
        <domain>MATH</domain>
      </initializationCode>
    </VariableDeclaration>
    <VariableDeclaration id="156">
      <name>T</name>
      <initializationCode id="157">
        <code>evaluateInR(&apos;round((mean(c([var=sample]))-8)/sqrt(var(c([var=sample]))/11),4)&apos;)</code>
        <domain>MATH</domain>
      </initializationCode>
    </VariableDeclaration>
    <VariableDeclaration id="158">
      <name>quantile</name>
      <initializationCode id="159">
        <code>evaluateInR(&apos;round(qt(0.95,10), 4)&apos;)</code>
        <domain>MATH</domain>
      </initializationCode>
    </VariableDeclaration>
    <VariableDeclaration id="160">
      <name>decision</name>
      <initializationCode id="161">
        <code>evaluateInR(&apos;ifelse([var=T]&gt;[var=quantile], 1, 0)&apos;)</code>
        <domain>MATH</domain>
      </initializationCode>
    </VariableDeclaration>
  </variableDeclarations>
  <jSXGraphs id="162"/>
  <dynamicMolecules id="163"/>
  <resultFeedbackMappings id="164"/>
</Exercise>