<Exercise id="1">
  <name>IS11-04 Hypothesentest 4</name>
  <publicDescription></publicDescription>
  <internalNotes>Uhrengenauigkeit

Die  Materialien sind lizenziert unter CC BY-NC-SA 4.0. Eine Kopie dieser Lizenz finden Sie unter http://creativecommons.org/licenses/by-nc-sa/4.0/

The materials are licensed under CC BY-NC-SA 4.0. You can find a copy of this license at http://creativecommons.org/licenses/by-nc-sa/4.0/</internalNotes>
  <language>de</language>
  <difficulty>0</difficulty>
  <tags id="2">
    <Tag id="3">
      <name>IndStat</name>
    </Tag>
  </tags>
  <resources id="4"/>
  <stages id="5">
    <FillInStage id="6">
      <internalName>1</internalName>
      <externalName>Stage 1</externalName>
      <taskDescription>&lt;strong&gt;Aufgabenstellung:&lt;/strong&gt;&lt;br /&gt;&#xd;
&lt;br /&gt;&#xd;
Ein Uhrenhersteller behauptet, die Ganggenauigkeit (Abweichung in Sekunden pro Tag) seiner Uhren betrage h&amp;ouml;chstens 0.1 s/d.&lt;br /&gt;&#xd;
Um diese Behauptung zu &amp;uuml;berpr&amp;uuml;fen, wurde bei zehn Quarzuhren dieses Herstellers die Ganggenauigkeit gemessen.&lt;br /&gt;&#xd;
&lt;br /&gt;&#xd;
Dabei ergaben sich eine mittlere Ganggenauigkeit von [var=mean] s/d und eine Stichprobenstandardabweichung von [var=std] s/d.&lt;br /&gt;&#xd;
Muss die Behauptung des Herstellers verworfen werden?&lt;br /&gt;&#xd;
&lt;br /&gt;&#xd;
Stellen Sie ein geeignetes Modell auf und er&amp;ouml;rtern Sie die Vorraussetzungen, die Sie annehmen!&lt;br /&gt;&#xd;
&lt;br /&gt;&#xd;
&lt;strong&gt;Auswahl:&lt;/strong&gt;&lt;br /&gt;&#xd;
&lt;br /&gt;&#xd;
Um welche Art Testproblem handelt es sich? &amp;nbsp;&lt;select name=&quot;field1&quot;&gt;&lt;option value=&quot;0&quot;&gt;field1&lt;/option&gt;&lt;/select&gt;&amp;nbsp;</taskDescription>
      <skipMessage>Richtig ist rechtsseitig.</skipMessage>
      <defaultTransition id="7">
        <conditionExpression id="8">
          <domain>MATH</domain>
        </conditionExpression>
        <stageExpression id="9">
          <domain>MATH</domain>
        </stageExpression>
        <isRepeat>true</isRepeat>
      </defaultTransition>
      <skipTransitions id="10">
        <StageTransition id="11">
          <conditionExpression id="12">
            <code></code>
            <domain>MATH</domain>
          </conditionExpression>
          <stageExpression id="13">
            <domain>MATH</domain>
          </stageExpression>
          <targetStage class="FillInStage" id="14">
            <internalName>2</internalName>
            <externalName>Stage 2</externalName>
            <taskDescription>&lt;strong&gt;Aufgabenstellung:&lt;/strong&gt;&lt;br /&gt;&#xd;
&lt;br /&gt;&#xd;
Was ist die Verteilung der Teststatistik? &amp;nbsp;&lt;br /&gt;&#xd;
&lt;br /&gt;&#xd;
&lt;strong&gt;Auswahl:&lt;/strong&gt; &amp;nbsp;&amp;nbsp;&lt;br /&gt;&#xd;
&lt;select name=&quot;field1&quot;&gt;&lt;option value=&quot;0&quot;&gt;field1&lt;/option&gt;&lt;/select&gt;</taskDescription>
            <skipMessage>Richtig ist t-Verteilung.</skipMessage>
            <defaultTransition id="15">
              <conditionExpression id="16">
                <domain>MATH</domain>
              </conditionExpression>
              <stageExpression id="17">
                <domain>MATH</domain>
              </stageExpression>
              <isRepeat>true</isRepeat>
            </defaultTransition>
            <skipTransitions id="18">
              <StageTransition id="19">
                <conditionExpression id="20">
                  <code></code>
                  <domain>MATH</domain>
                </conditionExpression>
                <stageExpression id="21">
                  <domain>MATH</domain>
                </stageExpression>
                <targetStage class="FillInStage" id="22">
                  <internalName>3</internalName>
                  <externalName>Stage 3</externalName>
                  <taskDescription>&lt;strong&gt;Aufgabenstellung:&lt;/strong&gt;&lt;br /&gt;&#xd;
&lt;br /&gt;&#xd;
Wie viele Freiheitsgrade hat die Verteilung? &amp;nbsp;&lt;br /&gt;&#xd;
&lt;br /&gt;&#xd;
&lt;strong&gt;Einreichung:&lt;/strong&gt; &lt;input name=&quot;field1&quot; size=&quot;6&quot; type=&quot;text&quot; value=&quot;field1&quot; /&gt;&amp;nbsp;</taskDescription>
                  <skipMessage>Richtig ist 9.</skipMessage>
                  <defaultTransition id="23">
                    <conditionExpression id="24">
                      <domain>MATH</domain>
                    </conditionExpression>
                    <stageExpression id="25">
                      <domain>MATH</domain>
                    </stageExpression>
                    <isRepeat>true</isRepeat>
                  </defaultTransition>
                  <skipTransitions id="26">
                    <StageTransition id="27">
                      <conditionExpression id="28">
                        <code></code>
                        <domain>MATH</domain>
                      </conditionExpression>
                      <stageExpression id="29">
                        <domain>MATH</domain>
                      </stageExpression>
                      <targetStage class="FillInStage" id="30">
                        <internalName>4</internalName>
                        <externalName>Stage 4</externalName>
                        <taskDescription>&lt;strong&gt;Aufgabenstellung:&lt;/strong&gt;&lt;br /&gt;&#xd;
&lt;br /&gt;&#xd;
Berechnen Sie den Wert der Teststatistik. &amp;nbsp;&lt;br /&gt;&#xd;
&lt;br /&gt;&#xd;
&lt;strong&gt;Einreichung:&lt;/strong&gt; &lt;input name=&quot;field1&quot; size=&quot;6&quot; type=&quot;text&quot; value=&quot;field1&quot; /&gt;&amp;nbsp;&lt;br /&gt;&#xd;
&lt;br /&gt;&#xd;
&lt;em&gt;(Runden Sie, falls n&amp;ouml;tig, auf die vierte Nachkommastelle und verwenden Sie einen Dezimalpunkt.)&lt;/em&gt;&#xd;
&lt;p&gt;&lt;a href=&quot;https://rdrr.io/snippets/embed/&quot; onclick=&quot;window.open(&apos;https://rdrr.io/snippets/embed/?code=&apos;,&apos;R Console&apos;,&apos; margin-top: 20px; top=200,left=100,width=480,height=640,menubar=no,toolbar=no,&apos;); return false;&quot; target=&quot;_blank&quot;&gt;&lt;img alt=&quot;R_ Logo&quot; pull-right=&quot;&quot; src=&quot;/econometrics/resource?resource=157444&quot; style=&quot;width: 40px; height: 50px; float: right; margin: 5px&quot; /&gt;&lt;/a&gt;&lt;/p&gt;&#xd;
</taskDescription>
                        <skipMessage>Richtig ist [var=T].</skipMessage>
                        <defaultTransition id="31">
                          <conditionExpression id="32">
                            <domain>MATH</domain>
                          </conditionExpression>
                          <stageExpression id="33">
                            <domain>MATH</domain>
                          </stageExpression>
                          <isRepeat>true</isRepeat>
                        </defaultTransition>
                        <skipTransitions id="34">
                          <StageTransition id="35">
                            <conditionExpression id="36">
                              <code></code>
                              <domain>MATH</domain>
                            </conditionExpression>
                            <stageExpression id="37">
                              <domain>MATH</domain>
                            </stageExpression>
                            <targetStage class="FillInStage" id="38">
                              <internalName>5</internalName>
                              <externalName>Stage 5</externalName>
                              <taskDescription>&lt;strong&gt;Aufgabenstellung:&lt;/strong&gt;&lt;br /&gt;&#xd;
&lt;br /&gt;&#xd;
Angenommen, der Hersteller k&amp;ouml;nnte das Signifikanzniveau $\alpha$ bestimmen.&lt;br /&gt;&#xd;
&lt;br /&gt;&#xd;
Sollte er $\alpha=10\%$ oder $\alpha=5\%$ w&amp;auml;hlen? &amp;nbsp;&lt;br /&gt;&#xd;
&lt;br /&gt;&#xd;
&lt;strong&gt;Auswahl:&lt;/strong&gt;&lt;br /&gt;&#xd;
&lt;br /&gt;&#xd;
&lt;select name=&quot;field1&quot;&gt;&lt;option value=&quot;0&quot;&gt;field1&lt;/option&gt;&lt;/select&gt;&amp;nbsp;</taskDescription>
                              <skipMessage>Richtig sind sowohl $5 \%$ als auch $10 \%$.</skipMessage>
                              <defaultTransition id="39">
                                <conditionExpression id="40">
                                  <domain>MATH</domain>
                                </conditionExpression>
                                <stageExpression id="41">
                                  <domain>MATH</domain>
                                </stageExpression>
                                <isRepeat>true</isRepeat>
                              </defaultTransition>
                              <skipTransitions id="42">
                                <StageTransition id="43">
                                  <conditionExpression id="44">
                                    <code></code>
                                    <domain>MATH</domain>
                                  </conditionExpression>
                                  <stageExpression id="45">
                                    <domain>MATH</domain>
                                  </stageExpression>
                                  <targetStage class="FillInStage" id="46">
                                    <internalName>6</internalName>
                                    <externalName>Stage 6</externalName>
                                    <taskDescription>&lt;strong&gt;Aufgabenstellung:&lt;/strong&gt;&lt;br /&gt;&#xd;
&lt;br /&gt;&#xd;
Was ist der kritische Wert zum Signifikanzniveau $\alpha=5\%$? &amp;nbsp;&lt;br /&gt;&#xd;
&lt;br /&gt;&#xd;
&lt;strong&gt;Einreichung:&lt;/strong&gt; &lt;input name=&quot;field1&quot; size=&quot;6&quot; type=&quot;text&quot; value=&quot;field1&quot; /&gt;&amp;nbsp;&lt;br /&gt;&#xd;
&lt;br /&gt;&#xd;
Treffen Sie die Testentscheidung, die Nullhypothese wird &amp;nbsp;&lt;select name=&quot;field2&quot;&gt;&lt;option value=&quot;0&quot;&gt;field2&lt;/option&gt;&lt;/select&gt;&amp;nbsp;&lt;br /&gt;&#xd;
&lt;br /&gt;&#xd;
&lt;em&gt;(Runden Sie, falls n&amp;ouml;tig, auf die vierte Nachkommastelle und verwenden Sie einen Dezimalpunkt.)&lt;/em&gt;&#xd;
&lt;p&gt;&lt;a href=&quot;https://rdrr.io/snippets/embed/&quot; onclick=&quot;window.open(&apos;https://rdrr.io/snippets/embed/?code=&apos;,&apos;R Console&apos;,&apos; margin-top: 20px; top=200,left=100,width=480,height=640,menubar=no,toolbar=no,&apos;); return false;&quot; target=&quot;_blank&quot;&gt;&lt;img alt=&quot;R_ Logo&quot; pull-right=&quot;&quot; src=&quot;/econometrics/resource?resource=157444&quot; style=&quot;width: 40px; height: 50px; float: right; margin: 5px&quot; /&gt;&lt;/a&gt;&lt;/p&gt;&#xd;
</taskDescription>
                                    <skipMessage>Richtig ist [var=quantile].</skipMessage>
                                    <defaultTransition id="47">
                                      <conditionExpression id="48">
                                        <domain>MATH</domain>
                                      </conditionExpression>
                                      <stageExpression id="49">
                                        <domain>MATH</domain>
                                      </stageExpression>
                                      <isRepeat>true</isRepeat>
                                    </defaultTransition>
                                    <skipTransitions id="50">
                                      <StageTransition id="51">
                                        <conditionExpression id="52">
                                          <code></code>
                                          <domain>MATH</domain>
                                        </conditionExpression>
                                        <stageExpression id="53">
                                          <domain>MATH</domain>
                                        </stageExpression>
                                        <isRepeat>false</isRepeat>
                                      </StageTransition>
                                    </skipTransitions>
                                    <stageTransitions id="54">
                                      <StageTransition id="55">
                                        <conditionExpression id="56">
                                          <code></code>
                                          <domain>MATH</domain>
                                        </conditionExpression>
                                        <stageExpression id="57">
                                          <code>[meta=stageCurrentResult]&gt;=100</code>
                                          <domain>MATH</domain>
                                        </stageExpression>
                                        <isRepeat>false</isRepeat>
                                      </StageTransition>
                                    </stageTransitions>
                                    <hints id="58">
                                      <StageHint id="59">
                                        <stagehint__order>0</stagehint__order>
                                        <text>Überlegen Sie, wie bei t-verteilten Teststatistiken die kritischen Werte berechnet werden!</text>
                                        <malus>0</malus>
                                        <stage class="FillInStage" reference="46"/>
                                      </StageHint>
                                      <StageHint id="60">
                                        <stagehint__order>1</stagehint__order>
                                        <text>$t_{n-1,1-\alpha }$</text>
                                        <malus>0</malus>
                                        <stage class="FillInStage" reference="46"/>
                                      </StageHint>
                                    </hints>
                                    <variableUpdatesOnEnter id="61"/>
                                    <variableUpdatesBeforeCheck id="62"/>
                                    <variableUpdatesAfterCheck id="63"/>
                                    <variableUpdatesOnNormalExit id="64"/>
                                    <variableUpdatesOnRepeat id="65"/>
                                    <variableUpdatesOnSkip id="66"/>
                                    <weight>1</weight>
                                    <orderIndex>5</orderIndex>
                                    <allowSkip>true</allowSkip>
                                    <resources id="67"/>
                                    <rules id="68"/>
                                    <fillInFields id="69">
                                      <FillInField id="70">
                                        <name>field1</name>
                                        <orderIndex>0</orderIndex>
                                        <size>6</size>
                                        <formularEditorType>NUMBER</formularEditorType>
                                      </FillInField>
                                    </fillInFields>
                                    <dropDownFields id="71">
                                      <de.uni__due.s3.jack3.entities.stagetypes.fillin.DropDownField id="72">
                                        <name>field2</name>
                                        <orderIndex>1</orderIndex>
                                        <randomize>false</randomize>
                                        <items id="73">
                                          <string>belassen</string>
                                          <string>verworfen</string>
                                        </items>
                                      </de.uni__due.s3.jack3.entities.stagetypes.fillin.DropDownField>
                                    </dropDownFields>
                                    <formularEditorPalette>MATHDOX_FORMULAR_EDITOR_BASIC</formularEditorPalette>
                                    <defaultFeedback>Leider nicht korrekt.&lt;br /&gt;
&lt;br /&gt;
Richtig ist [var=quantile]</defaultFeedback>
                                    <correctAnswerRules id="74">
                                      <Rule id="75">
                                        <name>CorrectAnswer1</name>
                                        <orderIndex>1</orderIndex>
                                        <validationExpression id="76">
                                          <code>!isEmpty([input=field1])&amp;&amp;isRealNumber([input=field1])&amp;&amp;[input=field1]&gt;[var=quantile]-0.0011&amp;&amp;[input=field1]&lt;[var=quantile]+0.0011&amp;&amp;[input=field2]==[var=decision]</code>
                                          <domain>MATH</domain>
                                        </validationExpression>
                                        <points>0</points>
                                        <terminal>false</terminal>
                                      </Rule>
                                    </correctAnswerRules>
                                    <correctAnswerFeedback>Richtig.</correctAnswerFeedback>
                                    <defaultResult>0</defaultResult>
                                  </targetStage>
                                  <isRepeat>false</isRepeat>
                                </StageTransition>
                              </skipTransitions>
                              <stageTransitions id="77">
                                <StageTransition id="78">
                                  <conditionExpression id="79">
                                    <code></code>
                                    <domain>MATH</domain>
                                  </conditionExpression>
                                  <stageExpression id="80">
                                    <code>[meta=stageCurrentResult]&gt;=100</code>
                                    <domain>MATH</domain>
                                  </stageExpression>
                                  <targetStage class="FillInStage" reference="46"/>
                                  <isRepeat>false</isRepeat>
                                </StageTransition>
                              </stageTransitions>
                              <hints id="81">
                                <StageHint id="82">
                                  <stagehint__order>0</stagehint__order>
                                  <text>      Überlegen Sie, wie $\alpha$ zu deuten ist!
      Was wäre besser aus Sicht des Herstellers?
    </text>
                                  <malus>0</malus>
                                  <stage class="FillInStage" reference="38"/>
                                </StageHint>
                              </hints>
                              <variableUpdatesOnEnter id="83"/>
                              <variableUpdatesBeforeCheck id="84"/>
                              <variableUpdatesAfterCheck id="85"/>
                              <variableUpdatesOnNormalExit id="86"/>
                              <variableUpdatesOnRepeat id="87"/>
                              <variableUpdatesOnSkip id="88"/>
                              <weight>1</weight>
                              <orderIndex>4</orderIndex>
                              <allowSkip>true</allowSkip>
                              <resources id="89"/>
                              <rules id="90">
                                <Rule id="91">
                                  <name>Feedback </name>
                                  <orderIndex>0</orderIndex>
                                  <validationExpression id="92">
                                    <code>[input=field1]==1</code>
                                    <domain>MATH</domain>
                                  </validationExpression>
                                  <feedbackText>Richtig. Beachten Sie, dass f&amp;uuml;r beide Signifikanzniveaus argumentiert werden kann. Beide Werte sind richtig.</feedbackText>
                                  <points>100</points>
                                  <terminal>false</terminal>
                                </Rule>
                              </rules>
                              <fillInFields id="93"/>
                              <dropDownFields id="94">
                                <de.uni__due.s3.jack3.entities.stagetypes.fillin.DropDownField id="95">
                                  <name>field1</name>
                                  <orderIndex>0</orderIndex>
                                  <randomize>false</randomize>
                                  <items id="96">
                                    <string>5%</string>
                                    <string>10%</string>
                                  </items>
                                </de.uni__due.s3.jack3.entities.stagetypes.fillin.DropDownField>
                              </dropDownFields>
                              <formularEditorPalette>MATHDOX_FORMULAR_EDITOR_NO_PALETTE</formularEditorPalette>
                              <defaultFeedback>Leider nicht korrekt.&lt;br /&gt;
&lt;br /&gt;
Richtig sind sowohl $5 \%$ als auch $10 \%$, da man f&amp;uuml;r beide Werte argumentieren kann.</defaultFeedback>
                              <correctAnswerRules id="97">
                                <Rule id="98">
                                  <name>CorrectAnswer1</name>
                                  <orderIndex>1</orderIndex>
                                  <validationExpression id="99">
                                    <code>[input=field1]==0</code>
                                    <domain>MATH</domain>
                                  </validationExpression>
                                  <points>0</points>
                                  <terminal>false</terminal>
                                </Rule>
                              </correctAnswerRules>
                              <correctAnswerFeedback>Richtig. Beachten Sie, dass f&amp;uuml;r beide Signifikanzniveaus argumentiert werden kann. Beide Werte sind richtig.</correctAnswerFeedback>
                              <defaultResult>0</defaultResult>
                            </targetStage>
                            <isRepeat>false</isRepeat>
                          </StageTransition>
                        </skipTransitions>
                        <stageTransitions id="100">
                          <StageTransition id="101">
                            <conditionExpression id="102">
                              <code></code>
                              <domain>MATH</domain>
                            </conditionExpression>
                            <stageExpression id="103">
                              <code>[meta=stageCurrentResult]&gt;=100</code>
                              <domain>MATH</domain>
                            </stageExpression>
                            <targetStage class="FillInStage" reference="38"/>
                            <isRepeat>false</isRepeat>
                          </StageTransition>
                        </stageTransitions>
                        <hints id="104">
                          <StageHint id="105">
                            <stagehint__order>0</stagehint__order>
                            <text>      Die Teststatistik lautet
      $\frac{\bar{X}-\mu_0}{\frac{\sigma}{\sqrt{n}}}$
    </text>
                            <malus>0</malus>
                            <stage class="FillInStage" reference="30"/>
                          </StageHint>
                        </hints>
                        <variableUpdatesOnEnter id="106"/>
                        <variableUpdatesBeforeCheck id="107"/>
                        <variableUpdatesAfterCheck id="108"/>
                        <variableUpdatesOnNormalExit id="109"/>
                        <variableUpdatesOnRepeat id="110"/>
                        <variableUpdatesOnSkip id="111"/>
                        <weight>1</weight>
                        <orderIndex>3</orderIndex>
                        <allowSkip>true</allowSkip>
                        <resources id="112"/>
                        <rules id="113"/>
                        <fillInFields id="114">
                          <FillInField id="115">
                            <name>field1</name>
                            <orderIndex>0</orderIndex>
                            <size>6</size>
                            <formularEditorType>NUMBER</formularEditorType>
                          </FillInField>
                        </fillInFields>
                        <dropDownFields id="116"/>
                        <formularEditorPalette>MATHDOX_FORMULAR_EDITOR_BASIC</formularEditorPalette>
                        <defaultFeedback>Leider nicht korrekt.&lt;br /&gt;
&lt;br /&gt;
Richtig ist [var=T].</defaultFeedback>
                        <correctAnswerRules id="117">
                          <Rule id="118">
                            <name>CorrectAnswer1</name>
                            <orderIndex>1</orderIndex>
                            <validationExpression id="119">
                              <code>!isEmpty([input=field1])&amp;&amp;isRealNumber([input=field1])&amp;&amp;[input=field1]&gt;[var=T]-0.0011&amp;&amp;[input=field1]&lt;[var=T]+0.0011</code>
                              <domain>MATH</domain>
                            </validationExpression>
                            <points>0</points>
                            <terminal>false</terminal>
                          </Rule>
                        </correctAnswerRules>
                        <correctAnswerFeedback>Richtig.</correctAnswerFeedback>
                        <defaultResult>0</defaultResult>
                      </targetStage>
                      <isRepeat>false</isRepeat>
                    </StageTransition>
                  </skipTransitions>
                  <stageTransitions id="120">
                    <StageTransition id="121">
                      <conditionExpression id="122">
                        <code></code>
                        <domain>MATH</domain>
                      </conditionExpression>
                      <stageExpression id="123">
                        <code>[meta=stageCurrentResult]&gt;=100</code>
                        <domain>MATH</domain>
                      </stageExpression>
                      <targetStage class="FillInStage" reference="30"/>
                      <isRepeat>false</isRepeat>
                    </StageTransition>
                  </stageTransitions>
                  <hints id="124">
                    <StageHint id="125">
                      <stagehint__order>0</stagehint__order>
                      <text>$Z\sim t(n-1)$</text>
                      <malus>0</malus>
                      <stage class="FillInStage" reference="22"/>
                    </StageHint>
                  </hints>
                  <variableUpdatesOnEnter id="126"/>
                  <variableUpdatesBeforeCheck id="127"/>
                  <variableUpdatesAfterCheck id="128"/>
                  <variableUpdatesOnNormalExit id="129"/>
                  <variableUpdatesOnRepeat id="130"/>
                  <variableUpdatesOnSkip id="131"/>
                  <weight>1</weight>
                  <orderIndex>2</orderIndex>
                  <allowSkip>true</allowSkip>
                  <resources id="132"/>
                  <rules id="133"/>
                  <fillInFields id="134">
                    <FillInField id="135">
                      <name>field1</name>
                      <orderIndex>0</orderIndex>
                      <size>6</size>
                      <formularEditorType>NUMBER</formularEditorType>
                    </FillInField>
                  </fillInFields>
                  <dropDownFields id="136"/>
                  <formularEditorPalette>MATHDOX_FORMULAR_EDITOR_BASIC</formularEditorPalette>
                  <defaultFeedback>Leider nicht korrekt.&lt;br /&gt;
&lt;br /&gt;
Richtig ist 9.</defaultFeedback>
                  <correctAnswerRules id="137">
                    <Rule id="138">
                      <name>CorrectAnswer1</name>
                      <orderIndex>1</orderIndex>
                      <validationExpression id="139">
                        <code>!isEmpty([input=field1])&amp;&amp;isRealNumber([input=field1])&amp;&amp;[input=field1]==9</code>
                        <domain>MATH</domain>
                      </validationExpression>
                      <points>0</points>
                      <terminal>false</terminal>
                    </Rule>
                  </correctAnswerRules>
                  <correctAnswerFeedback>Richtig.</correctAnswerFeedback>
                  <defaultResult>0</defaultResult>
                </targetStage>
                <isRepeat>false</isRepeat>
              </StageTransition>
            </skipTransitions>
            <stageTransitions id="140">
              <StageTransition id="141">
                <conditionExpression id="142">
                  <code></code>
                  <domain>MATH</domain>
                </conditionExpression>
                <stageExpression id="143">
                  <code>[meta=stageCurrentResult]&gt;=100</code>
                  <domain>MATH</domain>
                </stageExpression>
                <targetStage class="FillInStage" reference="22"/>
                <isRepeat>false</isRepeat>
              </StageTransition>
            </stageTransitions>
            <hints id="144">
              <StageHint id="145">
                <stagehint__order>0</stagehint__order>
                <text>Überlegen Sie, was Sie über die Verteilung der Grundgesamtheit wissen!</text>
                <malus>0</malus>
                <stage class="FillInStage" reference="14"/>
              </StageHint>
            </hints>
            <variableUpdatesOnEnter id="146"/>
            <variableUpdatesBeforeCheck id="147"/>
            <variableUpdatesAfterCheck id="148"/>
            <variableUpdatesOnNormalExit id="149"/>
            <variableUpdatesOnRepeat id="150"/>
            <variableUpdatesOnSkip id="151"/>
            <weight>1</weight>
            <orderIndex>1</orderIndex>
            <allowSkip>true</allowSkip>
            <resources id="152"/>
            <rules id="153"/>
            <fillInFields id="154"/>
            <dropDownFields id="155">
              <de.uni__due.s3.jack3.entities.stagetypes.fillin.DropDownField id="156">
                <name>field1</name>
                <orderIndex>0</orderIndex>
                <randomize>false</randomize>
                <items id="157">
                  <string>Standardnormalverteilung</string>
                  <string>t-Verteilung</string>
                  <string>Binomialverteilung</string>
                  <string>Rechteckverteilung</string>
                </items>
              </de.uni__due.s3.jack3.entities.stagetypes.fillin.DropDownField>
            </dropDownFields>
            <formularEditorPalette>MATHDOX_FORMULAR_EDITOR_NO_PALETTE</formularEditorPalette>
            <defaultFeedback>Leider nicht korrekt.&lt;br /&gt;
&lt;br /&gt;
Richtig ist t-Verteilung.</defaultFeedback>
            <correctAnswerRules id="158">
              <Rule id="159">
                <name>CorrectAnswer1</name>
                <orderIndex>1</orderIndex>
                <validationExpression id="160">
                  <code>[input=field1]==1</code>
                  <domain>MATH</domain>
                </validationExpression>
                <points>0</points>
                <terminal>false</terminal>
              </Rule>
            </correctAnswerRules>
            <correctAnswerFeedback>Richtig.</correctAnswerFeedback>
            <defaultResult>0</defaultResult>
          </targetStage>
          <isRepeat>false</isRepeat>
        </StageTransition>
      </skipTransitions>
      <stageTransitions id="161">
        <StageTransition id="162">
          <conditionExpression id="163">
            <code></code>
            <domain>MATH</domain>
          </conditionExpression>
          <stageExpression id="164">
            <code>[meta=stageCurrentResult]&gt;=100</code>
            <domain>MATH</domain>
          </stageExpression>
          <targetStage class="FillInStage" reference="14"/>
          <isRepeat>false</isRepeat>
        </StageTransition>
      </stageTransitions>
      <hints id="165">
        <StageHint id="166">
          <stagehint__order>0</stagehint__order>
          <text>$H_0: \mu \le \mu_0$</text>
          <malus>0</malus>
          <stage class="FillInStage" reference="6"/>
        </StageHint>
      </hints>
      <variableUpdatesOnEnter id="167"/>
      <variableUpdatesBeforeCheck id="168"/>
      <variableUpdatesAfterCheck id="169"/>
      <variableUpdatesOnNormalExit id="170"/>
      <variableUpdatesOnRepeat id="171"/>
      <variableUpdatesOnSkip id="172"/>
      <weight>1</weight>
      <orderIndex>0</orderIndex>
      <allowSkip>true</allowSkip>
      <resources id="173"/>
      <rules id="174"/>
      <fillInFields id="175"/>
      <dropDownFields id="176">
        <de.uni__due.s3.jack3.entities.stagetypes.fillin.DropDownField id="177">
          <name>field1</name>
          <orderIndex>0</orderIndex>
          <randomize>false</randomize>
          <items id="178">
            <string>linksseitigen</string>
            <string>rechtsseitigen</string>
            <string>beidseitigen</string>
          </items>
        </de.uni__due.s3.jack3.entities.stagetypes.fillin.DropDownField>
      </dropDownFields>
      <formularEditorPalette>MATHDOX_FORMULAR_EDITOR_NO_PALETTE</formularEditorPalette>
      <defaultFeedback>Leider nicht korrekt.&lt;br /&gt;
&lt;br /&gt;
Richtig ist rechtsseitig.</defaultFeedback>
      <correctAnswerRules id="179">
        <Rule id="180">
          <name>CorrectAnswer1</name>
          <orderIndex>1</orderIndex>
          <validationExpression id="181">
            <code>[input=field1]==1</code>
            <domain>MATH</domain>
          </validationExpression>
          <points>0</points>
          <terminal>false</terminal>
        </Rule>
      </correctAnswerRules>
      <correctAnswerFeedback>Richtig.</correctAnswerFeedback>
      <defaultResult>0</defaultResult>
    </FillInStage>
    <FillInStage reference="14"/>
    <FillInStage reference="22"/>
    <FillInStage reference="30"/>
    <FillInStage reference="38"/>
    <FillInStage reference="46"/>
  </stages>
  <startStage class="FillInStage" reference="6"/>
  <variableDeclarations id="182">
    <VariableDeclaration id="183">
      <name>mean</name>
      <initializationCode id="184">
        <code>evaluateInR(&apos;round(rnorm(1, 0.15, 0.3/sqrt(10)), 2)&apos;)</code>
        <domain>MATH</domain>
      </initializationCode>
    </VariableDeclaration>
    <VariableDeclaration id="185">
      <name>std</name>
      <initializationCode id="186">
        <code>evaluateInR(&apos;round(sqrt(rchisq(1, 9)*0.09/9), 2)&apos;)</code>
        <domain>MATH</domain>
      </initializationCode>
    </VariableDeclaration>
    <VariableDeclaration id="187">
      <name>T</name>
      <initializationCode id="188">
        <code>evaluateInR(&apos;round(([var=mean]-0.1)/([var=std]/sqrt(10)), 4)&apos;)</code>
        <domain>MATH</domain>
      </initializationCode>
    </VariableDeclaration>
    <VariableDeclaration id="189">
      <name>quantile</name>
      <initializationCode id="190">
        <code>evaluateInR(&apos;round(qt(0.95, 9), 4)&apos;)</code>
        <domain>MATH</domain>
      </initializationCode>
    </VariableDeclaration>
    <VariableDeclaration id="191">
      <name>decision</name>
      <initializationCode id="192">
        <code>evaluateInR(&apos;ifelse([var=T]&gt;[var=quantile], 1, 0)&apos;)</code>
        <domain>MATH</domain>
      </initializationCode>
    </VariableDeclaration>
  </variableDeclarations>
  <jSXGraphs id="193"/>
  <dynamicMolecules id="194"/>
  <resultFeedbackMappings id="195"/>
</Exercise>